,molecule_id,SMILES,vs1_gt,vdelta_gt,vs1_xtb_gt,vdelta_xtb_gt,xtb_coordinates_path,mmff_coordinates_path,basic_coordinates_path,target_core,vs1,vdelta,vs1_xtb,vdelta_xtb,vs1_labeling,vdelta_labeling
0,chromo0061,O=C1c2cccc3c(NCc4ccccn4)c4ccccc4c(c23)C(=O)N1Cc1ccccn1,2.6098,1.0983999999999998,2.5387664345015937,0.9221868408311269,/scratch/jaggbow/mol_xtb_coordinates/chromo0061/geom.xtbopt.xyz,/scratch/jaggbow/mol_xtb_coordinates/chromo0061/mmff.xyz,/scratch/jaggbow/mol_xtb_coordinates/chromo0061/basic.xyz,0,,,,,,
1,chromo1785,CCCCC(CC)COc1ccc2nc(-c3ccc(-c4ccccc4)s3)sc2c1,3.2583,1.1488,4.120235976065034,1.0542954873265065,/scratch/jaggbow/mol_xtb_coordinates/chromo1785/geom.xtbopt.xyz,/scratch/jaggbow/mol_xtb_coordinates/chromo1785/mmff.xyz,/scratch/jaggbow/mol_xtb_coordinates/chromo1785/basic.xyz,1,,,,,,
2,chromo2478,COC(=O)c1nc2cnc(N)nc2n1Cc1ccccc1,3.9213,1.1989999999999998,3.182499345234526,0.8011490885302206,/scratch/jaggbow/mol_xtb_coordinates/chromo2478/geom.xtbopt.xyz,/scratch/jaggbow/mol_xtb_coordinates/chromo2478/mmff.xyz,/scratch/jaggbow/mol_xtb_coordinates/chromo2478/basic.xyz,0,,,,,,
3,chromo2292,C(=Cc1nc(C=Cc2ccc(-n3c4ccccc4c4ccccc43)cc2)nc(C=Cc2ccc(-n3c4ccccc4c4ccccc43)cc2)n1)c1ccc(-n2c3ccccc3c3ccccc32)cc1,2.7996,0.6441999999999997,3.1860597946043328,0.4884417448163056,/scratch/jaggbow/mol_xtb_coordinates/chromo2292/geom.xtbopt.xyz,/scratch/jaggbow/mol_xtb_coordinates/chromo2292/mmff.xyz,/scratch/jaggbow/mol_xtb_coordinates/chromo2292/basic.xyz,1,,,,,,
4,chromo3114,Cc1cc2oc3ccccc3c2c2[nH]c3ccccc3c12,3.9446,0.9703,3.663227352174899,0.36320740001261004,/scratch/jaggbow/mol_xtb_coordinates/chromo3114/geom.xtbopt.xyz,/scratch/jaggbow/mol_xtb_coordinates/chromo3114/mmff.xyz,/scratch/jaggbow/mol_xtb_coordinates/chromo3114/basic.xyz,0,,,,,,
5,chromo2794,CN(C)c1ccc(C=CC=C2CCC(=CC=Cc3ccc(N(C)C)cc3)C2=O)cc1,2.5354,0.9497,3.844985781398752,1.0281862973681715,/scratch/jaggbow/mol_xtb_coordinates/chromo2794/geom.xtbopt.xyz,/scratch/jaggbow/mol_xtb_coordinates/chromo2794/mmff.xyz,/scratch/jaggbow/mol_xtb_coordinates/chromo2794/basic.xyz,1,,,,,,
6,chromo4894,CC1=C(c2ccccc2)C(C)=[N+]2C1=C(c1ccccc1)c1c(C)c(-c3ccccc3)c(C)n1[B-]2(F)F,2.7568,1.2712,1.5518367626332863,0.9404512777774214,/scratch/jaggbow/mol_xtb_coordinates/chromo4894/geom.xtbopt.xyz,/scratch/jaggbow/mol_xtb_coordinates/chromo4894/mmff.xyz,/scratch/jaggbow/mol_xtb_coordinates/chromo4894/basic.xyz,1,,,,,,
7,chromo0425,Cc1cc(O)c(C(=O)C=Cc2ccccc2)c(=O)o1,3.5291,1.1954000000000002,1.7961752359008127,0.3048752512569834,/scratch/jaggbow/mol_xtb_coordinates/chromo0425/geom.xtbopt.xyz,/scratch/jaggbow/mol_xtb_coordinates/chromo0425/mmff.xyz,/scratch/jaggbow/mol_xtb_coordinates/chromo0425/basic.xyz,0,,,,,,
8,chromo5493,CCC1=C(C)C2=Cc3c4ccccc4c4n3[B-](C)(Oc3ccccc3-4)[N+]2=C1C,2.3308,1.0783,2.471945197053206,1.0276800178932752,/scratch/jaggbow/mol_xtb_coordinates/chromo5493/geom.xtbopt.xyz,/scratch/jaggbow/mol_xtb_coordinates/chromo5493/mmff.xyz,/scratch/jaggbow/mol_xtb_coordinates/chromo5493/basic.xyz,0,,,,,,
9,chromo5562,Cc1cc(C)n2c1C=C1c3ccccc3C(c3cccn3C)=[N+]1[B-]2(F)F,2.4872,1.2626000000000002,2.8407928504805504,1.309494732360326,/scratch/jaggbow/mol_xtb_coordinates/chromo5562/geom.xtbopt.xyz,/scratch/jaggbow/mol_xtb_coordinates/chromo5562/mmff.xyz,/scratch/jaggbow/mol_xtb_coordinates/chromo5562/basic.xyz,0,,,,,,
10,chromo6769,CC(C)[Si](C#Cc1c2cc3ccccc3cc2c(C#Cc2ccc(F)cc2)c2cc3ccccc3cc12)(C(C)C)C(C)C,1.703,1.3408,3.141862159803161,1.311892969439606,/scratch/jaggbow/mol_xtb_coordinates/chromo6769/geom.xtbopt.xyz,/scratch/jaggbow/mol_xtb_coordinates/chromo6769/mmff.xyz,/scratch/jaggbow/mol_xtb_coordinates/chromo6769/basic.xyz,0,,,,,,
11,chromo3303,CCCCCCN1C(=O)c2cccc3c(-c4ccc(-c5cc(-c6ccc(C)cc6)n(-c6ccccc6)n5)s4)ccc(c23)C1=O,2.7946,0.7814999999999999,3.0497175920091197,0.666687208644649,/scratch/jaggbow/mol_xtb_coordinates/chromo3303/geom.xtbopt.xyz,/scratch/jaggbow/mol_xtb_coordinates/chromo3303/mmff.xyz,/scratch/jaggbow/mol_xtb_coordinates/chromo3303/basic.xyz,0,,,,,,
12,chromo5899,CCN(CC)c1ccc([N+]2=Cc3ccc4c5c(ccc4c3O[B-]2(c2c(F)c(F)c(F)c(F)c2F)c2c(F)c(F)c(F)c(F)c2F)C=[N+](c2ccc(N(CC)CC)cc2)[B-](c2c(F)c(F)c(F)c(F)c2F)(c2c(F)c(F)c(F)c(F)c2F)O5)cc1,2.0999,0.6057999999999999,3.154076148649959,0.8158398036834456,/scratch/jaggbow/mol_xtb_coordinates/chromo5899/geom.xtbopt.xyz,/scratch/jaggbow/mol_xtb_coordinates/chromo5899/mmff.xyz,/scratch/jaggbow/mol_xtb_coordinates/chromo5899/basic.xyz,0,,,,,,
13,chromo2136,S=P1(c2ccccc2)c2cccc3ccc4ccc1n4c23,3.1246,0.7883,3.5993978430888043,0.6518998349545965,/scratch/jaggbow/mol_xtb_coordinates/chromo2136/geom.xtbopt.xyz,/scratch/jaggbow/mol_xtb_coordinates/chromo2136/mmff.xyz,/scratch/jaggbow/mol_xtb_coordinates/chromo2136/basic.xyz,0,,,,,,
14,chromo2235,O=S(=O)(c1ccc(-c2ccc(-c3nc4c5ccccc5c5ccccc5c4n3-c3ccccc3)cc2)cc1)c1ccc(-c2ccc(-c3nc4c5ccccc5c5ccccc5c4n3-c3ccccc3)cc2)cc1,3.1339,0.5748000000000002,3.3583588275617826,0.2887947924358667,/scratch/jaggbow/mol_xtb_coordinates/chromo2235/geom.xtbopt.xyz,/scratch/jaggbow/mol_xtb_coordinates/chromo2235/mmff.xyz,/scratch/jaggbow/mol_xtb_coordinates/chromo2235/basic.xyz,1,,,,,,
15,chromo4021,CCCN1c2ccccc2Sc2cc(C#CC3=C4C=CC=[N+]4[B-](F)(F)n4cccc43)ccc21,2.2617,0.8037999999999998,4.340496653345852,1.2697607969260676,/scratch/jaggbow/mol_xtb_coordinates/chromo4021/geom.xtbopt.xyz,/scratch/jaggbow/mol_xtb_coordinates/chromo4021/mmff.xyz,/scratch/jaggbow/mol_xtb_coordinates/chromo4021/basic.xyz,0,,,,,,
16,chromo0800,CC1(C)c2ccccc2-c2sc3ccccc3c21,3.9592,1.4173,5.543020712191081,1.364647422776483,/scratch/jaggbow/mol_xtb_coordinates/chromo0800/geom.xtbopt.xyz,/scratch/jaggbow/mol_xtb_coordinates/chromo0800/mmff.xyz,/scratch/jaggbow/mol_xtb_coordinates/chromo0800/basic.xyz,0,,,,,,
17,chromo6534,CN(C)c1ccc(-c2nc3nc4ccccc4nc3n2-c2ccccc2)cc1,3.224,0.8769,1.963026008652979,0.09635224500233852,/scratch/jaggbow/mol_xtb_coordinates/chromo6534/geom.xtbopt.xyz,/scratch/jaggbow/mol_xtb_coordinates/chromo6534/mmff.xyz,/scratch/jaggbow/mol_xtb_coordinates/chromo6534/basic.xyz,0,,,,,,
18,chromo1152,O=C1c2cc3ccccc3cc2C2=Nc3ccc4ccccc4[n+]3[B-](F)(F)N12,3.1924,0.7385000000000002,2.9208510864737867,0.5871757871355066,/scratch/jaggbow/mol_xtb_coordinates/chromo1152/geom.xtbopt.xyz,/scratch/jaggbow/mol_xtb_coordinates/chromo1152/mmff.xyz,/scratch/jaggbow/mol_xtb_coordinates/chromo1152/basic.xyz,0,,,,,,
19,chromo3066,CC1=NC(=Cc2ccc(N(C)C)cc2)C(=O)N1C,3.2763,1.4896,4.348989457045402,1.6076836807370423,/scratch/jaggbow/mol_xtb_coordinates/chromo3066/geom.xtbopt.xyz,/scratch/jaggbow/mol_xtb_coordinates/chromo3066/mmff.xyz,/scratch/jaggbow/mol_xtb_coordinates/chromo3066/basic.xyz,0,,,,,,
20,chromo3143,CC1CCC(=CSC=Cc2ccc(-c3ccc(C=CSC=C4CCC(C)CC4)cc3)cc2)CC1,3.3328,1.0417,2.736729863938551,0.4985982598875924,/scratch/jaggbow/mol_xtb_coordinates/chromo3143/geom.xtbopt.xyz,/scratch/jaggbow/mol_xtb_coordinates/chromo3143/mmff.xyz,/scratch/jaggbow/mol_xtb_coordinates/chromo3143/basic.xyz,0,,,,,,
21,chromo2274,CCCCn1c2ccc(C#N)cc2c2cc(C#N)ccc21,3.9341,0.8592999999999997,1.5268526875561683,-0.22205694652010377,/scratch/jaggbow/mol_xtb_coordinates/chromo2274/geom.xtbopt.xyz,/scratch/jaggbow/mol_xtb_coordinates/chromo2274/mmff.xyz,/scratch/jaggbow/mol_xtb_coordinates/chromo2274/basic.xyz,1,,,,,,
22,chromo4686,Cc1ccc2nc3cc4c(cc3c(-c3ccccc3)c2c1)[Si](C)(C)O[Si](C)(C)O[Si]4(C)C,3.2027,1.3161,5.256168079831525,1.35064332534498,/scratch/jaggbow/mol_xtb_coordinates/chromo4686/geom.xtbopt.xyz,/scratch/jaggbow/mol_xtb_coordinates/chromo4686/mmff.xyz,/scratch/jaggbow/mol_xtb_coordinates/chromo4686/basic.xyz,0,,,,,,
23,chromo5342,CC(C)(C)NC(=O)c1ccc(-c2cc3ccccc3s2)c2ccc3c4ccccc4c4ccccc4c3c12,3.2333,1.0492999999999997,2.4680051426722907,0.4481988601745512,/scratch/jaggbow/mol_xtb_coordinates/chromo5342/geom.xtbopt.xyz,/scratch/jaggbow/mol_xtb_coordinates/chromo5342/mmff.xyz,/scratch/jaggbow/mol_xtb_coordinates/chromo5342/basic.xyz,0,,,,,,
24,chromo5561,Cc1cc(C)n2c1C=C1c3ccccc3C(c3ccc[nH]3)=[N+]1[B-]2(F)F,2.4767,1.302,2.8938011598060096,1.3753653799057755,/scratch/jaggbow/mol_xtb_coordinates/chromo5561/geom.xtbopt.xyz,/scratch/jaggbow/mol_xtb_coordinates/chromo5561/mmff.xyz,/scratch/jaggbow/mol_xtb_coordinates/chromo5561/basic.xyz,0,,,,,,
25,chromo2214,Cc1ccc([B-]2(c3ccc(C)cc3)n3nc(C(F)(F)F)cc3-c3c4ccccc4cc[n+]32)cc1,2.7902,0.3904000000000001,3.7629111732439484,0.9035581788699462,/scratch/jaggbow/mol_xtb_coordinates/chromo2214/geom.xtbopt.xyz,/scratch/jaggbow/mol_xtb_coordinates/chromo2214/mmff.xyz,/scratch/jaggbow/mol_xtb_coordinates/chromo2214/basic.xyz,0,,,,,,
26,chromo3404,CC(=O)c1nc(-c2ccc(N(C)C)cc2)oc1C,3.7982,1.04,4.979919483506137,1.2228852278473599,/scratch/jaggbow/mol_xtb_coordinates/chromo3404/geom.xtbopt.xyz,/scratch/jaggbow/mol_xtb_coordinates/chromo3404/mmff.xyz,/scratch/jaggbow/mol_xtb_coordinates/chromo3404/basic.xyz,0,,,,,,
27,chromo5074,c1ccc(-c2nc(-c3ccccc3)nc(-c3ccc(-n4c5ccccc5c5cc6c7ccccc7n7c8ccccc8c(c54)c67)cc3)n2)cc1,2.8045,0.1901000000000001,3.391784239345333,0.315956733251398,/scratch/jaggbow/mol_xtb_coordinates/chromo5074/geom.xtbopt.xyz,/scratch/jaggbow/mol_xtb_coordinates/chromo5074/mmff.xyz,/scratch/jaggbow/mol_xtb_coordinates/chromo5074/basic.xyz,0,,,,,,
28,chromo5621,COc1cccc(-c2c3ccccc3c3n2[B-](F)(F)[N+]2=Cc4c5ccccc5c(-c5cccc(OC)c5)n4[B-](F)(F)[N+]2=C3)c1,2.4367,0.9059,2.9817520479529325,1.1097982642821378,/scratch/jaggbow/mol_xtb_coordinates/chromo5621/geom.xtbopt.xyz,/scratch/jaggbow/mol_xtb_coordinates/chromo5621/mmff.xyz,/scratch/jaggbow/mol_xtb_coordinates/chromo5621/basic.xyz,0,,,,,,
29,chromo5765,N#Cc1c(C=Cc2ccc(N(c3ccccc3)c3ccccc3)cc2)cc(-c2cccs2)cc1N1CCCCC1,2.8076,0.8041,3.02175306310635,0.4371331572248562,/scratch/jaggbow/mol_xtb_coordinates/chromo5765/geom.xtbopt.xyz,/scratch/jaggbow/mol_xtb_coordinates/chromo5765/mmff.xyz,/scratch/jaggbow/mol_xtb_coordinates/chromo5765/basic.xyz,1,,,,,,
30,chromo0539,COc1ccc(-c2csc(C(C#N)=NNc3ccc(C#N)cc3)n2)cc1,2.8581,0.8724999999999998,1.8325883660599553,0.6934406512392765,/scratch/jaggbow/mol_xtb_coordinates/chromo0539/geom.xtbopt.xyz,/scratch/jaggbow/mol_xtb_coordinates/chromo0539/mmff.xyz,/scratch/jaggbow/mol_xtb_coordinates/chromo0539/basic.xyz,1,,,,,,
31,chromo0411,O=[N+]([O-])c1ccc(-c2nc(C=Cc3ccccc3)c(C=Cc3ccccc3)[nH]2)cc1,2.376,0.6968999999999999,3.80643908326013,0.9828524287904077,/scratch/jaggbow/mol_xtb_coordinates/chromo0411/geom.xtbopt.xyz,/scratch/jaggbow/mol_xtb_coordinates/chromo0411/mmff.xyz,/scratch/jaggbow/mol_xtb_coordinates/chromo0411/basic.xyz,1,,,,,,
32,chromo3731,CCn1c2ccccc2c2cc(C#Cc3cc(C#Cc4ccc5c(c4)c4ccccc4n5CC)nc(SC)n3)ccc21,3.1357,0.5983999999999998,3.961895184645416,0.4924855854934248,/scratch/jaggbow/mol_xtb_coordinates/chromo3731/geom.xtbopt.xyz,/scratch/jaggbow/mol_xtb_coordinates/chromo3731/mmff.xyz,/scratch/jaggbow/mol_xtb_coordinates/chromo3731/basic.xyz,1,,,,,,
33,chromo3109,Cc1cc2c3ccccc3oc2c2[nH]c3ccccc3c12,3.8129,0.8300999999999998,3.531178872992178,0.4281858035795071,/scratch/jaggbow/mol_xtb_coordinates/chromo3109/geom.xtbopt.xyz,/scratch/jaggbow/mol_xtb_coordinates/chromo3109/mmff.xyz,/scratch/jaggbow/mol_xtb_coordinates/chromo3109/basic.xyz,0,,,,,,
34,chromo1093,COc1ccc(C#Cc2c3ccccc3c3n2[B-](F)(F)[N+]2=C(C)C=C(C)C2=C3)cc1,2.3715,1.2872,2.0127625917833094,1.1423430940336825,/scratch/jaggbow/mol_xtb_coordinates/chromo1093/geom.xtbopt.xyz,/scratch/jaggbow/mol_xtb_coordinates/chromo1093/mmff.xyz,/scratch/jaggbow/mol_xtb_coordinates/chromo1093/basic.xyz,0,,,,,,
35,chromo2226,c1ccc2c(-c3ccc4sc5ccccc5c4c3)c3ccccc3cc2c1,3.1891,1.4249999999999998,2.910764331104029,0.9722619045182294,/scratch/jaggbow/mol_xtb_coordinates/chromo2226/geom.xtbopt.xyz,/scratch/jaggbow/mol_xtb_coordinates/chromo2226/mmff.xyz,/scratch/jaggbow/mol_xtb_coordinates/chromo2226/basic.xyz,1,,,,,,
36,chromo2445,CCN(CC)c1ccc(-c2cc3c(s2)c(C(=O)OC)cc(=O)n3C)cc1,2.7947,0.9812000000000004,2.8489200059460575,0.9186141768274019,/scratch/jaggbow/mol_xtb_coordinates/chromo2445/geom.xtbopt.xyz,/scratch/jaggbow/mol_xtb_coordinates/chromo2445/mmff.xyz,/scratch/jaggbow/mol_xtb_coordinates/chromo2445/basic.xyz,1,,,,,,
37,chromo0499,O=C(c1ccc(N(c2ccccc2)c2ccccc2)cc1)C1C(c2ccccc2)CC(O)(c2ccccn2)CC1(O)c1ccccn1,3.3336,0.8138000000000001,4.860229650578176,0.8341272128444737,/scratch/jaggbow/mol_xtb_coordinates/chromo0499/geom.xtbopt.xyz,/scratch/jaggbow/mol_xtb_coordinates/chromo0499/mmff.xyz,/scratch/jaggbow/mol_xtb_coordinates/chromo0499/basic.xyz,1,,,,,,
38,chromo4207,Cc1cccc(C)c1N1C(c2ccccc2)=Cc2ccc3ccccc3[n+]2[B-]1(F)F,3.1038,0.9934000000000004,3.843985141722549,1.1133319738835783,/scratch/jaggbow/mol_xtb_coordinates/chromo4207/geom.xtbopt.xyz,/scratch/jaggbow/mol_xtb_coordinates/chromo4207/mmff.xyz,/scratch/jaggbow/mol_xtb_coordinates/chromo4207/basic.xyz,0,,,,,,
39,chromo2534,CN(C)c1ccc(C2=Nc3scc[n+]3[B-](F)(F)O2)cc1,3.41,0.8997000000000002,3.7011119694279677,0.9713832414007254,/scratch/jaggbow/mol_xtb_coordinates/chromo2534/geom.xtbopt.xyz,/scratch/jaggbow/mol_xtb_coordinates/chromo2534/mmff.xyz,/scratch/jaggbow/mol_xtb_coordinates/chromo2534/basic.xyz,0,,,,,,
40,chromo6109,CC(C)[Si](C#Cc1c2ccccc2c(C#C[Si](C(C)C)(C(C)C)C(C)C)c2nc3ccccc3nc12)(C(C)C)C(C)C,1.9785,1.1225,0.979439620858529,0.5534880660669126,/scratch/jaggbow/mol_xtb_coordinates/chromo6109/geom.xtbopt.xyz,/scratch/jaggbow/mol_xtb_coordinates/chromo6109/mmff.xyz,/scratch/jaggbow/mol_xtb_coordinates/chromo6109/basic.xyz,0,,,,,,
41,chromo4067,COc1cc(OC)cc(-c2nnc(-c3cc(-c4nnc(-c5cc(OC)cc(OC)c5)o4)cc(-c4nnc(-c5cc(OC)cc(OC)c5)o4)c3)o2)c1,3.5467,0.9627,3.0681372104199403,0.4303724172395304,/scratch/jaggbow/mol_xtb_coordinates/chromo4067/geom.xtbopt.xyz,/scratch/jaggbow/mol_xtb_coordinates/chromo4067/mmff.xyz,/scratch/jaggbow/mol_xtb_coordinates/chromo4067/basic.xyz,1,,,,,,
42,chromo2367,CN(C)c1ccc(C2=Nc3sc4cc(Cl)ccc4[n+]3[B-](F)(F)O2)cc1,3.2696,0.8121,5.097222989708515,1.2294328462109154,/scratch/jaggbow/mol_xtb_coordinates/chromo2367/geom.xtbopt.xyz,/scratch/jaggbow/mol_xtb_coordinates/chromo2367/mmff.xyz,/scratch/jaggbow/mol_xtb_coordinates/chromo2367/basic.xyz,0,,,,,,
43,chromo3072,CN(C)c1cc(-c2ccccc2)cc2ccccc12,3.7324,1.2202000000000002,4.254562727402591,0.9231401547244744,/scratch/jaggbow/mol_xtb_coordinates/chromo3072/geom.xtbopt.xyz,/scratch/jaggbow/mol_xtb_coordinates/chromo3072/mmff.xyz,/scratch/jaggbow/mol_xtb_coordinates/chromo3072/basic.xyz,1,,,,,,
44,chromo4629,O=C(NCc1ccccc1)c1sc(-c2ccc(-c3cc(C4CC4)c(C(=O)NCc4ccccc4)s3)s2)cc1C1CC1,2.9857,1.1684,1.406733777655834,0.4928687040499397,/scratch/jaggbow/mol_xtb_coordinates/chromo4629/geom.xtbopt.xyz,/scratch/jaggbow/mol_xtb_coordinates/chromo4629/mmff.xyz,/scratch/jaggbow/mol_xtb_coordinates/chromo4629/basic.xyz,1,,,,,,
45,chromo6345,COC(=O)c1[nH]c(-c2ccccc2)c2nnc3c4ccccc4oc3c12,3.1826,1.2253999999999998,3.008910138563109,0.9536784936208756,/scratch/jaggbow/mol_xtb_coordinates/chromo6345/geom.xtbopt.xyz,/scratch/jaggbow/mol_xtb_coordinates/chromo6345/mmff.xyz,/scratch/jaggbow/mol_xtb_coordinates/chromo6345/basic.xyz,0,,,,,,
46,chromo0996,Cc1ccc(C2=C3C=CC(C#Cc4ccccc4)=[N+]3[B-](F)(F)n3c(C#Cc4ccccc4)ccc32)cc1,2.2191,1.0468000000000002,4.079380508864856,1.4659344202488769,/scratch/jaggbow/mol_xtb_coordinates/chromo0996/geom.xtbopt.xyz,/scratch/jaggbow/mol_xtb_coordinates/chromo0996/mmff.xyz,/scratch/jaggbow/mol_xtb_coordinates/chromo0996/basic.xyz,1,,,,,,
47,chromo0501,O=C(c1ccc(N(c2ccccc2)c2ccccc2)cc1)C1C(c2ccc(F)cc2)CC(O)(c2ccccn2)CC1(O)c1ccccn1,3.1883,0.706,2.6117620139712816,0.42878944244657535,/scratch/jaggbow/mol_xtb_coordinates/chromo0501/geom.xtbopt.xyz,/scratch/jaggbow/mol_xtb_coordinates/chromo0501/mmff.xyz,/scratch/jaggbow/mol_xtb_coordinates/chromo0501/basic.xyz,1,,,,,,
48,chromo4152,CCC1(CC)c2cc(C=Cc3cc(Br)c(C=Cc4ccc5c(c4)C(CC)(CC)c4cc(N6c7ccccc7Sc7ccccc76)ccc4-5)cc3Br)ccc2-c2ccc(N3c4ccccc4Sc4ccccc43)cc21,2.3475,0.5699000000000001,5.126456565794927,1.0218091232685138,/scratch/jaggbow/mol_xtb_coordinates/chromo4152/geom.xtbopt.xyz,/scratch/jaggbow/mol_xtb_coordinates/chromo4152/mmff.xyz,/scratch/jaggbow/mol_xtb_coordinates/chromo4152/basic.xyz,0,,,,,,
49,chromo4169,CCN1c2ccc(C=NNc3ccccn3)cc2Sc2cc(-c3ccc(C#N)cc3)ccc21,3.029,0.7915999999999999,3.9215163309050167,0.676348307616392,/scratch/jaggbow/mol_xtb_coordinates/chromo4169/geom.xtbopt.xyz,/scratch/jaggbow/mol_xtb_coordinates/chromo4169/mmff.xyz,/scratch/jaggbow/mol_xtb_coordinates/chromo4169/basic.xyz,0,,,,,,
50,chromo3326,CCc1ccc(C=Nc2cc(C(C)C)c(O)cc2C)cc1,3.4114,0.9977,2.876921177600765,0.33348927680980645,/scratch/jaggbow/mol_xtb_coordinates/chromo3326/geom.xtbopt.xyz,/scratch/jaggbow/mol_xtb_coordinates/chromo3326/mmff.xyz,/scratch/jaggbow/mol_xtb_coordinates/chromo3326/basic.xyz,1,,,,,,
51,chromo5513,CC(C)[Si]1(C(C)C)c2cc(C=C(C#N)C#N)ccc2-c2ccc(N(C)C)cc21,2.6366,0.8204,2.788989964956173,0.7682626886927494,/scratch/jaggbow/mol_xtb_coordinates/chromo5513/geom.xtbopt.xyz,/scratch/jaggbow/mol_xtb_coordinates/chromo5513/mmff.xyz,/scratch/jaggbow/mol_xtb_coordinates/chromo5513/basic.xyz,0,,,,,,
52,chromo6518,COc1ccc(O)c(-c2[nH]c(=O)n3c2-c2ccccc2C3=O)c1,3.1344,1.1806,3.702439123120552,1.1055705379758816,/scratch/jaggbow/mol_xtb_coordinates/chromo6518/geom.xtbopt.xyz,/scratch/jaggbow/mol_xtb_coordinates/chromo6518/mmff.xyz,/scratch/jaggbow/mol_xtb_coordinates/chromo6518/basic.xyz,0,,,,,,
53,chromo1632,COc1ccc(-c2cc(-c3ccc(OC)cc3)c3c(N)nc(N4CCCC4)c(C#N)c3n2)cc1,2.9417,0.5827999999999998,3.0973723831033286,0.6052570514330669,/scratch/jaggbow/mol_xtb_coordinates/chromo1632/geom.xtbopt.xyz,/scratch/jaggbow/mol_xtb_coordinates/chromo1632/mmff.xyz,/scratch/jaggbow/mol_xtb_coordinates/chromo1632/basic.xyz,0,,,,,,
54,chromo6777,CCCCCCCC(CCCCCCC)N1C(=O)c2c(Br)cc3c4cc(Br)c5c6c(c(Br)cc(c7cc(Br)c(c2c37)C1=O)c64)C(=O)N(C(CCCCCCC)CCCCCCC)C5=O,2.4932,1.088,1.6413396869895687,0.6349528651544588,/scratch/jaggbow/mol_xtb_coordinates/chromo6777/geom.xtbopt.xyz,/scratch/jaggbow/mol_xtb_coordinates/chromo6777/mmff.xyz,/scratch/jaggbow/mol_xtb_coordinates/chromo6777/basic.xyz,0,,,,,,
55,chromo3410,COc1ccc(C(=O)C=C2C(=O)Nc3ccccc32)cc1,3.3287,1.0630000000000002,3.459016628597695,0.6406442788168859,/scratch/jaggbow/mol_xtb_coordinates/chromo3410/geom.xtbopt.xyz,/scratch/jaggbow/mol_xtb_coordinates/chromo3410/mmff.xyz,/scratch/jaggbow/mol_xtb_coordinates/chromo3410/basic.xyz,0,,,,,,
56,chromo1218,O=c1c2cc(F)ccc2nc2n1[B-](F)(F)[n+]1ccccc1-2,3.015,0.7723,3.365377465676482,0.6315129840284983,/scratch/jaggbow/mol_xtb_coordinates/chromo1218/geom.xtbopt.xyz,/scratch/jaggbow/mol_xtb_coordinates/chromo1218/mmff.xyz,/scratch/jaggbow/mol_xtb_coordinates/chromo1218/basic.xyz,0,,,,,,
57,chromo1536,Cc1ccc(C(=O)NN2C3=C(CC4=C2CCCC4=O)C(=O)CCC3)cc1,3.4139,0.9558,4.170435288353456,1.0547521681457581,/scratch/jaggbow/mol_xtb_coordinates/chromo1536/geom.xtbopt.xyz,/scratch/jaggbow/mol_xtb_coordinates/chromo1536/mmff.xyz,/scratch/jaggbow/mol_xtb_coordinates/chromo1536/basic.xyz,0,,,,,,
58,chromo0505,CC(C)c1cccc(C(C)C)c1N1C(=O)c2cccc3c(Oc4ccc(C(C)(C)c5ccccc5)cc4)ccc(c23)C1=O,3.4354,1.1458,2.6489464654901873,0.6454008214220847,/scratch/jaggbow/mol_xtb_coordinates/chromo0505/geom.xtbopt.xyz,/scratch/jaggbow/mol_xtb_coordinates/chromo0505/mmff.xyz,/scratch/jaggbow/mol_xtb_coordinates/chromo0505/basic.xyz,0,,,,,,
59,chromo2613,N#CC(C#N)=Cc1ccc2c(c1)c1ccccc1n2-c1cc2ccccc2c2ccccc12,3.1709,0.995,4.37118107386903,1.070539444395178,/scratch/jaggbow/mol_xtb_coordinates/chromo2613/geom.xtbopt.xyz,/scratch/jaggbow/mol_xtb_coordinates/chromo2613/mmff.xyz,/scratch/jaggbow/mol_xtb_coordinates/chromo2613/basic.xyz,1,,,,,,
60,chromo4906,c1ccc2cc(-c3c4ccccc4c(-c4ccc(-c5ccc(-n6c7ccccc7c7ccccc76)cc5)cc4)c4ccccc34)ccc2c1,3.1282,1.396,3.487844509297762,1.0463903618814479,/scratch/jaggbow/mol_xtb_coordinates/chromo4906/geom.xtbopt.xyz,/scratch/jaggbow/mol_xtb_coordinates/chromo4906/mmff.xyz,/scratch/jaggbow/mol_xtb_coordinates/chromo4906/basic.xyz,1,,,,,,
61,chromo6274,COc1ccc(-c2cccc3ncc(-c4ccccc4)n23)cc1,3.6343,1.035,3.9772746816391256,0.6701093288033723,/scratch/jaggbow/mol_xtb_coordinates/chromo6274/geom.xtbopt.xyz,/scratch/jaggbow/mol_xtb_coordinates/chromo6274/mmff.xyz,/scratch/jaggbow/mol_xtb_coordinates/chromo6274/basic.xyz,0,,,,,,
62,chromo6175,CN(C)c1ccc(C2=CC3=C(c4ccc([N+](=O)[O-])cc4)C4c5ccccc5C3(S2)c2ccccc24)cc1,2.3932,0.8078000000000003,2.570363884281222,0.7805631147442788,/scratch/jaggbow/mol_xtb_coordinates/chromo6175/geom.xtbopt.xyz,/scratch/jaggbow/mol_xtb_coordinates/chromo6175/mmff.xyz,/scratch/jaggbow/mol_xtb_coordinates/chromo6175/basic.xyz,0,,,,,,
63,chromo0408,CCCCCCC1(CCCCCC)c2ccccc2-c2ccc(-c3ccc(-c4cc(-c5ccccn5)nc(-c5ccccn5)c4)cc3)cc21,3.6138,0.9211999999999998,3.9649498342357723,0.5849079865078115,/scratch/jaggbow/mol_xtb_coordinates/chromo0408/geom.xtbopt.xyz,/scratch/jaggbow/mol_xtb_coordinates/chromo0408/mmff.xyz,/scratch/jaggbow/mol_xtb_coordinates/chromo0408/basic.xyz,0,,,,,,
64,chromo4054,Cc1c(C)c(-c2ccc(-c3cccnc3)cc2)c(C)c(C)c1B(c1c(C)c(C)c(-c2ccc(-c3cccnc3)cc2)c(C)c1C)c1c(C)c(C)c(-c2ccc(-c3cccnc3)cc2)c(C)c1C,3.6915,0.5329000000000002,2.4650114842524147,-0.17324705006527003,/scratch/jaggbow/mol_xtb_coordinates/chromo4054/geom.xtbopt.xyz,/scratch/jaggbow/mol_xtb_coordinates/chromo4054/mmff.xyz,/scratch/jaggbow/mol_xtb_coordinates/chromo4054/basic.xyz,1,,,,,,
65,chromo5921,CN(C)c1ccc(-c2cc(-c3ccc(C(F)(F)F)cc3)nn2C)cc1,4.0485,0.9661,4.096252410782555,0.5797226142636278,/scratch/jaggbow/mol_xtb_coordinates/chromo5921/geom.xtbopt.xyz,/scratch/jaggbow/mol_xtb_coordinates/chromo5921/mmff.xyz,/scratch/jaggbow/mol_xtb_coordinates/chromo5921/basic.xyz,1,,,,,,
66,chromo0969,COC(=O)C(Cc1ccc2oc(-c3ccc4c(c3)c3ccccc3n4-c3ccccc3)nc2c1)NC(=O)OC(C)(C)C,3.7492,0.9635000000000002,4.840535597175887,0.7961102317405494,/scratch/jaggbow/mol_xtb_coordinates/chromo0969/geom.xtbopt.xyz,/scratch/jaggbow/mol_xtb_coordinates/chromo0969/mmff.xyz,/scratch/jaggbow/mol_xtb_coordinates/chromo0969/basic.xyz,1,,,,,,
67,chromo2746,COc1ccc(C=CC2=[O+][B-](F)(F)OC(C=Cc3ccc(OC)cc3)=C2c2ccccc2)cc1,2.8309,0.9310000000000004,2.3746573391501924,0.7387495555429828,/scratch/jaggbow/mol_xtb_coordinates/chromo2746/geom.xtbopt.xyz,/scratch/jaggbow/mol_xtb_coordinates/chromo2746/mmff.xyz,/scratch/jaggbow/mol_xtb_coordinates/chromo2746/basic.xyz,1,,,,,,
68,chromo6753,O=c1c2cccc3cccc(c32)c2nc3ccccc3n12,2.9725,0.9798000000000002,4.0995045258530185,0.9281403743971606,/scratch/jaggbow/mol_xtb_coordinates/chromo6753/geom.xtbopt.xyz,/scratch/jaggbow/mol_xtb_coordinates/chromo6753/mmff.xyz,/scratch/jaggbow/mol_xtb_coordinates/chromo6753/basic.xyz,0,,,,,,
69,chromo2437,COC(=O)c1cc(=O)n(C)c2cc(-c3ccc4c(c3)OCCO4)sc12,3.0229,1.1338,3.2605162334789046,1.0244233808771548,/scratch/jaggbow/mol_xtb_coordinates/chromo2437/geom.xtbopt.xyz,/scratch/jaggbow/mol_xtb_coordinates/chromo2437/mmff.xyz,/scratch/jaggbow/mol_xtb_coordinates/chromo2437/basic.xyz,1,,,,,,
70,chromo5569,CCc1c(C)c2n(c1C)[B-](F)(F)[N+]1=C(c3ccc[nH]3)c3ccccc3C1=C2C,2.4244,1.2035999999999998,1.6819573425958925,1.0127186996273907,/scratch/jaggbow/mol_xtb_coordinates/chromo5569/geom.xtbopt.xyz,/scratch/jaggbow/mol_xtb_coordinates/chromo5569/mmff.xyz,/scratch/jaggbow/mol_xtb_coordinates/chromo5569/basic.xyz,0,,,,,,
71,chromo4758,C(=Cc1ccc(N(c2ccccc2)c2ccccc2)cc1)c1ccc(-c2cc(-c3ccccn3)nc(-c3ccccn3)c2)cc1,2.8646,0.8508,6.000360532767809,1.2998386678410707,/scratch/jaggbow/mol_xtb_coordinates/chromo4758/geom.xtbopt.xyz,/scratch/jaggbow/mol_xtb_coordinates/chromo4758/mmff.xyz,/scratch/jaggbow/mol_xtb_coordinates/chromo4758/basic.xyz,1,,,,,,
72,chromo0065,O=C1NC(=O)c2ccc(N3CCCCC3)c3cccc1c23,3.1971,1.0204,4.823320167010004,1.1635923107809805,/scratch/jaggbow/mol_xtb_coordinates/chromo0065/geom.xtbopt.xyz,/scratch/jaggbow/mol_xtb_coordinates/chromo0065/mmff.xyz,/scratch/jaggbow/mol_xtb_coordinates/chromo0065/basic.xyz,0,,,,,,
73,chromo3414,O=C1Nc2ccccc2C1=CC(=O)c1ccc([N+](=O)[O-])cc1,2.9381,0.7572999999999999,0.906737411760159,-0.05195751937593973,/scratch/jaggbow/mol_xtb_coordinates/chromo3414/geom.xtbopt.xyz,/scratch/jaggbow/mol_xtb_coordinates/chromo3414/mmff.xyz,/scratch/jaggbow/mol_xtb_coordinates/chromo3414/basic.xyz,0,,,,,,
74,chromo4074,CC1=CC(c2ccc3cc(N(C)C)ccc3c2)=[O+][B-](F)(F)O1,2.9992,0.8104,4.074410462993963,1.08698587916381,/scratch/jaggbow/mol_xtb_coordinates/chromo4074/geom.xtbopt.xyz,/scratch/jaggbow/mol_xtb_coordinates/chromo4074/mmff.xyz,/scratch/jaggbow/mol_xtb_coordinates/chromo4074/basic.xyz,1,,,,,,
75,chromo6269,COc1ccc(C#Cc2c3cc4ccccc4cc3c(C#Cc3ccc(OC)cc3)c3cc4sc(C)cc4cc23)cc1,1.8018,1.1449,1.4121771193693582,0.7566892722437562,/scratch/jaggbow/mol_xtb_coordinates/chromo6269/geom.xtbopt.xyz,/scratch/jaggbow/mol_xtb_coordinates/chromo6269/mmff.xyz,/scratch/jaggbow/mol_xtb_coordinates/chromo6269/basic.xyz,0,,,,,,
76,chromo1174,Cc1ccc(N2C(c3ccccc3N)=NC(c3ccccc3)C2c2ccccc2)cc1,3.9405,0.8946000000000001,5.305660088858848,0.9322332449220758,/scratch/jaggbow/mol_xtb_coordinates/chromo1174/geom.xtbopt.xyz,/scratch/jaggbow/mol_xtb_coordinates/chromo1174/mmff.xyz,/scratch/jaggbow/mol_xtb_coordinates/chromo1174/basic.xyz,1,,,,,,
77,chromo4178,COc1ccc2nc(N=Nc3ccc(N(C)C)cc3)sc2c1,2.6232,1.0195000000000003,3.676357298669844,0.9705430387807026,/scratch/jaggbow/mol_xtb_coordinates/chromo4178/geom.xtbopt.xyz,/scratch/jaggbow/mol_xtb_coordinates/chromo4178/mmff.xyz,/scratch/jaggbow/mol_xtb_coordinates/chromo4178/basic.xyz,1,,,,,,
78,chromo2361,CC1(C)Nc2cc(Cl)ccc2-c2[nH]c3ccccc3c(=O)c21,3.191,0.7603,4.244914382507878,0.8682357615136684,/scratch/jaggbow/mol_xtb_coordinates/chromo2361/geom.xtbopt.xyz,/scratch/jaggbow/mol_xtb_coordinates/chromo2361/mmff.xyz,/scratch/jaggbow/mol_xtb_coordinates/chromo2361/basic.xyz,0,,,,,,
79,chromo4708,O=Cc1ccc(-c2ccc(O)c(-c3nc4ccccc4s3)c2)o1,3.2452,0.9432,4.420493878242119,1.1667699668050275,/scratch/jaggbow/mol_xtb_coordinates/chromo4708/geom.xtbopt.xyz,/scratch/jaggbow/mol_xtb_coordinates/chromo4708/mmff.xyz,/scratch/jaggbow/mol_xtb_coordinates/chromo4708/basic.xyz,1,,,,,,
80,chromo6642,CCCCCCOc1cc(C=C(C#N)C#N)c(OCCCCCC)cc1C=C(C#N)C#N,2.4304,0.9542000000000002,4.618301800757879,1.0853784738765635,/scratch/jaggbow/mol_xtb_coordinates/chromo6642/geom.xtbopt.xyz,/scratch/jaggbow/mol_xtb_coordinates/chromo6642/mmff.xyz,/scratch/jaggbow/mol_xtb_coordinates/chromo6642/basic.xyz,1,,,,,,
81,chromo2182,Cc1ccc(N(c2ccc(C)cc2)c2ccc(-c3c4ccccc4c(-c4ccc(N(c5ccc(C)cc5)c5ccc(C)cc5)cc4)c4nsnc34)cc2)cc1,1.8061,0.788,1.1288757739565805,0.5144631141828977,/scratch/jaggbow/mol_xtb_coordinates/chromo2182/geom.xtbopt.xyz,/scratch/jaggbow/mol_xtb_coordinates/chromo2182/mmff.xyz,/scratch/jaggbow/mol_xtb_coordinates/chromo2182/basic.xyz,0,,,,,,
82,chromo3655,COc1c2ccccc2c(-c2ccccc2)c2ccccc12,3.1238,1.4091000000000002,3.570000726282372,1.158685275508855,/scratch/jaggbow/mol_xtb_coordinates/chromo3655/geom.xtbopt.xyz,/scratch/jaggbow/mol_xtb_coordinates/chromo3655/mmff.xyz,/scratch/jaggbow/mol_xtb_coordinates/chromo3655/basic.xyz,1,,,,,,
83,chromo3415,O=C(C=Cc1ccc(O)c(O)c1)OC(Cc1ccc(O)c(O)c1)C(=O)O,3.9004,1.4667,3.10623774757926,0.8192452722759718,/scratch/jaggbow/mol_xtb_coordinates/chromo3415/geom.xtbopt.xyz,/scratch/jaggbow/mol_xtb_coordinates/chromo3415/mmff.xyz,/scratch/jaggbow/mol_xtb_coordinates/chromo3415/basic.xyz,1,,,,,,
84,chromo2960,Cc1ccc(C#Cc2ccc3ccc4cccc5ccc2c3c45)cc1,3.1105,1.2722,4.399196138921836,1.2284590900104806,/scratch/jaggbow/mol_xtb_coordinates/chromo2960/geom.xtbopt.xyz,/scratch/jaggbow/mol_xtb_coordinates/chromo2960/mmff.xyz,/scratch/jaggbow/mol_xtb_coordinates/chromo2960/basic.xyz,1,,,,,,
85,chromo2521,CCCCCCCCCCCCCCCCCCOC(=O)C=CC1=CC2=C(c3c(C)cc(C)cc3C)c3cccn3[B-](F)(F)[N+]2=C1,2.7439,1.1619,1.8200683089058425,0.9540279745061893,/scratch/jaggbow/mol_xtb_coordinates/chromo2521/geom.xtbopt.xyz,/scratch/jaggbow/mol_xtb_coordinates/chromo2521/mmff.xyz,/scratch/jaggbow/mol_xtb_coordinates/chromo2521/basic.xyz,1,,,,,,
86,chromo3377,COc1ccc(C2=CC(c3ccccc3)=C(c3ccccc3)C2)c2ccccc12,3.1771,1.2382999999999995,2.5545013773351544,0.7436155476805937,/scratch/jaggbow/mol_xtb_coordinates/chromo3377/geom.xtbopt.xyz,/scratch/jaggbow/mol_xtb_coordinates/chromo3377/mmff.xyz,/scratch/jaggbow/mol_xtb_coordinates/chromo3377/basic.xyz,1,,,,,,
87,chromo0700,CC(C)c1ccc2ccc3c(C(C)C)ccc4ccc1c2c43,3.5507,1.5169,3.2706966967567217,0.8559043467670558,/scratch/jaggbow/mol_xtb_coordinates/chromo0700/geom.xtbopt.xyz,/scratch/jaggbow/mol_xtb_coordinates/chromo0700/mmff.xyz,/scratch/jaggbow/mol_xtb_coordinates/chromo0700/basic.xyz,1,,,,,,
88,chromo0780,C[Si]1(C)C(c2ccccc2)=Cc2ccccc21,3.6697,1.4813,5.393658400214264,1.2385879359741958,/scratch/jaggbow/mol_xtb_coordinates/chromo0780/geom.xtbopt.xyz,/scratch/jaggbow/mol_xtb_coordinates/chromo0780/mmff.xyz,/scratch/jaggbow/mol_xtb_coordinates/chromo0780/basic.xyz,0,,,,,,
89,chromo6482,COc1ccc(N(c2ccc(OC)cc2)c2cc(N(c3ccc(OC)cc3)c3ccc(OC)cc3)c3ccc4cc(C(C)(C)C)cc5ccc2c3c54)cc1,2.6063,0.7937000000000001,3.7097834204518803,0.8235999900282952,/scratch/jaggbow/mol_xtb_coordinates/chromo6482/geom.xtbopt.xyz,/scratch/jaggbow/mol_xtb_coordinates/chromo6482/mmff.xyz,/scratch/jaggbow/mol_xtb_coordinates/chromo6482/basic.xyz,1,,,,,,
90,chromo4829,c1ccc(-n2nc(-c3ccc(N4c5ccccc5Sc5ccccc54)cc3)nc2-c2ccccn2)cc1,3.0005,0.0591000000000003,3.5914123366573225,0.47623515863602955,/scratch/jaggbow/mol_xtb_coordinates/chromo4829/geom.xtbopt.xyz,/scratch/jaggbow/mol_xtb_coordinates/chromo4829/mmff.xyz,/scratch/jaggbow/mol_xtb_coordinates/chromo4829/basic.xyz,0,,,,,,
91,chromo2560,CCOC(=O)C1c2ccccc2C(=O)N1c1ccc(OC)cc1,3.7093,0.6461999999999999,2.4492847654759213,0.27019225730347735,/scratch/jaggbow/mol_xtb_coordinates/chromo2560/geom.xtbopt.xyz,/scratch/jaggbow/mol_xtb_coordinates/chromo2560/mmff.xyz,/scratch/jaggbow/mol_xtb_coordinates/chromo2560/basic.xyz,0,,,,,,
92,chromo0793,COc1ccccc1C#Cc1ccccc1OC,3.8216,1.2806000000000002,4.544282360703013,0.8434618685879169,/scratch/jaggbow/mol_xtb_coordinates/chromo0793/geom.xtbopt.xyz,/scratch/jaggbow/mol_xtb_coordinates/chromo0793/mmff.xyz,/scratch/jaggbow/mol_xtb_coordinates/chromo0793/basic.xyz,1,,,,,,
93,chromo2097,c1ccc(-n2c3ccccc3c3cc([Si](c4ccccc4)(c4ccccc4)c4ccc5c(c4)c4ccccc4n5-c4ccccc4)ccc32)cc1,3.9656,0.8020999999999998,3.0348614356145927,0.25288070334232016,/scratch/jaggbow/mol_xtb_coordinates/chromo2097/geom.xtbopt.xyz,/scratch/jaggbow/mol_xtb_coordinates/chromo2097/mmff.xyz,/scratch/jaggbow/mol_xtb_coordinates/chromo2097/basic.xyz,1,,,,,,
94,chromo3258,CC1=[N+]2C(=c3c4c5ccccc5cc5cccc(c6cc(C)n(c36)[B-]2(F)F)c54)C=C1,2.0127,1.0535,2.4771280471824006,0.9868340978844606,/scratch/jaggbow/mol_xtb_coordinates/chromo3258/geom.xtbopt.xyz,/scratch/jaggbow/mol_xtb_coordinates/chromo3258/mmff.xyz,/scratch/jaggbow/mol_xtb_coordinates/chromo3258/basic.xyz,0,,,,,,
95,chromo5918,COc1ccc(-c2cc(-c3ccc(C(F)(F)F)cc3)nn2C)cc1,4.5021,1.3760000000000003,4.696159429026129,0.8292233707817,/scratch/jaggbow/mol_xtb_coordinates/chromo5918/geom.xtbopt.xyz,/scratch/jaggbow/mol_xtb_coordinates/chromo5918/mmff.xyz,/scratch/jaggbow/mol_xtb_coordinates/chromo5918/basic.xyz,1,,,,,,
96,chromo6240,CCC(CC)COC1=CC2=C3c4cc(OCC(CC)CC)c(-c5cccs5)n4[B-](F)(F)[n+]4nnn(c43)[B-](F)(F)[N+]2=C1c1cccs1,1.9581,1.3689,1.7441678152068918,1.614352238200876,/scratch/jaggbow/mol_xtb_coordinates/chromo6240/geom.xtbopt.xyz,/scratch/jaggbow/mol_xtb_coordinates/chromo6240/mmff.xyz,/scratch/jaggbow/mol_xtb_coordinates/chromo6240/basic.xyz,0,,,,,,
97,chromo4995,CC(C)(C)c1ccc2c(c1)c1cc(C(C)(C)C)ccc1n2-c1ccccc1-c1nc(-c2ccccc2-n2c3ccc(C(C)(C)C)cc3c3cc(C(C)(C)C)ccc32)nc(-c2ccccc2P(=O)(c2ccccc2)c2ccccc2)n1,2.5931,0.0571000000000001,4.02230169333045,0.36523047187345115,/scratch/jaggbow/mol_xtb_coordinates/chromo4995/geom.xtbopt.xyz,/scratch/jaggbow/mol_xtb_coordinates/chromo4995/mmff.xyz,/scratch/jaggbow/mol_xtb_coordinates/chromo4995/basic.xyz,1,,,,,,
98,chromo1531,CCCCCCCCCCCCN1C(=O)c2c(c3ccc4cc(-c5cccs5)c(OC)cc4c3c3c2ccc2cc(-c4cccs4)c(OC)cc23)C1=O,2.5024,0.6144000000000003,2.208105257810759,0.23134043688846032,/scratch/jaggbow/mol_xtb_coordinates/chromo1531/geom.xtbopt.xyz,/scratch/jaggbow/mol_xtb_coordinates/chromo1531/mmff.xyz,/scratch/jaggbow/mol_xtb_coordinates/chromo1531/basic.xyz,0,,,,,,
99,chromo4580,c1cncc(-c2ccc(-c3c4ccc(-c5cccnc5)cc4c(-c4ccc(-c5cccnc5)cc4)c4ccc(-c5cccnc5)cc34)cc2)c1,2.9221,1.2702,5.053781725788107,1.4009362343584406,/scratch/jaggbow/mol_xtb_coordinates/chromo4580/geom.xtbopt.xyz,/scratch/jaggbow/mol_xtb_coordinates/chromo4580/mmff.xyz,/scratch/jaggbow/mol_xtb_coordinates/chromo4580/basic.xyz,1,,,,,,
100,chromo0932,C[Si](C)(C)[Si](c1cc2sc3cc([Si]([Si](C)(C)C)([Si](C)(C)C)[Si](C)(C)C)sc3c2s1)([Si](C)(C)C)[Si](C)(C)C,3.6635,1.2382,2.3701623723266594,0.3623797325188474,/scratch/jaggbow/mol_xtb_coordinates/chromo0932/geom.xtbopt.xyz,/scratch/jaggbow/mol_xtb_coordinates/chromo0932/mmff.xyz,/scratch/jaggbow/mol_xtb_coordinates/chromo0932/basic.xyz,0,,,,,,
101,chromo6370,Clc1ccc(N2c3sc4ccccc4c3Sc3c2sc2ccccc32)cc1,3.0028,0.6171000000000002,2.736590711160153,0.6300279148454287,/scratch/jaggbow/mol_xtb_coordinates/chromo6370/geom.xtbopt.xyz,/scratch/jaggbow/mol_xtb_coordinates/chromo6370/mmff.xyz,/scratch/jaggbow/mol_xtb_coordinates/chromo6370/basic.xyz,0,,,,,,
102,chromo6238,CCC(CC)COC1=CC2=C3c4cc(OCC(CC)CC)c(-c5ccccc5)n4[B-](F)(F)[n+]4nnn(c43)[B-](F)(F)[N+]2=C1c1ccccc1,2.1322,1.3738,3.1030000235405715,1.5194372230373565,/scratch/jaggbow/mol_xtb_coordinates/chromo6238/geom.xtbopt.xyz,/scratch/jaggbow/mol_xtb_coordinates/chromo6238/mmff.xyz,/scratch/jaggbow/mol_xtb_coordinates/chromo6238/basic.xyz,0,,,,,,
103,chromo2481,COC(=O)c1nc2c(OCc3ccccc3)nc(N)nc2n1Cc1ccccc1,4.0226,1.1512999999999995,3.820720237222397,0.8731988721407314,/scratch/jaggbow/mol_xtb_coordinates/chromo2481/geom.xtbopt.xyz,/scratch/jaggbow/mol_xtb_coordinates/chromo2481/mmff.xyz,/scratch/jaggbow/mol_xtb_coordinates/chromo2481/basic.xyz,0,,,,,,
104,chromo6272,COc1ccc(C#Cc2c3cc4ccccc4cc3c(C#Cc3ccc(OC)cc3)c3cc4ccccc4cc23)cc1,1.5899,1.2695,1.7773571164761692,0.965633570442249,/scratch/jaggbow/mol_xtb_coordinates/chromo6272/geom.xtbopt.xyz,/scratch/jaggbow/mol_xtb_coordinates/chromo6272/mmff.xyz,/scratch/jaggbow/mol_xtb_coordinates/chromo6272/basic.xyz,0,,,,,,
105,chromo1132,CC1=CC(C)=[N+]2C1=Cc1c(C)c(C3=C(C)C4=Cc5c(C)cc(C)n5[B-](F)(F)[N+]4=C3C)c(C)n1[B-]2(F)F,2.4387,0.9951,2.4153675102019974,1.2076410803782696,/scratch/jaggbow/mol_xtb_coordinates/chromo1132/geom.xtbopt.xyz,/scratch/jaggbow/mol_xtb_coordinates/chromo1132/mmff.xyz,/scratch/jaggbow/mol_xtb_coordinates/chromo1132/basic.xyz,1,,,,,,
106,chromo3868,CSc1nccc(C=Cc2ccc(N(c3ccccc3)c3ccc(C=Cc4ccnc(SC)n4)cc3)cc2)n1,2.7139,0.7155000000000002,4.288196836300329,0.8415864598100844,/scratch/jaggbow/mol_xtb_coordinates/chromo3868/geom.xtbopt.xyz,/scratch/jaggbow/mol_xtb_coordinates/chromo3868/mmff.xyz,/scratch/jaggbow/mol_xtb_coordinates/chromo3868/basic.xyz,0,,,,,,
107,chromo1143,O=C1C2=C(O[B-](F)(F)[n+]3c2ccc2ccccc23)c2cccc3c(N4CCOCC4)ccc1c23,2.8683,0.8443,0.40305008707198553,0.15500809979157126,/scratch/jaggbow/mol_xtb_coordinates/chromo1143/geom.xtbopt.xyz,/scratch/jaggbow/mol_xtb_coordinates/chromo1143/mmff.xyz,/scratch/jaggbow/mol_xtb_coordinates/chromo1143/basic.xyz,0,,,,,,
108,chromo0720,CN(C)c1ccc2cc3c(cc2c1)OCCN=C3,3.5637,1.1563999999999997,2.557641259503111,0.5673204575601994,/scratch/jaggbow/mol_xtb_coordinates/chromo0720/geom.xtbopt.xyz,/scratch/jaggbow/mol_xtb_coordinates/chromo0720/mmff.xyz,/scratch/jaggbow/mol_xtb_coordinates/chromo0720/basic.xyz,0,,,,,,
109,chromo2442,COC(=O)c1cc(=O)n(Cc2ccccc2)c2cc(-c3ccc(N(C)C)cc3)sc12,2.8084,0.9675999999999998,2.592611329731594,0.8669907784083116,/scratch/jaggbow/mol_xtb_coordinates/chromo2442/geom.xtbopt.xyz,/scratch/jaggbow/mol_xtb_coordinates/chromo2442/mmff.xyz,/scratch/jaggbow/mol_xtb_coordinates/chromo2442/basic.xyz,1,,,,,,
110,chromo4170,CCN1c2ccc(C=NNc3ccccn3)cc2Sc2cc(-c3cccc4ccccc34)ccc21,3.2079,0.9684,1.1807547881952285,0.026727193768309565,/scratch/jaggbow/mol_xtb_coordinates/chromo4170/geom.xtbopt.xyz,/scratch/jaggbow/mol_xtb_coordinates/chromo4170/mmff.xyz,/scratch/jaggbow/mol_xtb_coordinates/chromo4170/basic.xyz,0,,,,,,
111,chromo4824,COc1ccc2cc(-c3cc(-c4ccccc4)c4n3[B-](F)(F)[N+]3=C5C=NC=CN5[B-](F)(F)[N+]3=C4)ccc2c1,2.4969,0.6861000000000002,4.279369647188027,1.332246679295041,/scratch/jaggbow/mol_xtb_coordinates/chromo4824/geom.xtbopt.xyz,/scratch/jaggbow/mol_xtb_coordinates/chromo4824/mmff.xyz,/scratch/jaggbow/mol_xtb_coordinates/chromo4824/basic.xyz,0,,,,,,
112,chromo2215,Cc1ccccc1[B-]1(c2ccccc2C)n2nc(C(F)(F)F)cc2-c2c3ccccc3cc[n+]21,2.6739,0.2810000000000001,4.896183192696936,1.1669661257841586,/scratch/jaggbow/mol_xtb_coordinates/chromo2215/geom.xtbopt.xyz,/scratch/jaggbow/mol_xtb_coordinates/chromo2215/mmff.xyz,/scratch/jaggbow/mol_xtb_coordinates/chromo2215/basic.xyz,0,,,,,,
113,chromo1189,COc1ccc(C#Cc2ccc(C#N)cc2)cc1OC,3.4364,1.088,4.007867634752294,0.5914971947063306,/scratch/jaggbow/mol_xtb_coordinates/chromo1189/geom.xtbopt.xyz,/scratch/jaggbow/mol_xtb_coordinates/chromo1189/mmff.xyz,/scratch/jaggbow/mol_xtb_coordinates/chromo1189/basic.xyz,1,,,,,,
114,chromo5470,COc1ccc(C2=C(c3ccc(OC)cc3)c3cccc4c5c(cc(c34)O2)=NC2C=C(Br)C(Br)=CC2N=5)cc1,2.3496,0.8726,2.0142542414591764,0.5877728939580302,/scratch/jaggbow/mol_xtb_coordinates/chromo5470/geom.xtbopt.xyz,/scratch/jaggbow/mol_xtb_coordinates/chromo5470/mmff.xyz,/scratch/jaggbow/mol_xtb_coordinates/chromo5470/basic.xyz,0,,,,,,
115,chromo1789,CCCCC(CC)COc1ccc2nc(-c3ccc(-c4c(C)noc4C)s3)sc2c1,3.342,1.1719,1.4678041653733853,0.44279239764469724,/scratch/jaggbow/mol_xtb_coordinates/chromo1789/geom.xtbopt.xyz,/scratch/jaggbow/mol_xtb_coordinates/chromo1789/mmff.xyz,/scratch/jaggbow/mol_xtb_coordinates/chromo1789/basic.xyz,1,,,,,,
116,chromo5980,c1cc2c([nH]c3c4[nH]c5sccc5c4c4nsnc4c23)s1,2.9294,0.7183999999999999,3.544645900908341,0.6728999146566593,/scratch/jaggbow/mol_xtb_coordinates/chromo5980/geom.xtbopt.xyz,/scratch/jaggbow/mol_xtb_coordinates/chromo5980/mmff.xyz,/scratch/jaggbow/mol_xtb_coordinates/chromo5980/basic.xyz,0,,,,,,
117,chromo0248,F[B-]1(F)OC(C#Cc2ccccc2)=C2CCc3ccccc3C2=[O+]1,3.2163,1.0789999999999995,3.1560386091729087,0.9993779585014554,/scratch/jaggbow/mol_xtb_coordinates/chromo0248/geom.xtbopt.xyz,/scratch/jaggbow/mol_xtb_coordinates/chromo0248/mmff.xyz,/scratch/jaggbow/mol_xtb_coordinates/chromo0248/basic.xyz,0,,,,,,
118,chromo0299,[O-][n+]1c(C=Cc2ccccc2)nc(N2CCOCC2)c2c1CCCC2,2.9943,1.2343,1.134092045480022,0.415341414718972,/scratch/jaggbow/mol_xtb_coordinates/chromo0299/geom.xtbopt.xyz,/scratch/jaggbow/mol_xtb_coordinates/chromo0299/mmff.xyz,/scratch/jaggbow/mol_xtb_coordinates/chromo0299/basic.xyz,0,,,,,,
119,chromo3454,CCOC(=O)c1c(-c2c(Cl)c3cc(C)ccc3oc2=O)nn(-c2ccccc2)c1C(=O)OCC,3.8089,1.1612,4.744719826901266,1.06104414848767,/scratch/jaggbow/mol_xtb_coordinates/chromo3454/geom.xtbopt.xyz,/scratch/jaggbow/mol_xtb_coordinates/chromo3454/mmff.xyz,/scratch/jaggbow/mol_xtb_coordinates/chromo3454/basic.xyz,1,,,,,,
120,chromo5373,Cc1ccc(N(c2ccccc2)c2ccc3ccc4c(N(c5ccccc5)c5ccc(C)cc5)ccc5ccc2c3c54)cc1,2.6864,0.8235999999999999,5.022713993356964,1.1132113389157177,/scratch/jaggbow/mol_xtb_coordinates/chromo5373/geom.xtbopt.xyz,/scratch/jaggbow/mol_xtb_coordinates/chromo5373/mmff.xyz,/scratch/jaggbow/mol_xtb_coordinates/chromo5373/basic.xyz,1,,,,,,
121,chromo5512,CC(C)[Si]1(C(C)C)c2cc(C=O)ccc2-c2ccc(N(C)C)cc21,3.2485,0.8895,3.7181567038397136,0.8925446911313661,/scratch/jaggbow/mol_xtb_coordinates/chromo5512/geom.xtbopt.xyz,/scratch/jaggbow/mol_xtb_coordinates/chromo5512/mmff.xyz,/scratch/jaggbow/mol_xtb_coordinates/chromo5512/basic.xyz,0,,,,,,
122,chromo3131,C1=Cc2nc1c(-c1ccco1)c1ccc(s1)c(-c1ccco1)c1nc(c(-c3ccco3)c3ccc(s3)c2-c2ccco2)C=C1,1.8456,0.7343,3.24004547831521,0.4626767898842503,/scratch/jaggbow/mol_xtb_coordinates/chromo3131/geom.xtbopt.xyz,/scratch/jaggbow/mol_xtb_coordinates/chromo3131/mmff.xyz,/scratch/jaggbow/mol_xtb_coordinates/chromo3131/basic.xyz,0,,,,,,
123,chromo5516,CC(C)[Si]1(C(C)C)c2cc(C=C(C#N)C#N)ccc2-c2ccc(N(c3ccccc3)c3ccccc3)cc21,2.3493,0.5709,3.6725344064348806,0.7689055391344789,/scratch/jaggbow/mol_xtb_coordinates/chromo5516/geom.xtbopt.xyz,/scratch/jaggbow/mol_xtb_coordinates/chromo5516/mmff.xyz,/scratch/jaggbow/mol_xtb_coordinates/chromo5516/basic.xyz,0,,,,,,
124,chromo0251,COc1ccc(C#CC2=C3CCc4ccccc4C3=[O+][B-](F)(F)O2)cc1,3.1069,0.9838,2.447716398412719,0.7812076977635755,/scratch/jaggbow/mol_xtb_coordinates/chromo0251/geom.xtbopt.xyz,/scratch/jaggbow/mol_xtb_coordinates/chromo0251/mmff.xyz,/scratch/jaggbow/mol_xtb_coordinates/chromo0251/basic.xyz,0,,,,,,
125,chromo1566,COc1cc2[nH]c3c(c2cc1OC)CCCC3=O,3.7621,1.1940000000000004,3.7611941446152057,0.9014569062609278,/scratch/jaggbow/mol_xtb_coordinates/chromo1566/geom.xtbopt.xyz,/scratch/jaggbow/mol_xtb_coordinates/chromo1566/mmff.xyz,/scratch/jaggbow/mol_xtb_coordinates/chromo1566/basic.xyz,0,,,,,,
126,chromo1668,COc1ccc(C2=C(C)C3=C(c4c(-c5ccccn5)nc5ccccn45)c4c(C)cc(C)n4[B-](F)(F)[N+]3=C2C)cc1,2.525,1.1344999999999998,3.5891927922842823,1.4972975220687377,/scratch/jaggbow/mol_xtb_coordinates/chromo1668/geom.xtbopt.xyz,/scratch/jaggbow/mol_xtb_coordinates/chromo1668/mmff.xyz,/scratch/jaggbow/mol_xtb_coordinates/chromo1668/basic.xyz,1,,,,,,
127,chromo6354,Fc1ccccc1N1c2c(sc3ccccc23)Sc2sc3ccccc3c21,3.3761,0.6710000000000003,-0.19977936191052814,-0.16873473443062037,/scratch/jaggbow/mol_xtb_coordinates/chromo6354/geom.xtbopt.xyz,/scratch/jaggbow/mol_xtb_coordinates/chromo6354/mmff.xyz,/scratch/jaggbow/mol_xtb_coordinates/chromo6354/basic.xyz,0,,,,,,
128,chromo0045,ClP1(Cl)=NP(Cl)(Cl)=NP(Cl)(Oc2ccc3ccc4cccc5ccc2c3c45)=N1,3.1023,1.0091,2.7097332472397966,0.7737030377945167,/scratch/jaggbow/mol_xtb_coordinates/chromo0045/geom.xtbopt.xyz,/scratch/jaggbow/mol_xtb_coordinates/chromo0045/mmff.xyz,/scratch/jaggbow/mol_xtb_coordinates/chromo0045/basic.xyz,1,,,,,,
129,chromo5465,c1ccc(C2=C(c3ccccc3)c3cccc4c3c(cc3nc5cc(-c6ccccc6)c(-c6ccccc6)cc5nc34)O2)cc1,2.5367,0.6983000000000001,2.4675045743172155,0.5488949346370586,/scratch/jaggbow/mol_xtb_coordinates/chromo5465/geom.xtbopt.xyz,/scratch/jaggbow/mol_xtb_coordinates/chromo5465/mmff.xyz,/scratch/jaggbow/mol_xtb_coordinates/chromo5465/basic.xyz,0,,,,,,
130,chromo1087,CC1=[N+]2C(=Cc3c4c(cn3[B-]2(F)F)-c2nc-4c(-c3ccccc3)c3ccc([nH]3)c(-c3ccccc3)c3nc(c(-c4ccccc4)c4ccc([nH]4)c2-c2ccccc2)C=C3)C(C)C1,1.9509,0.7038,2.6654623471926033,0.9057189581857452,/scratch/jaggbow/mol_xtb_coordinates/chromo1087/geom.xtbopt.xyz,/scratch/jaggbow/mol_xtb_coordinates/chromo1087/mmff.xyz,/scratch/jaggbow/mol_xtb_coordinates/chromo1087/basic.xyz,0,,,,,,
131,chromo3926,COC(=O)C=Cc1ccc2ccc3cccc4ccc1c2c34,3.1683,1.338,3.3005845793882695,0.9770015086407512,/scratch/jaggbow/mol_xtb_coordinates/chromo3926/geom.xtbopt.xyz,/scratch/jaggbow/mol_xtb_coordinates/chromo3926/mmff.xyz,/scratch/jaggbow/mol_xtb_coordinates/chromo3926/basic.xyz,1,,,,,,
132,chromo1366,CCOC(=O)c1ccc(C2CC(c3cccc4ccccc34)=NN2c2ccc(C#N)cc2)cc1,3.1183,1.1063,2.740020750384267,0.8116939891632042,/scratch/jaggbow/mol_xtb_coordinates/chromo1366/geom.xtbopt.xyz,/scratch/jaggbow/mol_xtb_coordinates/chromo1366/mmff.xyz,/scratch/jaggbow/mol_xtb_coordinates/chromo1366/basic.xyz,1,,,,,,
133,chromo0417,COc1ccc(C=Cc2nc(-c3ccccc3)[nH]c2C=Cc2ccc(OC)cc2)cc1,2.9397,1.2176000000000002,5.067734701852014,1.3366052291343131,/scratch/jaggbow/mol_xtb_coordinates/chromo0417/geom.xtbopt.xyz,/scratch/jaggbow/mol_xtb_coordinates/chromo0417/mmff.xyz,/scratch/jaggbow/mol_xtb_coordinates/chromo0417/basic.xyz,1,,,,,,
134,chromo3311,CCn1c2ccccc2c2cc(C=C3C(=O)c4ccccc4S3(=O)=O)ccc21,2.9202,0.7799,2.958109853720526,0.7372124671273321,/scratch/jaggbow/mol_xtb_coordinates/chromo3311/geom.xtbopt.xyz,/scratch/jaggbow/mol_xtb_coordinates/chromo3311/mmff.xyz,/scratch/jaggbow/mol_xtb_coordinates/chromo3311/basic.xyz,1,,,,,,
135,chromo1133,CC1=C(C2=C(C)C(C)=[N+]3C2=Cc2cc(C)c(C)n2[B-]3(F)F)C2=Cc3cc(C)c(C)n3[B-](F)(F)[N+]2=C1C,2.3533,0.9424,3.4816615906980624,1.3539937065261487,/scratch/jaggbow/mol_xtb_coordinates/chromo1133/geom.xtbopt.xyz,/scratch/jaggbow/mol_xtb_coordinates/chromo1133/mmff.xyz,/scratch/jaggbow/mol_xtb_coordinates/chromo1133/basic.xyz,1,,,,,,
136,chromo4767,COc1ccccc1C1=[N+]2C(=C(c3ccccc3)c3c4c(c(-c5ccccc5OC)n3[B-]2(F)F)C2C=CC4CC2)C2=C1C1C=CC2CC1,2.5805,1.1259,2.162990420738132,0.9567170256893544,/scratch/jaggbow/mol_xtb_coordinates/chromo4767/geom.xtbopt.xyz,/scratch/jaggbow/mol_xtb_coordinates/chromo4767/mmff.xyz,/scratch/jaggbow/mol_xtb_coordinates/chromo4767/basic.xyz,0,,,,,,
137,chromo1667,CC1=C(c2ccccc2)C(C)=[N+]2C1=C(c1c(-c3ccccn3)nc3ccccn13)c1c(C)c(-c3ccccc3)c(C)n1[B-]2(F)F,2.5006,1.1091,2.548337447029641,1.1854262430031262,/scratch/jaggbow/mol_xtb_coordinates/chromo1667/geom.xtbopt.xyz,/scratch/jaggbow/mol_xtb_coordinates/chromo1667/mmff.xyz,/scratch/jaggbow/mol_xtb_coordinates/chromo1667/basic.xyz,1,,,,,,
138,chromo6225,CCCCN(CCCC)c1ccc(C#Cc2cc(C#Cc3ccc(C#N)cc3)c(C#Cc3ccc(C#N)cc3)cc2C#Cc2ccc(N(CCCC)CCCC)cc2)cc1,2.2824,0.5564,3.9506223635151616,0.7068297907504383,/scratch/jaggbow/mol_xtb_coordinates/chromo6225/geom.xtbopt.xyz,/scratch/jaggbow/mol_xtb_coordinates/chromo6225/mmff.xyz,/scratch/jaggbow/mol_xtb_coordinates/chromo6225/basic.xyz,1,,,,,,
139,chromo2242,CCn1c2ccccc2c2c(N(c3ccccc3)c3ccccc3)cccc21,3.504,0.5707,4.549007015635903,0.6561021287380802,/scratch/jaggbow/mol_xtb_coordinates/chromo2242/geom.xtbopt.xyz,/scratch/jaggbow/mol_xtb_coordinates/chromo2242/mmff.xyz,/scratch/jaggbow/mol_xtb_coordinates/chromo2242/basic.xyz,1,,,,,,
140,chromo4456,c1ccc2c(c1)sc1c3ccccc3c3ncncc3c21,3.5712,0.9637000000000002,5.3439754601781795,1.0441657385908305,/scratch/jaggbow/mol_xtb_coordinates/chromo4456/geom.xtbopt.xyz,/scratch/jaggbow/mol_xtb_coordinates/chromo4456/mmff.xyz,/scratch/jaggbow/mol_xtb_coordinates/chromo4456/basic.xyz,0,,,,,,
141,chromo3721,CCn1c2ccccc2c2cc(-c3cc(-c4ccc5c(c4)c4ccccc4n5CC)ncn3)ccc21,3.5613,0.6688000000000001,4.009108006262777,0.47974402491437274,/scratch/jaggbow/mol_xtb_coordinates/chromo3721/geom.xtbopt.xyz,/scratch/jaggbow/mol_xtb_coordinates/chromo3721/mmff.xyz,/scratch/jaggbow/mol_xtb_coordinates/chromo3721/basic.xyz,1,,,,,,
142,chromo4817,c1ccc(N2N=C(c3c4ccccc4cc4ccccc34)CC2c2ccc3ccc4cccc5ccc2c3c45)cc1,2.6375,0.9236000000000002,4.423417943857848,1.2038204181747325,/scratch/jaggbow/mol_xtb_coordinates/chromo4817/geom.xtbopt.xyz,/scratch/jaggbow/mol_xtb_coordinates/chromo4817/mmff.xyz,/scratch/jaggbow/mol_xtb_coordinates/chromo4817/basic.xyz,1,,,,,,
143,chromo1946,O=C(O)c1c2ccccc2nc2ccccc12,3.1056,1.3228,2.3516840715899052,0.7291050053186742,/scratch/jaggbow/mol_xtb_coordinates/chromo1946/geom.xtbopt.xyz,/scratch/jaggbow/mol_xtb_coordinates/chromo1946/mmff.xyz,/scratch/jaggbow/mol_xtb_coordinates/chromo1946/basic.xyz,0,,,,,,
144,chromo3110,Cc1cc2c3ccccc3[nH]c2c2[nH]c3ccccc3c12,3.6629,0.6851000000000003,3.8674880554962905,0.5722554132325376,/scratch/jaggbow/mol_xtb_coordinates/chromo3110/geom.xtbopt.xyz,/scratch/jaggbow/mol_xtb_coordinates/chromo3110/mmff.xyz,/scratch/jaggbow/mol_xtb_coordinates/chromo3110/basic.xyz,0,,,,,,
145,chromo4690,C[Si]1(C)O[Si](C)(C)c2cc3nc4ccccc4c(-c4ccc(F)cc4)c3cc2[Si](C)(C)O1,3.1943,1.3302,2.3765324251475075,0.6367609394476681,/scratch/jaggbow/mol_xtb_coordinates/chromo4690/geom.xtbopt.xyz,/scratch/jaggbow/mol_xtb_coordinates/chromo4690/mmff.xyz,/scratch/jaggbow/mol_xtb_coordinates/chromo4690/basic.xyz,0,,,,,,
146,chromo0149,C=CCOc1nnc(OCCC(F)(F)C(F)(F)C(F)(F)C(F)(F)C(F)(F)C(F)(F)F)nn1,2.2298,0.7804,1.8555652380634147,0.004075211317457253,/scratch/jaggbow/mol_xtb_coordinates/chromo0149/geom.xtbopt.xyz,/scratch/jaggbow/mol_xtb_coordinates/chromo0149/mmff.xyz,/scratch/jaggbow/mol_xtb_coordinates/chromo0149/basic.xyz,0,,,,,,
147,chromo0119,O=C1c2ccccc2C(=O)c2cc(-c3ccc(N(c4ccccc4)c4ccccc4)cc3)ccc21,2.1118,0.1848,2.795402660243297,0.2311765532639501,/scratch/jaggbow/mol_xtb_coordinates/chromo0119/geom.xtbopt.xyz,/scratch/jaggbow/mol_xtb_coordinates/chromo0119/mmff.xyz,/scratch/jaggbow/mol_xtb_coordinates/chromo0119/basic.xyz,0,,,,,,
148,chromo3811,O=[N+]([O-])c1ccc2c(c1)-c1c3c(c4c([n+]1[B-](F)(F)O2)CCc1ccccc1-4)CCc1ccccc1-3,3.3724,0.8030999999999997,4.329317046186064,0.707126356715074,/scratch/jaggbow/mol_xtb_coordinates/chromo3811/geom.xtbopt.xyz,/scratch/jaggbow/mol_xtb_coordinates/chromo3811/mmff.xyz,/scratch/jaggbow/mol_xtb_coordinates/chromo3811/basic.xyz,0,,,,,,
149,chromo2854,C(=Cc1ccncn1)c1ccc(-c2ccc(N(c3ccccc3)c3ccccc3)cc2)cc1,2.7485,0.6238999999999999,1.6982196718463412,0.16488595926602778,/scratch/jaggbow/mol_xtb_coordinates/chromo2854/geom.xtbopt.xyz,/scratch/jaggbow/mol_xtb_coordinates/chromo2854/mmff.xyz,/scratch/jaggbow/mol_xtb_coordinates/chromo2854/basic.xyz,0,,,,,,
150,chromo0271,CCCCn1c(-c2ccc(-c3nnc(-c4ccc5ccccc5c4)o3)cc2)nc2c3ccccc3c3ccccc3c21,3.0548,0.6438000000000001,2.8802930245895517,0.3522350464335889,/scratch/jaggbow/mol_xtb_coordinates/chromo0271/geom.xtbopt.xyz,/scratch/jaggbow/mol_xtb_coordinates/chromo0271/mmff.xyz,/scratch/jaggbow/mol_xtb_coordinates/chromo0271/basic.xyz,1,,,,,,
151,chromo1163,Oc1ccccc1-c1nc2c3ccccc3c3ccccc3c2o1,3.6447,1.1018,1.9654851895151582,0.2338290846553795,/scratch/jaggbow/mol_xtb_coordinates/chromo1163/geom.xtbopt.xyz,/scratch/jaggbow/mol_xtb_coordinates/chromo1163/mmff.xyz,/scratch/jaggbow/mol_xtb_coordinates/chromo1163/basic.xyz,0,,,,,,
152,chromo2223,COc1cc(OC)cc(C2=[O+][B-](F)(F)OC(c3ccc4ccccc4c3)=C2)c1,3.024,0.6876000000000002,3.1998820491772717,0.7456574822655111,/scratch/jaggbow/mol_xtb_coordinates/chromo2223/geom.xtbopt.xyz,/scratch/jaggbow/mol_xtb_coordinates/chromo2223/mmff.xyz,/scratch/jaggbow/mol_xtb_coordinates/chromo2223/basic.xyz,1,,,,,,
153,chromo3017,CCCCCCc1ccc2c3c(ccc2c1)O[B-](c1ccccc1)(c1ccccc1)[N+](c1ccc([N+]2=Cc4c(ccc5cc(CCCCCC)ccc45)O[B-]2(c2ccccc2)c2ccccc2)cc1)=C3,2.743,0.7178,2.4698989491087526,0.6888363440329708,/scratch/jaggbow/mol_xtb_coordinates/chromo3017/geom.xtbopt.xyz,/scratch/jaggbow/mol_xtb_coordinates/chromo3017/mmff.xyz,/scratch/jaggbow/mol_xtb_coordinates/chromo3017/basic.xyz,0,,,,,,
154,chromo0998,COC(=O)CCC1=CC(C#Cc2ccsc2)=[N+]2C1=Cc1c(CCC(=O)OC)cc(C#Cc3ccsc3)n1[B-]2(F)F,2.2718,1.1162999999999998,2.218801962913948,1.0332704925354328,/scratch/jaggbow/mol_xtb_coordinates/chromo0998/geom.xtbopt.xyz,/scratch/jaggbow/mol_xtb_coordinates/chromo0998/mmff.xyz,/scratch/jaggbow/mol_xtb_coordinates/chromo0998/basic.xyz,1,,,,,,
155,chromo5394,CC(C)(C)c1ccc(-c2nc3c4ccccc4c4ccccc4c3n2-c2ccc(C(C)(C)C)cc2)cc1,3.7038,0.9765,3.9946255493817358,0.40891423633815727,/scratch/jaggbow/mol_xtb_coordinates/chromo5394/geom.xtbopt.xyz,/scratch/jaggbow/mol_xtb_coordinates/chromo5394/mmff.xyz,/scratch/jaggbow/mol_xtb_coordinates/chromo5394/basic.xyz,1,,,,,,
156,chromo6447,Fc1ccc(N(c2ccc(F)cc2)c2ccc3c4cccc5c(N(c6ccc(F)cc6)c6ccc(F)cc6)ccc(c6cccc2c63)c54)cc1,2.3657,0.9576,2.9576849712241318,0.7600834550153333,/scratch/jaggbow/mol_xtb_coordinates/chromo6447/geom.xtbopt.xyz,/scratch/jaggbow/mol_xtb_coordinates/chromo6447/mmff.xyz,/scratch/jaggbow/mol_xtb_coordinates/chromo6447/basic.xyz,0,,,,,,
157,chromo0342,O=[N+]([O-])c1ccc(-c2nc3c(c4c2-c2ccccc2CC4)-c2ccccc2CC3)cc1,3.208,0.6418000000000004,2.9471688643676934,0.2957328120948694,/scratch/jaggbow/mol_xtb_coordinates/chromo0342/geom.xtbopt.xyz,/scratch/jaggbow/mol_xtb_coordinates/chromo0342/mmff.xyz,/scratch/jaggbow/mol_xtb_coordinates/chromo0342/basic.xyz,0,,,,,,
158,chromo1537,Cc1ccccc1C(=O)NN1C2=C(CC3=C1CC(C)(C)CC3=O)C(=O)CC(C)(C)C2,3.4882,1.0291,4.0573214941763975,1.030201013875879,/scratch/jaggbow/mol_xtb_coordinates/chromo1537/geom.xtbopt.xyz,/scratch/jaggbow/mol_xtb_coordinates/chromo1537/mmff.xyz,/scratch/jaggbow/mol_xtb_coordinates/chromo1537/basic.xyz,0,,,,,,
159,chromo6218,CCCCN(CCCC)c1ccc(C#Cc2cc(C#Cc3ccc(C(F)(F)F)cc3)c(C#Cc3ccc(N(CCCC)CCCC)cc3)cc2C#Cc2ccc(C(F)(F)F)cc2)cc1,2.4889,0.6356000000000002,2.847193683190046,0.3245117831017021,/scratch/jaggbow/mol_xtb_coordinates/chromo6218/geom.xtbopt.xyz,/scratch/jaggbow/mol_xtb_coordinates/chromo6218/mmff.xyz,/scratch/jaggbow/mol_xtb_coordinates/chromo6218/basic.xyz,1,,,,,,
160,chromo3354,CN(C)c1ccc(C#Cc2cc(C#Cc3ccc(C(F)(F)F)cc3)c3ccc4c(C#Cc5ccc(N(C)C)cc5)cc(C#Cc5ccc(C(F)(F)F)cc5)c5ccc2c3c45)cc1,2.0955,0.7844,2.464124509501717,0.5916701727142172,/scratch/jaggbow/mol_xtb_coordinates/chromo3354/geom.xtbopt.xyz,/scratch/jaggbow/mol_xtb_coordinates/chromo3354/mmff.xyz,/scratch/jaggbow/mol_xtb_coordinates/chromo3354/basic.xyz,1,,,,,,
161,chromo4228,C[Si](C)(C)c1ccc(-c2nc3ccccc3n2-c2ccccc2)cc1,4.1699,1.1921000000000004,2.241091091202831,0.0010310845166323634,/scratch/jaggbow/mol_xtb_coordinates/chromo4228/geom.xtbopt.xyz,/scratch/jaggbow/mol_xtb_coordinates/chromo4228/mmff.xyz,/scratch/jaggbow/mol_xtb_coordinates/chromo4228/basic.xyz,0,,,,,,
162,chromo6382,CN(C)c1ccc(C#Cc2cc3ccccc3oc2=O)cc1,2.8817,1.0201,4.170230444759382,1.1044875287419436,/scratch/jaggbow/mol_xtb_coordinates/chromo6382/geom.xtbopt.xyz,/scratch/jaggbow/mol_xtb_coordinates/chromo6382/mmff.xyz,/scratch/jaggbow/mol_xtb_coordinates/chromo6382/basic.xyz,1,,,,,,
163,chromo2841,C(=Cc1ccncn1)c1ccc(N2CCCCC2)cc1,3.3571,1.201,3.6565623289819404,1.0382013190338841,/scratch/jaggbow/mol_xtb_coordinates/chromo2841/geom.xtbopt.xyz,/scratch/jaggbow/mol_xtb_coordinates/chromo2841/mmff.xyz,/scratch/jaggbow/mol_xtb_coordinates/chromo2841/basic.xyz,0,,,,,,
164,chromo1037,CCC1=C(C)C2=C(C)c3c(C)c(CC)c(C)n3[B-](F)(F)[N+]2=C1C,2.9048,1.3698,2.547016605131696,1.2843943131063926,/scratch/jaggbow/mol_xtb_coordinates/chromo1037/geom.xtbopt.xyz,/scratch/jaggbow/mol_xtb_coordinates/chromo1037/mmff.xyz,/scratch/jaggbow/mol_xtb_coordinates/chromo1037/basic.xyz,1,,,,,,
165,chromo2491,CC(C)c1cccc(C(C)C)c1N1C(=O)c2ccc3c(-c4ccc(C(=O)O)cc4)c4c5ccc6c7c(ccc(c(-c8ccc(C(=O)O)cc8)c4c4ccc(c2c34)C1=O)c75)C(=O)N(c1c(C(C)C)cccc1C(C)C)C6=O,1.9621,1.1791999999999998,2.229018278247769,0.9888642839712516,/scratch/jaggbow/mol_xtb_coordinates/chromo2491/geom.xtbopt.xyz,/scratch/jaggbow/mol_xtb_coordinates/chromo2491/mmff.xyz,/scratch/jaggbow/mol_xtb_coordinates/chromo2491/basic.xyz,0,,,,,,
166,chromo2537,CN(C)c1ccc(C2=Nc3scc(-c4ccccc4)[n+]3[B-](F)(F)O2)cc1,3.3605,0.8761999999999999,1.6978445063905105,0.433173323389255,/scratch/jaggbow/mol_xtb_coordinates/chromo2537/geom.xtbopt.xyz,/scratch/jaggbow/mol_xtb_coordinates/chromo2537/mmff.xyz,/scratch/jaggbow/mol_xtb_coordinates/chromo2537/basic.xyz,0,,,,,,
167,chromo5916,Cn1nc(-c2ccc(C(F)(F)F)cc2)cc1-c1ccccc1,4.5748,1.4409999999999998,5.30034922672403,1.0341596700884979,/scratch/jaggbow/mol_xtb_coordinates/chromo5916/geom.xtbopt.xyz,/scratch/jaggbow/mol_xtb_coordinates/chromo5916/mmff.xyz,/scratch/jaggbow/mol_xtb_coordinates/chromo5916/basic.xyz,0,,,,,,
168,chromo2405,CCN(CC)c1ccc(C=Nc2ccccc2N=Cc2ccc(N(CC)CC)cc2O)c(O)c1,3.1803,0.7364999999999999,2.54216506103191,0.18888219154968083,/scratch/jaggbow/mol_xtb_coordinates/chromo2405/geom.xtbopt.xyz,/scratch/jaggbow/mol_xtb_coordinates/chromo2405/mmff.xyz,/scratch/jaggbow/mol_xtb_coordinates/chromo2405/basic.xyz,1,,,,,,
169,chromo1671,CC1=C(c2ccc(N(C)C)cc2)C(C)=[N+]2C1=C(c1c(-c3ccccn3)nc3ccccn13)c1c(C)c(-c3ccc(N(C)C)cc3)c(C)n1[B-]2(F)F,2.1126,0.7907,0.8755421082189605,0.7070337492767051,/scratch/jaggbow/mol_xtb_coordinates/chromo1671/geom.xtbopt.xyz,/scratch/jaggbow/mol_xtb_coordinates/chromo1671/mmff.xyz,/scratch/jaggbow/mol_xtb_coordinates/chromo1671/basic.xyz,1,,,,,,
170,chromo0939,COC(=O)C(Cc1ccc2oc(-c3ccc(Nc4ccccc4)cc3)nc2c1)NC(=O)OC(C)(C)C,3.6115,0.9954,4.564758661833685,0.9136405279229617,/scratch/jaggbow/mol_xtb_coordinates/chromo0939/geom.xtbopt.xyz,/scratch/jaggbow/mol_xtb_coordinates/chromo0939/mmff.xyz,/scratch/jaggbow/mol_xtb_coordinates/chromo0939/basic.xyz,0,,,,,,
171,chromo1463,COc1ccc2cc(-c3ccc([N+](=O)[O-])cc3)ccc2c1,3.1361,0.6433,3.435379983980312,0.7115591768084075,/scratch/jaggbow/mol_xtb_coordinates/chromo1463/geom.xtbopt.xyz,/scratch/jaggbow/mol_xtb_coordinates/chromo1463/mmff.xyz,/scratch/jaggbow/mol_xtb_coordinates/chromo1463/basic.xyz,1,,,,,,
172,chromo5312,Cc1ccc2c(c1)B(c1c(C(C)C)cc(C(C)C)cc1C(C)C)c1cc(C)cc3c1N2c1ccc(C)cc1B3c1c(C(C)C)cc(C(C)C)cc1C(C)C,2.9207,0.4864000000000001,4.466896173435028,0.852255446613475,/scratch/jaggbow/mol_xtb_coordinates/chromo5312/geom.xtbopt.xyz,/scratch/jaggbow/mol_xtb_coordinates/chromo5312/mmff.xyz,/scratch/jaggbow/mol_xtb_coordinates/chromo5312/basic.xyz,0,,,,,,
173,chromo4719,Oc1c(-c2ccco2)cccc1-c1nc2ccccc2s1,3.6839,1.0966,4.115294033657008,0.7381335557045479,/scratch/jaggbow/mol_xtb_coordinates/chromo4719/geom.xtbopt.xyz,/scratch/jaggbow/mol_xtb_coordinates/chromo4719/mmff.xyz,/scratch/jaggbow/mol_xtb_coordinates/chromo4719/basic.xyz,1,,,,,,
174,chromo4753,c1ccc2c(c1)-c1cc(-n3c4ccccc4c4ccccc43)ccc1C21c2ccccc2-n2c3ccccc3c3cccc1c32,3.6532,0.6610999999999998,4.216605278640122,0.5765153116113912,/scratch/jaggbow/mol_xtb_coordinates/chromo4753/geom.xtbopt.xyz,/scratch/jaggbow/mol_xtb_coordinates/chromo4753/mmff.xyz,/scratch/jaggbow/mol_xtb_coordinates/chromo4753/basic.xyz,0,,,,,,
175,chromo4348,CCCc1ccc(C#Cc2cc(C#Cc3ccc(N(C)C)cc3)c3ccc4c(C#Cc5ccc(N(C)C)cc5)cc(C#Cc5ccc(N(C)C)cc5)c5ccc2c3c54)cc1,2.1942,0.8578999999999999,1.6813405816597127,0.39760157039321803,/scratch/jaggbow/mol_xtb_coordinates/chromo4348/geom.xtbopt.xyz,/scratch/jaggbow/mol_xtb_coordinates/chromo4348/mmff.xyz,/scratch/jaggbow/mol_xtb_coordinates/chromo4348/basic.xyz,1,,,,,,
176,chromo0537,COc1ccc(-c2csc(C(C#N)=CNc3ccc(C#N)cc3)n2)cc1,3.0723,0.8891999999999998,5.130713185225232,1.361064639603588,/scratch/jaggbow/mol_xtb_coordinates/chromo0537/geom.xtbopt.xyz,/scratch/jaggbow/mol_xtb_coordinates/chromo0537/mmff.xyz,/scratch/jaggbow/mol_xtb_coordinates/chromo0537/basic.xyz,1,,,,,,
177,chromo4711,O=Cc1ccc(-c2ccc(O)c(-c3nc4ccccc4s3)c2)s1,3.3046,0.9963000000000002,3.1250680996176294,0.8660932663501812,/scratch/jaggbow/mol_xtb_coordinates/chromo4711/geom.xtbopt.xyz,/scratch/jaggbow/mol_xtb_coordinates/chromo4711/mmff.xyz,/scratch/jaggbow/mol_xtb_coordinates/chromo4711/basic.xyz,1,,,,,,
178,chromo4546,Cc1cc(C)c(B(c2ccc(-c3nc4c5ccccc5c5ccccc5c4[nH]3)cc2)c2c(C)cc(C)cc2C)c(C)c1,3.0284,0.6431999999999998,5.664441083241011,1.028376882533744,/scratch/jaggbow/mol_xtb_coordinates/chromo4546/geom.xtbopt.xyz,/scratch/jaggbow/mol_xtb_coordinates/chromo4546/mmff.xyz,/scratch/jaggbow/mol_xtb_coordinates/chromo4546/basic.xyz,0,,,,,,
179,chromo6654,CCCCOc1c(Br)cc2cc(Br)c(OCCCC)c3c4c(OCCCC)c(Br)cc5cc(Br)c(OCCCC)c(c1c23)c54,2.752,1.1339999999999997,2.845839275169457,0.8344459682517005,/scratch/jaggbow/mol_xtb_coordinates/chromo6654/geom.xtbopt.xyz,/scratch/jaggbow/mol_xtb_coordinates/chromo6654/mmff.xyz,/scratch/jaggbow/mol_xtb_coordinates/chromo6654/basic.xyz,0,,,,,,
180,chromo2759,O=[N+]([O-])c1ccc(C#Cc2ccc([N+](=O)[O-])cc2)cc1,3.42,1.0932999999999995,3.0926903846455556,0.453406524274386,/scratch/jaggbow/mol_xtb_coordinates/chromo2759/geom.xtbopt.xyz,/scratch/jaggbow/mol_xtb_coordinates/chromo2759/mmff.xyz,/scratch/jaggbow/mol_xtb_coordinates/chromo2759/basic.xyz,1,,,,,,
181,chromo2837,Clc1ccc(C=Cc2ccncn2)cc1,3.7288,1.427,5.4073269514499485,1.3779170705852024,/scratch/jaggbow/mol_xtb_coordinates/chromo2837/geom.xtbopt.xyz,/scratch/jaggbow/mol_xtb_coordinates/chromo2837/mmff.xyz,/scratch/jaggbow/mol_xtb_coordinates/chromo2837/basic.xyz,1,,,,,,
182,chromo3729,CCn1c2ccccc2c2cc(-c3cc(-c4ccc5c(c4)c4ccccc4n5CC)nc(-c4ccc(C#N)cc4)n3)ccc21,3.3145,0.5569999999999999,2.7705548484202582,0.17119674343557678,/scratch/jaggbow/mol_xtb_coordinates/chromo3729/geom.xtbopt.xyz,/scratch/jaggbow/mol_xtb_coordinates/chromo3729/mmff.xyz,/scratch/jaggbow/mol_xtb_coordinates/chromo3729/basic.xyz,1,,,,,,
183,chromo6344,COC(=O)c1[nH]c(-c2ccccc2)c2nnc3ccsc3c12,3.0735,1.0585,4.874380241676812,1.4240888291772709,/scratch/jaggbow/mol_xtb_coordinates/chromo6344/geom.xtbopt.xyz,/scratch/jaggbow/mol_xtb_coordinates/chromo6344/mmff.xyz,/scratch/jaggbow/mol_xtb_coordinates/chromo6344/basic.xyz,0,,,,,,
184,chromo0540,N#CC(=NNc1ccc(C#N)cc1)c1nc(-c2ccccc2)cs1,3.2014,1.1755,3.83939138307098,1.2030146376680482,/scratch/jaggbow/mol_xtb_coordinates/chromo0540/geom.xtbopt.xyz,/scratch/jaggbow/mol_xtb_coordinates/chromo0540/mmff.xyz,/scratch/jaggbow/mol_xtb_coordinates/chromo0540/basic.xyz,1,,,,,,
185,chromo1166,Oc1ccccc1-c1nc2c3ccccc3c3ccccc3c2n1-c1ccccc1,3.6073,0.9141,2.5873520877695917,0.061074986975041046,/scratch/jaggbow/mol_xtb_coordinates/chromo1166/geom.xtbopt.xyz,/scratch/jaggbow/mol_xtb_coordinates/chromo1166/mmff.xyz,/scratch/jaggbow/mol_xtb_coordinates/chromo1166/basic.xyz,1,,,,,,
186,chromo3540,COc1ccc(C=Cc2ncc(-c3ccccc3)o2)cc1OC,3.2793,1.3035,3.4623545564239837,0.9875572929416168,/scratch/jaggbow/mol_xtb_coordinates/chromo3540/geom.xtbopt.xyz,/scratch/jaggbow/mol_xtb_coordinates/chromo3540/mmff.xyz,/scratch/jaggbow/mol_xtb_coordinates/chromo3540/basic.xyz,1,,,,,,
187,chromo6178,CN(C)c1ccc(C2=CC3=C(c4ccc(C=O)cc4)C4c5ccccc5C3(S2)c2ccccc24)cc1,2.6602,1.0196,2.2306015202418834,0.7036088317651065,/scratch/jaggbow/mol_xtb_coordinates/chromo6178/geom.xtbopt.xyz,/scratch/jaggbow/mol_xtb_coordinates/chromo6178/mmff.xyz,/scratch/jaggbow/mol_xtb_coordinates/chromo6178/basic.xyz,0,,,,,,
188,chromo6965,O=c1c2ccc3c4c(ccc(c24)c2nc4c(F)c(F)c(F)c(F)c4n12)c(=O)n1c3nc2c(F)c(F)c(F)c(F)c21,2.4224,0.8459000000000001,2.455075114435467,0.6848016218066987,/scratch/jaggbow/mol_xtb_coordinates/chromo6965/geom.xtbopt.xyz,/scratch/jaggbow/mol_xtb_coordinates/chromo6965/mmff.xyz,/scratch/jaggbow/mol_xtb_coordinates/chromo6965/basic.xyz,0,,,,,,
189,chromo0178,c1cc2ccc3cccc4ccc(c1)c2c34,3.7184,1.5949,4.35476732682161,1.1400470045462414,/scratch/jaggbow/mol_xtb_coordinates/chromo0178/geom.xtbopt.xyz,/scratch/jaggbow/mol_xtb_coordinates/chromo0178/mmff.xyz,/scratch/jaggbow/mol_xtb_coordinates/chromo0178/basic.xyz,1,,,,,,
190,chromo2904,CN(C)c1ccc(-c2cc(-c3ccc(N(C)C)cc3)ncn2)cc1,3.4936,0.7288999999999999,3.697925241190089,0.6843584673994468,/scratch/jaggbow/mol_xtb_coordinates/chromo2904/geom.xtbopt.xyz,/scratch/jaggbow/mol_xtb_coordinates/chromo2904/mmff.xyz,/scratch/jaggbow/mol_xtb_coordinates/chromo2904/basic.xyz,1,,,,,,
191,chromo2476,CN(C)c1nc(N)c2nc(C#N)n(Cc3ccccc3)c2n1,3.8748,1.145,3.169819964151745,0.7820657488769136,/scratch/jaggbow/mol_xtb_coordinates/chromo2476/geom.xtbopt.xyz,/scratch/jaggbow/mol_xtb_coordinates/chromo2476/mmff.xyz,/scratch/jaggbow/mol_xtb_coordinates/chromo2476/basic.xyz,0,,,,,,
192,chromo0285,COc1c2ccccc2c(OC)c2c1c1ccc(C(F)(F)F)cc1n2C,3.1796,1.0020000000000002,1.256295535853507,0.21827810858734847,/scratch/jaggbow/mol_xtb_coordinates/chromo0285/geom.xtbopt.xyz,/scratch/jaggbow/mol_xtb_coordinates/chromo0285/mmff.xyz,/scratch/jaggbow/mol_xtb_coordinates/chromo0285/basic.xyz,0,,,,,,
193,chromo0570,c1ccc(-c2nc(-c3c[nH]c4ccccc34)n3ccccc23)cc1,3.1753,0.9579,3.110796219369809,0.6066829124465916,/scratch/jaggbow/mol_xtb_coordinates/chromo0570/geom.xtbopt.xyz,/scratch/jaggbow/mol_xtb_coordinates/chromo0570/mmff.xyz,/scratch/jaggbow/mol_xtb_coordinates/chromo0570/basic.xyz,0,,,,,,
194,chromo3126,C1=Cc2nc1c(-c1ccco1)c1ccc([nH]1)c(-c1ccco1)c1nc(c(-c3ccco3)c3ccc(s3)c2-c2ccco2)C=C1,1.914,0.732,2.9791413433741063,0.4673972444799264,/scratch/jaggbow/mol_xtb_coordinates/chromo3126/geom.xtbopt.xyz,/scratch/jaggbow/mol_xtb_coordinates/chromo3126/mmff.xyz,/scratch/jaggbow/mol_xtb_coordinates/chromo3126/basic.xyz,0,,,,,,
195,chromo5464,Brc1cc2nc3cc4c5c(cccc5c3nc2cc1Br)C(c1ccccc1)=C(c1ccccc1)O4,2.4704,0.6812000000000002,3.1377899918550387,0.749534192792946,/scratch/jaggbow/mol_xtb_coordinates/chromo5464/geom.xtbopt.xyz,/scratch/jaggbow/mol_xtb_coordinates/chromo5464/mmff.xyz,/scratch/jaggbow/mol_xtb_coordinates/chromo5464/basic.xyz,0,,,,,,
196,chromo2330,CCCCCCCCCCn1cc(C2=C(c3cn(CCCCCCCCCC)c4ccccc34)C(=O)N(C)C2=O)c2ccccc21,2.4313,0.7960999999999998,-0.1506312877860363,0.032773045378806986,/scratch/jaggbow/mol_xtb_coordinates/chromo2330/geom.xtbopt.xyz,/scratch/jaggbow/mol_xtb_coordinates/chromo2330/mmff.xyz,/scratch/jaggbow/mol_xtb_coordinates/chromo2330/basic.xyz,0,,,,,,
197,chromo6764,Cc1ccc(C#Cc2c3cc4ccccc4cc3c(C#C[Si](C(C)C)(C(C)C)C(C)C)c3cc4ccccc4cc23)cc1,1.6445,1.3042,1.3753603324429562,0.8711071844289751,/scratch/jaggbow/mol_xtb_coordinates/chromo6764/geom.xtbopt.xyz,/scratch/jaggbow/mol_xtb_coordinates/chromo6764/mmff.xyz,/scratch/jaggbow/mol_xtb_coordinates/chromo6764/basic.xyz,0,,,,,,
198,chromo1147,CN(C)c1ccc(C2=Nc3ccc4c(C(F)(F)F)cc(C(F)(F)F)nc4[n+]3[B-](F)(F)O2)cc1,2.5395,0.4508000000000001,4.884868086013294,1.2307001702752016,/scratch/jaggbow/mol_xtb_coordinates/chromo1147/geom.xtbopt.xyz,/scratch/jaggbow/mol_xtb_coordinates/chromo1147/mmff.xyz,/scratch/jaggbow/mol_xtb_coordinates/chromo1147/basic.xyz,0,,,,,,
199,chromo3584,F[B-]1(F)n2c(nc3c4ccccc4c4ccccc4c32)-c2cccc[n+]21,2.6093,0.5955000000000004,3.67041767071994,0.8178973958488317,/scratch/jaggbow/mol_xtb_coordinates/chromo3584/geom.xtbopt.xyz,/scratch/jaggbow/mol_xtb_coordinates/chromo3584/mmff.xyz,/scratch/jaggbow/mol_xtb_coordinates/chromo3584/basic.xyz,0,,,,,,
200,chromo5514,CC(C)[Si]1(C(C)C)c2cc(C#N)ccc2-c2ccc(N(c3ccccc3)c3ccccc3)cc21,3.0749,0.7054999999999998,3.1014131707968176,0.4483770308248432,/scratch/jaggbow/mol_xtb_coordinates/chromo5514/geom.xtbopt.xyz,/scratch/jaggbow/mol_xtb_coordinates/chromo5514/mmff.xyz,/scratch/jaggbow/mol_xtb_coordinates/chromo5514/basic.xyz,0,,,,,,
201,chromo2184,c1ccc(-n2c(-c3cccc(-c4c5ccccc5c(-c5cccc(-n6c7ccccc7c7ccccc76)c5)c5ccccc45)c3)nc3c4ccccc4c4ccccc4c32)cc1,3.081,1.3463,2.0614997449677928,0.6672496817090372,/scratch/jaggbow/mol_xtb_coordinates/chromo2184/geom.xtbopt.xyz,/scratch/jaggbow/mol_xtb_coordinates/chromo2184/mmff.xyz,/scratch/jaggbow/mol_xtb_coordinates/chromo2184/basic.xyz,1,,,,,,
202,chromo5940,CC1(C)CC(C=Cc2ccc(-n3ccnc3)cc2)=CC(=C(C#N)C#N)C1,2.9425,1.4337,3.074337413878248,1.2150458834586346,/scratch/jaggbow/mol_xtb_coordinates/chromo5940/geom.xtbopt.xyz,/scratch/jaggbow/mol_xtb_coordinates/chromo5940/mmff.xyz,/scratch/jaggbow/mol_xtb_coordinates/chromo5940/basic.xyz,0,,,,,,
203,chromo4373,COc1ccc(N(c2ccc(OC)cc2)c2ccc(-c3ccc(-c4ccc5nc6ccccc6c(=O)n5c4)cc3)cc2)cc1,2.6987,0.5599000000000003,1.9405444589058343,0.5126030541993384,/scratch/jaggbow/mol_xtb_coordinates/chromo4373/geom.xtbopt.xyz,/scratch/jaggbow/mol_xtb_coordinates/chromo4373/mmff.xyz,/scratch/jaggbow/mol_xtb_coordinates/chromo4373/basic.xyz,0,,,,,,
204,chromo0689,Cc1cn2cc(-c3ccc([N+](=O)[O-])cc3)[n-][n+]2c1,2.4598,0.3205999999999998,0.6659453702324729,-0.07335571107738331,/scratch/jaggbow/mol_xtb_coordinates/chromo0689/geom.xtbopt.xyz,/scratch/jaggbow/mol_xtb_coordinates/chromo0689/mmff.xyz,/scratch/jaggbow/mol_xtb_coordinates/chromo0689/basic.xyz,0,,,,,,
205,chromo0759,C(=Cc1nc(C=Cc2ccc(N(c3ccccc3)c3ccccc3)cc2)cc(C=Cc2ccc(N(c3ccccc3)c3ccccc3)cc2)n1)c1ccccc1,2.6796,0.6427,3.173527375448563,0.5413828208742567,/scratch/jaggbow/mol_xtb_coordinates/chromo0759/geom.xtbopt.xyz,/scratch/jaggbow/mol_xtb_coordinates/chromo0759/mmff.xyz,/scratch/jaggbow/mol_xtb_coordinates/chromo0759/basic.xyz,0,,,,,,
206,chromo4822,COc1ccc(-c2cc(-c3ccccc3)c3n2[B-](F)(F)[N+]2=C4C=NC=CN4[B-](F)(F)[N+]2=C3)cc1,2.6108,0.7778999999999998,1.9228912292781781,0.75036778267047,/scratch/jaggbow/mol_xtb_coordinates/chromo4822/geom.xtbopt.xyz,/scratch/jaggbow/mol_xtb_coordinates/chromo4822/mmff.xyz,/scratch/jaggbow/mol_xtb_coordinates/chromo4822/basic.xyz,0,,,,,,
207,chromo3451,CCOC(=O)c1c(-c2c(Cl)c3ccccc3oc2=O)nn(-c2ccc(OC)cc2)c1C(=O)OCC,3.4737,0.7976999999999999,3.4046826216247004,0.7265445122736757,/scratch/jaggbow/mol_xtb_coordinates/chromo3451/geom.xtbopt.xyz,/scratch/jaggbow/mol_xtb_coordinates/chromo3451/mmff.xyz,/scratch/jaggbow/mol_xtb_coordinates/chromo3451/basic.xyz,1,,,,,,
208,chromo3023,Cc1ccc2nc(C=Cc3ccc(N(C)C)cc3)c(-c3ccccc3)nc2c1,2.7982,0.8983000000000001,3.840554979808235,1.0115943492725004,/scratch/jaggbow/mol_xtb_coordinates/chromo3023/geom.xtbopt.xyz,/scratch/jaggbow/mol_xtb_coordinates/chromo3023/mmff.xyz,/scratch/jaggbow/mol_xtb_coordinates/chromo3023/basic.xyz,0,,,,,,
209,chromo0525,COc1ccc(-c2csc(C(C#N)=Cc3ccncc3)n2)cc1,2.497,0.7185999999999999,2.6429528795929214,0.7706312742447671,/scratch/jaggbow/mol_xtb_coordinates/chromo0525/geom.xtbopt.xyz,/scratch/jaggbow/mol_xtb_coordinates/chromo0525/mmff.xyz,/scratch/jaggbow/mol_xtb_coordinates/chromo0525/basic.xyz,1,,,,,,
210,chromo2795,CN(C)c1ccc(C=CC=C2CCC(=Cc3ccc(N(C)C)cc3)C2=O)cc1,2.7057,1.0412,2.558801320453486,0.7340291542957375,/scratch/jaggbow/mol_xtb_coordinates/chromo2795/geom.xtbopt.xyz,/scratch/jaggbow/mol_xtb_coordinates/chromo2795/mmff.xyz,/scratch/jaggbow/mol_xtb_coordinates/chromo2795/basic.xyz,1,,,,,,
211,chromo2581,COc1ccc(N(c2ccc(OC)cc2)c2ccc3ccc4c(B(c5c(C)cc(C)cc5C)c5c(C)cc(C)cc5C)ccc5ccc2c3c54)cc1,2.2809,0.5509,2.01984593366952,0.35594099087714837,/scratch/jaggbow/mol_xtb_coordinates/chromo2581/geom.xtbopt.xyz,/scratch/jaggbow/mol_xtb_coordinates/chromo2581/mmff.xyz,/scratch/jaggbow/mol_xtb_coordinates/chromo2581/basic.xyz,1,,,,,,
212,chromo2792,CN(C)c1ccc(C=CC=C2CCCC2=O)cc1,3.1484,1.4227,3.250425220499006,1.1936860797770357,/scratch/jaggbow/mol_xtb_coordinates/chromo2792/geom.xtbopt.xyz,/scratch/jaggbow/mol_xtb_coordinates/chromo2792/mmff.xyz,/scratch/jaggbow/mol_xtb_coordinates/chromo2792/basic.xyz,1,,,,,,
213,chromo2168,O=P(c1ccccc1)(c1ccccc1)n1c2ccccc2c2cc(-n3c4ccccc4c4cc(-n5c6ccccc6c6ccccc65)ccc43)ccc21,3.5784,0.4337999999999997,2.747251503703692,0.22746951524875672,/scratch/jaggbow/mol_xtb_coordinates/chromo2168/geom.xtbopt.xyz,/scratch/jaggbow/mol_xtb_coordinates/chromo2168/mmff.xyz,/scratch/jaggbow/mol_xtb_coordinates/chromo2168/basic.xyz,1,,,,,,
214,chromo6110,CC(C)[Si](C#Cc1c2cc3ccccc3cc2c(C#C[Si](C(C)C)(C(C)C)C(C)C)c2nc3cc4c(cc3nc12)C1c2ccccc2C4c2ccccc21)(C(C)C)C(C)C,1.6097,1.154,-0.1453507176163391,0.40511589889493005,/scratch/jaggbow/mol_xtb_coordinates/chromo6110/geom.xtbopt.xyz,/scratch/jaggbow/mol_xtb_coordinates/chromo6110/mmff.xyz,/scratch/jaggbow/mol_xtb_coordinates/chromo6110/basic.xyz,0,,,,,,
215,chromo2594,CC(C)(C)c1ccc2c(c1)c1cc(C(C)(C)C)ccc1n2-c1ccc(-c2cccs2)s1,3.3188,0.9889,5.175567497803769,1.2973429007450599,/scratch/jaggbow/mol_xtb_coordinates/chromo2594/geom.xtbopt.xyz,/scratch/jaggbow/mol_xtb_coordinates/chromo2594/mmff.xyz,/scratch/jaggbow/mol_xtb_coordinates/chromo2594/basic.xyz,1,,,,,,
216,chromo0432,Cc1cc(O)c(C(=O)C=Cc2ccccc2Cl)c(=O)o1,3.4929,1.1782,5.0201182722732405,1.0869941733404977,/scratch/jaggbow/mol_xtb_coordinates/chromo0432/geom.xtbopt.xyz,/scratch/jaggbow/mol_xtb_coordinates/chromo0432/mmff.xyz,/scratch/jaggbow/mol_xtb_coordinates/chromo0432/basic.xyz,0,,,,,,
217,chromo1084,Cc1c2cc3c(-c4ccccc4)c4c(c(-c5ccccc5)c3cc2c2n1[B-](F)(F)[n+]1c(C)c3cc5c(-c6ccccc6)c6c7cccc8cccc(c6c(-c6ccccc6)c5cc3c1=C2c1ccccc1)c87)-c1cccc2cccc-4c12,1.8379,0.9177,2.2243536749786266,1.273602850542048,/scratch/jaggbow/mol_xtb_coordinates/chromo1084/geom.xtbopt.xyz,/scratch/jaggbow/mol_xtb_coordinates/chromo1084/mmff.xyz,/scratch/jaggbow/mol_xtb_coordinates/chromo1084/basic.xyz,0,,,,,,
218,chromo2480,COC(=O)c1nc2cnc(N(C)C)nc2n1Cc1ccccc1,3.5845,1.0385,4.012982356077076,1.013709369799988,/scratch/jaggbow/mol_xtb_coordinates/chromo2480/geom.xtbopt.xyz,/scratch/jaggbow/mol_xtb_coordinates/chromo2480/mmff.xyz,/scratch/jaggbow/mol_xtb_coordinates/chromo2480/basic.xyz,0,,,,,,
219,chromo5526,CC1=[N+]2C(=C(c3ccc(C(=C(c4ccccc4)c4ccccc4)c4ccccc4)cc3)c3ccc(C)n3[B-]2(F)F)C=C1,2.6333,1.1077,3.3745808599127054,1.5357644852752852,/scratch/jaggbow/mol_xtb_coordinates/chromo5526/geom.xtbopt.xyz,/scratch/jaggbow/mol_xtb_coordinates/chromo5526/mmff.xyz,/scratch/jaggbow/mol_xtb_coordinates/chromo5526/basic.xyz,1,,,,,,
220,chromo2307,c1ccc(-c2cc3c(-c4ccccc4)c4cccc5c(-c6ccccc6)cc6c(-c7ccccc7)c7cccc2c7c3c6c54)cc1,2.7222,1.3995,2.8979801195113017,1.0879290621756903,/scratch/jaggbow/mol_xtb_coordinates/chromo2307/geom.xtbopt.xyz,/scratch/jaggbow/mol_xtb_coordinates/chromo2307/mmff.xyz,/scratch/jaggbow/mol_xtb_coordinates/chromo2307/basic.xyz,0,,,,,,
221,chromo3476,CCOC(=O)c1c(-c2cc3ccc(OCC=C(C)C)cc3oc2=O)nn(-c2ccccc2)c1C(=O)OCC,3.8163,1.2621000000000002,4.2084730800459536,0.979954737604469,/scratch/jaggbow/mol_xtb_coordinates/chromo3476/geom.xtbopt.xyz,/scratch/jaggbow/mol_xtb_coordinates/chromo3476/mmff.xyz,/scratch/jaggbow/mol_xtb_coordinates/chromo3476/basic.xyz,1,,,,,,
222,chromo6427,COC(=O)C1=C(C(=O)OC)C2(c3ccccc3-c3ccccc32)C(c2ccc(C)cc2)C=C2c3cc(OC)c(OC)cc3CCN21,3.8675,1.1643000000000003,3.8238272439844767,0.9159842420475488,/scratch/jaggbow/mol_xtb_coordinates/chromo6427/geom.xtbopt.xyz,/scratch/jaggbow/mol_xtb_coordinates/chromo6427/mmff.xyz,/scratch/jaggbow/mol_xtb_coordinates/chromo6427/basic.xyz,0,,,,,,
223,chromo3062,CC(C)(C)c1ccc(-c2ccc(-c3ccc(N(c4ccccc4)c4ccccc4)cc3)c3nsnc23)cc1,2.2558,0.5589999999999997,4.07889859770259,0.8224044638526378,/scratch/jaggbow/mol_xtb_coordinates/chromo3062/geom.xtbopt.xyz,/scratch/jaggbow/mol_xtb_coordinates/chromo3062/mmff.xyz,/scratch/jaggbow/mol_xtb_coordinates/chromo3062/basic.xyz,0,,,,,,
224,chromo3814,CCCCC(CC)Cn1c2cc(C#N)ccc2c2ccc(C#Cc3ccc4ccc5cccc6ccc3c4c56)cc21,3.2038,1.2568,4.315997210670891,1.0949365560372843,/scratch/jaggbow/mol_xtb_coordinates/chromo3814/geom.xtbopt.xyz,/scratch/jaggbow/mol_xtb_coordinates/chromo3814/mmff.xyz,/scratch/jaggbow/mol_xtb_coordinates/chromo3814/basic.xyz,1,,,,,,
225,chromo4684,C[Si]1(C)O[Si](C)(C)c2cc3c(-c4ccc(F)cc4)c4ccccc4nc3cc21,3.1706,1.3446999999999998,1.942180014689376,0.5500300169017905,/scratch/jaggbow/mol_xtb_coordinates/chromo4684/geom.xtbopt.xyz,/scratch/jaggbow/mol_xtb_coordinates/chromo4684/mmff.xyz,/scratch/jaggbow/mol_xtb_coordinates/chromo4684/basic.xyz,0,,,,,,
226,chromo4630,CC(C)(C)c1ccc(-c2cc(-c3ccc(-c4cc(-c5ccc(C(C)(C)C)cc5)c(C(=O)NCc5cccs5)s4)s3)sc2C(=O)NCc2cccs2)cc1,2.9081,1.1539,2.726044456644774,0.7967893597896921,/scratch/jaggbow/mol_xtb_coordinates/chromo4630/geom.xtbopt.xyz,/scratch/jaggbow/mol_xtb_coordinates/chromo4630/mmff.xyz,/scratch/jaggbow/mol_xtb_coordinates/chromo4630/basic.xyz,1,,,,,,
227,chromo3781,Cc1cc(-c2ccccc2)nc2c1ccc1nc(-c3ccccc3)cn12,3.1162,0.7678000000000003,2.246191993727505,0.2741456668002594,/scratch/jaggbow/mol_xtb_coordinates/chromo3781/geom.xtbopt.xyz,/scratch/jaggbow/mol_xtb_coordinates/chromo3781/mmff.xyz,/scratch/jaggbow/mol_xtb_coordinates/chromo3781/basic.xyz,0,,,,,,
228,chromo6685,c1ccc(B2Nc3cc4c(cc3-c3occc32)NB(c2ccccc2)c2ccoc2-4)cc1,3.3986,0.9042,3.6875557429453836,0.5606443646222945,/scratch/jaggbow/mol_xtb_coordinates/chromo6685/geom.xtbopt.xyz,/scratch/jaggbow/mol_xtb_coordinates/chromo6685/mmff.xyz,/scratch/jaggbow/mol_xtb_coordinates/chromo6685/basic.xyz,0,,,,,,
229,chromo4724,N#CC(C#N)=Cc1ccc(-c2cccc(-c3nc4ccccc4s3)c2O)s1,2.9087,1.1996,3.6693596798607606,1.1717079015053125,/scratch/jaggbow/mol_xtb_coordinates/chromo4724/geom.xtbopt.xyz,/scratch/jaggbow/mol_xtb_coordinates/chromo4724/mmff.xyz,/scratch/jaggbow/mol_xtb_coordinates/chromo4724/basic.xyz,1,,,,,,
230,chromo3406,O=C1Nc2ccccc2C1=CC(=O)c1ccccc1,3.3038,1.049,6.135708679680654,1.318152840875791,/scratch/jaggbow/mol_xtb_coordinates/chromo3406/geom.xtbopt.xyz,/scratch/jaggbow/mol_xtb_coordinates/chromo3406/mmff.xyz,/scratch/jaggbow/mol_xtb_coordinates/chromo3406/basic.xyz,0,,,,,,
231,chromo1127,F[B-]1(F)n2c(-c3ccccc3)c3ccc4ccccc4c3c2N=C2c3c(ccc4ccccc34)C(c3ccccc3)=[N+]21,1.9924,1.2172,4.174182328664832,1.6941999783446544,/scratch/jaggbow/mol_xtb_coordinates/chromo1127/geom.xtbopt.xyz,/scratch/jaggbow/mol_xtb_coordinates/chromo1127/mmff.xyz,/scratch/jaggbow/mol_xtb_coordinates/chromo1127/basic.xyz,0,,,,,,
232,chromo3137,CC(C)(C)C1CCC(=CSC=Cc2ccc(C=CSC=C3CCC(C(C)(C)C)CC3)cc2)CC1,3.3819,1.2582999999999998,4.345347797831314,1.079169756745938,/scratch/jaggbow/mol_xtb_coordinates/chromo3137/geom.xtbopt.xyz,/scratch/jaggbow/mol_xtb_coordinates/chromo3137/mmff.xyz,/scratch/jaggbow/mol_xtb_coordinates/chromo3137/basic.xyz,0,,,,,,
233,chromo1092,CC1=CC(C)=[N+]2C1=Cc1c3ccccc3c(C#Cc3ccccc3)n1[B-]2(F)F,2.4041,1.3229000000000002,3.733152807328131,1.5819192819432,/scratch/jaggbow/mol_xtb_coordinates/chromo1092/geom.xtbopt.xyz,/scratch/jaggbow/mol_xtb_coordinates/chromo1092/mmff.xyz,/scratch/jaggbow/mol_xtb_coordinates/chromo1092/basic.xyz,0,,,,,,
234,chromo3812,Oc1ccc(Br)cc1-c1nc2c(c3c1-c1ccccc1CC3)-c1ccccc1CC2,3.3447,0.7938000000000001,3.55309928675581,0.48050030282083694,/scratch/jaggbow/mol_xtb_coordinates/chromo3812/geom.xtbopt.xyz,/scratch/jaggbow/mol_xtb_coordinates/chromo3812/mmff.xyz,/scratch/jaggbow/mol_xtb_coordinates/chromo3812/basic.xyz,0,,,,,,
235,chromo2760,O=C1OC(=O)c2ccc(N(c3ccccc3)c3ccc4ccc5cccc6ccc3c4c56)c3cccc1c23,2.4438,0.5125,2.243601633229033,0.5272302573739358,/scratch/jaggbow/mol_xtb_coordinates/chromo2760/geom.xtbopt.xyz,/scratch/jaggbow/mol_xtb_coordinates/chromo2760/mmff.xyz,/scratch/jaggbow/mol_xtb_coordinates/chromo2760/basic.xyz,1,,,,,,
236,chromo6114,Cc1c(C(=O)c2ccccc2Cl)c2ccc3cccc4c5cccc6ccc1c(c65)c2c34,3.014,1.0159999999999998,3.426834919818497,0.635266781605304,/scratch/jaggbow/mol_xtb_coordinates/chromo6114/geom.xtbopt.xyz,/scratch/jaggbow/mol_xtb_coordinates/chromo6114/mmff.xyz,/scratch/jaggbow/mol_xtb_coordinates/chromo6114/basic.xyz,0,,,,,,
237,chromo2056,CC(C)c1cc(C(C)C)c(B2c3cc(N4c5ccccc5C(C)(C)c5ccccc54)ccc3N(c3ccccc3)c3ccc(N4c5ccccc5C(C)(C)c5ccccc54)cc32)c(C(C)C)c1,2.8484,0.5308999999999999,4.473542824707227,0.896341675421416,/scratch/jaggbow/mol_xtb_coordinates/chromo2056/geom.xtbopt.xyz,/scratch/jaggbow/mol_xtb_coordinates/chromo2056/mmff.xyz,/scratch/jaggbow/mol_xtb_coordinates/chromo2056/basic.xyz,0,,,,,,
238,chromo6682,c1ccc(B2Nc3cc4c(cc3-c3sccc32)NB(c2ccccc2)c2ccsc2-4)cc1,3.2419,0.8975,6.2565105805578,1.227340738312999,/scratch/jaggbow/mol_xtb_coordinates/chromo6682/geom.xtbopt.xyz,/scratch/jaggbow/mol_xtb_coordinates/chromo6682/mmff.xyz,/scratch/jaggbow/mol_xtb_coordinates/chromo6682/basic.xyz,0,,,,,,
239,chromo1548,CN(C)c1ccc(C=C2CCC(=Cc3ccc(C#N)cc3)C2=O)cc1,2.6639,0.7571999999999999,1.7275510336953437,0.5282667718900418,/scratch/jaggbow/mol_xtb_coordinates/chromo1548/geom.xtbopt.xyz,/scratch/jaggbow/mol_xtb_coordinates/chromo1548/mmff.xyz,/scratch/jaggbow/mol_xtb_coordinates/chromo1548/basic.xyz,1,,,,,,
240,chromo1527,CCCCCCCCCCCCN1C(=O)c2c(c3ccc4cc(-c5ccccc5)c(OC)cc4c3c3c2ccc2cc(-c4ccccc4)c(OC)cc23)C1=O,2.5685,0.5650999999999997,1.6706967430115665,0.051383277642521374,/scratch/jaggbow/mol_xtb_coordinates/chromo1527/geom.xtbopt.xyz,/scratch/jaggbow/mol_xtb_coordinates/chromo1527/mmff.xyz,/scratch/jaggbow/mol_xtb_coordinates/chromo1527/basic.xyz,0,,,,,,
241,chromo5891,F[B-]1(F)Oc2c(ccc3c4c(ccc23)C=[N+](c2ccccc2)[B-](F)(F)O4)C=[N+]1c1ccccc1,2.5118,0.7888999999999999,3.2110479103567546,0.8744497078471539,/scratch/jaggbow/mol_xtb_coordinates/chromo5891/geom.xtbopt.xyz,/scratch/jaggbow/mol_xtb_coordinates/chromo5891/mmff.xyz,/scratch/jaggbow/mol_xtb_coordinates/chromo5891/basic.xyz,0,,,,,,
242,chromo0405,FC(F)(F)c1ccc(-c2ccc(-c3cc(-c4ccccn4)nc(-c4ccccn4)c3)cc2)cc1,3.9445,1.0874,4.893818659800696,0.7057652936953744,/scratch/jaggbow/mol_xtb_coordinates/chromo0405/geom.xtbopt.xyz,/scratch/jaggbow/mol_xtb_coordinates/chromo0405/mmff.xyz,/scratch/jaggbow/mol_xtb_coordinates/chromo0405/basic.xyz,1,,,,,,
243,chromo0750,c1ccc(C2(c3ccccc3)c3ccc4ccc5ccccc5c4c3-c3c2ccc2ccc4ccccc4c32)cc1,3.1614,0.9939,5.679569121654832,1.2108211234874875,/scratch/jaggbow/mol_xtb_coordinates/chromo0750/geom.xtbopt.xyz,/scratch/jaggbow/mol_xtb_coordinates/chromo0750/mmff.xyz,/scratch/jaggbow/mol_xtb_coordinates/chromo0750/basic.xyz,0,,,,,,
244,chromo3142,C(=Cc1ccc(-c2ccc(C=CSC=C3CCCCCCC3)cc2)cc1)SC=C1CCCCCCC1,3.2976,1.0208,3.0296967980798297,0.5398448129102245,/scratch/jaggbow/mol_xtb_coordinates/chromo3142/geom.xtbopt.xyz,/scratch/jaggbow/mol_xtb_coordinates/chromo3142/mmff.xyz,/scratch/jaggbow/mol_xtb_coordinates/chromo3142/basic.xyz,1,,,,,,
245,chromo0418,COc1ccc(C=Cc2nc(-c3ccc([N+](=O)[O-])cc3)[nH]c2C=Cc2ccc(OC)cc2)cc1,2.1832,0.5829999999999997,4.823485081712759,1.1015577691710665,/scratch/jaggbow/mol_xtb_coordinates/chromo0418/geom.xtbopt.xyz,/scratch/jaggbow/mol_xtb_coordinates/chromo0418/mmff.xyz,/scratch/jaggbow/mol_xtb_coordinates/chromo0418/basic.xyz,1,,,,,,
246,chromo2015,N#Cc1c(-n2c3ccccc3c3ccccc32)cc(N2c3ccccc3C(c3ccccc3)(c3ccccc3)c3ccccc32)cc1-n1c2ccccc2c2ccccc21,2.8359,0.1579999999999999,2.5185226922865827,-0.04528836067265629,/scratch/jaggbow/mol_xtb_coordinates/chromo2015/geom.xtbopt.xyz,/scratch/jaggbow/mol_xtb_coordinates/chromo2015/mmff.xyz,/scratch/jaggbow/mol_xtb_coordinates/chromo2015/basic.xyz,1,,,,,,
247,chromo6294,CCCCCCn1c(=O)c2c3oc4ccccc4sc3c3c(=O)n(CCCCCC)c(=O)c3c2c1=O,2.8059,0.5543,2.6791955369126867,0.6293854808160452,/scratch/jaggbow/mol_xtb_coordinates/chromo6294/geom.xtbopt.xyz,/scratch/jaggbow/mol_xtb_coordinates/chromo6294/mmff.xyz,/scratch/jaggbow/mol_xtb_coordinates/chromo6294/basic.xyz,0,,,,,,
248,chromo5423,O=S1(=O)Nc2ccc3c(c2-c2ccccc21)-c1ccccc1S(=O)(=O)N3,3.4504,0.7037,3.3764173601875784,0.643141205943814,/scratch/jaggbow/mol_xtb_coordinates/chromo5423/geom.xtbopt.xyz,/scratch/jaggbow/mol_xtb_coordinates/chromo5423/mmff.xyz,/scratch/jaggbow/mol_xtb_coordinates/chromo5423/basic.xyz,0,,,,,,
249,chromo6234,CCCCN(CCCC)c1ccc2c(c1)C#CC#Cc1cc(C(F)(F)F)ccc1C#Cc1cc(c3cc1C#Cc1ccc(C(F)(F)F)cc1C#CC#Cc1cc(N(CCCC)CCCC)ccc1C#C3)C#C2,2.3679,0.5647000000000002,4.49760745511591,0.7634700528742029,/scratch/jaggbow/mol_xtb_coordinates/chromo6234/geom.xtbopt.xyz,/scratch/jaggbow/mol_xtb_coordinates/chromo6234/mmff.xyz,/scratch/jaggbow/mol_xtb_coordinates/chromo6234/basic.xyz,0,,,,,,
250,chromo0415,Cc1ccc(C=Cc2nc(-c3cccc([N+](=O)[O-])c3)[nH]c2C=Cc2ccc(C)cc2)cc1,2.0896,0.3424999999999998,4.827644439144728,1.1848358700809347,/scratch/jaggbow/mol_xtb_coordinates/chromo0415/geom.xtbopt.xyz,/scratch/jaggbow/mol_xtb_coordinates/chromo0415/mmff.xyz,/scratch/jaggbow/mol_xtb_coordinates/chromo0415/basic.xyz,1,,,,,,
251,chromo1225,CC1=CC(C)=[N+]2C1=Cc1cccn1[B-]2(F)F,3.111,1.5788000000000002,3.655049195975088,1.7099769280670343,/scratch/jaggbow/mol_xtb_coordinates/chromo1225/geom.xtbopt.xyz,/scratch/jaggbow/mol_xtb_coordinates/chromo1225/mmff.xyz,/scratch/jaggbow/mol_xtb_coordinates/chromo1225/basic.xyz,1,,,,,,
252,chromo0194,CCCCCCCCCCCCn1nnc(-c2ccc(C#Cc3ccc(C#Cc4ccc(-c5nnn(CCCCCCCCCCCC)n5)cc4)c4nc5c6ccccc6c6ccccc6c5nc34)cc2)n1,2.4208,0.8342999999999998,2.254291767701297,0.42458049630468286,/scratch/jaggbow/mol_xtb_coordinates/chromo0194/geom.xtbopt.xyz,/scratch/jaggbow/mol_xtb_coordinates/chromo0194/mmff.xyz,/scratch/jaggbow/mol_xtb_coordinates/chromo0194/basic.xyz,0,,,,,,
253,chromo4811,CCN(CC)c1ccc2cc(-c3nc4ccccc4n3-c3ccccc3)c(=O)oc2c1,3.2808,1.0012000000000003,4.171083684163662,1.0630446431825138,/scratch/jaggbow/mol_xtb_coordinates/chromo4811/geom.xtbopt.xyz,/scratch/jaggbow/mol_xtb_coordinates/chromo4811/mmff.xyz,/scratch/jaggbow/mol_xtb_coordinates/chromo4811/basic.xyz,1,,,,,,
254,chromo6374,CCc1cccc(CC)c1-c1c2ccccc2c(-c2c(CC)cccc2CC)c2cc3ccccc3cc12,2.3956,1.3176,2.6409518530426093,1.0272690266947664,/scratch/jaggbow/mol_xtb_coordinates/chromo6374/geom.xtbopt.xyz,/scratch/jaggbow/mol_xtb_coordinates/chromo6374/mmff.xyz,/scratch/jaggbow/mol_xtb_coordinates/chromo6374/basic.xyz,0,,,,,,
255,chromo4206,Cc1cccc(C)c1N1C(c2ccccc2)=Cc2cccc[n+]2[B-]1(F)F,3.3458,1.0062000000000002,2.536005597061535,0.7347740412125203,/scratch/jaggbow/mol_xtb_coordinates/chromo4206/geom.xtbopt.xyz,/scratch/jaggbow/mol_xtb_coordinates/chromo4206/mmff.xyz,/scratch/jaggbow/mol_xtb_coordinates/chromo4206/basic.xyz,0,,,,,,
256,chromo4889,CC1=C(c2cccs2)C(C)=[N+]2C1=C(c1ccc(O)cc1)c1c(C)c(-c3cccs3)c(C)n1[B-]2(F)F,2.621,1.124,2.346311774947489,0.9836998388321109,/scratch/jaggbow/mol_xtb_coordinates/chromo4889/geom.xtbopt.xyz,/scratch/jaggbow/mol_xtb_coordinates/chromo4889/mmff.xyz,/scratch/jaggbow/mol_xtb_coordinates/chromo4889/basic.xyz,1,,,,,,
257,chromo5097,N#Cc1cc(-n2c3ccccc3c3cccnc32)c(-n2c3ccccc3c3cccnc32)cc1C#N,3.2422,0.4580999999999999,4.10723223011272,0.488070439523397,/scratch/jaggbow/mol_xtb_coordinates/chromo5097/geom.xtbopt.xyz,/scratch/jaggbow/mol_xtb_coordinates/chromo5097/mmff.xyz,/scratch/jaggbow/mol_xtb_coordinates/chromo5097/basic.xyz,0,,,,,,
258,chromo6759,O=C1c2ccccc2C2=Nc3cccc4cccc(c34)N12,2.5821,0.8702000000000001,3.4152069265592626,0.9066716041999927,/scratch/jaggbow/mol_xtb_coordinates/chromo6759/geom.xtbopt.xyz,/scratch/jaggbow/mol_xtb_coordinates/chromo6759/mmff.xyz,/scratch/jaggbow/mol_xtb_coordinates/chromo6759/basic.xyz,0,,,,,,
259,chromo2265,c1ccc2c(c1)c1ccccc1n2-c1ccc(-c2ccc(-c3ccc(-n4c5ccccc5c5ccccc54)nc3-n3c4ccccc4c4ccccc43)nn2)c(-n2c3ccccc3c3ccccc32)n1,3.0191,0.3714999999999997,2.955565625120528,0.16394278999745085,/scratch/jaggbow/mol_xtb_coordinates/chromo2265/geom.xtbopt.xyz,/scratch/jaggbow/mol_xtb_coordinates/chromo2265/mmff.xyz,/scratch/jaggbow/mol_xtb_coordinates/chromo2265/basic.xyz,1,,,,,,
260,chromo0857,CCCCCCOc1ccc(C#Cc2ccc(-c3ccc(-c4ccc(C#Cc5ccc(OCCCCCC)c(OCCCCCC)c5)s4)c4nsnc34)s2)cc1OCCCCCC,1.9155,0.7701,4.69719517556924,1.2644394319413714,/scratch/jaggbow/mol_xtb_coordinates/chromo0857/geom.xtbopt.xyz,/scratch/jaggbow/mol_xtb_coordinates/chromo0857/mmff.xyz,/scratch/jaggbow/mol_xtb_coordinates/chromo0857/basic.xyz,0,,,,,,
261,chromo0915,C[Si]1(C)c2ccc(-c3ccccc3)cc2C=Cc2cc(-c3ccccc3)ccc21,4.0108,1.3964999999999996,4.27574614907147,0.7530301981098726,/scratch/jaggbow/mol_xtb_coordinates/chromo0915/geom.xtbopt.xyz,/scratch/jaggbow/mol_xtb_coordinates/chromo0915/mmff.xyz,/scratch/jaggbow/mol_xtb_coordinates/chromo0915/basic.xyz,0,,,,,,
262,chromo2147,c1ccc2c(-n3c(-c4ccc(-c5ccc(-c6nc7c8ccccc8c8ccccc8c7n6-c6cccc7ccccc67)c6ccccc56)c5ccccc45)nc4c5ccccc5c5ccccc5c43)cccc2c1,3.1235,0.6238000000000001,4.7673086533534725,0.7916110120657811,/scratch/jaggbow/mol_xtb_coordinates/chromo2147/geom.xtbopt.xyz,/scratch/jaggbow/mol_xtb_coordinates/chromo2147/mmff.xyz,/scratch/jaggbow/mol_xtb_coordinates/chromo2147/basic.xyz,1,,,,,,
263,chromo2761,O=C1OC(=O)c2ccc(N(c3ccccc3)c3c4ccccc4cc4ccccc34)c3cccc1c23,2.4934,0.7851999999999999,2.8929440175161405,0.6701884988510455,/scratch/jaggbow/mol_xtb_coordinates/chromo2761/geom.xtbopt.xyz,/scratch/jaggbow/mol_xtb_coordinates/chromo2761/mmff.xyz,/scratch/jaggbow/mol_xtb_coordinates/chromo2761/basic.xyz,0,,,,,,
264,chromo0427,COc1ccc(C=CC(=O)c2c(O)cc(C)oc2=O)cc1,3.3193,1.1003000000000005,3.043855766862006,0.6709865823772422,/scratch/jaggbow/mol_xtb_coordinates/chromo0427/geom.xtbopt.xyz,/scratch/jaggbow/mol_xtb_coordinates/chromo0427/mmff.xyz,/scratch/jaggbow/mol_xtb_coordinates/chromo0427/basic.xyz,1,,,,,,
265,chromo3304,CCCCCCN1C(=O)c2cccc3c(-c4ccc(-c5cc(-c6ccc(Cl)cc6)n(-c6ccccc6)n5)s4)ccc(c23)C1=O,2.8457,0.8178999999999998,1.2561196047719108,0.22769089365594097,/scratch/jaggbow/mol_xtb_coordinates/chromo3304/geom.xtbopt.xyz,/scratch/jaggbow/mol_xtb_coordinates/chromo3304/mmff.xyz,/scratch/jaggbow/mol_xtb_coordinates/chromo3304/basic.xyz,0,,,,,,
266,chromo1534,O=C1CCCC2=C1CC1=C(CCCC1=O)N2NC(=O)c1ccc(O)cc1,3.4826,1.0277000000000005,2.887512303658969,0.7378332538785639,/scratch/jaggbow/mol_xtb_coordinates/chromo1534/geom.xtbopt.xyz,/scratch/jaggbow/mol_xtb_coordinates/chromo1534/mmff.xyz,/scratch/jaggbow/mol_xtb_coordinates/chromo1534/basic.xyz,0,,,,,,
267,chromo3355,CN(C)c1ccc(C#Cc2cc(C#Cc3ccc(N(C)C)cc3)c3ccc4c(C#Cc5ccc(C(F)(F)F)cc5)cc(C#Cc5ccc(N(C)C)cc5)c5ccc2c3c54)cc1,2.1336,0.8145,3.8647641245529716,0.9362533614750639,/scratch/jaggbow/mol_xtb_coordinates/chromo3355/geom.xtbopt.xyz,/scratch/jaggbow/mol_xtb_coordinates/chromo3355/mmff.xyz,/scratch/jaggbow/mol_xtb_coordinates/chromo3355/basic.xyz,1,,,,,,
268,chromo0766,COc1ccc(C=Cc2cc(C=Cc3ccc(OC)cc3)nc(C=Cc3ccc(N(c4ccccc4)c4ccccc4)cc3)n2)cc1,2.7223,0.6212,4.021644352319039,0.757390020719583,/scratch/jaggbow/mol_xtb_coordinates/chromo0766/geom.xtbopt.xyz,/scratch/jaggbow/mol_xtb_coordinates/chromo0766/mmff.xyz,/scratch/jaggbow/mol_xtb_coordinates/chromo0766/basic.xyz,1,,,,,,
269,chromo2858,COc1ccc(-c2ccc(C=Cc3cnc4ccccc4n3)cc2)cc1,3.0042,1.0418,3.0647408934600042,0.5651486634734254,/scratch/jaggbow/mol_xtb_coordinates/chromo2858/geom.xtbopt.xyz,/scratch/jaggbow/mol_xtb_coordinates/chromo2858/mmff.xyz,/scratch/jaggbow/mol_xtb_coordinates/chromo2858/basic.xyz,0,,,,,,
270,chromo3124,Cc1ccc(-c2c3nc(c(-c4ccco4)c4ccc(s4)c(-c4ccco4)c4nc(c(-c5ccc(C)cc5)c5ccc2[nH]5)C=C4)C=C3)cc1,1.9733,0.7607000000000002,2.3663472089009505,0.24125782004172197,/scratch/jaggbow/mol_xtb_coordinates/chromo3124/geom.xtbopt.xyz,/scratch/jaggbow/mol_xtb_coordinates/chromo3124/mmff.xyz,/scratch/jaggbow/mol_xtb_coordinates/chromo3124/basic.xyz,0,,,,,,
271,chromo6571,COC(=O)C1=C(C(=O)OC)C2=CC3c4ccccc4C2(S1)c1ccccc13,3.1315,1.3185,2.9926438630188503,1.015863882743751,/scratch/jaggbow/mol_xtb_coordinates/chromo6571/geom.xtbopt.xyz,/scratch/jaggbow/mol_xtb_coordinates/chromo6571/mmff.xyz,/scratch/jaggbow/mol_xtb_coordinates/chromo6571/basic.xyz,0,,,,,,
272,chromo0424,CCCCc1cc(C(=O)CCC)c2ccc3c(CCCC)cc(N4CCCCC4)c4ccc1c2c34,2.8525,1.1136,1.4004471715406517,0.3970111780699596,/scratch/jaggbow/mol_xtb_coordinates/chromo0424/geom.xtbopt.xyz,/scratch/jaggbow/mol_xtb_coordinates/chromo0424/mmff.xyz,/scratch/jaggbow/mol_xtb_coordinates/chromo0424/basic.xyz,1,,,,,,
273,chromo2987,COc1cc(N(c2ccccc2)c2ccc(C=C(C#N)C#N)c(OC)c2)ccc1C=C(C#N)C#N,2.7226,0.8341999999999998,2.5733572703307215,0.45213357901578943,/scratch/jaggbow/mol_xtb_coordinates/chromo2987/geom.xtbopt.xyz,/scratch/jaggbow/mol_xtb_coordinates/chromo2987/mmff.xyz,/scratch/jaggbow/mol_xtb_coordinates/chromo2987/basic.xyz,1,,,,,,
274,chromo4557,c1ccc(-n2c3ccccc3c3cc(-n4ccc5cc(-c6ccc7c(c6)C(c6ccccc6)(c6ccccc6)c6ccccc6-7)ccc54)ccc32)cc1,3.595,0.8026,2.7331513894105424,0.22760079362694563,/scratch/jaggbow/mol_xtb_coordinates/chromo4557/geom.xtbopt.xyz,/scratch/jaggbow/mol_xtb_coordinates/chromo4557/mmff.xyz,/scratch/jaggbow/mol_xtb_coordinates/chromo4557/basic.xyz,1,,,,,,
275,chromo4695,O=[N+]([O-])c1ccc2nc3cc4ccccc4cc3c(-c3ccccc3)c2c1,2.2536,1.0954000000000002,4.047620772846487,1.2303689458116633,/scratch/jaggbow/mol_xtb_coordinates/chromo4695/geom.xtbopt.xyz,/scratch/jaggbow/mol_xtb_coordinates/chromo4695/mmff.xyz,/scratch/jaggbow/mol_xtb_coordinates/chromo4695/basic.xyz,0,,,,,,
276,chromo2222,COc1ccc(C2=CC(c3cc(OC)cc(OC)c3)=[O+][B-](F)(F)O2)cc1,3.1373,0.6660000000000004,4.157809097365234,0.9991721564979485,/scratch/jaggbow/mol_xtb_coordinates/chromo2222/geom.xtbopt.xyz,/scratch/jaggbow/mol_xtb_coordinates/chromo2222/mmff.xyz,/scratch/jaggbow/mol_xtb_coordinates/chromo2222/basic.xyz,1,,,,,,
277,chromo4910,CC1(C)c2ccccc2-c2cc3c(cc21)c1ccccc1n3-c1cccc(-c2ccccc2)c1,3.687,0.9459999999999996,3.780533925091396,0.4484685570236855,/scratch/jaggbow/mol_xtb_coordinates/chromo4910/geom.xtbopt.xyz,/scratch/jaggbow/mol_xtb_coordinates/chromo4910/mmff.xyz,/scratch/jaggbow/mol_xtb_coordinates/chromo4910/basic.xyz,0,,,,,,
278,chromo4911,CC1(C)c2ccccc2-c2cc3c(cc21)c1ccccc1n3-c1ccc(-c2ccccc2)cc1,3.6593,0.919,6.12672947549994,1.0319155121369137,/scratch/jaggbow/mol_xtb_coordinates/chromo4911/geom.xtbopt.xyz,/scratch/jaggbow/mol_xtb_coordinates/chromo4911/mmff.xyz,/scratch/jaggbow/mol_xtb_coordinates/chromo4911/basic.xyz,0,,,,,,
279,chromo0799,O=S1(=O)C2=C(c3ccccc31)C1(C3=C(c4ccccc41)S(=O)(=O)c1ccccc13)c1ccccc12,3.1442,1.0212,3.87366599274513,0.9379071329695093,/scratch/jaggbow/mol_xtb_coordinates/chromo0799/geom.xtbopt.xyz,/scratch/jaggbow/mol_xtb_coordinates/chromo0799/mmff.xyz,/scratch/jaggbow/mol_xtb_coordinates/chromo0799/basic.xyz,0,,,,,,
280,chromo2148,N#Cc1ccc(-n2c(-c3ccc(-c4ccc(-c5nc6c7ccccc7c7ccccc7c6n5-c5ccc(C#N)c6ccccc56)c5ccccc45)c4ccccc34)nc3c4ccccc4c4ccccc4c32)c2ccccc12,2.545,0.1286,4.311940702366806,0.8653221205654894,/scratch/jaggbow/mol_xtb_coordinates/chromo2148/geom.xtbopt.xyz,/scratch/jaggbow/mol_xtb_coordinates/chromo2148/mmff.xyz,/scratch/jaggbow/mol_xtb_coordinates/chromo2148/basic.xyz,1,,,,,,
281,chromo2295,OB1c2ccccc2Nc2ccccc21,3.7482,0.7220000000000004,4.259703305658372,0.893533173329923,/scratch/jaggbow/mol_xtb_coordinates/chromo2295/geom.xtbopt.xyz,/scratch/jaggbow/mol_xtb_coordinates/chromo2295/mmff.xyz,/scratch/jaggbow/mol_xtb_coordinates/chromo2295/basic.xyz,0,,,,,,
282,chromo3461,CCOC(=O)c1c(-c2cc3ccccc3oc2=O)nn(-c2ccc(C)c(C)c2)c1C(=O)OCC,3.832,1.2064999999999997,3.2452965475807694,0.7126296103560658,/scratch/jaggbow/mol_xtb_coordinates/chromo3461/geom.xtbopt.xyz,/scratch/jaggbow/mol_xtb_coordinates/chromo3461/mmff.xyz,/scratch/jaggbow/mol_xtb_coordinates/chromo3461/basic.xyz,1,,,,,,
283,chromo2808,CCN(CC)c1ccc2cc(-c3nc4cc(C(=O)Nc5ccccc5Cl)ccc4o3)c(=O)oc2c1,3.1324,1.0339,3.293997395627525,0.9086775370865078,/scratch/jaggbow/mol_xtb_coordinates/chromo2808/geom.xtbopt.xyz,/scratch/jaggbow/mol_xtb_coordinates/chromo2808/mmff.xyz,/scratch/jaggbow/mol_xtb_coordinates/chromo2808/basic.xyz,1,,,,,,
284,chromo6779,CCCCCCn1c2ccsc2c2sc3c(sc4c5sccc5n(CCCCCC)c43)c21,3.3745,1.1913,3.9666541666012103,0.9972861643071584,/scratch/jaggbow/mol_xtb_coordinates/chromo6779/geom.xtbopt.xyz,/scratch/jaggbow/mol_xtb_coordinates/chromo6779/mmff.xyz,/scratch/jaggbow/mol_xtb_coordinates/chromo6779/basic.xyz,0,,,,,,
285,chromo6425,COC(=O)C1=C(C(=O)OC)C2(c3ccccc3-c3ccccc32)C(c2ccc([N+](=O)[O-])cc2)C=C2c3cc(OC)c(OC)cc3CCN21,2.9067,0.2449999999999996,3.393741252233651,0.5971035374046746,/scratch/jaggbow/mol_xtb_coordinates/chromo6425/geom.xtbopt.xyz,/scratch/jaggbow/mol_xtb_coordinates/chromo6425/mmff.xyz,/scratch/jaggbow/mol_xtb_coordinates/chromo6425/basic.xyz,0,,,,,,
286,chromo3121,C1=Cc2nc1c(-c1ccco1)c1ccc([nH]1)c(-c1ccco1)c1nc(c(-c3ccco3)c3ccc([nH]3)c2-c2ccco2)C=C1,1.9876,0.7454000000000001,3.150488684666841,0.6163310361238514,/scratch/jaggbow/mol_xtb_coordinates/chromo3121/geom.xtbopt.xyz,/scratch/jaggbow/mol_xtb_coordinates/chromo3121/mmff.xyz,/scratch/jaggbow/mol_xtb_coordinates/chromo3121/basic.xyz,0,,,,,,
287,chromo6177,CN(C)c1ccc(C2=C3C=C(c4ccc(C#N)cc4)SC34c3ccccc3C2c2ccccc24)cc1,2.5285,1.0256000000000003,2.722909459833356,0.8920610747228994,/scratch/jaggbow/mol_xtb_coordinates/chromo6177/geom.xtbopt.xyz,/scratch/jaggbow/mol_xtb_coordinates/chromo6177/mmff.xyz,/scratch/jaggbow/mol_xtb_coordinates/chromo6177/basic.xyz,0,,,,,,
288,chromo1073,C1=C2C3=C(C4=[N+]2[B-]2(Oc5ccccc54)Oc4ccccc4-c4c5c(c1n42)C1CCC5CC1)C1CCC3CC1,2.2989,0.9818000000000002,4.250661324065365,1.43047988760469,/scratch/jaggbow/mol_xtb_coordinates/chromo1073/geom.xtbopt.xyz,/scratch/jaggbow/mol_xtb_coordinates/chromo1073/mmff.xyz,/scratch/jaggbow/mol_xtb_coordinates/chromo1073/basic.xyz,0,,,,,,
289,chromo2486,COC(=O)CNC(=O)c1nc2c(N(C)C)nc(N(C)C)nc2n1Cc1ccccc1,3.7312,0.9573999999999998,4.176329797252926,0.9362680072703554,/scratch/jaggbow/mol_xtb_coordinates/chromo2486/geom.xtbopt.xyz,/scratch/jaggbow/mol_xtb_coordinates/chromo2486/mmff.xyz,/scratch/jaggbow/mol_xtb_coordinates/chromo2486/basic.xyz,0,,,,,,
290,chromo2851,C(=Cc1cnccn1)c1ccc(N(c2ccccc2)c2ccccc2)cc1,2.9278,0.904,3.3852738397726134,0.7499765075539755,/scratch/jaggbow/mol_xtb_coordinates/chromo2851/geom.xtbopt.xyz,/scratch/jaggbow/mol_xtb_coordinates/chromo2851/mmff.xyz,/scratch/jaggbow/mol_xtb_coordinates/chromo2851/basic.xyz,0,,,,,,
291,chromo4567,c1cc(-c2ccc3sc4ccccc4c3c2)cc(-c2cc(-c3cccc(-c4ccc5sc6ccccc6c5c4)c3)ncn2)c1,3.5905,0.6316999999999999,4.911462790692715,0.5924290438132566,/scratch/jaggbow/mol_xtb_coordinates/chromo4567/geom.xtbopt.xyz,/scratch/jaggbow/mol_xtb_coordinates/chromo4567/mmff.xyz,/scratch/jaggbow/mol_xtb_coordinates/chromo4567/basic.xyz,0,,,,,,
292,chromo0506,CC(C)c1cccc(C(C)C)c1N1C(=O)c2cccc3c(Oc4ccccc4)ccc(c23)C1=O,3.4138,1.1267,4.433882373922193,1.1026045933130715,/scratch/jaggbow/mol_xtb_coordinates/chromo0506/geom.xtbopt.xyz,/scratch/jaggbow/mol_xtb_coordinates/chromo0506/mmff.xyz,/scratch/jaggbow/mol_xtb_coordinates/chromo0506/basic.xyz,0,,,,,,
293,chromo2584,COc1ccc(C#Cc2nc3ccccc3nc2-c2cn(C)c3ccccc23)cc1,2.8785,0.5366,4.078833275836951,0.6962598228369076,/scratch/jaggbow/mol_xtb_coordinates/chromo2584/geom.xtbopt.xyz,/scratch/jaggbow/mol_xtb_coordinates/chromo2584/mmff.xyz,/scratch/jaggbow/mol_xtb_coordinates/chromo2584/basic.xyz,0,,,,,,
294,chromo4460,CCN1c2ccccc2Sc2cc(C=C(C#N)c3ccccc3)ccc21,2.8521,0.8405,2.5546658820669035,0.5398361543177184,/scratch/jaggbow/mol_xtb_coordinates/chromo4460/geom.xtbopt.xyz,/scratch/jaggbow/mol_xtb_coordinates/chromo4460/mmff.xyz,/scratch/jaggbow/mol_xtb_coordinates/chromo4460/basic.xyz,0,,,,,,
295,chromo5981,c1ccc(Cn2c3sccc3c3c4nsnc4c4c5ccsc5n(Cc5ccccc5)c4c32)cc1,2.8209,0.7109000000000001,2.1127518453221716,0.2807119150071611,/scratch/jaggbow/mol_xtb_coordinates/chromo5981/geom.xtbopt.xyz,/scratch/jaggbow/mol_xtb_coordinates/chromo5981/mmff.xyz,/scratch/jaggbow/mol_xtb_coordinates/chromo5981/basic.xyz,0,,,,,,
296,chromo3091,Cc1cc2ccccc2c2[nH]c3ccccc3c12,3.7682,1.1392000000000002,5.535787678305818,1.0387088880499125,/scratch/jaggbow/mol_xtb_coordinates/chromo3091/geom.xtbopt.xyz,/scratch/jaggbow/mol_xtb_coordinates/chromo3091/mmff.xyz,/scratch/jaggbow/mol_xtb_coordinates/chromo3091/basic.xyz,0,,,,,,
297,chromo2363,COc1ccc2c(=O)c3c([nH]c2c1)-c1cc(Cl)ccc1NC3(C)C,3.1235,0.7334999999999998,3.127591845514717,0.5900867361035331,/scratch/jaggbow/mol_xtb_coordinates/chromo2363/geom.xtbopt.xyz,/scratch/jaggbow/mol_xtb_coordinates/chromo2363/mmff.xyz,/scratch/jaggbow/mol_xtb_coordinates/chromo2363/basic.xyz,0,,,,,,
298,chromo6684,CCCCCCc1cc2c(s1)-c1cc3c(cc1NB2c1ccccc1)-c1sc(CCCCCC)cc1B(c1ccccc1)N3,3.1692,0.8961999999999999,4.281101982706847,0.7374245008027056,/scratch/jaggbow/mol_xtb_coordinates/chromo6684/geom.xtbopt.xyz,/scratch/jaggbow/mol_xtb_coordinates/chromo6684/mmff.xyz,/scratch/jaggbow/mol_xtb_coordinates/chromo6684/basic.xyz,0,,,,,,
299,chromo2993,N#Cc1cnc(-c2c3ccccc3cc3ccccc23)nc1,2.6745,0.9849,5.047536130633784,1.5280397745891792,/scratch/jaggbow/mol_xtb_coordinates/chromo2993/geom.xtbopt.xyz,/scratch/jaggbow/mol_xtb_coordinates/chromo2993/mmff.xyz,/scratch/jaggbow/mol_xtb_coordinates/chromo2993/basic.xyz,1,,,,,,
300,chromo4577,c1ccc(-c2c3ccccc3c(-c3ccc(-c4cccnc4)cc3)c3ccccc23)cc1,3.1609,1.4231999999999998,3.2438750892055785,1.0181670625612753,/scratch/jaggbow/mol_xtb_coordinates/chromo4577/geom.xtbopt.xyz,/scratch/jaggbow/mol_xtb_coordinates/chromo4577/mmff.xyz,/scratch/jaggbow/mol_xtb_coordinates/chromo4577/basic.xyz,1,,,,,,
301,chromo2499,C(=Cc1ncnc2ccccc12)c1ccc(N2CCCCC2)cc1,3.0291,1.0622,3.715405848061543,1.0266411074277366,/scratch/jaggbow/mol_xtb_coordinates/chromo2499/geom.xtbopt.xyz,/scratch/jaggbow/mol_xtb_coordinates/chromo2499/mmff.xyz,/scratch/jaggbow/mol_xtb_coordinates/chromo2499/basic.xyz,0,,,,,,
302,chromo2197,c1cc(-n2c3ccccc3c3ccccc32)c(-c2nc3ccccn3n2)c(-n2c3ccccc3c3ccccc32)c1,3.4243,0.3403,4.478438787013509,0.5687504370345066,/scratch/jaggbow/mol_xtb_coordinates/chromo2197/geom.xtbopt.xyz,/scratch/jaggbow/mol_xtb_coordinates/chromo2197/mmff.xyz,/scratch/jaggbow/mol_xtb_coordinates/chromo2197/basic.xyz,1,,,,,,
303,chromo6691,COc1ccc2c(c1)-c1cc3c(cc1[Si]2(c1ccccc1)c1ccccc1)-c1ccccc1[Si]3(c1ccccc1)c1ccccc1,3.5625,1.021,4.867384984423442,0.9378135551399409,/scratch/jaggbow/mol_xtb_coordinates/chromo6691/geom.xtbopt.xyz,/scratch/jaggbow/mol_xtb_coordinates/chromo6691/mmff.xyz,/scratch/jaggbow/mol_xtb_coordinates/chromo6691/basic.xyz,0,,,,,,
304,chromo0843,CCCCCC(=O)c1ccc2c3c(sc2c1)-c1ccccc1P3(=O)c1ccccc1,3.4499,1.1370999999999998,5.360450866828603,1.2490131425214888,/scratch/jaggbow/mol_xtb_coordinates/chromo0843/geom.xtbopt.xyz,/scratch/jaggbow/mol_xtb_coordinates/chromo0843/mmff.xyz,/scratch/jaggbow/mol_xtb_coordinates/chromo0843/basic.xyz,0,,,,,,
305,chromo2433,COc1ccc(-c2cc3c(s2)c(C(C)=O)cc(=O)n3Cc2ccccc2)cc1,2.8107,0.9961000000000002,2.9604544644875737,0.8897659251155783,/scratch/jaggbow/mol_xtb_coordinates/chromo2433/geom.xtbopt.xyz,/scratch/jaggbow/mol_xtb_coordinates/chromo2433/mmff.xyz,/scratch/jaggbow/mol_xtb_coordinates/chromo2433/basic.xyz,1,,,,,,
306,chromo6726,c1ccc2c(c1)c1ccc3cccc4c3c1c2c1c2cccc3ccc5c6ccccc6c(c5c32)c41,1.9069,1.1163,0.686007661099574,0.6790207408503701,/scratch/jaggbow/mol_xtb_coordinates/chromo6726/geom.xtbopt.xyz,/scratch/jaggbow/mol_xtb_coordinates/chromo6726/mmff.xyz,/scratch/jaggbow/mol_xtb_coordinates/chromo6726/basic.xyz,0,,,,,,
307,chromo3090,CN(N=C1N=C(N)C2(CCCC2)c2ccccc21)c1ccccc1,3.3579,1.2628999999999997,2.292129706052288,0.8402000063329295,/scratch/jaggbow/mol_xtb_coordinates/chromo3090/geom.xtbopt.xyz,/scratch/jaggbow/mol_xtb_coordinates/chromo3090/mmff.xyz,/scratch/jaggbow/mol_xtb_coordinates/chromo3090/basic.xyz,0,,,,,,
308,chromo5706,CCCCCCCCCn1c(-c2cc(-c3nc4ccc(C)cc4n3CCCCCCCCC)cc(-c3nc4ccc(C)cc4n3CCCCCCCCC)c2)nc2ccc(C)cc21,3.7177,0.9223,3.7897582327309394,0.3314457333455384,/scratch/jaggbow/mol_xtb_coordinates/chromo5706/geom.xtbopt.xyz,/scratch/jaggbow/mol_xtb_coordinates/chromo5706/mmff.xyz,/scratch/jaggbow/mol_xtb_coordinates/chromo5706/basic.xyz,0,,,,,,
309,chromo5509,CC(C)[Si]1(C(C)C)c2ccccc2-c2ccc(N(C)C)cc21,3.6801,0.9510999999999998,3.7824217016300703,0.8039097638105079,/scratch/jaggbow/mol_xtb_coordinates/chromo5509/geom.xtbopt.xyz,/scratch/jaggbow/mol_xtb_coordinates/chromo5509/mmff.xyz,/scratch/jaggbow/mol_xtb_coordinates/chromo5509/basic.xyz,0,,,,,,
310,chromo4182,CCOC(=O)c1ccc2nc(N=Nc3ccc(N(CC)CC)cc3)sc2c1,2.5552,0.9405,2.2620633310285894,0.3040991840892616,/scratch/jaggbow/mol_xtb_coordinates/chromo4182/geom.xtbopt.xyz,/scratch/jaggbow/mol_xtb_coordinates/chromo4182/mmff.xyz,/scratch/jaggbow/mol_xtb_coordinates/chromo4182/basic.xyz,1,,,,,,
311,chromo3327,Cc1cc(O)c(C(C)C)cc1N=Cc1ccc(C(F)(F)F)cc1,3.2314,0.9465999999999996,4.92618420192377,0.9184527479383735,/scratch/jaggbow/mol_xtb_coordinates/chromo3327/geom.xtbopt.xyz,/scratch/jaggbow/mol_xtb_coordinates/chromo3327/mmff.xyz,/scratch/jaggbow/mol_xtb_coordinates/chromo3327/basic.xyz,1,,,,,,
312,chromo5348,CC(C)(C)NC(=O)c1cccc2ccc3c4ccc(Cl)cc4c4cc(Cl)ccc4c3c12,3.4569,1.1623,4.591576504102994,0.8604098616039013,/scratch/jaggbow/mol_xtb_coordinates/chromo5348/geom.xtbopt.xyz,/scratch/jaggbow/mol_xtb_coordinates/chromo5348/mmff.xyz,/scratch/jaggbow/mol_xtb_coordinates/chromo5348/basic.xyz,0,,,,,,
313,chromo3144,CC(C)(C)C1CCC(=CSC=Cc2ccc(-c3ccc(C=CSC=C4CCC(C(C)(C)C)CC4)cc3)cc2)CC1,3.324,1.0492999999999997,4.238408971089811,0.8893094303493507,/scratch/jaggbow/mol_xtb_coordinates/chromo3144/geom.xtbopt.xyz,/scratch/jaggbow/mol_xtb_coordinates/chromo3144/mmff.xyz,/scratch/jaggbow/mol_xtb_coordinates/chromo3144/basic.xyz,0,,,,,,
314,chromo3779,Cc1cc(C(F)(F)F)nc2c1ccc1nc(-c3ccc(F)c(F)c3)cn12,3.1272,0.7386000000000004,4.277408848099652,0.7938822252532578,/scratch/jaggbow/mol_xtb_coordinates/chromo3779/geom.xtbopt.xyz,/scratch/jaggbow/mol_xtb_coordinates/chromo3779/mmff.xyz,/scratch/jaggbow/mol_xtb_coordinates/chromo3779/basic.xyz,0,,,,,,
315,chromo0407,CCCCCCn1c2ccccc2c2cc(-c3ccc(-c4cc(-c5ccccn5)nc(-c5ccccn5)c4)cc3)ccc21,3.4781,0.6663999999999999,3.222332182494964,0.2980318748935247,/scratch/jaggbow/mol_xtb_coordinates/chromo0407/geom.xtbopt.xyz,/scratch/jaggbow/mol_xtb_coordinates/chromo0407/mmff.xyz,/scratch/jaggbow/mol_xtb_coordinates/chromo0407/basic.xyz,1,,,,,,
316,chromo4231,c1ccc(-n2c(-c3ccc([Si](c4ccc(-c5nc6ccccc6n5-c5ccccc5)cc4)(c4ccc(-c5nc6ccccc6n5-c5ccccc5)cc4)c4ccc(-c5nc6ccccc6n5-c5ccccc5)cc4)cc3)nc3ccccc32)cc1,3.9716,1.0323000000000002,4.749474357141929,0.584437116906302,/scratch/jaggbow/mol_xtb_coordinates/chromo4231/geom.xtbopt.xyz,/scratch/jaggbow/mol_xtb_coordinates/chromo4231/mmff.xyz,/scratch/jaggbow/mol_xtb_coordinates/chromo4231/basic.xyz,0,,,,,,
317,chromo6961,N#CC1=c2c3cccc4cccc(c43)n2[B-](F)(F)[n+]2c1sc1ccccc12,2.6291,0.9584,4.102568875370299,1.1879525533766564,/scratch/jaggbow/mol_xtb_coordinates/chromo6961/geom.xtbopt.xyz,/scratch/jaggbow/mol_xtb_coordinates/chromo6961/mmff.xyz,/scratch/jaggbow/mol_xtb_coordinates/chromo6961/basic.xyz,0,,,,,,
318,chromo6435,COC(=O)C1=C(C(=O)OC)C2(c3ccccc3-c3ccc([N+](=O)[O-])cc32)C2(C=Cc3ccccc3)c3cc(OC)c(OC)cc3CCN12,2.6062,0.1437999999999997,3.5031414687700133,0.7503621391034335,/scratch/jaggbow/mol_xtb_coordinates/chromo6435/geom.xtbopt.xyz,/scratch/jaggbow/mol_xtb_coordinates/chromo6435/mmff.xyz,/scratch/jaggbow/mol_xtb_coordinates/chromo6435/basic.xyz,0,,,,,,
319,chromo6519,O=C1c2ccccc2-c2c(-c3cccc(Cl)c3O)[nH]c(=O)n21,3.1415,1.1892000000000005,3.941696780401531,1.1761622814537092,/scratch/jaggbow/mol_xtb_coordinates/chromo6519/geom.xtbopt.xyz,/scratch/jaggbow/mol_xtb_coordinates/chromo6519/mmff.xyz,/scratch/jaggbow/mol_xtb_coordinates/chromo6519/basic.xyz,0,,,,,,
320,chromo1718,Cc1cccc2nc(-c3cc(=O)c(OCc4ccccc4)co3)c(NC3CCCCC3)n12,3.3404,0.8644999999999996,5.502909508707148,1.1927396757530164,/scratch/jaggbow/mol_xtb_coordinates/chromo1718/geom.xtbopt.xyz,/scratch/jaggbow/mol_xtb_coordinates/chromo1718/mmff.xyz,/scratch/jaggbow/mol_xtb_coordinates/chromo1718/basic.xyz,0,,,,,,
321,chromo2885,CCCCn1c2ccc(-c3ccc4ccccc4c3)cc2c2ccc3c4cc(-c5ccc6ccccc6c5)ccc4n(CCCC)c3c21,3.4598,0.8588999999999998,4.684741747763319,0.7267138650569378,/scratch/jaggbow/mol_xtb_coordinates/chromo2885/geom.xtbopt.xyz,/scratch/jaggbow/mol_xtb_coordinates/chromo2885/mmff.xyz,/scratch/jaggbow/mol_xtb_coordinates/chromo2885/basic.xyz,0,,,,,,
322,chromo3449,CCOC(=O)c1c(-c2c(Cl)c3ccccc3oc2=O)nn(-c2ccccc2)c1C(=O)OCC,3.8187,1.1382000000000003,5.0445624953925305,1.1459084292558173,/scratch/jaggbow/mol_xtb_coordinates/chromo3449/geom.xtbopt.xyz,/scratch/jaggbow/mol_xtb_coordinates/chromo3449/mmff.xyz,/scratch/jaggbow/mol_xtb_coordinates/chromo3449/basic.xyz,1,,,,,,
323,chromo4180,CCN(CC)c1ccc(N=Nc2nc3ccc([N+](=O)[O-])cc3s2)cc1,2.515,0.9387,0.8039531046386215,0.17387461171795465,/scratch/jaggbow/mol_xtb_coordinates/chromo4180/geom.xtbopt.xyz,/scratch/jaggbow/mol_xtb_coordinates/chromo4180/mmff.xyz,/scratch/jaggbow/mol_xtb_coordinates/chromo4180/basic.xyz,1,,,,,,
324,chromo0257,COc1ccc2cc(C=CC3=C4CCc5ccccc5C4=[O+][B-](F)(F)O3)ccc2c1,2.8916,0.9453,4.572180005753273,1.3000048483398383,/scratch/jaggbow/mol_xtb_coordinates/chromo0257/geom.xtbopt.xyz,/scratch/jaggbow/mol_xtb_coordinates/chromo0257/mmff.xyz,/scratch/jaggbow/mol_xtb_coordinates/chromo0257/basic.xyz,0,,,,,,
325,chromo6755,O=c1c2cccc3cccc(c32)c2nc3cccc4cccc(c43)n12,2.3723,0.8109000000000002,3.42125802853055,0.8807355677252083,/scratch/jaggbow/mol_xtb_coordinates/chromo6755/geom.xtbopt.xyz,/scratch/jaggbow/mol_xtb_coordinates/chromo6755/mmff.xyz,/scratch/jaggbow/mol_xtb_coordinates/chromo6755/basic.xyz,0,,,,,,
326,chromo2593,c1csc(-c2ccc3c4ccc(-c5cccs5)cc4n(-c4cccs4)c3c2)c1,3.5081,1.0761000000000005,2.926610389891059,0.2713275042276383,/scratch/jaggbow/mol_xtb_coordinates/chromo2593/geom.xtbopt.xyz,/scratch/jaggbow/mol_xtb_coordinates/chromo2593/mmff.xyz,/scratch/jaggbow/mol_xtb_coordinates/chromo2593/basic.xyz,1,,,,,,
327,chromo4685,C[Si]1(C)O[Si](C)(C)c2cc3c(-c4ccccc4F)c4cc(Cl)ccc4nc3cc21,3.1355,1.3259999999999998,2.4783322730587507,0.6629390099597974,/scratch/jaggbow/mol_xtb_coordinates/chromo4685/geom.xtbopt.xyz,/scratch/jaggbow/mol_xtb_coordinates/chromo4685/mmff.xyz,/scratch/jaggbow/mol_xtb_coordinates/chromo4685/basic.xyz,0,,,,,,
328,chromo0389,O=Cc1ccc2ccc3cccc4ccc1c2c34,3.3429,1.4014000000000002,2.2627850770213525,0.7330640013207355,/scratch/jaggbow/mol_xtb_coordinates/chromo0389/geom.xtbopt.xyz,/scratch/jaggbow/mol_xtb_coordinates/chromo0389/mmff.xyz,/scratch/jaggbow/mol_xtb_coordinates/chromo0389/basic.xyz,1,,,,,,
329,chromo0508,COC(=O)c1ccc(Oc2ccc3c4c(cccc24)C(=O)N(c2c(C(C)C)cccc2C(C)C)C3=O)cc1,3.321,1.0556,2.991635065417057,0.7214460618442393,/scratch/jaggbow/mol_xtb_coordinates/chromo0508/geom.xtbopt.xyz,/scratch/jaggbow/mol_xtb_coordinates/chromo0508/mmff.xyz,/scratch/jaggbow/mol_xtb_coordinates/chromo0508/basic.xyz,0,,,,,,
330,chromo5896,O=[N+]([O-])c1ccc([N+]2=Cc3ccc4c5c(ccc4c3O[B-]2(c2ccccc2)c2ccccc2)C=[N+](c2ccc([N+](=O)[O-])cc2)[B-](c2ccccc2)(c2ccccc2)O5)cc1,2.1189,0.6404000000000001,1.9276850594585084,0.5893614001812075,/scratch/jaggbow/mol_xtb_coordinates/chromo5896/geom.xtbopt.xyz,/scratch/jaggbow/mol_xtb_coordinates/chromo5896/mmff.xyz,/scratch/jaggbow/mol_xtb_coordinates/chromo5896/basic.xyz,0,,,,,,
331,chromo1628,COc1ccc(-c2cc(-c3ccc(C)cc3)nc3c(C#N)c(N4CCCC4)nc(N)c23)cc1,2.9056,0.5747,2.8820592602313755,0.5599021084977305,/scratch/jaggbow/mol_xtb_coordinates/chromo1628/geom.xtbopt.xyz,/scratch/jaggbow/mol_xtb_coordinates/chromo1628/mmff.xyz,/scratch/jaggbow/mol_xtb_coordinates/chromo1628/basic.xyz,0,,,,,,
332,chromo5839,Cc1ccc(C2=Nc3cccc4[n+]3[B-](c3ccccc3)(N2)NC(c2ccc(C)cc2)=N4)cc1,2.996,0.5638999999999998,3.3107906856250193,0.590677107849178,/scratch/jaggbow/mol_xtb_coordinates/chromo5839/geom.xtbopt.xyz,/scratch/jaggbow/mol_xtb_coordinates/chromo5839/mmff.xyz,/scratch/jaggbow/mol_xtb_coordinates/chromo5839/basic.xyz,0,,,,,,
333,chromo2309,CC(C)(C)c1ccc(-c2cc3c(-c4ccc(C(C)(C)C)cc4)c4cccc5c(-c6ccc(C(C)(C)C)cc6)cc6c(-c7ccc(C(C)(C)C)cc7)c7cccc2c7c3c6c54)cc1,2.7044,1.3854000000000002,1.8876458500036546,0.7919935781869831,/scratch/jaggbow/mol_xtb_coordinates/chromo2309/geom.xtbopt.xyz,/scratch/jaggbow/mol_xtb_coordinates/chromo2309/mmff.xyz,/scratch/jaggbow/mol_xtb_coordinates/chromo2309/basic.xyz,0,,,,,,
334,chromo0302,COc1ccc(C=Cc2nc(N3CCOCC3)c3c([n+]2[O-])CCCC3)cc1,3.0055,1.2379,1.161306746821705,0.4247432252446708,/scratch/jaggbow/mol_xtb_coordinates/chromo0302/geom.xtbopt.xyz,/scratch/jaggbow/mol_xtb_coordinates/chromo0302/mmff.xyz,/scratch/jaggbow/mol_xtb_coordinates/chromo0302/basic.xyz,0,,,,,,
335,chromo0567,Oc1ccccc1-c1nc(-c2ccccc2)c2ccccn12,3.1289,0.9291999999999998,3.453871324683449,0.6897874837335072,/scratch/jaggbow/mol_xtb_coordinates/chromo0567/geom.xtbopt.xyz,/scratch/jaggbow/mol_xtb_coordinates/chromo0567/mmff.xyz,/scratch/jaggbow/mol_xtb_coordinates/chromo0567/basic.xyz,0,,,,,,
336,chromo3089,NC1=NC(=Nc2ccccn2)c2cccc3cccc1c23,2.7027,0.9541000000000002,2.7787443562999603,0.4956622341110348,/scratch/jaggbow/mol_xtb_coordinates/chromo3089/geom.xtbopt.xyz,/scratch/jaggbow/mol_xtb_coordinates/chromo3089/mmff.xyz,/scratch/jaggbow/mol_xtb_coordinates/chromo3089/basic.xyz,0,,,,,,
337,chromo1364,CCOC(=O)c1ccc(C2CC(c3cccc4ccccc34)=NN2c2ccc(Cl)cc2)cc1,3.0408,1.0729,3.4168060893555072,1.0156027991934935,/scratch/jaggbow/mol_xtb_coordinates/chromo1364/geom.xtbopt.xyz,/scratch/jaggbow/mol_xtb_coordinates/chromo1364/mmff.xyz,/scratch/jaggbow/mol_xtb_coordinates/chromo1364/basic.xyz,1,,,,,,
338,chromo3697,C(#Cc1nc(C#Cc2ccccc2)c(C#Cc2ccccc2)c(C#Cc2ccccc2)c1C#Cc1ccccc1)c1ccccc1,2.8319,0.9065,1.5960335057392858,0.1318281141431471,/scratch/jaggbow/mol_xtb_coordinates/chromo3697/geom.xtbopt.xyz,/scratch/jaggbow/mol_xtb_coordinates/chromo3697/mmff.xyz,/scratch/jaggbow/mol_xtb_coordinates/chromo3697/basic.xyz,0,,,,,,
339,chromo5708,CCCCCCCCCCn1c(-c2cc(-c3nc4ccc(C)cc4n3CCCCCCCCCC)cc(-c3nc4ccc(C)cc4n3CCCCCCCCCC)c2)nc2ccc(C)cc21,3.7413,0.9095,3.3989595650726034,0.25879611107196754,/scratch/jaggbow/mol_xtb_coordinates/chromo5708/geom.xtbopt.xyz,/scratch/jaggbow/mol_xtb_coordinates/chromo5708/mmff.xyz,/scratch/jaggbow/mol_xtb_coordinates/chromo5708/basic.xyz,0,,,,,,
340,chromo5467,c1ccc(C2=C(c3ccccc3)c3cccc4c3c(cc3nc5cc(-c6ccc(N(c7ccccc7)c7ccccc7)cc6)c(-c6ccc(N(c7ccccc7)c7ccccc7)cc6)cc5nc34)O2)cc1,2.3767,0.5573000000000001,2.349692579515916,0.49870603508982203,/scratch/jaggbow/mol_xtb_coordinates/chromo5467/geom.xtbopt.xyz,/scratch/jaggbow/mol_xtb_coordinates/chromo5467/mmff.xyz,/scratch/jaggbow/mol_xtb_coordinates/chromo5467/basic.xyz,0,,,,,,
341,chromo4909,CC1(C)c2ccccc2-c2cc3c(cc21)c1ccccc1n3-c1ccccc1,3.6823,0.9413,4.0068437238899755,0.5180712934085705,/scratch/jaggbow/mol_xtb_coordinates/chromo4909/geom.xtbopt.xyz,/scratch/jaggbow/mol_xtb_coordinates/chromo4909/mmff.xyz,/scratch/jaggbow/mol_xtb_coordinates/chromo4909/basic.xyz,0,,,,,,
342,chromo5258,F[B-]1(F)n2cccc2C(c2c3ccccc3cc3ccccc23)=C2C=CC=[N+]21,2.1099,0.5195000000000001,2.47515480756305,1.2309025700372305,/scratch/jaggbow/mol_xtb_coordinates/chromo5258/geom.xtbopt.xyz,/scratch/jaggbow/mol_xtb_coordinates/chromo5258/mmff.xyz,/scratch/jaggbow/mol_xtb_coordinates/chromo5258/basic.xyz,1,,,,,,
343,chromo6423,CCOC(=O)C1=C(C(=O)OC)N2CCc3cc(OC)c(OC)cc3C2=CC(c2ccc(Cl)cc2)C12c1ccccc1-c1ccccc12,3.8501,1.1572999999999998,2.6950181217325446,0.6306983553529577,/scratch/jaggbow/mol_xtb_coordinates/chromo6423/geom.xtbopt.xyz,/scratch/jaggbow/mol_xtb_coordinates/chromo6423/mmff.xyz,/scratch/jaggbow/mol_xtb_coordinates/chromo6423/basic.xyz,0,,,,,,
344,chromo5995,CC(C)(C)c1cc(-c2c3cc(c(-c4cc(C(C)(C)C)cc(C(C)(C)C)c4)c4ccc([nH]4)c(-c4ccc(Br)cc4)c4nc(c(-c5ccc(Br)cc5)c5ccc2[nH]5)C=C4)N=C3)cc(C(C)(C)C)c1,1.9106,0.714,0.33507781354187816,-0.11621510123914194,/scratch/jaggbow/mol_xtb_coordinates/chromo5995/geom.xtbopt.xyz,/scratch/jaggbow/mol_xtb_coordinates/chromo5995/mmff.xyz,/scratch/jaggbow/mol_xtb_coordinates/chromo5995/basic.xyz,0,,,,,,
345,chromo5460,CCC1=C(CC)c2cccc3c2c(cc2nc4ccccc4nc23)O1,2.6137,0.7472000000000001,2.44517044940473,0.5967016694222113,/scratch/jaggbow/mol_xtb_coordinates/chromo5460/geom.xtbopt.xyz,/scratch/jaggbow/mol_xtb_coordinates/chromo5460/mmff.xyz,/scratch/jaggbow/mol_xtb_coordinates/chromo5460/basic.xyz,0,,,,,,
346,chromo1026,COc1ccc(C2=C3C(C=Cc4cc(OC)c(OC)c(OC)c4)=C(C=O)C(C)=[N+]3[B-](F)(F)n3c(C)c(C=O)c(C=Cc4cc(OC)c(OC)c(OC)c4)c32)cc1,2.11,0.8063999999999998,4.3958051597436905,1.3395011679337427,/scratch/jaggbow/mol_xtb_coordinates/chromo1026/geom.xtbopt.xyz,/scratch/jaggbow/mol_xtb_coordinates/chromo1026/mmff.xyz,/scratch/jaggbow/mol_xtb_coordinates/chromo1026/basic.xyz,1,,,,,,
347,chromo4716,Oc1cc(-c2cccs2)ccc1-c1nc2ccccc2s1,3.4131,1.0254,4.373603618524834,0.9176771525532014,/scratch/jaggbow/mol_xtb_coordinates/chromo4716/geom.xtbopt.xyz,/scratch/jaggbow/mol_xtb_coordinates/chromo4716/mmff.xyz,/scratch/jaggbow/mol_xtb_coordinates/chromo4716/basic.xyz,1,,,,,,
348,chromo2828,O=P1(c2ccccc2)C(c2ccccc2)=Cc2ccccc21,3.5644,1.3196,3.837797995942312,1.0311849607595216,/scratch/jaggbow/mol_xtb_coordinates/chromo2828/geom.xtbopt.xyz,/scratch/jaggbow/mol_xtb_coordinates/chromo2828/mmff.xyz,/scratch/jaggbow/mol_xtb_coordinates/chromo2828/basic.xyz,0,,,,,,
349,chromo3824,C(=Cc1cc(-c2ccc3ccccc3c2)c(C=Cc2ccc(N(c3ccccc3)c3ccccc3)cc2)cc1-c1ccc2ccccc2c1)c1ccc(N(c2ccccc2)c2ccccc2)cc1,2.6978,0.8061,1.9660901716449346,0.16297182224989248,/scratch/jaggbow/mol_xtb_coordinates/chromo3824/geom.xtbopt.xyz,/scratch/jaggbow/mol_xtb_coordinates/chromo3824/mmff.xyz,/scratch/jaggbow/mol_xtb_coordinates/chromo3824/basic.xyz,1,,,,,,
350,chromo4367,CCCCn1c2ccc(C=C(C#N)c3ccc([N+](=O)[O-])cc3)cc2c2cc(Cn3c(-c4ccc5c(c4)c4ccccc4n5CCCC)nc4ccccc43)ccc21,2.5187,0.4765000000000001,3.2731368349877883,0.5882861741162287,/scratch/jaggbow/mol_xtb_coordinates/chromo4367/geom.xtbopt.xyz,/scratch/jaggbow/mol_xtb_coordinates/chromo4367/mmff.xyz,/scratch/jaggbow/mol_xtb_coordinates/chromo4367/basic.xyz,1,,,,,,
351,chromo6450,COc1ccc(N(c2ccc(OC)cc2)c2ccc3c4cccc5c(N(c6ccc(OC)cc6)c6ccc(OC)cc6)ccc(c6cccc2c63)c54)cc1,2.2276,0.8506999999999998,2.827962529646933,0.7163255479993271,/scratch/jaggbow/mol_xtb_coordinates/chromo6450/geom.xtbopt.xyz,/scratch/jaggbow/mol_xtb_coordinates/chromo6450/mmff.xyz,/scratch/jaggbow/mol_xtb_coordinates/chromo6450/basic.xyz,0,,,,,,
352,chromo2487,CC(C)c1cccc(C(C)C)c1N1C(=O)c2ccc3cc4c(cc5ccc6c7c(ccc4c57)C(=O)N(c4c(C(C)C)cccc4C(C)C)C6=O)c4ccc(c2c34)C1=O,1.9162,1.3887,1.9872607151520387,1.082855283461017,/scratch/jaggbow/mol_xtb_coordinates/chromo2487/geom.xtbopt.xyz,/scratch/jaggbow/mol_xtb_coordinates/chromo2487/mmff.xyz,/scratch/jaggbow/mol_xtb_coordinates/chromo2487/basic.xyz,0,,,,,,
353,chromo3848,Oc1c(-c2nc3c4ccc(-c5ccccc5)cc4c4cc(-c5ccccc5)ccc4c3[nH]2)ccc2c1c1ccccc1n2-c1ccccc1,3.3669,0.8388,3.3092600511606243,0.37343255587493074,/scratch/jaggbow/mol_xtb_coordinates/chromo3848/geom.xtbopt.xyz,/scratch/jaggbow/mol_xtb_coordinates/chromo3848/mmff.xyz,/scratch/jaggbow/mol_xtb_coordinates/chromo3848/basic.xyz,0,,,,,,
354,chromo0481,O=C1c2cccc3c(C#CC#Cc4ccc5c6c(cccc46)C(=O)N(c4ccccc4)C5=O)ccc(c23)C(=O)N1c1ccccc1,2.8499,0.9858999999999998,3.1953176752185932,0.7450155919007736,/scratch/jaggbow/mol_xtb_coordinates/chromo0481/geom.xtbopt.xyz,/scratch/jaggbow/mol_xtb_coordinates/chromo0481/mmff.xyz,/scratch/jaggbow/mol_xtb_coordinates/chromo0481/basic.xyz,0,,,,,,
355,chromo6765,CC(C)[Si](C#Cc1c2cc3ccccc3cc2c(C#Cc2ccccc2)c2cc3ccccc3cc12)(C(C)C)C(C)C,1.6475,1.3075,2.498522980392653,1.1505261805135514,/scratch/jaggbow/mol_xtb_coordinates/chromo6765/geom.xtbopt.xyz,/scratch/jaggbow/mol_xtb_coordinates/chromo6765/mmff.xyz,/scratch/jaggbow/mol_xtb_coordinates/chromo6765/basic.xyz,0,,,,,,
356,chromo4888,CC1=C(c2cccs2)C(C)=[N+]2C1=C(c1ccc(OS(=O)(=O)c3ccc([N+](=O)[O-])cc3[N+](=O)[O-])cc1)c1c(C)c(-c3cccs3)c(C)n1[B-]2(F)F,1.52,0.0611999999999999,3.61823788635313,1.29915193345501,/scratch/jaggbow/mol_xtb_coordinates/chromo4888/geom.xtbopt.xyz,/scratch/jaggbow/mol_xtb_coordinates/chromo4888/mmff.xyz,/scratch/jaggbow/mol_xtb_coordinates/chromo4888/basic.xyz,1,,,,,,
357,chromo2887,CCCCn1c2ccc(-c3cccc(F)c3)cc2c2ccc3c4cc(-c5cccc(F)c5)ccc4n(CCCC)c3c21,3.5176,0.6387,3.946813768440083,0.5548897373103958,/scratch/jaggbow/mol_xtb_coordinates/chromo2887/geom.xtbopt.xyz,/scratch/jaggbow/mol_xtb_coordinates/chromo2887/mmff.xyz,/scratch/jaggbow/mol_xtb_coordinates/chromo2887/basic.xyz,0,,,,,,
358,chromo4212,F[B-]1(F)n2c(c3cccc4cccc2c43)=Nc2cccc[n+]21,2.8773,1.0148,2.5262641776643275,0.6695108373694539,/scratch/jaggbow/mol_xtb_coordinates/chromo4212/geom.xtbopt.xyz,/scratch/jaggbow/mol_xtb_coordinates/chromo4212/mmff.xyz,/scratch/jaggbow/mol_xtb_coordinates/chromo4212/basic.xyz,0,,,,,,
359,chromo2515,CC(C)(C)OC(=O)C=CC1=CC2=C(c3ccccc3)c3cccn3[B-](F)(F)[N+]2=C1,2.6989,1.1264,2.197722897668668,1.0728524932367858,/scratch/jaggbow/mol_xtb_coordinates/chromo2515/geom.xtbopt.xyz,/scratch/jaggbow/mol_xtb_coordinates/chromo2515/mmff.xyz,/scratch/jaggbow/mol_xtb_coordinates/chromo2515/basic.xyz,1,,,,,,
360,chromo4986,FC(F)(F)c1c(-n2c3ccccc3c3ccccc32)c(-n2c3ccccc3c3ccccc32)c(-n2c3ccccc3c3ccccc32)c(-n2c3ccccc3c3ccccc32)c1-n1c2ccccc2c2ccccc21,2.8588,0.1362000000000001,3.4987330742317604,0.19392296133181092,/scratch/jaggbow/mol_xtb_coordinates/chromo4986/geom.xtbopt.xyz,/scratch/jaggbow/mol_xtb_coordinates/chromo4986/mmff.xyz,/scratch/jaggbow/mol_xtb_coordinates/chromo4986/basic.xyz,1,,,,,,
361,chromo3020,CN(C)c1ccc(C=Cc2nc3ccc(Br)cc3nc2-c2ccccc2)cc1,2.679,0.8378999999999999,2.044457035389722,0.5961866968734753,/scratch/jaggbow/mol_xtb_coordinates/chromo3020/geom.xtbopt.xyz,/scratch/jaggbow/mol_xtb_coordinates/chromo3020/mmff.xyz,/scratch/jaggbow/mol_xtb_coordinates/chromo3020/basic.xyz,0,,,,,,
362,chromo0308,[O-][n+]1c(C=Cc2ccccc2)nc(Nc2ccccc2)c2c1CCCC2,2.7728,1.0927000000000002,2.564988661047406,0.7627986825446813,/scratch/jaggbow/mol_xtb_coordinates/chromo0308/geom.xtbopt.xyz,/scratch/jaggbow/mol_xtb_coordinates/chromo0308/mmff.xyz,/scratch/jaggbow/mol_xtb_coordinates/chromo0308/basic.xyz,0,,,,,,
363,chromo5519,CCC1(CC)c2cc(C=C(C#N)C#N)ccc2-c2ccc(N(C)C)cc21,2.6742,0.8556999999999999,2.6673831114961852,0.741324630623475,/scratch/jaggbow/mol_xtb_coordinates/chromo5519/geom.xtbopt.xyz,/scratch/jaggbow/mol_xtb_coordinates/chromo5519/mmff.xyz,/scratch/jaggbow/mol_xtb_coordinates/chromo5519/basic.xyz,0,,,,,,
364,chromo5404,c1ccc(N(c2ccccc2)c2ccc(-c3ccc4c(c3)C3(c5cc(-c6ccc(N(c7ccccc7)c7ccccc7)cc6)ccc5O4)c4ccccc4-c4ccccc43)cc2)cc1,3.4804,0.6717,4.147076637435809,0.5865373567897731,/scratch/jaggbow/mol_xtb_coordinates/chromo5404/geom.xtbopt.xyz,/scratch/jaggbow/mol_xtb_coordinates/chromo5404/mmff.xyz,/scratch/jaggbow/mol_xtb_coordinates/chromo5404/basic.xyz,0,,,,,,
365,chromo1164,[O-]c1ccccc1-c1[nH+]c2c3ccccc3c3ccccc3c2o1,3.6219,1.0432,4.396483144380593,0.8369891416609638,/scratch/jaggbow/mol_xtb_coordinates/chromo1164/geom.xtbopt.xyz,/scratch/jaggbow/mol_xtb_coordinates/chromo1164/mmff.xyz,/scratch/jaggbow/mol_xtb_coordinates/chromo1164/basic.xyz,0,,,,,,
366,chromo5051,COc1ccc(-c2ccc3c(c2)c2cc(-c4ccc(OC)cc4)ccc2n3-c2ccc(C(=O)c3ccc4sc5ccccc5c4c3)nc2)cc1,2.6974,0.2254,3.3907701438950077,0.319043975697639,/scratch/jaggbow/mol_xtb_coordinates/chromo5051/geom.xtbopt.xyz,/scratch/jaggbow/mol_xtb_coordinates/chromo5051/mmff.xyz,/scratch/jaggbow/mol_xtb_coordinates/chromo5051/basic.xyz,1,,,,,,
367,chromo2784,Cc1ccc(Sc2cc3cccc4ccc5cccc2c5c43)cc1,3.359,1.2414999999999998,2.609017963865772,0.6216280293061819,/scratch/jaggbow/mol_xtb_coordinates/chromo2784/geom.xtbopt.xyz,/scratch/jaggbow/mol_xtb_coordinates/chromo2784/mmff.xyz,/scratch/jaggbow/mol_xtb_coordinates/chromo2784/basic.xyz,1,,,,,,
368,chromo3092,Cc1cccc2cc(C)c3c4ccccc4[nH]c3c12,3.7163,1.1595999999999995,4.546312264438798,0.7779602866105203,/scratch/jaggbow/mol_xtb_coordinates/chromo3092/geom.xtbopt.xyz,/scratch/jaggbow/mol_xtb_coordinates/chromo3092/mmff.xyz,/scratch/jaggbow/mol_xtb_coordinates/chromo3092/basic.xyz,0,,,,,,
369,chromo2150,N#Cc1ccc(-n2c(-c3ccc(-c4ccc(-n5c6ccccc6c6ccccc65)cc4)s3)nc3c4ccccc4c4ccccc4c32)c2ccccc12,2.2293,0.0890999999999997,2.558153463721588,0.44222636455407965,/scratch/jaggbow/mol_xtb_coordinates/chromo2150/geom.xtbopt.xyz,/scratch/jaggbow/mol_xtb_coordinates/chromo2150/mmff.xyz,/scratch/jaggbow/mol_xtb_coordinates/chromo2150/basic.xyz,1,,,,,,
370,chromo5245,CN(C)c1ccc2nc(C=Cc3ccccc3)c(=O)oc2c1,2.8074,1.253,3.5099775420200805,1.2161378317372895,/scratch/jaggbow/mol_xtb_coordinates/chromo5245/geom.xtbopt.xyz,/scratch/jaggbow/mol_xtb_coordinates/chromo5245/mmff.xyz,/scratch/jaggbow/mol_xtb_coordinates/chromo5245/basic.xyz,0,,,,,,
371,chromo5067,c1ccc2c(c1)c1ccccc1n2-c1ccc(-c2nnc(-c3ccc(-n4c5ccccc5c5ccccc54)cc3)o2)cc1,3.1051,0.5290000000000004,4.827362073718464,0.6646149580468339,/scratch/jaggbow/mol_xtb_coordinates/chromo5067/geom.xtbopt.xyz,/scratch/jaggbow/mol_xtb_coordinates/chromo5067/mmff.xyz,/scratch/jaggbow/mol_xtb_coordinates/chromo5067/basic.xyz,1,,,,,,
372,chromo3325,Cc1ccc(C=Nc2cc(C(C)C)c(O)cc2C)cc1,3.4217,1.0013999999999998,3.3252673776566453,0.4585804116454747,/scratch/jaggbow/mol_xtb_coordinates/chromo3325/geom.xtbopt.xyz,/scratch/jaggbow/mol_xtb_coordinates/chromo3325/mmff.xyz,/scratch/jaggbow/mol_xtb_coordinates/chromo3325/basic.xyz,1,,,,,,
373,chromo3481,CCOC(=O)c1c(-c2cc3c(ccc4ccccc43)oc2=O)nn(-c2cccc(Cl)c2)c1C(=O)OCC,3.4844,1.2209,2.4994073496010207,0.6266422532538178,/scratch/jaggbow/mol_xtb_coordinates/chromo3481/geom.xtbopt.xyz,/scratch/jaggbow/mol_xtb_coordinates/chromo3481/mmff.xyz,/scratch/jaggbow/mol_xtb_coordinates/chromo3481/basic.xyz,0,,,,,,
374,chromo2284,O=[N+]([O-])c1ccc([N+]2=Cc3ccc4ccccc4c3O[B-]2(F)F)cc1,2.8563,0.7887,4.18807093227516,1.1556334210946821,/scratch/jaggbow/mol_xtb_coordinates/chromo2284/geom.xtbopt.xyz,/scratch/jaggbow/mol_xtb_coordinates/chromo2284/mmff.xyz,/scratch/jaggbow/mol_xtb_coordinates/chromo2284/basic.xyz,0,,,,,,
375,chromo4510,N#CC(C#N)=Cc1cn(-c2ccccc2)nc1-c1ccccc1,3.4158,1.0757,3.1113895792468056,0.8145765309361486,/scratch/jaggbow/mol_xtb_coordinates/chromo4510/geom.xtbopt.xyz,/scratch/jaggbow/mol_xtb_coordinates/chromo4510/mmff.xyz,/scratch/jaggbow/mol_xtb_coordinates/chromo4510/basic.xyz,0,,,,,,
376,chromo2414,CCN(CC)c1ccc(C=Nc2cc3ccccc3cc2N=Cc2ccc(N(CC)CC)cc2O)c(O)c1,3.2051,0.8605,2.308406976234918,0.21698704389446213,/scratch/jaggbow/mol_xtb_coordinates/chromo2414/geom.xtbopt.xyz,/scratch/jaggbow/mol_xtb_coordinates/chromo2414/mmff.xyz,/scratch/jaggbow/mol_xtb_coordinates/chromo2414/basic.xyz,1,,,,,,
377,chromo5988,C1=Cc2nc1c(-c1ccccc1)c1ccc([nH]1)c(-c1ccccc1)c1nc(c(-c3ccccc3)c3ccc([nH]3)c2-c2ccccc2)C=C1,2.1436,0.7856000000000001,1.9877650252531132,0.18322639444319883,/scratch/jaggbow/mol_xtb_coordinates/chromo5988/geom.xtbopt.xyz,/scratch/jaggbow/mol_xtb_coordinates/chromo5988/mmff.xyz,/scratch/jaggbow/mol_xtb_coordinates/chromo5988/basic.xyz,0,,,,,,
378,chromo3134,C(=Cc1ccc(C=CSC=C2CCCCCC2)cc1)SC=C1CCCCCC1,3.3858,1.2338,3.6541021824750946,0.8898099552773995,/scratch/jaggbow/mol_xtb_coordinates/chromo3134/geom.xtbopt.xyz,/scratch/jaggbow/mol_xtb_coordinates/chromo3134/mmff.xyz,/scratch/jaggbow/mol_xtb_coordinates/chromo3134/basic.xyz,1,,,,,,
379,chromo2561,CCOC(=O)C1c2ccccc2C(=O)N1c1ccccc1,4.0815,0.8206000000000002,4.100302390557399,0.6337014256735222,/scratch/jaggbow/mol_xtb_coordinates/chromo2561/geom.xtbopt.xyz,/scratch/jaggbow/mol_xtb_coordinates/chromo2561/mmff.xyz,/scratch/jaggbow/mol_xtb_coordinates/chromo2561/basic.xyz,0,,,,,,
380,chromo3136,CC1CCC(=CSC=Cc2ccc(C=CSC=C3CCC(C)CC3)cc2)CC1,3.3861,1.2399,2.889337482277079,0.6310099745318769,/scratch/jaggbow/mol_xtb_coordinates/chromo3136/geom.xtbopt.xyz,/scratch/jaggbow/mol_xtb_coordinates/chromo3136/mmff.xyz,/scratch/jaggbow/mol_xtb_coordinates/chromo3136/basic.xyz,0,,,,,,
381,chromo1082,CC1=C2c3ccccc3C(C)=[N+]2[B-](F)(F)n2c(C)c3cc4c(-c5ccccc5)c5c(c(-c6ccccc6)c4cc3c21)-c1cccc2cccc-5c12,2.0934,1.012,1.3175994292192628,1.1234555653887357,/scratch/jaggbow/mol_xtb_coordinates/chromo1082/geom.xtbopt.xyz,/scratch/jaggbow/mol_xtb_coordinates/chromo1082/mmff.xyz,/scratch/jaggbow/mol_xtb_coordinates/chromo1082/basic.xyz,0,,,,,,
382,chromo1101,CC1=c2ccccc2=[N+]2C1=Cc1c3ccccc3c(-c3[nH]c4ccccc4c3C)n1[B-]2(F)F,2.1708,1.0708999999999995,1.9756106330449732,0.8727258379443037,/scratch/jaggbow/mol_xtb_coordinates/chromo1101/geom.xtbopt.xyz,/scratch/jaggbow/mol_xtb_coordinates/chromo1101/mmff.xyz,/scratch/jaggbow/mol_xtb_coordinates/chromo1101/basic.xyz,0,,,,,,
383,chromo2810,CCN(CC)c1ccc2cc(-c3nc4cc(C(=O)Nc5ccccc5[N+](=O)[O-])ccc4o3)c(=O)oc2c1,2.5828,0.4900000000000002,2.846785162778294,0.7084492883155743,/scratch/jaggbow/mol_xtb_coordinates/chromo2810/geom.xtbopt.xyz,/scratch/jaggbow/mol_xtb_coordinates/chromo2810/mmff.xyz,/scratch/jaggbow/mol_xtb_coordinates/chromo2810/basic.xyz,1,,,,,,
384,chromo1021,CCCCCCOC(=O)C=CC1=CC2=C(c3c(C)cc(C)cc3C)c3cc(C=CC(=O)OCCCCCC)cn3[B-](F)(F)[N+]2=C1,2.5146,0.9878000000000002,2.1240698421951074,0.9451584067501697,/scratch/jaggbow/mol_xtb_coordinates/chromo1021/geom.xtbopt.xyz,/scratch/jaggbow/mol_xtb_coordinates/chromo1021/mmff.xyz,/scratch/jaggbow/mol_xtb_coordinates/chromo1021/basic.xyz,1,,,,,,
385,chromo6282,COc1ccc(-c2cccc3ncc(-c4ccc(C#N)cc4)n23)cc1,3.3982,0.8264,2.690082678188264,0.3203094489008748,/scratch/jaggbow/mol_xtb_coordinates/chromo6282/geom.xtbopt.xyz,/scratch/jaggbow/mol_xtb_coordinates/chromo6282/mmff.xyz,/scratch/jaggbow/mol_xtb_coordinates/chromo6282/basic.xyz,0,,,,,,
386,chromo3474,CCOC(=O)c1c(-c2cc3ccc(OC)cc3oc2=O)nn(-c2cccc(C)c2)c1C(=O)OCC,3.8428,1.2747000000000002,3.451819870502097,0.8131396209606979,/scratch/jaggbow/mol_xtb_coordinates/chromo3474/geom.xtbopt.xyz,/scratch/jaggbow/mol_xtb_coordinates/chromo3474/mmff.xyz,/scratch/jaggbow/mol_xtb_coordinates/chromo3474/basic.xyz,1,,,,,,
387,chromo0761,COc1ccc(C=Cc2nc(C=Cc3ccc(N(C)C)cc3)cc(C=Cc3ccc(N(C)C)cc3)n2)cc1,2.937,0.8304999999999998,4.34484754707604,0.9968016656231784,/scratch/jaggbow/mol_xtb_coordinates/chromo0761/geom.xtbopt.xyz,/scratch/jaggbow/mol_xtb_coordinates/chromo0761/mmff.xyz,/scratch/jaggbow/mol_xtb_coordinates/chromo0761/basic.xyz,1,,,,,,
388,chromo3015,CCCCCCc1ccc2c3c(ccc2c1)O[B-](F)(F)[N+](c1ccc([N+]2=Cc4c(ccc5cc(CCCCCC)ccc45)O[B-]2(F)F)cc1)=C3,2.857,0.7771000000000003,2.212871790828004,0.5828301132838584,/scratch/jaggbow/mol_xtb_coordinates/chromo3015/geom.xtbopt.xyz,/scratch/jaggbow/mol_xtb_coordinates/chromo3015/mmff.xyz,/scratch/jaggbow/mol_xtb_coordinates/chromo3015/basic.xyz,0,,,,,,
389,chromo5498,CCC1=C(C)C2=Cc3c4ccccc4c4n3[B-](c3ccc5ccc6cccc7ccc3c5c67)(Oc3ccccc3-4)[N+]2=C1C,1.9623,0.7333999999999998,2.180580836517235,0.9764169841753234,/scratch/jaggbow/mol_xtb_coordinates/chromo5498/geom.xtbopt.xyz,/scratch/jaggbow/mol_xtb_coordinates/chromo5498/mmff.xyz,/scratch/jaggbow/mol_xtb_coordinates/chromo5498/basic.xyz,0,,,,,,
390,chromo5510,CC(C)[Si]1(C(C)C)c2cc(N(C)C)ccc2-c2ccc(C(F)(F)F)cc21,3.5884,0.9423,3.703361341587015,0.8345521036886715,/scratch/jaggbow/mol_xtb_coordinates/chromo5510/geom.xtbopt.xyz,/scratch/jaggbow/mol_xtb_coordinates/chromo5510/mmff.xyz,/scratch/jaggbow/mol_xtb_coordinates/chromo5510/basic.xyz,0,,,,,,
391,chromo3049,O=C1c2ccccc2C(=O)N1c1ccc(Cn2cncn2)cc1,3.4259,0.3913999999999999,3.5703443911917487,0.3052549677281612,/scratch/jaggbow/mol_xtb_coordinates/chromo3049/geom.xtbopt.xyz,/scratch/jaggbow/mol_xtb_coordinates/chromo3049/mmff.xyz,/scratch/jaggbow/mol_xtb_coordinates/chromo3049/basic.xyz,0,,,,,,
392,chromo2490,CC(C)c1cccc(C(C)C)c1N1C(=O)c2ccc3c(-c4ccccc4)c4c5ccc6c7c(ccc(c(-c8ccccc8)c4c4ccc(c2c34)C1=O)c75)C(=O)N(c1c(C(C)C)cccc1C(C)C)C6=O,1.9409,1.1718000000000002,2.904517559188818,1.1593250743045511,/scratch/jaggbow/mol_xtb_coordinates/chromo2490/geom.xtbopt.xyz,/scratch/jaggbow/mol_xtb_coordinates/chromo2490/mmff.xyz,/scratch/jaggbow/mol_xtb_coordinates/chromo2490/basic.xyz,0,,,,,,
393,chromo5350,CC(C)(C)NC(=O)c1ccc(Br)c2ccc3c4ccc(F)cc4c4cc(F)ccc4c3c12,3.4151,1.1464999999999996,4.1899188117722606,0.7735540718855222,/scratch/jaggbow/mol_xtb_coordinates/chromo5350/geom.xtbopt.xyz,/scratch/jaggbow/mol_xtb_coordinates/chromo5350/mmff.xyz,/scratch/jaggbow/mol_xtb_coordinates/chromo5350/basic.xyz,0,,,,,,
394,chromo5521,CCOc1ccc(C=CC=CC=Cc2ccc([N+](=O)[O-])cc2)cc1,2.5938,1.2034999999999998,2.176287046571904,0.8723914942302007,/scratch/jaggbow/mol_xtb_coordinates/chromo5521/geom.xtbopt.xyz,/scratch/jaggbow/mol_xtb_coordinates/chromo5521/mmff.xyz,/scratch/jaggbow/mol_xtb_coordinates/chromo5521/basic.xyz,1,,,,,,
395,chromo1832,CC[n+]1c(C=C2C(=O)C(C=C3Sc4cc(Cl)ccc4N3C)=C2[O-])[se]c2ccccc21,2.1601,1.2357999999999998,0.3649395630521507,-0.6814625345411861,/scratch/jaggbow/mol_xtb_coordinates/chromo1832/geom.xtbopt.xyz,/scratch/jaggbow/mol_xtb_coordinates/chromo1832/mmff.xyz,/scratch/jaggbow/mol_xtb_coordinates/chromo1832/basic.xyz,0,,,,,,
396,chromo6237,CCC(CC)COC1=CC2=C3c4cc(OCC(CC)CC)c(-c5ccccc5)n4[B-](F)(F)[n+]4c3n(c3cc(C(C)(C)C)ccc34)[B-](F)(F)[N+]2=C1c1ccccc1,2.1111,1.2391,3.52995007632852,1.5363330453526634,/scratch/jaggbow/mol_xtb_coordinates/chromo6237/geom.xtbopt.xyz,/scratch/jaggbow/mol_xtb_coordinates/chromo6237/mmff.xyz,/scratch/jaggbow/mol_xtb_coordinates/chromo6237/basic.xyz,0,,,,,,
397,chromo2208,CC(C)(C)c1ccc(-c2c(-c3ccc4c5ccccc5n(-c5ccccc5)c4c3)c(C#N)c(-c3ccc4c5ccccc5n(-c5ccccc5)c4c3)c(-c3ccc(C(C)(C)C)cc3)c2-c2ccc(C(C)(C)C)cc2)cc1,3.4972,0.4981,4.547494539226736,0.6426546799509336,/scratch/jaggbow/mol_xtb_coordinates/chromo2208/geom.xtbopt.xyz,/scratch/jaggbow/mol_xtb_coordinates/chromo2208/mmff.xyz,/scratch/jaggbow/mol_xtb_coordinates/chromo2208/basic.xyz,1,,,,,,
398,chromo2426,COC(=O)c1cc(=O)n(C)c2cc(-c3cccc(OC)c3)sc12,3.101,1.1823,1.79648498976838,0.6570373878425664,/scratch/jaggbow/mol_xtb_coordinates/chromo2426/geom.xtbopt.xyz,/scratch/jaggbow/mol_xtb_coordinates/chromo2426/mmff.xyz,/scratch/jaggbow/mol_xtb_coordinates/chromo2426/basic.xyz,1,,,,,,
399,chromo3096,COc1cccc2cc(C)c3c4ccccc4n(C)c3c12,3.6824,1.0343,2.4410410594966523,0.2425246652195645,/scratch/jaggbow/mol_xtb_coordinates/chromo3096/geom.xtbopt.xyz,/scratch/jaggbow/mol_xtb_coordinates/chromo3096/mmff.xyz,/scratch/jaggbow/mol_xtb_coordinates/chromo3096/basic.xyz,0,,,,,,
400,chromo3135,C(=Cc1ccc(C=CSC=C2CCCCCCC2)cc1)SC=C1CCCCCCC1,3.3378,1.2184,5.19321320316405,1.250754815857764,/scratch/jaggbow/mol_xtb_coordinates/chromo3135/geom.xtbopt.xyz,/scratch/jaggbow/mol_xtb_coordinates/chromo3135/mmff.xyz,/scratch/jaggbow/mol_xtb_coordinates/chromo3135/basic.xyz,1,,,,,,
401,chromo0491,COc1ccc(N=Nc2c(O)c3ccccc3n(C)c2=O)c(S(=O)(=O)O)c1,2.7448,0.9398000000000002,1.1036760764006188,-0.06538759617657289,/scratch/jaggbow/mol_xtb_coordinates/chromo0491/geom.xtbopt.xyz,/scratch/jaggbow/mol_xtb_coordinates/chromo0491/mmff.xyz,/scratch/jaggbow/mol_xtb_coordinates/chromo0491/basic.xyz,0,,,,,,
402,chromo3700,Fc1ccc(C#Cc2nc(C#Cc3ccc(F)cc3)c(C#Cc3ccc(F)cc3)c(C#Cc3ccc(F)cc3)c2C#Cc2ccc(F)cc2)cc1,2.8242,0.8917999999999999,2.9929107790741645,0.47960541352981173,/scratch/jaggbow/mol_xtb_coordinates/chromo3700/geom.xtbopt.xyz,/scratch/jaggbow/mol_xtb_coordinates/chromo3700/mmff.xyz,/scratch/jaggbow/mol_xtb_coordinates/chromo3700/basic.xyz,1,,,,,,
403,chromo3307,Oc1ccc(N=Cc2ccccc2Oc2ccccc2)cc1,3.4997,1.0999,3.6373085061197803,0.5267005126539932,/scratch/jaggbow/mol_xtb_coordinates/chromo3307/geom.xtbopt.xyz,/scratch/jaggbow/mol_xtb_coordinates/chromo3307/mmff.xyz,/scratch/jaggbow/mol_xtb_coordinates/chromo3307/basic.xyz,1,,,,,,
404,chromo4709,N#CC(C#N)=Cc1ccc(-c2ccc(O)c(-c3nc4ccccc4s3)c2)o1,2.8276,1.1455,3.5679337369058723,1.1889536208535825,/scratch/jaggbow/mol_xtb_coordinates/chromo4709/geom.xtbopt.xyz,/scratch/jaggbow/mol_xtb_coordinates/chromo4709/mmff.xyz,/scratch/jaggbow/mol_xtb_coordinates/chromo4709/basic.xyz,1,,,,,,
405,chromo2132,c1ccc(-n2c3ccccc3c3cc(-c4cccc(-n5c6cccnc6c6c7sc8ccccc8c7ccc65)c4)ccc32)cc1,3.6535,0.6935000000000002,4.413671351812745,0.6050843031807875,/scratch/jaggbow/mol_xtb_coordinates/chromo2132/geom.xtbopt.xyz,/scratch/jaggbow/mol_xtb_coordinates/chromo2132/mmff.xyz,/scratch/jaggbow/mol_xtb_coordinates/chromo2132/basic.xyz,0,,,,,,
406,chromo6754,O=c1c2cccc3cccc(c32)c2nc3c(F)c(F)c(F)c(F)c3n12,3.0164,0.993,1.8379277561368603,0.4386132545789568,/scratch/jaggbow/mol_xtb_coordinates/chromo6754/geom.xtbopt.xyz,/scratch/jaggbow/mol_xtb_coordinates/chromo6754/mmff.xyz,/scratch/jaggbow/mol_xtb_coordinates/chromo6754/basic.xyz,0,,,,,,
407,chromo6233,CCCCN(CCCC)c1ccc2c#cc3cc4c#cc5ccc(C(F)(F)F)cc5c#cc#cc5cc(N(CCCC)CCCC)ccc5c#cc4cc3c#cc3ccc(C(F)(F)F)cc3c#cc#cc2c1,2.2737,0.4548999999999998,2.118027899734156,0.12737555691889169,/scratch/jaggbow/mol_xtb_coordinates/chromo6233/geom.xtbopt.xyz,/scratch/jaggbow/mol_xtb_coordinates/chromo6233/mmff.xyz,/scratch/jaggbow/mol_xtb_coordinates/chromo6233/basic.xyz,0,,,,,,
408,chromo0311,[O-][n+]1c(C=Cc2ccc3ccccc3c2)nc(N2CCOCC2)c2c1CCCC2,2.9267,1.2063,3.3184024168447377,0.9619602902646687,/scratch/jaggbow/mol_xtb_coordinates/chromo0311/geom.xtbopt.xyz,/scratch/jaggbow/mol_xtb_coordinates/chromo0311/mmff.xyz,/scratch/jaggbow/mol_xtb_coordinates/chromo0311/basic.xyz,0,,,,,,
409,chromo4994,CC(C)(C)c1ccc2c(c1)c1cc(C(C)(C)C)ccc1n2-c1ccc(-c2nc(-c3ccc(P(=O)(c4ccccc4)c4ccccc4)cc3)nc(-c3ccc(P(=O)(c4ccccc4)c4ccccc4)cc3)n2)cc1,2.8,0.2764999999999999,3.5169993968137,0.36825581602961843,/scratch/jaggbow/mol_xtb_coordinates/chromo4994/geom.xtbopt.xyz,/scratch/jaggbow/mol_xtb_coordinates/chromo4994/mmff.xyz,/scratch/jaggbow/mol_xtb_coordinates/chromo4994/basic.xyz,1,,,,,,
410,chromo6122,CCCCCc1c(C(=O)c2ccc3c4c(cccc24)-c2cccc4c2C3CC=C4)c2ccc3cccc4c5cccc6ccc1c(c65)c2c34,2.7916,0.7845,1.0797131093997039,0.14046378512372715,/scratch/jaggbow/mol_xtb_coordinates/chromo6122/geom.xtbopt.xyz,/scratch/jaggbow/mol_xtb_coordinates/chromo6122/mmff.xyz,/scratch/jaggbow/mol_xtb_coordinates/chromo6122/basic.xyz,0,,,,,,
411,chromo3702,C(#Cc1c(C#Cc2ccccc2)c(C#Cc2ccccc2)c(C#Cc2ccccc2)c(C#Cc2ccccc2)c1C#Cc1ccccc1)c1ccccc1,2.6499,0.8325000000000002,3.369084002053508,0.39077392532369537,/scratch/jaggbow/mol_xtb_coordinates/chromo3702/geom.xtbopt.xyz,/scratch/jaggbow/mol_xtb_coordinates/chromo3702/mmff.xyz,/scratch/jaggbow/mol_xtb_coordinates/chromo3702/basic.xyz,1,,,,,,
412,chromo0435,Cc1cc(O)c(C(=O)C=Cc2ccc([N+](=O)[O-])cc2)c(=O)o1,3.3054,1.0465,3.7395737323306237,0.7689529954863135,/scratch/jaggbow/mol_xtb_coordinates/chromo0435/geom.xtbopt.xyz,/scratch/jaggbow/mol_xtb_coordinates/chromo0435/mmff.xyz,/scratch/jaggbow/mol_xtb_coordinates/chromo0435/basic.xyz,0,,,,,,
413,chromo2302,CCCCN1c2ccccc2B(c2ccccc2C(F)(F)F)c2ccccc21,3.4734,0.7374999999999998,4.73418330931141,1.0351024566247027,/scratch/jaggbow/mol_xtb_coordinates/chromo2302/geom.xtbopt.xyz,/scratch/jaggbow/mol_xtb_coordinates/chromo2302/mmff.xyz,/scratch/jaggbow/mol_xtb_coordinates/chromo2302/basic.xyz,0,,,,,,
414,chromo0414,Cc1ccc(C=Cc2nc(-c3ccc([N+](=O)[O-])cc3)[nH]c2C=Cc2ccc(C)cc2)cc1,2.3049,0.6523999999999999,3.0584121200395553,0.7891885467468683,/scratch/jaggbow/mol_xtb_coordinates/chromo0414/geom.xtbopt.xyz,/scratch/jaggbow/mol_xtb_coordinates/chromo0414/mmff.xyz,/scratch/jaggbow/mol_xtb_coordinates/chromo0414/basic.xyz,1,,,,,,
415,chromo5511,CC(C)[Si]1(C(C)C)c2cc(C#N)ccc2-c2ccc(N(C)C)cc21,3.4341,0.9501999999999996,3.6362986598525167,0.8302594851033098,/scratch/jaggbow/mol_xtb_coordinates/chromo5511/geom.xtbopt.xyz,/scratch/jaggbow/mol_xtb_coordinates/chromo5511/mmff.xyz,/scratch/jaggbow/mol_xtb_coordinates/chromo5511/basic.xyz,0,,,,,,
416,chromo4718,N#CC(C#N)=Cc1ccc(-c2ccc(-c3nc4ccccc4s3)c(O)c2)s1,2.744,1.0224000000000002,3.964547062271332,1.2321060241906272,/scratch/jaggbow/mol_xtb_coordinates/chromo4718/geom.xtbopt.xyz,/scratch/jaggbow/mol_xtb_coordinates/chromo4718/mmff.xyz,/scratch/jaggbow/mol_xtb_coordinates/chromo4718/basic.xyz,1,,,,,,
417,chromo2473,CN(C)c1ncc2nc(C#N)n(Cc3ccccc3)c2n1,3.688,1.1285000000000005,3.757312943905761,0.9562421854520382,/scratch/jaggbow/mol_xtb_coordinates/chromo2473/geom.xtbopt.xyz,/scratch/jaggbow/mol_xtb_coordinates/chromo2473/mmff.xyz,/scratch/jaggbow/mol_xtb_coordinates/chromo2473/basic.xyz,0,,,,,,
418,chromo4352,Clc1nnc(ON=Cc2ccc(N(c3ccc(Br)cc3)c3ccc(Br)cc3)cc2)nn1,2.1684,0.7418,2.8420312834524637,0.2308442775282714,/scratch/jaggbow/mol_xtb_coordinates/chromo4352/geom.xtbopt.xyz,/scratch/jaggbow/mol_xtb_coordinates/chromo4352/mmff.xyz,/scratch/jaggbow/mol_xtb_coordinates/chromo4352/basic.xyz,0,,,,,,
419,chromo3281,F[B-]1(F)n2c(ccc2N2CCOCC2)C(c2ccccc2)=C2C=CC(N3CCOCC3)=[N+]21,2.5803,1.3118,3.436289811352358,1.7649930357026484,/scratch/jaggbow/mol_xtb_coordinates/chromo3281/geom.xtbopt.xyz,/scratch/jaggbow/mol_xtb_coordinates/chromo3281/mmff.xyz,/scratch/jaggbow/mol_xtb_coordinates/chromo3281/basic.xyz,1,,,,,,
420,chromo5355,c1ccc(-n2c3ccccc3c3cc(C4(c5ccc6c(c5)c5ccccc5n6-c5ccccc5)c5cc(-c6ccc7ccc8cccc9ccc6c7c89)ccc5-c5ccc(-c6ccc7ccc8cccc9ccc6c7c89)cc54)ccc32)cc1,3.0882,1.0696,4.404018787564552,1.1204618723458841,/scratch/jaggbow/mol_xtb_coordinates/chromo5355/geom.xtbopt.xyz,/scratch/jaggbow/mol_xtb_coordinates/chromo5355/mmff.xyz,/scratch/jaggbow/mol_xtb_coordinates/chromo5355/basic.xyz,1,,,,,,
421,chromo1161,CCN(CC)c1ccc(C=CC2=[O+][B-](F)(F)Oc3c2c(=O)oc2cc(N(CC)CC)ccc32)cc1,2.709,0.8284,3.5531693803135864,1.0354600933424918,/scratch/jaggbow/mol_xtb_coordinates/chromo1161/geom.xtbopt.xyz,/scratch/jaggbow/mol_xtb_coordinates/chromo1161/mmff.xyz,/scratch/jaggbow/mol_xtb_coordinates/chromo1161/basic.xyz,0,,,,,,
422,chromo1797,CCC1=C(C)c2cc3[nH]c(cc4nc(c5c6[nH]c(cc1n2)c(C)c6C(=O)C5)C(CCC(=O)OC)C4C)c(C)c3C=C(c1ccccc1)[N+](=O)[O-],1.9942,0.7585,2.9361019995257074,0.6387539818197139,/scratch/jaggbow/mol_xtb_coordinates/chromo1797/geom.xtbopt.xyz,/scratch/jaggbow/mol_xtb_coordinates/chromo1797/mmff.xyz,/scratch/jaggbow/mol_xtb_coordinates/chromo1797/basic.xyz,0,,,,,,
423,chromo5267,CC1=CC(C)=[N+]2C1=C(c1c3ccccc3c(-c3ccccc3)c3ccccc13)c1c(C)cc(C)n1[B-]2(F)F,2.4196,0.9135,3.248273718384984,1.5158692172351191,/scratch/jaggbow/mol_xtb_coordinates/chromo5267/geom.xtbopt.xyz,/scratch/jaggbow/mol_xtb_coordinates/chromo5267/mmff.xyz,/scratch/jaggbow/mol_xtb_coordinates/chromo5267/basic.xyz,1,,,,,,
424,chromo6692,CCCCCCOc1ccc2c(c1)-c1cc3c(cc1[Si]2(C)C)-c1ccccc1[Si]3(C)C,3.6755,1.1056,3.907588094705605,0.7025491805981304,/scratch/jaggbow/mol_xtb_coordinates/chromo6692/geom.xtbopt.xyz,/scratch/jaggbow/mol_xtb_coordinates/chromo6692/mmff.xyz,/scratch/jaggbow/mol_xtb_coordinates/chromo6692/basic.xyz,0,,,,,,
425,chromo2443,CC(=O)c1cc(=O)n(C)c2cc(-c3ccc(N(C)C)cc3)sc12,2.6191,0.8869,5.274330816692913,1.4967748127103517,/scratch/jaggbow/mol_xtb_coordinates/chromo2443/geom.xtbopt.xyz,/scratch/jaggbow/mol_xtb_coordinates/chromo2443/mmff.xyz,/scratch/jaggbow/mol_xtb_coordinates/chromo2443/basic.xyz,1,,,,,,
426,chromo5914,COc1ccc(-c2cc(-c3ccccc3)nn2C)cc1,4.6015,1.4183999999999997,7.262726619261189,1.34802454448964,/scratch/jaggbow/mol_xtb_coordinates/chromo5914/geom.xtbopt.xyz,/scratch/jaggbow/mol_xtb_coordinates/chromo5914/mmff.xyz,/scratch/jaggbow/mol_xtb_coordinates/chromo5914/basic.xyz,1,,,,,,
427,chromo0307,CCCCNc1nc(C=Cc2ccccc2)[n+]([O-])c2c1CCCC2,2.8472,1.1765,0.7873377930662275,0.4231582027146102,/scratch/jaggbow/mol_xtb_coordinates/chromo0307/geom.xtbopt.xyz,/scratch/jaggbow/mol_xtb_coordinates/chromo0307/mmff.xyz,/scratch/jaggbow/mol_xtb_coordinates/chromo0307/basic.xyz,0,,,,,,
428,chromo2205,CC(C)(C)c1ccc(-c2c(-c3ccc(-n4c5ccccc5c5ccccc54)cc3)c(C#N)c(-c3ccc(-n4c5ccccc5c5ccccc54)cc3)c(-c3ccc(C(C)(C)C)cc3)c2-c2ccc(C(C)(C)C)cc2)cc1,3.3103,0.2825999999999999,3.5596802315023797,0.3817079284680239,/scratch/jaggbow/mol_xtb_coordinates/chromo2205/geom.xtbopt.xyz,/scratch/jaggbow/mol_xtb_coordinates/chromo2205/mmff.xyz,/scratch/jaggbow/mol_xtb_coordinates/chromo2205/basic.xyz,1,,,,,,
429,chromo4386,CC(C)(C)c1ccc(-c2cc3ccc4cc(-c5ccc(C(C)(C)C)cc5)cc5ccc(c2)c3c45)cc1,3.3873,1.2721,2.8316027288509957,0.600602468311309,/scratch/jaggbow/mol_xtb_coordinates/chromo4386/geom.xtbopt.xyz,/scratch/jaggbow/mol_xtb_coordinates/chromo4386/mmff.xyz,/scratch/jaggbow/mol_xtb_coordinates/chromo4386/basic.xyz,1,,,,,,
430,chromo5567,Cc1cc(C)n2c1C=C1c3ccccc3C(c3[nH]c4ccccc4c3C)=[N+]1[B-]2(F)F,2.2801,1.1146,2.8815027621973845,1.2831563470767304,/scratch/jaggbow/mol_xtb_coordinates/chromo5567/geom.xtbopt.xyz,/scratch/jaggbow/mol_xtb_coordinates/chromo5567/mmff.xyz,/scratch/jaggbow/mol_xtb_coordinates/chromo5567/basic.xyz,0,,,,,,
431,chromo4514,CC1=NN(c2ccccc2)C(=O)C1=Cc1cn(-c2ccccc2)nc1-c1ccccc1,2.5404,0.7748999999999999,1.1197946128206424,0.18626221577938734,/scratch/jaggbow/mol_xtb_coordinates/chromo4514/geom.xtbopt.xyz,/scratch/jaggbow/mol_xtb_coordinates/chromo4514/mmff.xyz,/scratch/jaggbow/mol_xtb_coordinates/chromo4514/basic.xyz,0,,,,,,
432,chromo5444,C(=Cc1ccc(N(c2ccccc2)c2ccccc2)cc1)c1ccc(-c2ccc(C=Cc3ccc(N(c4ccccc4)c4ccccc4)cc3)cc2)cc1,2.7124,0.7949000000000002,4.1460147230307065,0.761585716501504,/scratch/jaggbow/mol_xtb_coordinates/chromo5444/geom.xtbopt.xyz,/scratch/jaggbow/mol_xtb_coordinates/chromo5444/mmff.xyz,/scratch/jaggbow/mol_xtb_coordinates/chromo5444/basic.xyz,1,,,,,,
433,chromo6437,COc1cc2c(cc1OC)C1=CC(c3ccccc3)C3(C(C#N)=C(C#N)N1CC2)c1ccccc1-c1ccccc13,3.2808,0.9212000000000002,3.8632419539003813,1.1312870360389842,/scratch/jaggbow/mol_xtb_coordinates/chromo6437/geom.xtbopt.xyz,/scratch/jaggbow/mol_xtb_coordinates/chromo6437/mmff.xyz,/scratch/jaggbow/mol_xtb_coordinates/chromo6437/basic.xyz,0,,,,,,
434,chromo1932,CCN1C(=O)C(C2C(=O)c3c4ccccc4cc4cc5ccccc5c2c34)C(=O)N(CC)C1=S,2.2493,1.2612,2.301715015921777,1.0018196924974425,/scratch/jaggbow/mol_xtb_coordinates/chromo1932/geom.xtbopt.xyz,/scratch/jaggbow/mol_xtb_coordinates/chromo1932/mmff.xyz,/scratch/jaggbow/mol_xtb_coordinates/chromo1932/basic.xyz,0,,,,,,
435,chromo2170,c1ccc2c(c1)c1ccccc1n2-c1ccc2c(c1)c1ccccc1n2-c1ccc(-n2c3ccccc3c3cc(-n4c5ccccc5c5ccccc54)ccc32)cc1,3.5558,0.4129,2.278983552292166,0.057626074743656885,/scratch/jaggbow/mol_xtb_coordinates/chromo2170/geom.xtbopt.xyz,/scratch/jaggbow/mol_xtb_coordinates/chromo2170/mmff.xyz,/scratch/jaggbow/mol_xtb_coordinates/chromo2170/basic.xyz,1,,,,,,
436,chromo3539,COc1cc(-c2ncc(-c3ccncc3)o2)cc(OC)c1OC,3.6033,1.1661,4.247328875894067,1.0471552873854035,/scratch/jaggbow/mol_xtb_coordinates/chromo3539/geom.xtbopt.xyz,/scratch/jaggbow/mol_xtb_coordinates/chromo3539/mmff.xyz,/scratch/jaggbow/mol_xtb_coordinates/chromo3539/basic.xyz,1,,,,,,
437,chromo3963,C=CCN(CC=C)c1ccc(-c2cc(-c3ccc(N(CC=C)CC=C)cc3)cc(-c3ccc(N(CC=C)CC=C)cc3)c2)cc1,3.8597,0.9827000000000004,5.422814365136998,1.0417709597381377,/scratch/jaggbow/mol_xtb_coordinates/chromo3963/geom.xtbopt.xyz,/scratch/jaggbow/mol_xtb_coordinates/chromo3963/mmff.xyz,/scratch/jaggbow/mol_xtb_coordinates/chromo3963/basic.xyz,1,,,,,,
438,chromo1467,O=[N+]([O-])c1ccc(C#Cc2ccc3ccc(C#Cc4ccc([N+](=O)[O-])cc4)cc3c2)cc1,3.0868,0.9650000000000004,3.978234206179364,0.6847132292426005,/scratch/jaggbow/mol_xtb_coordinates/chromo1467/geom.xtbopt.xyz,/scratch/jaggbow/mol_xtb_coordinates/chromo1467/mmff.xyz,/scratch/jaggbow/mol_xtb_coordinates/chromo1467/basic.xyz,1,,,,,,
439,chromo0520,COc1ccc(-c2csc(C(C#N)=Cc3ccc(C#N)cc3)n2)cc1,2.3677,0.6806000000000001,2.3505577697279114,0.6962036205825567,/scratch/jaggbow/mol_xtb_coordinates/chromo0520/geom.xtbopt.xyz,/scratch/jaggbow/mol_xtb_coordinates/chromo0520/mmff.xyz,/scratch/jaggbow/mol_xtb_coordinates/chromo0520/basic.xyz,1,,,,,,
440,chromo6243,CCCCCCCc1cc2c(o1)=CC1=C3c4cc5oc(CCCCCCC)cc5n4[B-](F)(F)[n+]4nnn(c43)[B-](F)(F)[N+]=21,2.2886,1.4864000000000002,2.346012444173535,1.4042334067688202,/scratch/jaggbow/mol_xtb_coordinates/chromo6243/geom.xtbopt.xyz,/scratch/jaggbow/mol_xtb_coordinates/chromo6243/mmff.xyz,/scratch/jaggbow/mol_xtb_coordinates/chromo6243/basic.xyz,0,,,,,,
441,chromo1038,CCC1=C(C)C2=C(C=Cc3ccc([N+](=O)[O-])cc3)c3c(C)c(CC)c(C)n3[B-](F)(F)[N+]2=C1C,2.1417,0.8428000000000002,4.663216714641637,1.8918933820143522,/scratch/jaggbow/mol_xtb_coordinates/chromo1038/geom.xtbopt.xyz,/scratch/jaggbow/mol_xtb_coordinates/chromo1038/mmff.xyz,/scratch/jaggbow/mol_xtb_coordinates/chromo1038/basic.xyz,1,,,,,,
442,chromo4638,C(=Cc1c2ccccc2cc2ccccc12)c1ccc(Oc2ccc3ccccc3c2-c2c(Oc3ccc(C=Cc4c5ccccc5cc5ccccc45)cc3)ccc3ccccc23)cc1,2.7627,1.1336000000000002,3.0143491239495495,0.9494042690679985,/scratch/jaggbow/mol_xtb_coordinates/chromo4638/geom.xtbopt.xyz,/scratch/jaggbow/mol_xtb_coordinates/chromo4638/mmff.xyz,/scratch/jaggbow/mol_xtb_coordinates/chromo4638/basic.xyz,1,,,,,,
443,chromo3460,COC(=O)c1c(-c2cc3ccccc3oc2=O)nn(-c2cccc(C)c2)c1C(=O)OC,3.8355,1.2397,4.39287511949048,1.0010725820152362,/scratch/jaggbow/mol_xtb_coordinates/chromo3460/geom.xtbopt.xyz,/scratch/jaggbow/mol_xtb_coordinates/chromo3460/mmff.xyz,/scratch/jaggbow/mol_xtb_coordinates/chromo3460/basic.xyz,1,,,,,,
444,chromo1114,F[B-]1(F)n2c(c(-c3ccccc3)c(-c3cccs3)c2-c2ccccc2)N=C2C(c3ccccc3)=C(c3cccs3)C(c3ccccc3)=[N+]21,2.074,1.1149,1.3876835338685183,0.7377768490420346,/scratch/jaggbow/mol_xtb_coordinates/chromo1114/geom.xtbopt.xyz,/scratch/jaggbow/mol_xtb_coordinates/chromo1114/mmff.xyz,/scratch/jaggbow/mol_xtb_coordinates/chromo1114/basic.xyz,0,,,,,,
445,chromo5374,CC(C)(C)c1ccc(N(c2ccccc2)c2ccc3ccc4c(N(c5ccccc5)c5ccc(C(C)(C)C)cc5)ccc5ccc2c3c54)cc1,2.679,0.8122999999999998,2.9568626745989706,0.5662319366206136,/scratch/jaggbow/mol_xtb_coordinates/chromo5374/geom.xtbopt.xyz,/scratch/jaggbow/mol_xtb_coordinates/chromo5374/mmff.xyz,/scratch/jaggbow/mol_xtb_coordinates/chromo5374/basic.xyz,1,,,,,,
446,chromo2020,Cc1cc(C)c(B(c2ccccc2N(c2ccccc2)c2ccccc2)c2c(C)cc(C)cc2C)c(C)c1,2.7444,0.2296,3.9065234757190446,0.46717305332262926,/scratch/jaggbow/mol_xtb_coordinates/chromo2020/geom.xtbopt.xyz,/scratch/jaggbow/mol_xtb_coordinates/chromo2020/mmff.xyz,/scratch/jaggbow/mol_xtb_coordinates/chromo2020/basic.xyz,1,,,,,,
447,chromo3310,O=C1C(=Cc2ccc3oc4ccccc4c3c2)S(=O)(=O)c2ccccc21,3.154,0.8645,3.7144857455432705,0.6322608916783976,/scratch/jaggbow/mol_xtb_coordinates/chromo3310/geom.xtbopt.xyz,/scratch/jaggbow/mol_xtb_coordinates/chromo3310/mmff.xyz,/scratch/jaggbow/mol_xtb_coordinates/chromo3310/basic.xyz,0,,,,,,
448,chromo4242,C=CCNc1ccc2ccc3oc4cc(=O)ccc-4nc3c2c1,2.3854,1.098,2.148786153442764,0.8514140358585648,/scratch/jaggbow/mol_xtb_coordinates/chromo4242/geom.xtbopt.xyz,/scratch/jaggbow/mol_xtb_coordinates/chromo4242/mmff.xyz,/scratch/jaggbow/mol_xtb_coordinates/chromo4242/basic.xyz,0,,,,,,
449,chromo4640,C(=Cc1cccc2ccccc12)c1ccc(Oc2ccc3ccccc3c2-c2c(Oc3ccc(C=Cc4cccc5ccccc45)cc3)ccc3ccccc23)cc1,3.3786,1.2116000000000002,5.3183616225340025,1.1960015138132822,/scratch/jaggbow/mol_xtb_coordinates/chromo4640/geom.xtbopt.xyz,/scratch/jaggbow/mol_xtb_coordinates/chromo4640/mmff.xyz,/scratch/jaggbow/mol_xtb_coordinates/chromo4640/basic.xyz,1,,,,,,
450,chromo3647,CN(C)c1ccc(C=CC=Cc2nc3ccccc3s2)cc1,2.9397,1.2918000000000005,3.3130910417185087,1.0830140512342958,/scratch/jaggbow/mol_xtb_coordinates/chromo3647/geom.xtbopt.xyz,/scratch/jaggbow/mol_xtb_coordinates/chromo3647/mmff.xyz,/scratch/jaggbow/mol_xtb_coordinates/chromo3647/basic.xyz,1,,,,,,
451,chromo5356,CC1(C)c2cc(-c3ccc4ccc5cccc6ccc3c4c56)ccc2-c2ccc(-c3ccc4ccc5cccc6ccc3c4c56)cc21,3.1452,1.1117,2.8379675634159676,0.730845099786243,/scratch/jaggbow/mol_xtb_coordinates/chromo5356/geom.xtbopt.xyz,/scratch/jaggbow/mol_xtb_coordinates/chromo5356/mmff.xyz,/scratch/jaggbow/mol_xtb_coordinates/chromo5356/basic.xyz,1,,,,,,
452,chromo4626,CC(C)(C)c1ccc(-c2cc(-c3ccc(-c4cc(-c5ccc(C(C)(C)C)cc5)c(C(=O)N5CCCCC5)s4)s3)sc2C(=O)N2CCCCC2)cc1,3.0716,1.2099000000000002,3.6299102481602867,1.0291735036616936,/scratch/jaggbow/mol_xtb_coordinates/chromo4626/geom.xtbopt.xyz,/scratch/jaggbow/mol_xtb_coordinates/chromo4626/mmff.xyz,/scratch/jaggbow/mol_xtb_coordinates/chromo4626/basic.xyz,1,,,,,,
453,chromo6694,c1ccc(C2c3ccccc3-c3cc4c(cc32)-c2ccccc2C4c2ccccc2)cc1,3.9274,1.2404000000000002,3.2384472282516903,0.55806369746644,/scratch/jaggbow/mol_xtb_coordinates/chromo6694/geom.xtbopt.xyz,/scratch/jaggbow/mol_xtb_coordinates/chromo6694/mmff.xyz,/scratch/jaggbow/mol_xtb_coordinates/chromo6694/basic.xyz,0,,,,,,
454,chromo4720,O=Cc1ccc(-c2cccc(-c3nc4ccccc4s3)c2O)o1,3.2151,0.9628,3.870428409624517,1.0033284619590015,/scratch/jaggbow/mol_xtb_coordinates/chromo4720/geom.xtbopt.xyz,/scratch/jaggbow/mol_xtb_coordinates/chromo4720/mmff.xyz,/scratch/jaggbow/mol_xtb_coordinates/chromo4720/basic.xyz,1,,,,,,
455,chromo2266,Cc1cccc(-c2c3ccccc3c(-c3cccc(C)n3)c3ccccc23)n1,3.1161,1.3957,2.3532477231698072,0.8172132702990083,/scratch/jaggbow/mol_xtb_coordinates/chromo2266/geom.xtbopt.xyz,/scratch/jaggbow/mol_xtb_coordinates/chromo2266/mmff.xyz,/scratch/jaggbow/mol_xtb_coordinates/chromo2266/basic.xyz,1,,,,,,
456,chromo1826,CN1C(=CC2=C([O-])C(=CC3=[N+](C)c4ccc(Cl)cc4C3(C)C)C2=O)C(C)(C)c2cc(Cl)ccc21,2.2503,1.3190000000000002,3.952554655736578,1.8503682458202815,/scratch/jaggbow/mol_xtb_coordinates/chromo1826/geom.xtbopt.xyz,/scratch/jaggbow/mol_xtb_coordinates/chromo1826/mmff.xyz,/scratch/jaggbow/mol_xtb_coordinates/chromo1826/basic.xyz,0,,,,,,
457,chromo3060,c1ccc(N(c2ccccc2)c2ccc(-c3ccc(-c4ccc(N(c5ccccc5)c5ccccc5)cc4)c4nsnc34)cc2)cc1,2.139,0.5268999999999997,2.591101523536518,0.4005118208946701,/scratch/jaggbow/mol_xtb_coordinates/chromo3060/geom.xtbopt.xyz,/scratch/jaggbow/mol_xtb_coordinates/chromo3060/mmff.xyz,/scratch/jaggbow/mol_xtb_coordinates/chromo3060/basic.xyz,0,,,,,,
458,chromo0773,CN(C)c1ccc(C=Cc2cc(C=Cc3ccc(N(C)C)cc3)nc(C=Cc3ccc(C(F)(F)F)cc3)n2)cc1,2.8767,0.7858999999999998,4.47549476180835,1.0417850385908407,/scratch/jaggbow/mol_xtb_coordinates/chromo0773/geom.xtbopt.xyz,/scratch/jaggbow/mol_xtb_coordinates/chromo0773/mmff.xyz,/scratch/jaggbow/mol_xtb_coordinates/chromo0773/basic.xyz,1,,,,,,
459,chromo1813,CCN(CC)c1ccc2cc(C#N)c(=NC(=O)c3ccc(F)cc3)oc2c1,3.2635,1.1091000000000002,3.927566106836496,1.1287887300909305,/scratch/jaggbow/mol_xtb_coordinates/chromo1813/geom.xtbopt.xyz,/scratch/jaggbow/mol_xtb_coordinates/chromo1813/mmff.xyz,/scratch/jaggbow/mol_xtb_coordinates/chromo1813/basic.xyz,1,,,,,,
460,chromo3353,CN(C)c1ccc(C#Cc2cc(C#Cc3ccc(C(F)(F)F)cc3)c3ccc4c(C#Cc5ccc(C(F)(F)F)cc5)cc(C#Cc5ccc(N(C)C)cc5)c5ccc2c3c54)cc1,2.1046,0.7912000000000001,2.1361508785048913,0.5148590675762134,/scratch/jaggbow/mol_xtb_coordinates/chromo3353/geom.xtbopt.xyz,/scratch/jaggbow/mol_xtb_coordinates/chromo3353/mmff.xyz,/scratch/jaggbow/mol_xtb_coordinates/chromo3353/basic.xyz,1,,,,,,
461,chromo5560,CCc1c(C)[nH]c(C2=[N+]3C(=C(C)c4c(C)c(CC)c(C)n4[B-]3(F)F)c3ccccc32)c1C,2.3271,1.1173000000000002,3.3195973459311174,1.366515767617466,/scratch/jaggbow/mol_xtb_coordinates/chromo5560/geom.xtbopt.xyz,/scratch/jaggbow/mol_xtb_coordinates/chromo5560/mmff.xyz,/scratch/jaggbow/mol_xtb_coordinates/chromo5560/basic.xyz,0,,,,,,
462,chromo0391,O=C(O)c1ccc2ccc3cccc4ccc1c2c34,3.3851,1.4047,3.4467735154290575,0.9693531407337932,/scratch/jaggbow/mol_xtb_coordinates/chromo0391/geom.xtbopt.xyz,/scratch/jaggbow/mol_xtb_coordinates/chromo0391/mmff.xyz,/scratch/jaggbow/mol_xtb_coordinates/chromo0391/basic.xyz,1,,,,,,
463,chromo2830,N#Cc1ccc(C2=Cc3ccccc3P2(=O)c2ccccc2)cc1,3.4972,1.3068999999999995,3.394553838790146,0.9177840389280658,/scratch/jaggbow/mol_xtb_coordinates/chromo2830/geom.xtbopt.xyz,/scratch/jaggbow/mol_xtb_coordinates/chromo2830/mmff.xyz,/scratch/jaggbow/mol_xtb_coordinates/chromo2830/basic.xyz,0,,,,,,
464,chromo1171,COc1ccccc1C1=NC2c3cccc4cccc(c34)C2N1c1ccccc1,3.7287,1.0444999999999998,6.392633982204176,1.3482572315245225,/scratch/jaggbow/mol_xtb_coordinates/chromo1171/geom.xtbopt.xyz,/scratch/jaggbow/mol_xtb_coordinates/chromo1171/mmff.xyz,/scratch/jaggbow/mol_xtb_coordinates/chromo1171/basic.xyz,0,,,,,,
465,chromo2902,CCCCCCOc1ccc(-c2ccc(C=Cc3cc(C=Cc4ccc(-c5ccc(OCCCCCC)cc5)cc4)ncn3)cc2)cc1,2.9934,0.8373999999999997,4.01896182144921,0.769745213205518,/scratch/jaggbow/mol_xtb_coordinates/chromo2902/geom.xtbopt.xyz,/scratch/jaggbow/mol_xtb_coordinates/chromo2902/mmff.xyz,/scratch/jaggbow/mol_xtb_coordinates/chromo2902/basic.xyz,1,,,,,,
466,chromo5340,COc1ccc(-c2ccc(C(=O)NC(C)(C)C)c3c2ccc2c4ccccc4c4ccccc4c23)cc1,3.3556,1.0991999999999995,2.857934025783807,0.5067883262444222,/scratch/jaggbow/mol_xtb_coordinates/chromo5340/geom.xtbopt.xyz,/scratch/jaggbow/mol_xtb_coordinates/chromo5340/mmff.xyz,/scratch/jaggbow/mol_xtb_coordinates/chromo5340/basic.xyz,0,,,,,,
467,chromo1931,O=C1C(=c2c(=O)c3c4ccccc4cc4cc5ccccc5c2c43)C(=O)c2ccccc21,1.7429,0.8457999999999999,2.954577437045663,0.7362561489618614,/scratch/jaggbow/mol_xtb_coordinates/chromo1931/geom.xtbopt.xyz,/scratch/jaggbow/mol_xtb_coordinates/chromo1931/mmff.xyz,/scratch/jaggbow/mol_xtb_coordinates/chromo1931/basic.xyz,0,,,,,,
468,chromo3463,CCOC(=O)c1c(-c2cc3ccccc3oc2=O)nn(-c2cccc(Cl)c2)c1C(=O)OCC,3.8613,1.2608,3.3924105745421667,0.7449513897017852,/scratch/jaggbow/mol_xtb_coordinates/chromo3463/geom.xtbopt.xyz,/scratch/jaggbow/mol_xtb_coordinates/chromo3463/mmff.xyz,/scratch/jaggbow/mol_xtb_coordinates/chromo3463/basic.xyz,1,,,,,,
469,chromo4914,CC1(C)c2ccccc2-c2cc3c(cc21)c1ccccc1n3-c1ccc2ncccc2c1,3.1872,0.5042999999999997,3.8526400495840476,0.5084083234609209,/scratch/jaggbow/mol_xtb_coordinates/chromo4914/geom.xtbopt.xyz,/scratch/jaggbow/mol_xtb_coordinates/chromo4914/mmff.xyz,/scratch/jaggbow/mol_xtb_coordinates/chromo4914/basic.xyz,0,,,,,,
470,chromo3772,CCCCCCCCC1(CCCCCCCC)c2cc(C=O)ccc2-c2ccc(C=Cc3ccc(N(c4ccccc4)c4ccccc4)cc3)cc21,2.6309,0.7328000000000001,2.7311770847279124,0.4867487635643434,/scratch/jaggbow/mol_xtb_coordinates/chromo3772/geom.xtbopt.xyz,/scratch/jaggbow/mol_xtb_coordinates/chromo3772/mmff.xyz,/scratch/jaggbow/mol_xtb_coordinates/chromo3772/basic.xyz,0,,,,,,
471,chromo5893,Fc1cccc(F)c1[B-]1(c2c(F)cccc2F)Oc2c(ccc3c4c(ccc23)C=[N+](c2ccccc2)[B-](c2c(F)cccc2F)(c2c(F)cccc2F)O4)C=[N+]1c1ccccc1,2.2652,0.7207000000000001,5.344094608816902,1.4148856213713343,/scratch/jaggbow/mol_xtb_coordinates/chromo5893/geom.xtbopt.xyz,/scratch/jaggbow/mol_xtb_coordinates/chromo5893/mmff.xyz,/scratch/jaggbow/mol_xtb_coordinates/chromo5893/basic.xyz,0,,,,,,
472,chromo0873,COc1ccc(-c2nc(-c3ccccc3O)c(-c3ccccc3O)n2-c2ccc(C)cc2)cc1,3.731,0.7837000000000001,5.492912742190699,0.995878364318125,/scratch/jaggbow/mol_xtb_coordinates/chromo0873/geom.xtbopt.xyz,/scratch/jaggbow/mol_xtb_coordinates/chromo0873/mmff.xyz,/scratch/jaggbow/mol_xtb_coordinates/chromo0873/basic.xyz,1,,,,,,
473,chromo5087,CC(C)(C)c1ccc2c(c1)c1cc(C(C)(C)C)ccc1n2-c1cc(C(=O)c2ccccc2)cc(-n2c3ccc(C(C)(C)C)cc3c3cc(C(C)(C)C)ccc32)c1,2.8176,0.1343,3.1793912263020467,0.17210187797003085,/scratch/jaggbow/mol_xtb_coordinates/chromo5087/geom.xtbopt.xyz,/scratch/jaggbow/mol_xtb_coordinates/chromo5087/mmff.xyz,/scratch/jaggbow/mol_xtb_coordinates/chromo5087/basic.xyz,1,,,,,,
474,chromo2856,CN(C)c1ccc(-c2ccc(C=Cc3cnc4ccccc4n3)cc2)cc1,2.6688,0.7613000000000001,4.016567649532615,0.8453766055943922,/scratch/jaggbow/mol_xtb_coordinates/chromo2856/geom.xtbopt.xyz,/scratch/jaggbow/mol_xtb_coordinates/chromo2856/mmff.xyz,/scratch/jaggbow/mol_xtb_coordinates/chromo2856/basic.xyz,0,,,,,,
475,chromo4924,CCC1(CC)c2ccccc2-c2ccc(C#Cc3ccc4ccc5cccc6ccc3c4c56)cc21,2.9394,1.134,4.220904593226141,1.1535666877127324,/scratch/jaggbow/mol_xtb_coordinates/chromo4924/geom.xtbopt.xyz,/scratch/jaggbow/mol_xtb_coordinates/chromo4924/mmff.xyz,/scratch/jaggbow/mol_xtb_coordinates/chromo4924/basic.xyz,1,,,,,,
476,chromo2131,c1ccc(-n2c3ccccc3c3cc(-c4cccc(-n5c6ccccc6c6ncccc65)c4)ccc32)cc1,3.9,0.8369,5.16445979853463,0.8346129043635158,/scratch/jaggbow/mol_xtb_coordinates/chromo2131/geom.xtbopt.xyz,/scratch/jaggbow/mol_xtb_coordinates/chromo2131/mmff.xyz,/scratch/jaggbow/mol_xtb_coordinates/chromo2131/basic.xyz,1,,,,,,
477,chromo0066,O=C1NC(=O)c2ccc(N3CCOCC3)c3cccc1c23,3.239,1.0455,3.422441083812755,0.954648017455233,/scratch/jaggbow/mol_xtb_coordinates/chromo0066/geom.xtbopt.xyz,/scratch/jaggbow/mol_xtb_coordinates/chromo0066/mmff.xyz,/scratch/jaggbow/mol_xtb_coordinates/chromo0066/basic.xyz,0,,,,,,
478,chromo5438,F[B-]1(F)n2c(cc3c4ccccc4c4ccccc4c32)-c2ccc3ccccc3[n+]21,2.4367,0.6476000000000002,3.0887206745785387,0.7304938452453972,/scratch/jaggbow/mol_xtb_coordinates/chromo5438/geom.xtbopt.xyz,/scratch/jaggbow/mol_xtb_coordinates/chromo5438/mmff.xyz,/scratch/jaggbow/mol_xtb_coordinates/chromo5438/basic.xyz,0,,,,,,
479,chromo1180,Cc1ccc(-n2c(-c3ccccc3NS(=O)(=O)c3ccc(C)cc3)nc3c4ccccc4c4ccccc4c32)cc1,3.6639,0.9165,3.5515702367463415,0.28339713814863465,/scratch/jaggbow/mol_xtb_coordinates/chromo1180/geom.xtbopt.xyz,/scratch/jaggbow/mol_xtb_coordinates/chromo1180/mmff.xyz,/scratch/jaggbow/mol_xtb_coordinates/chromo1180/basic.xyz,1,,,,,,
480,chromo6441,COc1cc2c(cc1OC)C1=CC(c3ccc(Cl)cc3)C3(C(C#N)=C(C#N)N1CC2)c1cc(Cl)ccc1-c1ccc(Cl)cc13,3.1828,0.8157999999999999,2.8834197702023854,0.8979744148383707,/scratch/jaggbow/mol_xtb_coordinates/chromo6441/geom.xtbopt.xyz,/scratch/jaggbow/mol_xtb_coordinates/chromo6441/mmff.xyz,/scratch/jaggbow/mol_xtb_coordinates/chromo6441/basic.xyz,0,,,,,,
481,chromo1325,CCOC(=O)CCCCCn1c2ccc([N+](=O)[O-])cc2c(=O)c2cc3c(cc21)c(=O)c1cc([N+](=O)[O-])ccc1n3CCCCCC(=O)OCC,2.7499,0.6357999999999997,3.834145658382077,1.001384987503889,/scratch/jaggbow/mol_xtb_coordinates/chromo1325/geom.xtbopt.xyz,/scratch/jaggbow/mol_xtb_coordinates/chromo1325/mmff.xyz,/scratch/jaggbow/mol_xtb_coordinates/chromo1325/basic.xyz,0,,,,,,
482,chromo0280,COc1c2ccccc2c(OC)c2c1c1cccc(OC)c1n2C,3.1823,0.9945,2.466210208111561,0.5308597472374117,/scratch/jaggbow/mol_xtb_coordinates/chromo0280/geom.xtbopt.xyz,/scratch/jaggbow/mol_xtb_coordinates/chromo0280/mmff.xyz,/scratch/jaggbow/mol_xtb_coordinates/chromo0280/basic.xyz,0,,,,,,
483,chromo6228,CCCCN(CCCC)c1ccc(C#Cc2cc(C#Cc3ccc([N+](=O)[O-])cc3)c(C#Cc3ccc([N+](=O)[O-])cc3)cc2C#Cc2ccc(N(CCCC)CCCC)cc2)cc1,2.0274,0.3888,3.8965348172289147,0.6476206189989844,/scratch/jaggbow/mol_xtb_coordinates/chromo6228/geom.xtbopt.xyz,/scratch/jaggbow/mol_xtb_coordinates/chromo6228/mmff.xyz,/scratch/jaggbow/mol_xtb_coordinates/chromo6228/basic.xyz,1,,,,,,
484,chromo2961,c1cc2ccc3ccc(-n4c5ccccc5c5ccccc54)c4ccc(c1)c2c34,3.0196,0.9374000000000002,3.360853420231883,0.724201776594965,/scratch/jaggbow/mol_xtb_coordinates/chromo2961/geom.xtbopt.xyz,/scratch/jaggbow/mol_xtb_coordinates/chromo2961/mmff.xyz,/scratch/jaggbow/mol_xtb_coordinates/chromo2961/basic.xyz,1,,,,,,
485,chromo6791,Cc1cc(C)c(-c2cc(-c3c(C)cc(C)cc3C)c3ccc4c(-c5c(C)cc(C)cc5C)cc(-c5c(C)cc(C)cc5C)c5ccc2c3c54)c(C)c1,3.4509,1.4495,4.28111978403524,1.0916143657809108,/scratch/jaggbow/mol_xtb_coordinates/chromo6791/geom.xtbopt.xyz,/scratch/jaggbow/mol_xtb_coordinates/chromo6791/mmff.xyz,/scratch/jaggbow/mol_xtb_coordinates/chromo6791/basic.xyz,1,,,,,,
486,chromo6748,F[B-]12Oc3ccccc3-c3c4[n+]5c(c([n+]31)-c1ccccc1O2)-c1ccccc1O[B-]5(F)Oc1ccccc1-4,2.2944,0.554,3.6951904203477857,0.7862168343471674,/scratch/jaggbow/mol_xtb_coordinates/chromo6748/geom.xtbopt.xyz,/scratch/jaggbow/mol_xtb_coordinates/chromo6748/mmff.xyz,/scratch/jaggbow/mol_xtb_coordinates/chromo6748/basic.xyz,0,,,,,,
487,chromo0306,[O-][n+]1c(C=Cc2ccc(C=Cc3ccccc3)cc2)nc(N2CCOCC2)c2c1CCCC2,2.7297,1.1307999999999998,1.921259371432732,0.6025409314545056,/scratch/jaggbow/mol_xtb_coordinates/chromo0306/geom.xtbopt.xyz,/scratch/jaggbow/mol_xtb_coordinates/chromo0306/mmff.xyz,/scratch/jaggbow/mol_xtb_coordinates/chromo0306/basic.xyz,0,,,,,,
488,chromo1201,CN(C)c1ccc(-c2ccc3c(=O)c(O)coc3c2)cc1,3.3099,0.6908999999999996,3.9337821896858003,1.1036882262071448,/scratch/jaggbow/mol_xtb_coordinates/chromo1201/geom.xtbopt.xyz,/scratch/jaggbow/mol_xtb_coordinates/chromo1201/mmff.xyz,/scratch/jaggbow/mol_xtb_coordinates/chromo1201/basic.xyz,1,,,,,,
489,chromo5402,c1ccc(N(c2ccccc2)c2ccc(-c3ccc4c(c3)C3(c5cc(-c6ccc(N(c7ccccc7)c7ccccc7)cc6)ccc5-4)c4ccccc4N(c4ccccc4)c4ccccc43)cc2)cc1,3.1446,0.6520000000000001,3.521305482594772,0.31468370819807834,/scratch/jaggbow/mol_xtb_coordinates/chromo5402/geom.xtbopt.xyz,/scratch/jaggbow/mol_xtb_coordinates/chromo5402/mmff.xyz,/scratch/jaggbow/mol_xtb_coordinates/chromo5402/basic.xyz,0,,,,,,
490,chromo4891,CC1=CC(C)=[N+]2C1=C(c1ccccc1)c1c(C)c(-c3cccs3)c(C)n1[B-]2(F)F,2.7572,1.2491,1.0359715536012923,0.7325488617723152,/scratch/jaggbow/mol_xtb_coordinates/chromo4891/geom.xtbopt.xyz,/scratch/jaggbow/mol_xtb_coordinates/chromo4891/mmff.xyz,/scratch/jaggbow/mol_xtb_coordinates/chromo4891/basic.xyz,1,,,,,,
491,chromo5520,COc1ccc(C=CC=CC=Cc2ccc([N+](=O)[O-])cc2)cc1,2.6051,1.2128,3.2435360602591072,1.1367975074346273,/scratch/jaggbow/mol_xtb_coordinates/chromo5520/geom.xtbopt.xyz,/scratch/jaggbow/mol_xtb_coordinates/chromo5520/mmff.xyz,/scratch/jaggbow/mol_xtb_coordinates/chromo5520/basic.xyz,1,,,,,,
492,chromo0918,C[Si]1(C)c2ccc(-c3cccs3)cc2C=Cc2cc(-c3cccs3)ccc21,3.7904,1.2538,5.14819731368378,1.1524740124723527,/scratch/jaggbow/mol_xtb_coordinates/chromo0918/geom.xtbopt.xyz,/scratch/jaggbow/mol_xtb_coordinates/chromo0918/mmff.xyz,/scratch/jaggbow/mol_xtb_coordinates/chromo0918/basic.xyz,0,,,,,,
493,chromo2754,CCCCCCN(CCCCCC)c1ccc(C#Cc2ccc(C#N)cc2)cc1,3.2025,0.9474,4.005436443608604,0.8526758876761837,/scratch/jaggbow/mol_xtb_coordinates/chromo2754/geom.xtbopt.xyz,/scratch/jaggbow/mol_xtb_coordinates/chromo2754/mmff.xyz,/scratch/jaggbow/mol_xtb_coordinates/chromo2754/basic.xyz,1,,,,,,
494,chromo1022,COC(=O)C=CC=CC1=CC2=C(c3c(C)cc(C)cc3C)c3cc(C=CC=CC(=O)OC)cn3[B-](F)(F)[N+]2=C1,2.1996,0.8294000000000001,3.0178845826253564,1.0843196755167408,/scratch/jaggbow/mol_xtb_coordinates/chromo1022/geom.xtbopt.xyz,/scratch/jaggbow/mol_xtb_coordinates/chromo1022/mmff.xyz,/scratch/jaggbow/mol_xtb_coordinates/chromo1022/basic.xyz,1,,,,,,
495,chromo4682,C[Si]1(C)O[Si](C)(C)c2cc3c(-c4ccccc4)c4cc(Cl)ccc4nc3cc21,3.1461,1.3270000000000002,3.211929520837332,0.8632259920470127,/scratch/jaggbow/mol_xtb_coordinates/chromo4682/geom.xtbopt.xyz,/scratch/jaggbow/mol_xtb_coordinates/chromo4682/mmff.xyz,/scratch/jaggbow/mol_xtb_coordinates/chromo4682/basic.xyz,0,,,,,,
496,chromo3316,CCCN(c1ccccc1)c1ccc2c(c1)C(CC)(CC)c1cc(C=Cc3ccc(C=C(C#N)C(=O)O)s3)ccc1-2,2.1185,0.7372000000000001,3.0748900731278117,0.9982101074510453,/scratch/jaggbow/mol_xtb_coordinates/chromo3316/geom.xtbopt.xyz,/scratch/jaggbow/mol_xtb_coordinates/chromo3316/mmff.xyz,/scratch/jaggbow/mol_xtb_coordinates/chromo3316/basic.xyz,0,,,,,,
497,chromo4388,Fc1ccc(-c2cc3ccc4cc(-c5ccc(F)cc5)cc5ccc(c2)c3c45)cc1,3.4074,1.2919999999999998,2.7150418994463923,0.5897948283493173,/scratch/jaggbow/mol_xtb_coordinates/chromo4388/geom.xtbopt.xyz,/scratch/jaggbow/mol_xtb_coordinates/chromo4388/mmff.xyz,/scratch/jaggbow/mol_xtb_coordinates/chromo4388/basic.xyz,1,,,,,,
498,chromo4687,C[Si]1(C)O[Si](C)(C)c2cc3nc4ccccc4c(-c4ccccc4)c3cc2[Si](C)(C)O1,3.2021,1.334,4.115655511561442,1.0723357486707967,/scratch/jaggbow/mol_xtb_coordinates/chromo4687/geom.xtbopt.xyz,/scratch/jaggbow/mol_xtb_coordinates/chromo4687/mmff.xyz,/scratch/jaggbow/mol_xtb_coordinates/chromo4687/basic.xyz,0,,,,,,
499,chromo1177,Cc1ccc(N2C(c3ccccc3[N-]S(=O)(=O)c3ccc(C)cc3)=[NH+]C(c3ccccc3)C2c2ccccc2)cc1,2.8754,0.1086,1.5777394902659596,0.40012553141569374,/scratch/jaggbow/mol_xtb_coordinates/chromo1177/geom.xtbopt.xyz,/scratch/jaggbow/mol_xtb_coordinates/chromo1177/mmff.xyz,/scratch/jaggbow/mol_xtb_coordinates/chromo1177/basic.xyz,1,,,,,,
500,chromo3838,C(=Cc1ccc(C=Cc2ccc(N(c3ccccc3)c3ccccc3)cc2)c2nsnc12)c1ccc(N(c2ccccc2)c2ccccc2)cc1,1.9342,0.8169,2.6131098958754038,0.636028791339755,/scratch/jaggbow/mol_xtb_coordinates/chromo3838/geom.xtbopt.xyz,/scratch/jaggbow/mol_xtb_coordinates/chromo3838/mmff.xyz,/scratch/jaggbow/mol_xtb_coordinates/chromo3838/basic.xyz,0,,,,,,
501,chromo6373,c1ccc(-c2c3ccccc3c(-c3ccccc3)c3cc4ccccc4cc23)cc1,2.4276,1.3355,3.615683570791298,1.3218638433869705,/scratch/jaggbow/mol_xtb_coordinates/chromo6373/geom.xtbopt.xyz,/scratch/jaggbow/mol_xtb_coordinates/chromo6373/mmff.xyz,/scratch/jaggbow/mol_xtb_coordinates/chromo6373/basic.xyz,0,,,,,,
502,chromo6082,CCN(CC)c1ccc2c(c1)oc(=O)c1c(=O)oc3c(OC)cccc3c12,3.1453,0.9006000000000003,3.272708918157051,0.8405107894474059,/scratch/jaggbow/mol_xtb_coordinates/chromo6082/geom.xtbopt.xyz,/scratch/jaggbow/mol_xtb_coordinates/chromo6082/mmff.xyz,/scratch/jaggbow/mol_xtb_coordinates/chromo6082/basic.xyz,0,,,,,,
503,chromo3538,COc1cc(-c2cnc(-c3cnc4ccccc4c3)o2)cc(OC)c1OC,3.2544,0.9812,3.3428315300101024,0.8057627767617035,/scratch/jaggbow/mol_xtb_coordinates/chromo3538/geom.xtbopt.xyz,/scratch/jaggbow/mol_xtb_coordinates/chromo3538/mmff.xyz,/scratch/jaggbow/mol_xtb_coordinates/chromo3538/basic.xyz,0,,,,,,
504,chromo0673,N#Cc1c(-n2c3ccccc3c3ccccc32)nc(-n2c3ccccc3c3ccccc32)c(C#N)c1-c1ccccc1,2.9644,0.3729999999999998,4.605775349195745,0.8106038351897065,/scratch/jaggbow/mol_xtb_coordinates/chromo0673/geom.xtbopt.xyz,/scratch/jaggbow/mol_xtb_coordinates/chromo0673/mmff.xyz,/scratch/jaggbow/mol_xtb_coordinates/chromo0673/basic.xyz,1,,,,,,
505,chromo0277,COc1c2ccccc2c(OC)c2c1c1ccccc1n2C,3.2597,1.0361000000000002,2.5247425480537613,0.5318057689642017,/scratch/jaggbow/mol_xtb_coordinates/chromo0277/geom.xtbopt.xyz,/scratch/jaggbow/mol_xtb_coordinates/chromo0277/mmff.xyz,/scratch/jaggbow/mol_xtb_coordinates/chromo0277/basic.xyz,0,,,,,,
506,chromo2432,COc1ccc(-c2cc3c(s2)c(C(C)=O)cc(=O)n3C)cc1,2.8233,1.0209,3.881116149298242,1.131818682460547,/scratch/jaggbow/mol_xtb_coordinates/chromo2432/geom.xtbopt.xyz,/scratch/jaggbow/mol_xtb_coordinates/chromo2432/mmff.xyz,/scratch/jaggbow/mol_xtb_coordinates/chromo2432/basic.xyz,1,,,,,,
507,chromo4218,CC(C)(C)c1ccc2c(c1)sc1[n+]2[B-](F)(F)n2c(c3cccc4cccc2c43)=N1,2.7878,0.9370999999999998,1.9854609618028822,0.5149807926848077,/scratch/jaggbow/mol_xtb_coordinates/chromo4218/geom.xtbopt.xyz,/scratch/jaggbow/mol_xtb_coordinates/chromo4218/mmff.xyz,/scratch/jaggbow/mol_xtb_coordinates/chromo4218/basic.xyz,0,,,,,,
508,chromo3816,CCCCC(CC)Cn1c2cc(C#N)ccc2c2ccc(C#Cc3ccc4ccc5ccc(C#Cc6ccc7c8ccc(C#N)cc8n(CC(CC)CCCC)c7c6)c6ccc3c4c56)cc21,2.5144,0.8949000000000003,2.0165092042274697,0.4861738125088133,/scratch/jaggbow/mol_xtb_coordinates/chromo3816/geom.xtbopt.xyz,/scratch/jaggbow/mol_xtb_coordinates/chromo3816/mmff.xyz,/scratch/jaggbow/mol_xtb_coordinates/chromo3816/basic.xyz,1,,,,,,
509,chromo5497,CCC1=C(C)C2=Cc3c4ccccc4c4n3[B-](c3ccc5cc6ccccc6cc5c3)(Oc3ccccc3-4)[N+]2=C1C,1.9757,0.7348000000000001,0.8151177737223345,0.6289346962896856,/scratch/jaggbow/mol_xtb_coordinates/chromo5497/geom.xtbopt.xyz,/scratch/jaggbow/mol_xtb_coordinates/chromo5497/mmff.xyz,/scratch/jaggbow/mol_xtb_coordinates/chromo5497/basic.xyz,0,,,,,,
510,chromo6271,COc1ccc(-c2c3cc4ccccc4cc3c(C#Cc3ccccc3)c3cc4ccccc4cc23)cc1,1.7378,1.2948,2.6397934056395025,1.1932265750824669,/scratch/jaggbow/mol_xtb_coordinates/chromo6271/geom.xtbopt.xyz,/scratch/jaggbow/mol_xtb_coordinates/chromo6271/mmff.xyz,/scratch/jaggbow/mol_xtb_coordinates/chromo6271/basic.xyz,0,,,,,,
511,chromo5515,CC(C)[Si]1(C(C)C)c2cc(C=O)ccc2-c2ccc(N(c3ccccc3)c3ccccc3)cc21,2.9238,0.6480000000000001,4.937829929953049,0.946037213545228,/scratch/jaggbow/mol_xtb_coordinates/chromo5515/geom.xtbopt.xyz,/scratch/jaggbow/mol_xtb_coordinates/chromo5515/mmff.xyz,/scratch/jaggbow/mol_xtb_coordinates/chromo5515/basic.xyz,0,,,,,,
512,chromo0048,c1ccc2c(c1)OP1(=NP3(=NP(Oc4ccc5ccc6cccc7ccc4c5c67)(Oc4ccc5ccc6cccc7ccc4c5c67)=N1)Oc1ccccc1-c1ccccc1O3)Oc1ccccc1-2,3.4631,1.3706999999999998,2.003432800270396,0.37542472398100163,/scratch/jaggbow/mol_xtb_coordinates/chromo0048/geom.xtbopt.xyz,/scratch/jaggbow/mol_xtb_coordinates/chromo0048/mmff.xyz,/scratch/jaggbow/mol_xtb_coordinates/chromo0048/basic.xyz,0,,,,,,
513,chromo3780,Cc1cc(C(F)(F)F)nc2c1ccc1nc(-c3ccc(Cl)cc3)cn12,3.1099,0.7286000000000001,5.335519958232982,1.062694155669918,/scratch/jaggbow/mol_xtb_coordinates/chromo3780/geom.xtbopt.xyz,/scratch/jaggbow/mol_xtb_coordinates/chromo3780/mmff.xyz,/scratch/jaggbow/mol_xtb_coordinates/chromo3780/basic.xyz,0,,,,,,
514,chromo2564,COc1ccc(N2C(=O)c3ccccc3C2C(=O)OC(C)(C)C)cc1OC,3.4696,0.5627999999999997,4.04542493009322,0.6607159275788476,/scratch/jaggbow/mol_xtb_coordinates/chromo2564/geom.xtbopt.xyz,/scratch/jaggbow/mol_xtb_coordinates/chromo2564/mmff.xyz,/scratch/jaggbow/mol_xtb_coordinates/chromo2564/basic.xyz,0,,,,,,
515,chromo5692,CC1(C)c2ccccc2-n2c(-c3ccc(-n4c5ccccc5c5ccccc54)cc3)nc3cccc1c32,3.4643,0.6154000000000002,2.828163453638825,0.17514469441402247,/scratch/jaggbow/mol_xtb_coordinates/chromo5692/geom.xtbopt.xyz,/scratch/jaggbow/mol_xtb_coordinates/chromo5692/mmff.xyz,/scratch/jaggbow/mol_xtb_coordinates/chromo5692/basic.xyz,0,,,,,,
516,chromo2522,CCOCCOCCOC(=O)C=CC1=CC2=C(c3c(C)cc(C)cc3C)c3cccn3[B-](F)(F)[N+]2=C1,2.7686,1.1780000000000002,2.792322247703472,1.2292892985463895,/scratch/jaggbow/mol_xtb_coordinates/chromo2522/geom.xtbopt.xyz,/scratch/jaggbow/mol_xtb_coordinates/chromo2522/mmff.xyz,/scratch/jaggbow/mol_xtb_coordinates/chromo2522/basic.xyz,1,,,,,,
517,chromo3140,C(=Cc1ccc(-c2ccc(C=CSC=C3CCCCC3)cc2)cc1)SC=C1CCCCC1,3.3328,1.0437000000000003,3.4544347605374606,0.6758291193311308,/scratch/jaggbow/mol_xtb_coordinates/chromo3140/geom.xtbopt.xyz,/scratch/jaggbow/mol_xtb_coordinates/chromo3140/mmff.xyz,/scratch/jaggbow/mol_xtb_coordinates/chromo3140/basic.xyz,1,,,,,,
518,chromo1080,Cc1cc(C)c(C2=C3C=c4c(c5ccccc5c5ccccc45)=[N+]3[B-](F)(F)n3c2cc2c4ccccc4c4ccccc4c23)c(C)c1,2.1613,0.9189000000000004,3.5241981711432486,1.2370437813639534,/scratch/jaggbow/mol_xtb_coordinates/chromo1080/geom.xtbopt.xyz,/scratch/jaggbow/mol_xtb_coordinates/chromo1080/mmff.xyz,/scratch/jaggbow/mol_xtb_coordinates/chromo1080/basic.xyz,0,,,,,,
519,chromo4523,CCCCCCCCOc1ccc(C#Cc2ccc3oc4ccccc4c3c2)c(OCCCCCCCC)c1,3.7911,1.0705,2.540836933422887,0.24836876985576994,/scratch/jaggbow/mol_xtb_coordinates/chromo4523/geom.xtbopt.xyz,/scratch/jaggbow/mol_xtb_coordinates/chromo4523/mmff.xyz,/scratch/jaggbow/mol_xtb_coordinates/chromo4523/basic.xyz,0,,,,,,
520,chromo6222,CCCCN(CCCC)c1ccc(C#Cc2cc(C#Cc3c(F)c(F)c(F)c(F)c3F)c(C#Cc3c(F)c(F)c(F)c(F)c3F)cc2C#Cc2ccc(N(CCCC)CCCC)cc2)cc1,2.4361,0.6338000000000001,2.1170113713233176,0.20986850535655283,/scratch/jaggbow/mol_xtb_coordinates/chromo6222/geom.xtbopt.xyz,/scratch/jaggbow/mol_xtb_coordinates/chromo6222/mmff.xyz,/scratch/jaggbow/mol_xtb_coordinates/chromo6222/basic.xyz,1,,,,,,
521,chromo0049,c1ccc2c(c1)OP1(=NP(Oc3ccc4ccc5cccc6ccc3c4c56)(Oc3ccc4ccc5cccc6ccc3c4c56)=NP(Oc3ccc4ccc5cccc6ccc3c4c56)(Oc3ccc4ccc5cccc6ccc3c4c56)=N1)Oc1ccccc1-2,3.2536,1.1745,0.4012579904990075,0.2672295001591317,/scratch/jaggbow/mol_xtb_coordinates/chromo0049/geom.xtbopt.xyz,/scratch/jaggbow/mol_xtb_coordinates/chromo0049/mmff.xyz,/scratch/jaggbow/mol_xtb_coordinates/chromo0049/basic.xyz,0,,,,,,
522,chromo1096,COc1ccccc1C1=[N+]2C(=C(c3ccccc3)c3c4ccccc4c(-c4ccccc4OC)n3[B-]2(F)F)c2ccccc21,2.332,1.1917999999999995,2.667545225899319,1.2017799807501717,/scratch/jaggbow/mol_xtb_coordinates/chromo1096/geom.xtbopt.xyz,/scratch/jaggbow/mol_xtb_coordinates/chromo1096/mmff.xyz,/scratch/jaggbow/mol_xtb_coordinates/chromo1096/basic.xyz,0,,,,,,
523,chromo3774,CCCCCCCCC1(CCCCCCCC)c2cc(C#CC#Cc3ccc(N(c4ccccc4)c4ccccc4)cc3)ccc2-c2ccc(C=O)cc21,2.6435,0.6576,3.6458832969993225,0.5156120744354309,/scratch/jaggbow/mol_xtb_coordinates/chromo3774/geom.xtbopt.xyz,/scratch/jaggbow/mol_xtb_coordinates/chromo3774/mmff.xyz,/scratch/jaggbow/mol_xtb_coordinates/chromo3774/basic.xyz,0,,,,,,
524,chromo1914,CC1=[N+]2C(=C(c3c4ccccc4cc4ccccc34)c3ccc(C)n3[B-]2(F)F)C=C1,2.2524,0.7548000000000001,4.149565104665262,1.7692168670578032,/scratch/jaggbow/mol_xtb_coordinates/chromo1914/geom.xtbopt.xyz,/scratch/jaggbow/mol_xtb_coordinates/chromo1914/mmff.xyz,/scratch/jaggbow/mol_xtb_coordinates/chromo1914/basic.xyz,1,,,,,,
525,chromo0690,O=[N+]([O-])c1ccc(-c2cn3ccc[n+]3[n-]2)cc1,2.4975,0.3239000000000001,3.2115460108475835,0.5529145882086487,/scratch/jaggbow/mol_xtb_coordinates/chromo0690/geom.xtbopt.xyz,/scratch/jaggbow/mol_xtb_coordinates/chromo0690/mmff.xyz,/scratch/jaggbow/mol_xtb_coordinates/chromo0690/basic.xyz,0,,,,,,
526,chromo2583,Cn1cc(-c2nc3ccccc3nc2C#Cc2ccccc2)c2ccccc21,2.8226,0.4514,2.227579425530557,0.09210015091896778,/scratch/jaggbow/mol_xtb_coordinates/chromo2583/geom.xtbopt.xyz,/scratch/jaggbow/mol_xtb_coordinates/chromo2583/mmff.xyz,/scratch/jaggbow/mol_xtb_coordinates/chromo2583/basic.xyz,0,,,,,,
527,chromo2555,CC(C)(C)c1ccc2c3c(c4ccc(C(C)(C)C)cc4c2c1)=[N+]1C(=C(c2ccccc2)c2c(Br)c4c5ccc(C(C)(C)C)cc5c5cc(C(C)(C)C)ccc5c4n2[B-]1(F)F)C=3Br,2.0763,0.8825999999999998,0.7321002367191041,0.5143471322156947,/scratch/jaggbow/mol_xtb_coordinates/chromo2555/geom.xtbopt.xyz,/scratch/jaggbow/mol_xtb_coordinates/chromo2555/mmff.xyz,/scratch/jaggbow/mol_xtb_coordinates/chromo2555/basic.xyz,0,,,,,,
528,chromo0565,Cc1nc(-c2ccccc2)c2ccccn12,3.2786,1.033,3.289887091253812,0.6720776933486178,/scratch/jaggbow/mol_xtb_coordinates/chromo0565/geom.xtbopt.xyz,/scratch/jaggbow/mol_xtb_coordinates/chromo0565/mmff.xyz,/scratch/jaggbow/mol_xtb_coordinates/chromo0565/basic.xyz,0,,,,,,
529,chromo2146,N#Cc1ccc(-n2c(-c3ccc(-c4ccc(-c5nc6c7ccccc7c7ccccc7c6n5-c5ccc(C#N)c6ccccc56)cc4)cc3)nc3c4ccccc4c4ccccc4c32)c2ccccc12,2.4513,0.0619999999999998,2.7995812904417257,0.4409538850261961,/scratch/jaggbow/mol_xtb_coordinates/chromo2146/geom.xtbopt.xyz,/scratch/jaggbow/mol_xtb_coordinates/chromo2146/mmff.xyz,/scratch/jaggbow/mol_xtb_coordinates/chromo2146/basic.xyz,1,,,,,,
530,chromo0305,O=Cc1ccc(C=Cc2nc(N3CCOCC3)c3c([n+]2[O-])CCCC3)cc1,2.698,1.0842,5.743046043356112,1.6124203380148256,/scratch/jaggbow/mol_xtb_coordinates/chromo0305/geom.xtbopt.xyz,/scratch/jaggbow/mol_xtb_coordinates/chromo0305/mmff.xyz,/scratch/jaggbow/mol_xtb_coordinates/chromo0305/basic.xyz,0,,,,,,
531,chromo2756,CCCCCCN(CCCCCC)c1ccc(C#Cc2ccc(C(F)(F)F)cc2)cc1,3.4579,1.0442999999999998,3.111678866535029,0.6707850048327472,/scratch/jaggbow/mol_xtb_coordinates/chromo2756/geom.xtbopt.xyz,/scratch/jaggbow/mol_xtb_coordinates/chromo2756/mmff.xyz,/scratch/jaggbow/mol_xtb_coordinates/chromo2756/basic.xyz,1,,,,,,
532,chromo0695,Cc1ccc2ccc3cccc4ccc1c2c34,3.6669,1.5669,2.6933389219715558,0.7549452973635786,/scratch/jaggbow/mol_xtb_coordinates/chromo0695/geom.xtbopt.xyz,/scratch/jaggbow/mol_xtb_coordinates/chromo0695/mmff.xyz,/scratch/jaggbow/mol_xtb_coordinates/chromo0695/basic.xyz,1,,,,,,
533,chromo5260,F[B-]1(F)n2cccc2C(c2c3ccccc3c(-c3ccccc3)c3ccccc23)=C2C=CC=[N+]21,2.0495,0.4583000000000001,3.2523749318624455,1.3672535139448825,/scratch/jaggbow/mol_xtb_coordinates/chromo5260/geom.xtbopt.xyz,/scratch/jaggbow/mol_xtb_coordinates/chromo5260/mmff.xyz,/scratch/jaggbow/mol_xtb_coordinates/chromo5260/basic.xyz,1,,,,,,
534,chromo5553,F[B-]1(F)n2cccc2C=C2c3ccccc3C(c3ccc[nH]3)=[N+]21,2.5594,1.324,2.6348003291237285,1.3372427952383674,/scratch/jaggbow/mol_xtb_coordinates/chromo5553/geom.xtbopt.xyz,/scratch/jaggbow/mol_xtb_coordinates/chromo5553/mmff.xyz,/scratch/jaggbow/mol_xtb_coordinates/chromo5553/basic.xyz,0,,,,,,
535,chromo0678,COc1cn2cc(-c3ccc(C#N)cc3)[n-][n+]2c1,3.1596,0.5804,3.972440303797672,0.6939718264402672,/scratch/jaggbow/mol_xtb_coordinates/chromo0678/geom.xtbopt.xyz,/scratch/jaggbow/mol_xtb_coordinates/chromo0678/mmff.xyz,/scratch/jaggbow/mol_xtb_coordinates/chromo0678/basic.xyz,0,,,,,,
536,chromo5975,CCn1c2ccsc2c2c3nsnc3c3c4sccc4n(CC)c3c21,2.7206,0.7410000000000001,1.5673590162189133,0.20249763489858286,/scratch/jaggbow/mol_xtb_coordinates/chromo5975/geom.xtbopt.xyz,/scratch/jaggbow/mol_xtb_coordinates/chromo5975/mmff.xyz,/scratch/jaggbow/mol_xtb_coordinates/chromo5975/basic.xyz,0,,,,,,
537,chromo1208,N#CC(=Cc1ccc(-c2ccncc2)cc1)c1ccc(-c2ccncc2)cc1,3.3506,1.2841,3.7789366805541778,0.7434841141421507,/scratch/jaggbow/mol_xtb_coordinates/chromo1208/geom.xtbopt.xyz,/scratch/jaggbow/mol_xtb_coordinates/chromo1208/mmff.xyz,/scratch/jaggbow/mol_xtb_coordinates/chromo1208/basic.xyz,1,,,,,,
538,chromo3244,COc1ccc2c(CC(=O)NN)coc2c1,4.7708,1.4979000000000005,3.760402425960162,0.5745844268520983,/scratch/jaggbow/mol_xtb_coordinates/chromo3244/geom.xtbopt.xyz,/scratch/jaggbow/mol_xtb_coordinates/chromo3244/mmff.xyz,/scratch/jaggbow/mol_xtb_coordinates/chromo3244/basic.xyz,0,,,,,,
539,chromo5223,CCCCN1C(=O)C(=CC=CC=CC=C2N(CCCC)c3ccccc3N2CCCC)C(=O)N(CCCC)C1=S,2.3059,1.0188,2.9228640205231544,1.264398063477697,/scratch/jaggbow/mol_xtb_coordinates/chromo5223/geom.xtbopt.xyz,/scratch/jaggbow/mol_xtb_coordinates/chromo5223/mmff.xyz,/scratch/jaggbow/mol_xtb_coordinates/chromo5223/basic.xyz,0,,,,,,
540,chromo5343,CC(C)(C)NC(=O)c1cc2ccccc2c2ccc3c4ccccc4c4ccccc4c3c12,3.413,1.0358999999999998,2.541840661278416,0.13172111362615,/scratch/jaggbow/mol_xtb_coordinates/chromo5343/geom.xtbopt.xyz,/scratch/jaggbow/mol_xtb_coordinates/chromo5343/mmff.xyz,/scratch/jaggbow/mol_xtb_coordinates/chromo5343/basic.xyz,0,,,,,,
541,chromo5729,CC(=O)c1c(NC(CS)C(=O)O)c2ccc(N(C)C)cc2oc1=O,3.6668,0.9299999999999996,4.636468137282688,1.0893965303669426,/scratch/jaggbow/mol_xtb_coordinates/chromo5729/geom.xtbopt.xyz,/scratch/jaggbow/mol_xtb_coordinates/chromo5729/mmff.xyz,/scratch/jaggbow/mol_xtb_coordinates/chromo5729/basic.xyz,1,,,,,,
542,chromo5897,O=[N+]([O-])c1ccc([N+]2=Cc3ccc4c5c(ccc4c3O[B-]2(c2c(F)c(F)c(F)c(F)c2F)c2c(F)c(F)c(F)c(F)c2F)C=[N+](c2ccc([N+](=O)[O-])cc2)[B-](c2c(F)c(F)c(F)c(F)c2F)(c2c(F)c(F)c(F)c(F)c2F)O5)cc1,2.152,0.6772,4.197548668741013,1.1466879542806665,/scratch/jaggbow/mol_xtb_coordinates/chromo5897/geom.xtbopt.xyz,/scratch/jaggbow/mol_xtb_coordinates/chromo5897/mmff.xyz,/scratch/jaggbow/mol_xtb_coordinates/chromo5897/basic.xyz,0,,,,,,
543,chromo5922,CN(C)c1ccc(-c2cc(-c3ccc(C#N)cc3)nn2C)cc1,3.6542,0.7750999999999997,3.9603633493811286,0.5468755921257046,/scratch/jaggbow/mol_xtb_coordinates/chromo5922/geom.xtbopt.xyz,/scratch/jaggbow/mol_xtb_coordinates/chromo5922/mmff.xyz,/scratch/jaggbow/mol_xtb_coordinates/chromo5922/basic.xyz,1,,,,,,
544,chromo5983,CC(C)(C)c1ccc2c(c1)[nH]c1c3[nH]c4cc(C(C)(C)C)ccc4c3c3nsnc3c21,2.9397,0.8084000000000002,4.190704185106785,0.9016351028305579,/scratch/jaggbow/mol_xtb_coordinates/chromo5983/geom.xtbopt.xyz,/scratch/jaggbow/mol_xtb_coordinates/chromo5983/mmff.xyz,/scratch/jaggbow/mol_xtb_coordinates/chromo5983/basic.xyz,0,,,,,,
545,chromo6123,O=C(c1ccc2c3c(cccc13)-c1cccc3c1C2CC=C3)c1c(Cc2ccccc2)c2ccc3cccc4c5cccc6ccc1c(c65)c2c34,2.8129,0.8102,3.3246377052176084,0.6801615537475939,/scratch/jaggbow/mol_xtb_coordinates/chromo6123/geom.xtbopt.xyz,/scratch/jaggbow/mol_xtb_coordinates/chromo6123/mmff.xyz,/scratch/jaggbow/mol_xtb_coordinates/chromo6123/basic.xyz,0,,,,,,
546,chromo6221,CCCCN(CCCC)c1ccc(C#Cc2cc(C#Cc3cc(C(F)(F)F)cc(C(F)(F)F)c3)c(C#Cc3ccc(N(CCCC)CCCC)cc3)cc2C#Cc2cc(C(F)(F)F)cc(C(F)(F)F)c2)cc1,2.2621,0.3311000000000001,3.07456393121711,0.34487133844595164,/scratch/jaggbow/mol_xtb_coordinates/chromo6221/geom.xtbopt.xyz,/scratch/jaggbow/mol_xtb_coordinates/chromo6221/mmff.xyz,/scratch/jaggbow/mol_xtb_coordinates/chromo6221/basic.xyz,1,,,,,,
547,chromo6239,CCC(CC)COC1=CC2=C3c4cc(OCC(CC)CC)c(-c5cccs5)n4[B-](F)(F)[n+]4c3n(c3cc(C(C)(C)C)ccc34)[B-](F)(F)[N+]2=C1c1cccs1,1.9275,1.2826,1.025128134481586,1.378061470626271,/scratch/jaggbow/mol_xtb_coordinates/chromo6239/geom.xtbopt.xyz,/scratch/jaggbow/mol_xtb_coordinates/chromo6239/mmff.xyz,/scratch/jaggbow/mol_xtb_coordinates/chromo6239/basic.xyz,0,,,,,,
548,chromo6256,COc1ccc(-c2c3ccccc3c(C#Cc3ccccc3)c3ccccc23)cc1,2.7553,1.2765000000000002,2.655070894708138,0.9330911177779857,/scratch/jaggbow/mol_xtb_coordinates/chromo6256/geom.xtbopt.xyz,/scratch/jaggbow/mol_xtb_coordinates/chromo6256/mmff.xyz,/scratch/jaggbow/mol_xtb_coordinates/chromo6256/basic.xyz,1,,,,,,
549,chromo6365,Cc1ccccc1N1c2sc3ccccc3c2Sc2sc3ccccc3c21,3.1211,0.6692,1.1147962062799854,0.15554104328886265,/scratch/jaggbow/mol_xtb_coordinates/chromo6365/geom.xtbopt.xyz,/scratch/jaggbow/mol_xtb_coordinates/chromo6365/mmff.xyz,/scratch/jaggbow/mol_xtb_coordinates/chromo6365/basic.xyz,0,,,,,,
550,chromo6415,CC(C)[Si](C#Cc1c2ccccc2c(C#C[Si](C(C)C)(C(C)C)C(C)C)c2nc3c4ccccc4c(=O)c4ccccc4c3nc12)(C(C)C)C(C)C,2.3065,1.0712000000000002,4.37131654937653,1.2868874530358243,/scratch/jaggbow/mol_xtb_coordinates/chromo6415/geom.xtbopt.xyz,/scratch/jaggbow/mol_xtb_coordinates/chromo6415/mmff.xyz,/scratch/jaggbow/mol_xtb_coordinates/chromo6415/basic.xyz,0,,,,,,
551,chromo6419,CCC(C)[Si](C#Cc1c2nc3c4ccccc4c(=O)c4ccccc4c3nc2c(C#C[Si](C(C)CC)(C(C)CC)C(C)CC)c2nc3c4ccccc4c(=O)c4ccccc4c3nc12)(C(C)CC)C(C)CC,2.1255,0.9759000000000002,2.2342610925839983,0.7564289326683115,/scratch/jaggbow/mol_xtb_coordinates/chromo6419/geom.xtbopt.xyz,/scratch/jaggbow/mol_xtb_coordinates/chromo6419/mmff.xyz,/scratch/jaggbow/mol_xtb_coordinates/chromo6419/basic.xyz,0,,,,,,
552,chromo6428,COC(=O)C1=C(C(=O)OC)C2(c3ccccc3-c3c(C(=O)OC)cccc32)C(c2ccc(Cl)cc2)C=C2c3cc(OC)c(OC)cc3CCN21,3.6996,1.0090000000000003,4.448158965747682,1.0630899796490185,/scratch/jaggbow/mol_xtb_coordinates/chromo6428/geom.xtbopt.xyz,/scratch/jaggbow/mol_xtb_coordinates/chromo6428/mmff.xyz,/scratch/jaggbow/mol_xtb_coordinates/chromo6428/basic.xyz,0,,,,,,
553,chromo6436,COC(=O)C1=C(C(=O)OC)C2(c3cc([N+](=O)[O-])ccc3-c3ccc([N+](=O)[O-])cc32)C2(C=Cc3ccccc3)c3cc(OC)c(OC)cc3CCN12,2.3133,0.0670999999999999,2.8757675142083423,0.08845662046970879,/scratch/jaggbow/mol_xtb_coordinates/chromo6436/geom.xtbopt.xyz,/scratch/jaggbow/mol_xtb_coordinates/chromo6436/mmff.xyz,/scratch/jaggbow/mol_xtb_coordinates/chromo6436/basic.xyz,0,,,,,,
554,chromo6445,COc1cc2c(cc1OC)C1=CC(c3ccc(C)cc3)C3(C(C#N)=C(C#N)N1CC2)c1cc(Br)ccc1-c1ccc(Br)cc13,3.2277,0.8906000000000001,3.2174705588637753,0.9833217585268973,/scratch/jaggbow/mol_xtb_coordinates/chromo6445/geom.xtbopt.xyz,/scratch/jaggbow/mol_xtb_coordinates/chromo6445/mmff.xyz,/scratch/jaggbow/mol_xtb_coordinates/chromo6445/basic.xyz,0,,,,,,
555,chromo6513,O=C1c2ccccc2-c2c(-c3ccccc3O)[nH]c(=O)n21,3.1595,1.1971,4.583874740309117,1.342933914131085,/scratch/jaggbow/mol_xtb_coordinates/chromo6513/geom.xtbopt.xyz,/scratch/jaggbow/mol_xtb_coordinates/chromo6513/mmff.xyz,/scratch/jaggbow/mol_xtb_coordinates/chromo6513/basic.xyz,0,,,,,,
556,chromo6524,COC(=O)c1ccc(O)c(-c2[nH]c(=O)n3c2-c2ccccc2C3=O)c1,3.1303,1.1872,1.6326174687066162,0.5900602608155129,/scratch/jaggbow/mol_xtb_coordinates/chromo6524/geom.xtbopt.xyz,/scratch/jaggbow/mol_xtb_coordinates/chromo6524/mmff.xyz,/scratch/jaggbow/mol_xtb_coordinates/chromo6524/basic.xyz,0,,,,,,
557,chromo6526,COc1ccc(-c2[nH]c(=O)n3c2-c2ccccc2C3=O)c(OC)c1,3.139,1.1604,2.319612835133776,0.7652306846975778,/scratch/jaggbow/mol_xtb_coordinates/chromo6526/geom.xtbopt.xyz,/scratch/jaggbow/mol_xtb_coordinates/chromo6526/mmff.xyz,/scratch/jaggbow/mol_xtb_coordinates/chromo6526/basic.xyz,0,,,,,,
558,chromo6560,O=S(=O)(N=c1oc2cccc3c4c(-c5ccccc5)oc5cccc(c(c1-c1ccccc1)c23)c54)C(F)(F)F,2.8018,1.05,2.7931525616961825,0.8748925843007342,/scratch/jaggbow/mol_xtb_coordinates/chromo6560/geom.xtbopt.xyz,/scratch/jaggbow/mol_xtb_coordinates/chromo6560/mmff.xyz,/scratch/jaggbow/mol_xtb_coordinates/chromo6560/basic.xyz,0,,,,,,
559,chromo6757,O=C1c2ccccc2-c2nc3ccccc3n21,3.1101,0.6823000000000001,2.8365490019502526,0.2602663137348239,/scratch/jaggbow/mol_xtb_coordinates/chromo6757/geom.xtbopt.xyz,/scratch/jaggbow/mol_xtb_coordinates/chromo6757/mmff.xyz,/scratch/jaggbow/mol_xtb_coordinates/chromo6757/basic.xyz,0,,,,,,
560,chromo6771,CC(C)[Si](C#Cc1c2cc3ccccc3cc2c(C#C[Si](C(C)C)(C(C)C)C(C)C)c2cc3ccccc3cc12)(C(C)C)C(C)C,1.6865,1.3290000000000002,0.9890445277231574,0.788169411012531,/scratch/jaggbow/mol_xtb_coordinates/chromo6771/geom.xtbopt.xyz,/scratch/jaggbow/mol_xtb_coordinates/chromo6771/mmff.xyz,/scratch/jaggbow/mol_xtb_coordinates/chromo6771/basic.xyz,0,,,,,,
561,chromo6776,CCCCCCCC(CCCCCCC)N1C(=O)c2c(Cl)cc3c4cc(Cl)c5c6c(c(Cl)cc(c7cc(Cl)c(c2c37)C1=O)c64)C(=O)N(C(CCCCCCC)CCCCCCC)C5=O,2.5096,1.1027999999999998,2.714119759820476,0.8886799094604007,/scratch/jaggbow/mol_xtb_coordinates/chromo6776/geom.xtbopt.xyz,/scratch/jaggbow/mol_xtb_coordinates/chromo6776/mmff.xyz,/scratch/jaggbow/mol_xtb_coordinates/chromo6776/basic.xyz,0,,,,,,
562,chromo6434,CCOC(=O)C1=C(C(=O)OCC)C2(c3ccccc3-c3c(Br)cc(Br)cc32)C2(C=Cc3ccc(Cl)cc3)c3cc(OC)c(OC)cc3CCN12,3.3913,0.8242000000000003,3.522042031524687,0.9716969495469641,/scratch/jaggbow/mol_xtb_coordinates/chromo6434/geom.xtbopt.xyz,/scratch/jaggbow/mol_xtb_coordinates/chromo6434/mmff.xyz,/scratch/jaggbow/mol_xtb_coordinates/chromo6434/basic.xyz,0,,,,,,
563,chromo6687,C[SiH]1c2ccccc2-c2cc3c(cc21)-c1ccccc1[SiH]3C,3.6266,1.082,3.989465323405889,0.7542082803847243,/scratch/jaggbow/mol_xtb_coordinates/chromo6687/geom.xtbopt.xyz,/scratch/jaggbow/mol_xtb_coordinates/chromo6687/mmff.xyz,/scratch/jaggbow/mol_xtb_coordinates/chromo6687/basic.xyz,0,,,,,,
564,chromo6303,O=S1(=O)C2=C(c3ccc(N(c4ccccc4)c4ccccc4)cc31)C1(C3=C(c4ccccc41)S(=O)(=O)c1cc(N(c4ccccc4)c4ccccc4)ccc13)c1ccccc12,2.6436,0.7593000000000001,5.786082489861521,1.3467002031154298,/scratch/jaggbow/mol_xtb_coordinates/chromo6303/geom.xtbopt.xyz,/scratch/jaggbow/mol_xtb_coordinates/chromo6303/mmff.xyz,/scratch/jaggbow/mol_xtb_coordinates/chromo6303/basic.xyz,0,,,,,,
565,chromo0922,C[Si](C)(C)[Si](c1ccc([Si]([Si](C)(C)C)([Si](C)(C)C)[Si](C)(C)C)s1)([Si](C)(C)C)[Si](C)(C)C,4.4551,1.3830999999999998,4.800471219608995,1.0592237667301205,/scratch/jaggbow/mol_xtb_coordinates/chromo0922/geom.xtbopt.xyz,/scratch/jaggbow/mol_xtb_coordinates/chromo0922/mmff.xyz,/scratch/jaggbow/mol_xtb_coordinates/chromo0922/basic.xyz,0,,,,,,
566,chromo3468,CCOC(=O)c1c(-c2cc3ccccc3oc2=O)nn(-c2ccc(Br)cc2)c1C(=O)OCC,3.8785,1.2695,4.92187675076532,1.1235127929003073,/scratch/jaggbow/mol_xtb_coordinates/chromo3468/geom.xtbopt.xyz,/scratch/jaggbow/mol_xtb_coordinates/chromo3468/mmff.xyz,/scratch/jaggbow/mol_xtb_coordinates/chromo3468/basic.xyz,1,,,,,,
567,chromo6279,COc1ccc(-c2cnc3cccc(-c4ccccc4)n23)cc1,3.4631,0.8906000000000001,6.462629811274114,1.276943744214483,/scratch/jaggbow/mol_xtb_coordinates/chromo6279/geom.xtbopt.xyz,/scratch/jaggbow/mol_xtb_coordinates/chromo6279/mmff.xyz,/scratch/jaggbow/mol_xtb_coordinates/chromo6279/basic.xyz,0,,,,,,
568,chromo6216,CCCCN(CCCC)c1ccc(C#Cc2cc(C#Cc3ccc(C(F)(F)F)cc3)c(C#Cc3ccc(C(F)(F)F)cc3)cc2C#Cc2ccc(N(CCCC)CCCC)cc2)cc1,2.4546,0.6487,4.648986150220775,0.8505238491470122,/scratch/jaggbow/mol_xtb_coordinates/chromo6216/geom.xtbopt.xyz,/scratch/jaggbow/mol_xtb_coordinates/chromo6216/mmff.xyz,/scratch/jaggbow/mol_xtb_coordinates/chromo6216/basic.xyz,1,,,,,,
569,chromo6231,CCCCN(CCCC)c1ccc2c#cc3cc4c#cc5ccc(C(F)(F)F)cc5c#cc#cc5cc(C(F)(F)F)ccc5c#cc4cc3c#cc3ccc(N(CCCC)CCCC)cc3c#cc#cc2c1,2.3999,0.5913000000000002,3.294205058923414,0.40052296737652954,/scratch/jaggbow/mol_xtb_coordinates/chromo6231/geom.xtbopt.xyz,/scratch/jaggbow/mol_xtb_coordinates/chromo6231/mmff.xyz,/scratch/jaggbow/mol_xtb_coordinates/chromo6231/basic.xyz,0,,,,,,
570,chromo6361,Brc1ccc(N2c3c(sc4ccccc34)Sc3sc4ccccc4c32)cc1,3.5487,0.7076000000000002,1.5435535608719566,0.36513536831372917,/scratch/jaggbow/mol_xtb_coordinates/chromo6361/geom.xtbopt.xyz,/scratch/jaggbow/mol_xtb_coordinates/chromo6361/mmff.xyz,/scratch/jaggbow/mol_xtb_coordinates/chromo6361/basic.xyz,0,,,,,,
571,chromo6481,CC(C)(C)c1ccc(N(c2ccc(C(C)(C)C)cc2)c2cc(N(c3ccc(C(C)(C)C)cc3)c3ccc(C(C)(C)C)cc3)c3ccc4cc(C(C)(C)C)cc5ccc2c3c54)cc1,2.7037,0.8454999999999999,3.0834996619945807,0.6660401583996957,/scratch/jaggbow/mol_xtb_coordinates/chromo6481/geom.xtbopt.xyz,/scratch/jaggbow/mol_xtb_coordinates/chromo6481/mmff.xyz,/scratch/jaggbow/mol_xtb_coordinates/chromo6481/basic.xyz,1,,,,,,
572,chromo6767,CC(C)[Si](C#Cc1ccc(C#Cc2c3cc4ccccc4cc3c(C#C[Si](C(C)C)(C(C)C)C(C)C)c3cc4ccccc4cc23)cc1)(C(C)C)C(C)C,1.6158,1.2815,1.0103052846956921,0.7702358981715076,/scratch/jaggbow/mol_xtb_coordinates/chromo6767/geom.xtbopt.xyz,/scratch/jaggbow/mol_xtb_coordinates/chromo6767/mmff.xyz,/scratch/jaggbow/mol_xtb_coordinates/chromo6767/basic.xyz,0,,,,,,
573,chromo6369,COc1ccc(N2c3sc4ccccc4c3Sc3c2sc2ccccc32)cc1,3.0176,0.6616,1.9647933676126845,0.4451427388710746,/scratch/jaggbow/mol_xtb_coordinates/chromo6369/geom.xtbopt.xyz,/scratch/jaggbow/mol_xtb_coordinates/chromo6369/mmff.xyz,/scratch/jaggbow/mol_xtb_coordinates/chromo6369/basic.xyz,0,,,,,,
574,chromo6429,COc1cc2c(cc1OC)C1=CC(c3ccccc3)C3(C(C(=O)OC4CC5CCC4C5)=C(C(=O)OC4CC5CCC4C5)N1CC2)c1ccccc1-c1ccccc13,3.8211,1.1021,2.0647818192978318,0.4598733398823223,/scratch/jaggbow/mol_xtb_coordinates/chromo6429/geom.xtbopt.xyz,/scratch/jaggbow/mol_xtb_coordinates/chromo6429/mmff.xyz,/scratch/jaggbow/mol_xtb_coordinates/chromo6429/basic.xyz,0,,,,,,
575,chromo6073,O=c1oc2ccccc2c2c1c(=O)oc1cc(O)ccc12,3.4838,1.0663,4.3688219170259,1.0237644328057272,/scratch/jaggbow/mol_xtb_coordinates/chromo6073/geom.xtbopt.xyz,/scratch/jaggbow/mol_xtb_coordinates/chromo6073/mmff.xyz,/scratch/jaggbow/mol_xtb_coordinates/chromo6073/basic.xyz,0,,,,,,
576,chromo6431,COC(=O)C1=C(C(=O)OC)C2(c3cc(Cl)ccc3-c3c(Cl)cc(Cl)cc32)C2(C=Cc3ccccc3)c3cc(OC)c(OC)cc3CCN12,3.3922,0.8643000000000001,4.201581759655921,1.1472308264127689,/scratch/jaggbow/mol_xtb_coordinates/chromo6431/geom.xtbopt.xyz,/scratch/jaggbow/mol_xtb_coordinates/chromo6431/mmff.xyz,/scratch/jaggbow/mol_xtb_coordinates/chromo6431/basic.xyz,0,,,,,,
577,chromo4391,CCC(C)COc1ccc(C2=C3C(C)=C(c4ccc5ccc6cccc7ccc4c5c67)C(C)=[N+]3[B-](F)(F)n3c(C)c(-c4ccc5ccc6cccc7ccc4c5c67)c(C)c32)cc1,2.4224,0.9255000000000002,1.5841522145666782,0.956047489443451,/scratch/jaggbow/mol_xtb_coordinates/chromo4391/geom.xtbopt.xyz,/scratch/jaggbow/mol_xtb_coordinates/chromo4391/mmff.xyz,/scratch/jaggbow/mol_xtb_coordinates/chromo4391/basic.xyz,1,,,,,,
578,chromo6639,CCCCCCOc1cc(C=O)c(OCCCCCC)cc1C=O,3.1959,0.9388999999999998,1.7523551011524714,0.526420498148028,/scratch/jaggbow/mol_xtb_coordinates/chromo6639/geom.xtbopt.xyz,/scratch/jaggbow/mol_xtb_coordinates/chromo6639/mmff.xyz,/scratch/jaggbow/mol_xtb_coordinates/chromo6639/basic.xyz,1,,,,,,
579,chromo6258,COc1ccc(-c2c3ccccc3c(-c3ccc(OC)cc3)c3cc4sc(C)cc4cc23)cc1,2.7609,1.2769,3.964808384940366,1.2057864049858085,/scratch/jaggbow/mol_xtb_coordinates/chromo6258/geom.xtbopt.xyz,/scratch/jaggbow/mol_xtb_coordinates/chromo6258/mmff.xyz,/scratch/jaggbow/mol_xtb_coordinates/chromo6258/basic.xyz,0,,,,,,
580,chromo6115,Cc1ccc(C(=O)c2c(C)c3ccc4cccc5c6cccc7ccc2c(c76)c3c45)cc1,3.1458,1.1462,4.027533231567822,0.7870948077328627,/scratch/jaggbow/mol_xtb_coordinates/chromo6115/geom.xtbopt.xyz,/scratch/jaggbow/mol_xtb_coordinates/chromo6115/mmff.xyz,/scratch/jaggbow/mol_xtb_coordinates/chromo6115/basic.xyz,0,,,,,,
581,chromo6358,Cc1cccc(N2c3c(sc4ccccc34)Sc3sc4ccccc4c32)c1,3.5097,0.6800000000000002,1.9472214274510748,0.4760070618923642,/scratch/jaggbow/mol_xtb_coordinates/chromo6358/geom.xtbopt.xyz,/scratch/jaggbow/mol_xtb_coordinates/chromo6358/mmff.xyz,/scratch/jaggbow/mol_xtb_coordinates/chromo6358/basic.xyz,0,,,,,,
582,chromo6688,C[Si]1(C)c2ccccc2-c2cc3c(cc21)-c1ccccc1[Si]3(C)C,3.6555,1.1096,3.832790092843447,0.7137199032856745,/scratch/jaggbow/mol_xtb_coordinates/chromo6688/geom.xtbopt.xyz,/scratch/jaggbow/mol_xtb_coordinates/chromo6688/mmff.xyz,/scratch/jaggbow/mol_xtb_coordinates/chromo6688/basic.xyz,0,,,,,,
583,chromo5334,CC(C)(C)NC(=O)c1ccc(F)c2ccc3c4ccccc4c4ccccc4c3c12,3.4935,1.1814,2.46643131935026,0.3712889987574149,/scratch/jaggbow/mol_xtb_coordinates/chromo5334/geom.xtbopt.xyz,/scratch/jaggbow/mol_xtb_coordinates/chromo5334/mmff.xyz,/scratch/jaggbow/mol_xtb_coordinates/chromo5334/basic.xyz,0,,,,,,
584,chromo6417,CC(C)[Si](C#Cc1c2nc3ccccc3nc2c(C#C[Si](C(C)C)(C(C)C)C(C)C)c2nc3c4ccccc4c(=O)c4ccccc4c3nc12)(C(C)C)C(C)C,1.8635,1.0600999999999998,3.4635547825748794,1.198225747682185,/scratch/jaggbow/mol_xtb_coordinates/chromo6417/geom.xtbopt.xyz,/scratch/jaggbow/mol_xtb_coordinates/chromo6417/mmff.xyz,/scratch/jaggbow/mol_xtb_coordinates/chromo6417/basic.xyz,0,,,,,,
585,chromo6426,CCOC(=O)C1=C(C(=O)OCC)C2(c3ccccc3-c3ccccc32)C(c2ccc([N+](=O)[O-])cc2)C=C2c3cc(OC)c(OC)cc3CCN21,2.8906,0.2271999999999998,4.066576259051025,0.9127196066386528,/scratch/jaggbow/mol_xtb_coordinates/chromo6426/geom.xtbopt.xyz,/scratch/jaggbow/mol_xtb_coordinates/chromo6426/mmff.xyz,/scratch/jaggbow/mol_xtb_coordinates/chromo6426/basic.xyz,0,,,,,,
586,chromo6657,CCCCOc1c(OC)cc2cc(OC)c(OCCCC)c3c4c(OCCCC)c(OC)cc5cc(OC)c(OCCCC)c(c1c23)c54,2.8295,1.1472,3.808518350759079,1.0167523936179783,/scratch/jaggbow/mol_xtb_coordinates/chromo6657/geom.xtbopt.xyz,/scratch/jaggbow/mol_xtb_coordinates/chromo6657/mmff.xyz,/scratch/jaggbow/mol_xtb_coordinates/chromo6657/basic.xyz,0,,,,,,
587,chromo2181,Cc1ccc(N(c2ccc(C)cc2)c2ccc(-c3cc4c(cc(-c5ccc(N(c6ccc(C)cc6)c6ccc(C)cc6)cc5)c5nsnc54)c4nsnc34)cc2)cc1,1.7847,0.3961999999999999,2.5734035054491673,0.4149258290230087,/scratch/jaggbow/mol_xtb_coordinates/chromo2181/geom.xtbopt.xyz,/scratch/jaggbow/mol_xtb_coordinates/chromo2181/mmff.xyz,/scratch/jaggbow/mol_xtb_coordinates/chromo2181/basic.xyz,0,,,,,,
588,chromo6265,COc1ccc(-c2c3ccccc3c(C#Cc3ccccc3)c3cc4ccccc4cc23)cc1,2.1966,1.2446000000000002,2.9989295214196527,1.1550307294713806,/scratch/jaggbow/mol_xtb_coordinates/chromo6265/geom.xtbopt.xyz,/scratch/jaggbow/mol_xtb_coordinates/chromo6265/mmff.xyz,/scratch/jaggbow/mol_xtb_coordinates/chromo6265/basic.xyz,0,,,,,,
589,chromo6416,CC(C)[Si](C#Cc1c2cc3ccccc3cc2c(C#C[Si](C(C)C)(C(C)C)C(C)C)c2nc3c4ccccc4c(=O)c4ccccc4c3nc12)(C(C)C)C(C)C,1.84,1.0644,1.6784583921646496,0.7793469313111345,/scratch/jaggbow/mol_xtb_coordinates/chromo6416/geom.xtbopt.xyz,/scratch/jaggbow/mol_xtb_coordinates/chromo6416/mmff.xyz,/scratch/jaggbow/mol_xtb_coordinates/chromo6416/basic.xyz,0,,,,,,
590,chromo6479,CC(C)(C)c1cc2ccc3c(N(c4ccccc4)c4ccccc4)cc(N(c4ccccc4)c4ccccc4)c4ccc(c1)c2c34,2.7626,0.8902999999999999,1.7769811906343906,0.3378907893309307,/scratch/jaggbow/mol_xtb_coordinates/chromo6479/geom.xtbopt.xyz,/scratch/jaggbow/mol_xtb_coordinates/chromo6479/mmff.xyz,/scratch/jaggbow/mol_xtb_coordinates/chromo6479/basic.xyz,1,,,,,,
591,chromo1460,COc1ccc2c3cccc4c(OC)ccc(c5cccc1c52)c43,2.8,1.2597999999999998,4.933977707126561,1.5107417986518015,/scratch/jaggbow/mol_xtb_coordinates/chromo1460/geom.xtbopt.xyz,/scratch/jaggbow/mol_xtb_coordinates/chromo1460/mmff.xyz,/scratch/jaggbow/mol_xtb_coordinates/chromo1460/basic.xyz,0,,,,,,
592,chromo2291,C(=Cc1cc(C=Cc2ccc(-n3c4ccccc4c4ccccc43)cc2)cc(C=Cc2ccc(-n3c4ccccc4c4ccccc43)cc2)c1)c1ccc(-n2c3ccccc3c3ccccc32)cc1,3.0095,1.004,3.9429656569373552,0.7534946466509642,/scratch/jaggbow/mol_xtb_coordinates/chromo2291/geom.xtbopt.xyz,/scratch/jaggbow/mol_xtb_coordinates/chromo2291/mmff.xyz,/scratch/jaggbow/mol_xtb_coordinates/chromo2291/basic.xyz,1,,,,,,
593,chromo4691,C[Si]1(C)O[Si](C)(C)c2cc3nc4ccc(Cl)cc4c(-c4ccccc4F)c3cc2[Si](C)(C)O1,3.1514,1.3078000000000003,3.9970559056680175,1.0349004223038363,/scratch/jaggbow/mol_xtb_coordinates/chromo4691/geom.xtbopt.xyz,/scratch/jaggbow/mol_xtb_coordinates/chromo4691/mmff.xyz,/scratch/jaggbow/mol_xtb_coordinates/chromo4691/basic.xyz,0,,,,,,
594,chromo6098,F[B-]1(F)n2c(Cl)c(Cl)c(Br)c2C(Cl)=C2C(Br)=C(Cl)C(Cl)=[N+]21,2.785,1.2451,3.1176222989691276,1.4633649034833902,/scratch/jaggbow/mol_xtb_coordinates/chromo6098/geom.xtbopt.xyz,/scratch/jaggbow/mol_xtb_coordinates/chromo6098/mmff.xyz,/scratch/jaggbow/mol_xtb_coordinates/chromo6098/basic.xyz,1,,,,,,
595,chromo6275,Cc1ccc(-c2cccc3ncc(-c4ccccc4)n23)cc1,3.5942,0.9996999999999998,3.7011330459960314,0.5899663176085356,/scratch/jaggbow/mol_xtb_coordinates/chromo6275/geom.xtbopt.xyz,/scratch/jaggbow/mol_xtb_coordinates/chromo6275/mmff.xyz,/scratch/jaggbow/mol_xtb_coordinates/chromo6275/basic.xyz,0,,,,,,
596,chromo6337,F[B-]1(F)n2c(c3cc4ccccc4cc3c2-c2ccccc2)C=C2c3cc4ccccc4cc3C(c3ccccc3)=[N+]21,1.913,1.0796,1.7027228340522254,1.2161725690084346,/scratch/jaggbow/mol_xtb_coordinates/chromo6337/geom.xtbopt.xyz,/scratch/jaggbow/mol_xtb_coordinates/chromo6337/mmff.xyz,/scratch/jaggbow/mol_xtb_coordinates/chromo6337/basic.xyz,0,,,,,,
597,chromo6393,COc1c2ccccc2c(OC)c2c(C#C[Si](C(C)C)(C(C)C)C(C)C)c3cc4ccccc4cc3c(C#C[Si](C(C)C)(C(C)C)C(C)C)c12,1.5753,1.3587,2.4469581110695087,1.1327759111210611,/scratch/jaggbow/mol_xtb_coordinates/chromo6393/geom.xtbopt.xyz,/scratch/jaggbow/mol_xtb_coordinates/chromo6393/mmff.xyz,/scratch/jaggbow/mol_xtb_coordinates/chromo6393/basic.xyz,0,,,,,,
598,chromo2550,CC(C)(C)c1ccc(C2=CC3=C(c4ccccc4)c4cc(-c5ccc(C(C)(C)C)cc5)c(-c5ccc(C(C)(C)C)cc5)n4[B-](F)(F)[N+]3=C2c2ccc(C(C)(C)C)cc2)cc1,2.3109,0.9584,2.1688686678035114,0.9416365193591463,/scratch/jaggbow/mol_xtb_coordinates/chromo2550/geom.xtbopt.xyz,/scratch/jaggbow/mol_xtb_coordinates/chromo2550/mmff.xyz,/scratch/jaggbow/mol_xtb_coordinates/chromo2550/basic.xyz,1,,,,,,
599,chromo6793,COc1cc(C)c(-c2cc(-c3c(C)cc(OC)cc3C)c3ccc4c(-c5c(C)cc(OC)cc5C)cc(-c5c(C)cc(OC)cc5C)c5ccc2c3c54)c(C)c1,3.5709,1.5713,3.635713636910963,0.9143138763065678,/scratch/jaggbow/mol_xtb_coordinates/chromo6793/geom.xtbopt.xyz,/scratch/jaggbow/mol_xtb_coordinates/chromo6793/mmff.xyz,/scratch/jaggbow/mol_xtb_coordinates/chromo6793/basic.xyz,1,,,,,,
600,chromo3279,COc1ccc2n1[B-](F)(F)[N+]1=CC=CC1=C2c1ccccc1,3.0678,1.5177,2.4256522003624146,1.4410254837138394,/scratch/jaggbow/mol_xtb_coordinates/chromo3279/geom.xtbopt.xyz,/scratch/jaggbow/mol_xtb_coordinates/chromo3279/mmff.xyz,/scratch/jaggbow/mol_xtb_coordinates/chromo3279/basic.xyz,1,,,,,,
601,chromo6267,COc1ccc(-c2c3cc4ccccc4cc3c(-c3ccc(OC)cc3)c3cc4sc(C)cc4cc23)cc1,2.1475,1.241,2.813185418134201,1.0827531074845087,/scratch/jaggbow/mol_xtb_coordinates/chromo6267/geom.xtbopt.xyz,/scratch/jaggbow/mol_xtb_coordinates/chromo6267/mmff.xyz,/scratch/jaggbow/mol_xtb_coordinates/chromo6267/basic.xyz,0,,,,,,
602,chromo6389,COc1c2ccccc2c(OC)c2c(C#CC(C)(C)C)c3cc4sccc4cc3c(C#CC(C)(C)C)c12,1.8282,1.2415,4.723179178769952,1.6350135571663138,/scratch/jaggbow/mol_xtb_coordinates/chromo6389/geom.xtbopt.xyz,/scratch/jaggbow/mol_xtb_coordinates/chromo6389/mmff.xyz,/scratch/jaggbow/mol_xtb_coordinates/chromo6389/basic.xyz,0,,,,,,
603,chromo6523,COc1cc(C=O)cc(-c2[nH]c(=O)n3c2-c2ccccc2C3=O)c1O,3.0605,1.0970000000000002,1.8268263256330566,0.6493332871212779,/scratch/jaggbow/mol_xtb_coordinates/chromo6523/geom.xtbopt.xyz,/scratch/jaggbow/mol_xtb_coordinates/chromo6523/mmff.xyz,/scratch/jaggbow/mol_xtb_coordinates/chromo6523/basic.xyz,0,,,,,,
604,chromo6725,CCCCc1ccc2c(c1)c1ccc3cccc4c3c1c1c2c2cccc3ccc5c6cc(CCCC)ccc6c4c1c5c32,2.4747,1.0549,3.1588311048835633,0.9345260967605331,/scratch/jaggbow/mol_xtb_coordinates/chromo6725/geom.xtbopt.xyz,/scratch/jaggbow/mol_xtb_coordinates/chromo6725/mmff.xyz,/scratch/jaggbow/mol_xtb_coordinates/chromo6725/basic.xyz,0,,,,,,
605,chromo6572,O=C(O)C1=C(C(=O)O)C2=CC3c4ccccc4C2(S1)c1ccccc13,3.043,1.2887000000000002,2.4377507216265335,0.9014828537186815,/scratch/jaggbow/mol_xtb_coordinates/chromo6572/geom.xtbopt.xyz,/scratch/jaggbow/mol_xtb_coordinates/chromo6572/mmff.xyz,/scratch/jaggbow/mol_xtb_coordinates/chromo6572/basic.xyz,0,,,,,,
606,chromo5647,CCN(CC)c1ccc2c(c1)oc(=O)c1cnc3c(cnn3-c3ccccc3)c12,3.379,0.8812000000000002,3.7209543777917276,0.8194156344065765,/scratch/jaggbow/mol_xtb_coordinates/chromo5647/geom.xtbopt.xyz,/scratch/jaggbow/mol_xtb_coordinates/chromo5647/mmff.xyz,/scratch/jaggbow/mol_xtb_coordinates/chromo5647/basic.xyz,0,,,,,,
607,chromo6355,CN(C)c1ccc(N2c3c(sc4ccccc34)Sc3sc4ccccc4c32)cc1,3.0383,0.2947000000000002,1.659062951643054,0.4152579180430815,/scratch/jaggbow/mol_xtb_coordinates/chromo6355/geom.xtbopt.xyz,/scratch/jaggbow/mol_xtb_coordinates/chromo6355/mmff.xyz,/scratch/jaggbow/mol_xtb_coordinates/chromo6355/basic.xyz,0,,,,,,
608,chromo4213,Cc1cccc2[n+]1[B-](F)(F)n1c(c3cccc4cccc1c43)=N2,2.8658,1.007,2.8600762858675335,0.7447971900194937,/scratch/jaggbow/mol_xtb_coordinates/chromo4213/geom.xtbopt.xyz,/scratch/jaggbow/mol_xtb_coordinates/chromo4213/mmff.xyz,/scratch/jaggbow/mol_xtb_coordinates/chromo4213/basic.xyz,0,,,,,,
609,chromo5377,CN(c1ccccc1)c1ccc(N(c2ccccc2)c2ccc3ccc4c(N(c5ccccc5)c5ccc(N(C)c6ccccc6)cc5)ccc5ccc2c3c54)cc1,2.5283,0.6785000000000001,2.4408146659498784,0.43283276891554373,/scratch/jaggbow/mol_xtb_coordinates/chromo5377/geom.xtbopt.xyz,/scratch/jaggbow/mol_xtb_coordinates/chromo5377/mmff.xyz,/scratch/jaggbow/mol_xtb_coordinates/chromo5377/basic.xyz,1,,,,,,
610,chromo6084,CCN(CC)c1ccc2c(c1)oc(=O)c1c(=O)oc3cc(Br)ccc3c12,3.0458,0.8668,2.743229687329241,0.7307400300747303,/scratch/jaggbow/mol_xtb_coordinates/chromo6084/geom.xtbopt.xyz,/scratch/jaggbow/mol_xtb_coordinates/chromo6084/mmff.xyz,/scratch/jaggbow/mol_xtb_coordinates/chromo6084/basic.xyz,0,,,,,,
611,chromo6300,CCCCCCn1c(=O)c2c3[nH]c4cc5[nH]c6c(oc5cc4oc3c3c(=O)n(CCCCCC)c(=O)c3c2c1=O)c1c(=O)n(CCCCCC)c(=O)c1c1c(=O)n(CCCCCC)c(=O)c61,2.3428,0.4631,2.964417489876613,0.8075593668966834,/scratch/jaggbow/mol_xtb_coordinates/chromo6300/geom.xtbopt.xyz,/scratch/jaggbow/mol_xtb_coordinates/chromo6300/mmff.xyz,/scratch/jaggbow/mol_xtb_coordinates/chromo6300/basic.xyz,0,,,,,,
612,chromo5338,CC(C)(C)NC(=O)c1ccc(-c2ccccc2)c2ccc3c4ccccc4c4ccccc4c3c12,3.3941,1.1317999999999997,2.4305033516695826,0.3886744293149227,/scratch/jaggbow/mol_xtb_coordinates/chromo5338/geom.xtbopt.xyz,/scratch/jaggbow/mol_xtb_coordinates/chromo5338/mmff.xyz,/scratch/jaggbow/mol_xtb_coordinates/chromo5338/basic.xyz,0,,,,,,
613,chromo6430,CCOC(=O)C1=C(C(=O)OCC)C2(c3cc(Cl)ccc3-c3ccc(Cl)cc32)C2(C=Cc3ccccc3)c3cc(OC)c(OC)cc3CCN12,3.4372,0.8884999999999996,5.658703261494278,1.4904569732811832,/scratch/jaggbow/mol_xtb_coordinates/chromo6430/geom.xtbopt.xyz,/scratch/jaggbow/mol_xtb_coordinates/chromo6430/mmff.xyz,/scratch/jaggbow/mol_xtb_coordinates/chromo6430/basic.xyz,0,,,,,,
614,chromo2314,O=P1(c2ccccc2)C(c2cc(C(F)(F)F)cc(C(F)(F)F)c2)=Cc2c3ccc4cccc5ccc(c6cc(-c7ccc(N(c8ccccc8)c8ccccc8)cc7)n1c26)c3c45,2.2808,0.7626000000000002,4.13472819674373,1.181666858750127,/scratch/jaggbow/mol_xtb_coordinates/chromo2314/geom.xtbopt.xyz,/scratch/jaggbow/mol_xtb_coordinates/chromo2314/mmff.xyz,/scratch/jaggbow/mol_xtb_coordinates/chromo2314/basic.xyz,0,,,,,,
615,chromo5072,c1ccc(-c2nc(-c3ccccc3)nc(-c3ccc(-n4c5ccccc5c5ccc6c7ccccc7n(-c7ccccc7)c6c54)cc3)n2)cc1,2.807,0.1736999999999997,3.74026534930331,0.49535361275109296,/scratch/jaggbow/mol_xtb_coordinates/chromo5072/geom.xtbopt.xyz,/scratch/jaggbow/mol_xtb_coordinates/chromo5072/mmff.xyz,/scratch/jaggbow/mol_xtb_coordinates/chromo5072/basic.xyz,0,,,,,,
616,chromo6235,CCCCN(CCCC)c1ccc2c(c1)C#CC#Cc1cc(N(CCCC)CCCC)ccc1C#Cc1cc(c3cc1C#Cc1ccc(C(F)(F)F)cc1C#CC#Cc1cc(C(F)(F)F)ccc1C#C3)C#C2,2.1801,0.3931,3.381831272212493,0.5766648970408664,/scratch/jaggbow/mol_xtb_coordinates/chromo6235/geom.xtbopt.xyz,/scratch/jaggbow/mol_xtb_coordinates/chromo6235/mmff.xyz,/scratch/jaggbow/mol_xtb_coordinates/chromo6235/basic.xyz,0,,,,,,
617,chromo6480,Cc1ccc(N(c2ccc(C)cc2)c2cc(N(c3ccc(C)cc3)c3ccc(C)cc3)c3ccc4cc(C(C)(C)C)cc5ccc2c3c54)cc1,2.7046,0.8529000000000002,2.5770223148782136,0.5666850059979691,/scratch/jaggbow/mol_xtb_coordinates/chromo6480/geom.xtbopt.xyz,/scratch/jaggbow/mol_xtb_coordinates/chromo6480/mmff.xyz,/scratch/jaggbow/mol_xtb_coordinates/chromo6480/basic.xyz,1,,,,,,
618,chromo6064,O=Cc1ccc(C2=C3C=c4c(oc5ccccc45)=[N+]3[B-](F)(F)n3c2cc2c4ccccc4oc23)cc1,2.4733,1.0625,1.8663280752696638,1.0914228447378898,/scratch/jaggbow/mol_xtb_coordinates/chromo6064/geom.xtbopt.xyz,/scratch/jaggbow/mol_xtb_coordinates/chromo6064/mmff.xyz,/scratch/jaggbow/mol_xtb_coordinates/chromo6064/basic.xyz,0,,,,,,
619,chromo5944,CC1(C)CC(C=Cc2ccc(N3CCOCCOCCOCCOCC3)cc2)=CC(=C(C#N)C#N)C1,2.6598,1.2299000000000002,3.0480436588442834,1.1676260989682592,/scratch/jaggbow/mol_xtb_coordinates/chromo5944/geom.xtbopt.xyz,/scratch/jaggbow/mol_xtb_coordinates/chromo5944/mmff.xyz,/scratch/jaggbow/mol_xtb_coordinates/chromo5944/basic.xyz,0,,,,,,
620,chromo6273,c1ccc(-c2cccc3ncc(-c4ccccc4)n23)cc1,3.5694,0.9817,5.025012478661081,0.9249688251628865,/scratch/jaggbow/mol_xtb_coordinates/chromo6273/geom.xtbopt.xyz,/scratch/jaggbow/mol_xtb_coordinates/chromo6273/mmff.xyz,/scratch/jaggbow/mol_xtb_coordinates/chromo6273/basic.xyz,0,,,,,,
621,chromo2166,O=P(c1ccccc1)(c1ccccc1)n1c2ccccc2c2ccccc21,3.9133,0.7477999999999998,3.2558134545575426,0.33346154722841936,/scratch/jaggbow/mol_xtb_coordinates/chromo2166/geom.xtbopt.xyz,/scratch/jaggbow/mol_xtb_coordinates/chromo2166/mmff.xyz,/scratch/jaggbow/mol_xtb_coordinates/chromo2166/basic.xyz,1,,,,,,
622,chromo6376,CCc1ccccc1-c1c2ccccc2c(C#Cc2ccccc2)c2cc3ccccc3cc12,2.2026,1.2538,1.5215992654563246,0.7794459476037889,/scratch/jaggbow/mol_xtb_coordinates/chromo6376/geom.xtbopt.xyz,/scratch/jaggbow/mol_xtb_coordinates/chromo6376/mmff.xyz,/scratch/jaggbow/mol_xtb_coordinates/chromo6376/basic.xyz,0,,,,,,
623,chromo6363,CN(C)c1ccc(N2c3sc4ccccc4c3Sc3sc4ccccc4c32)cc1,3.1377,0.6564000000000001,2.8960892885489518,0.5595598948858838,/scratch/jaggbow/mol_xtb_coordinates/chromo6363/geom.xtbopt.xyz,/scratch/jaggbow/mol_xtb_coordinates/chromo6363/mmff.xyz,/scratch/jaggbow/mol_xtb_coordinates/chromo6363/basic.xyz,0,,,,,,
624,chromo5620,COc1ccc(-c2c3ccccc3c3n2[B-](F)(F)[N+]2=Cc4c5ccccc5c(-c5ccc(OC)cc5)n4[B-](F)(F)[N+]2=C3)cc1,2.3829,0.8713999999999997,2.3474994959482043,0.9601291748948159,/scratch/jaggbow/mol_xtb_coordinates/chromo5620/geom.xtbopt.xyz,/scratch/jaggbow/mol_xtb_coordinates/chromo5620/mmff.xyz,/scratch/jaggbow/mol_xtb_coordinates/chromo5620/basic.xyz,0,,,,,,
625,chromo6569,O=C(O)C1=C(C(=O)O)C2=CC3c4ccccc4C2([Se]1)c1ccccc13,2.925,1.2339999999999998,2.465894381135005,0.9244360761558482,/scratch/jaggbow/mol_xtb_coordinates/chromo6569/geom.xtbopt.xyz,/scratch/jaggbow/mol_xtb_coordinates/chromo6569/mmff.xyz,/scratch/jaggbow/mol_xtb_coordinates/chromo6569/basic.xyz,0,,,,,,
626,chromo5978,CCn1c2cc(C(C)(C)C)ccc2c2c3nsnc3c3c4ccc(C(C)(C)C)cc4n(CC)c3c21,2.8118,0.8170999999999999,1.857260045690686,0.337967815433873,/scratch/jaggbow/mol_xtb_coordinates/chromo5978/geom.xtbopt.xyz,/scratch/jaggbow/mol_xtb_coordinates/chromo5978/mmff.xyz,/scratch/jaggbow/mol_xtb_coordinates/chromo5978/basic.xyz,0,,,,,,
627,chromo6514,Cc1cccc(-c2[nH]c(=O)n3c2-c2ccccc2C3=O)c1O,3.1681,1.1968,3.9462167349256263,1.1781672521260091,/scratch/jaggbow/mol_xtb_coordinates/chromo6514/geom.xtbopt.xyz,/scratch/jaggbow/mol_xtb_coordinates/chromo6514/mmff.xyz,/scratch/jaggbow/mol_xtb_coordinates/chromo6514/basic.xyz,0,,,,,,
628,chromo6304,O=S1(=O)C2=C(c3ccc(-c4ccc(N(c5ccccc5)c5ccccc5)cc4)cc31)C1(C3=C(c4ccccc41)S(=O)(=O)c1cc(-c4ccc(N(c5ccccc5)c5ccccc5)cc4)ccc13)c1ccccc12,2.4629,0.5311999999999999,2.1016450358179597,0.41284910577688394,/scratch/jaggbow/mol_xtb_coordinates/chromo6304/geom.xtbopt.xyz,/scratch/jaggbow/mol_xtb_coordinates/chromo6304/mmff.xyz,/scratch/jaggbow/mol_xtb_coordinates/chromo6304/basic.xyz,0,,,,,,
629,chromo1088,F[B-]1(F)n2c(c3ccccc3c2-c2ccccc2)C=C2c3ccccc3C(c3ccccc3)=[N+]21,2.2938,1.2065,2.789468669685143,1.2853726080707517,/scratch/jaggbow/mol_xtb_coordinates/chromo1088/geom.xtbopt.xyz,/scratch/jaggbow/mol_xtb_coordinates/chromo1088/mmff.xyz,/scratch/jaggbow/mol_xtb_coordinates/chromo1088/basic.xyz,0,,,,,,
630,chromo5469,c1ccc(C2=C(c3ccccc3)c3cccc4c5c(cc(c34)O2)=NC2CCCCC2N=5)cc1,2.5307,0.9871,1.5997375860054852,0.47094148404062613,/scratch/jaggbow/mol_xtb_coordinates/chromo5469/geom.xtbopt.xyz,/scratch/jaggbow/mol_xtb_coordinates/chromo5469/mmff.xyz,/scratch/jaggbow/mol_xtb_coordinates/chromo5469/basic.xyz,0,,,,,,
631,chromo6433,COC(=O)C1=C(C(=O)OC)C2(c3ccccc3-c3c(Br)cc(Br)cc32)C2(C=Cc3ccc(Cl)cc3)c3cc(OC)c(OC)cc3CCN12,3.3852,0.8367,4.268249450561812,1.2258647208002158,/scratch/jaggbow/mol_xtb_coordinates/chromo6433/geom.xtbopt.xyz,/scratch/jaggbow/mol_xtb_coordinates/chromo6433/mmff.xyz,/scratch/jaggbow/mol_xtb_coordinates/chromo6433/basic.xyz,0,,,,,,
632,chromo0227,CCCCCCCCCCCCOc1cc2cc(N(C)C)ccc2cc1C=C(C#N)C#N,2.8324,0.9627,3.675189932953859,0.8651639798240579,/scratch/jaggbow/mol_xtb_coordinates/chromo0227/geom.xtbopt.xyz,/scratch/jaggbow/mol_xtb_coordinates/chromo0227/mmff.xyz,/scratch/jaggbow/mol_xtb_coordinates/chromo0227/basic.xyz,1,,,,,,
633,chromo1849,CCCC1=Cc2nc1ccc1[nH]c(cc1CCC)c1nc(c(NC(=O)CCCC(=O)O)cc3[nH]c2cc3CCC)C(CCC)=C1,2.0914,0.8095000000000001,1.6122524945318948,0.45845895877887205,/scratch/jaggbow/mol_xtb_coordinates/chromo1849/geom.xtbopt.xyz,/scratch/jaggbow/mol_xtb_coordinates/chromo1849/mmff.xyz,/scratch/jaggbow/mol_xtb_coordinates/chromo1849/basic.xyz,0,,,,,,
634,chromo6101,F[B-]1(F)n2c(Oc3ccccc3)c(Cl)c3c2C(=C2C(Br)=C(Cl)C(Oc4ccccc4)=[N+]21)Oc1ccccc1-3,2.9314,0.9967,2.357125957348464,0.8912790533120093,/scratch/jaggbow/mol_xtb_coordinates/chromo6101/geom.xtbopt.xyz,/scratch/jaggbow/mol_xtb_coordinates/chromo6101/mmff.xyz,/scratch/jaggbow/mol_xtb_coordinates/chromo6101/basic.xyz,0,,,,,,
635,chromo6120,Cc1c(C(=O)c2ccc3ccc4cccc5ccc2c3c45)c2ccc3cccc4c5cccc6ccc1c(c65)c2c34,2.5617,0.6607000000000001,2.4377924538723645,0.6306919847037816,/scratch/jaggbow/mol_xtb_coordinates/chromo6120/geom.xtbopt.xyz,/scratch/jaggbow/mol_xtb_coordinates/chromo6120/mmff.xyz,/scratch/jaggbow/mol_xtb_coordinates/chromo6120/basic.xyz,0,,,,,,
636,chromo5730,COC(=O)C(Cc1ccccc1)Nc1c(C(C)=O)c(=O)oc2cc(N(C)C)ccc12,3.6604,0.916,4.6056006990889635,1.0544539550449177,/scratch/jaggbow/mol_xtb_coordinates/chromo5730/geom.xtbopt.xyz,/scratch/jaggbow/mol_xtb_coordinates/chromo5730/mmff.xyz,/scratch/jaggbow/mol_xtb_coordinates/chromo5730/basic.xyz,1,,,,,,
637,chromo6364,COc1ccc(N2c3sc4ccccc4c3Sc3sc4ccccc4c32)cc1,3.1985,0.6699000000000002,3.5257735006325777,0.6647471758648215,/scratch/jaggbow/mol_xtb_coordinates/chromo6364/geom.xtbopt.xyz,/scratch/jaggbow/mol_xtb_coordinates/chromo6364/mmff.xyz,/scratch/jaggbow/mol_xtb_coordinates/chromo6364/basic.xyz,0,,,,,,
638,chromo6444,COc1cc2c(cc1OC)C1=CC(c3ccc(Cl)cc3)C3(C(C#N)=C(C#N)N1CC2)c1cc(Br)ccc1-c1ccc(Br)cc13,3.2123,0.8721999999999999,3.44720878434949,1.0386972537096848,/scratch/jaggbow/mol_xtb_coordinates/chromo6444/geom.xtbopt.xyz,/scratch/jaggbow/mol_xtb_coordinates/chromo6444/mmff.xyz,/scratch/jaggbow/mol_xtb_coordinates/chromo6444/basic.xyz,0,,,,,,
639,chromo1787,CCCCC(CC)COc1ccc2nc(-c3ccc(-c4ccc(OC)cc4)s3)sc2c1,3.1968,1.1147,5.327566391227977,1.3462857242867832,/scratch/jaggbow/mol_xtb_coordinates/chromo1787/geom.xtbopt.xyz,/scratch/jaggbow/mol_xtb_coordinates/chromo1787/mmff.xyz,/scratch/jaggbow/mol_xtb_coordinates/chromo1787/basic.xyz,1,,,,,,
640,chromo2225,COc1cc(OC)cc(C2=[O+][B-](F)(F)OC(c3ccc4cc(OC)ccc4c3)=C2)c1,3.0738,0.7369999999999997,2.4161308990142993,0.5725151399694685,/scratch/jaggbow/mol_xtb_coordinates/chromo2225/geom.xtbopt.xyz,/scratch/jaggbow/mol_xtb_coordinates/chromo2225/mmff.xyz,/scratch/jaggbow/mol_xtb_coordinates/chromo2225/basic.xyz,1,,,,,,
641,chromo3351,FC(F)(F)c1ccc(C#Cc2cc(C#Cc3ccc(C(F)(F)F)cc3)c3ccc4c(C#Cc5ccc(C(F)(F)F)cc5)cc(C#Cc5ccc(C(F)(F)F)cc5)c5ccc2c3c54)cc1,2.3428,0.9675,2.3711374110024717,0.6121835126302475,/scratch/jaggbow/mol_xtb_coordinates/chromo3351/geom.xtbopt.xyz,/scratch/jaggbow/mol_xtb_coordinates/chromo3351/mmff.xyz,/scratch/jaggbow/mol_xtb_coordinates/chromo3351/basic.xyz,1,,,,,,
642,chromo6118,Cc1c(C(=O)c2c(F)cc(F)cc2F)c2ccc3cccc4c5cccc6ccc1c(c65)c2c34,3.005,1.009,4.378300815910227,0.8636940046390478,/scratch/jaggbow/mol_xtb_coordinates/chromo6118/geom.xtbopt.xyz,/scratch/jaggbow/mol_xtb_coordinates/chromo6118/mmff.xyz,/scratch/jaggbow/mol_xtb_coordinates/chromo6118/basic.xyz,0,,,,,,
643,chromo6512,N#Cc1c(N2CCCCC2)cc(-c2ccc(O)cc2)c2c1-c1cccc3cccc-2c13,2.9318,0.6720999999999999,3.43853070937118,0.4167935927055061,/scratch/jaggbow/mol_xtb_coordinates/chromo6512/geom.xtbopt.xyz,/scratch/jaggbow/mol_xtb_coordinates/chromo6512/mmff.xyz,/scratch/jaggbow/mol_xtb_coordinates/chromo6512/basic.xyz,0,,,,,,
644,chromo1276,COc1ccc2c(c1)CCc1c-2nc(N)c(C#N)c1-c1ccc(Br)cc1,3.5127,0.9522,3.8955920643599145,0.7901193587941183,/scratch/jaggbow/mol_xtb_coordinates/chromo1276/geom.xtbopt.xyz,/scratch/jaggbow/mol_xtb_coordinates/chromo1276/mmff.xyz,/scratch/jaggbow/mol_xtb_coordinates/chromo1276/basic.xyz,0,,,,,,
645,chromo2501,CN(C)c1ccc(C=Cc2nc(C=Cc3ccc(N(C)C)cc3)c3ccccc3n2)cc1,2.6428,0.7674999999999998,2.0807130276060963,0.5453663405082172,/scratch/jaggbow/mol_xtb_coordinates/chromo2501/geom.xtbopt.xyz,/scratch/jaggbow/mol_xtb_coordinates/chromo2501/mmff.xyz,/scratch/jaggbow/mol_xtb_coordinates/chromo2501/basic.xyz,0,,,,,,
646,chromo6229,CCCCN(CCCC)c1ccc(C#Cc2cc(C#Cc3ccc(N(CCCC)CCCC)cc3)c(C#Cc3ccc([N+](=O)[O-])cc3)cc2C#Cc2ccc([N+](=O)[O-])cc2)cc1,2.0776,0.3852,1.947778192015663,0.10439266607542136,/scratch/jaggbow/mol_xtb_coordinates/chromo6229/geom.xtbopt.xyz,/scratch/jaggbow/mol_xtb_coordinates/chromo6229/mmff.xyz,/scratch/jaggbow/mol_xtb_coordinates/chromo6229/basic.xyz,1,,,,,,
647,chromo6270,COc1ccc(-c2c3cc4ccccc4cc3c(-c3ccc(OC)cc3)c3cc4ccccc4cc23)cc1,1.8731,1.3273,1.6897682270192025,0.9544322338876484,/scratch/jaggbow/mol_xtb_coordinates/chromo6270/geom.xtbopt.xyz,/scratch/jaggbow/mol_xtb_coordinates/chromo6270/mmff.xyz,/scratch/jaggbow/mol_xtb_coordinates/chromo6270/basic.xyz,0,,,,,,
648,chromo6280,CC(C)(C)c1ccc(-c2cnc3cccc(-c4ccccc4)n23)cc1,3.5431,0.9577,3.5839939530301455,0.5626222390633588,/scratch/jaggbow/mol_xtb_coordinates/chromo6280/geom.xtbopt.xyz,/scratch/jaggbow/mol_xtb_coordinates/chromo6280/mmff.xyz,/scratch/jaggbow/mol_xtb_coordinates/chromo6280/basic.xyz,0,,,,,,
649,chromo6377,CCc1cccc(CC)c1-c1c2ccccc2c(C#Cc2ccccc2)c2cc3ccccc3cc12,2.1992,1.2510999999999997,2.689770321864155,1.0495518852691141,/scratch/jaggbow/mol_xtb_coordinates/chromo6377/geom.xtbopt.xyz,/scratch/jaggbow/mol_xtb_coordinates/chromo6377/mmff.xyz,/scratch/jaggbow/mol_xtb_coordinates/chromo6377/basic.xyz,0,,,,,,
650,chromo6775,CCCCCCCC(CCCCCCC)N1C(=O)c2ccc3c4ccc5c6c(ccc(c7ccc(c2c37)C1=O)c64)C(=O)N(C(CCCCCCC)CCCCCCC)C5=O,2.4041,1.1689,2.8645703253919272,1.0027812448990008,/scratch/jaggbow/mol_xtb_coordinates/chromo6775/geom.xtbopt.xyz,/scratch/jaggbow/mol_xtb_coordinates/chromo6775/mmff.xyz,/scratch/jaggbow/mol_xtb_coordinates/chromo6775/basic.xyz,0,,,,,,
651,chromo3297,CCc1c(C)c2n(c1C)[B-](F)(F)[N+]1=C(NCc3ccc(OC)cc3)C(SC#N)=CC1=C2C,2.7429,1.3294,1.748749667587043,1.2032414726115892,/scratch/jaggbow/mol_xtb_coordinates/chromo3297/geom.xtbopt.xyz,/scratch/jaggbow/mol_xtb_coordinates/chromo3297/mmff.xyz,/scratch/jaggbow/mol_xtb_coordinates/chromo3297/basic.xyz,1,,,,,,
652,chromo5693,CC1(C)c2ccccc2-n2c(-c3ccc(-n4c5ccc(-n6c7ccccc7c7ccccc76)cc5c5cc(-n6c7ccccc7c7ccccc76)ccc54)cc3)nc3cccc1c32,3.227,0.3891,3.314184376498898,0.34984985352934317,/scratch/jaggbow/mol_xtb_coordinates/chromo5693/geom.xtbopt.xyz,/scratch/jaggbow/mol_xtb_coordinates/chromo5693/mmff.xyz,/scratch/jaggbow/mol_xtb_coordinates/chromo5693/basic.xyz,0,,,,,,
653,chromo6525,CCOC(=O)c1ccc(O)c(-c2[nH]c(=O)n3c2-c2ccccc2C3=O)c1,3.1468,1.1868,2.946853966354365,0.9155368781599648,/scratch/jaggbow/mol_xtb_coordinates/chromo6525/geom.xtbopt.xyz,/scratch/jaggbow/mol_xtb_coordinates/chromo6525/mmff.xyz,/scratch/jaggbow/mol_xtb_coordinates/chromo6525/basic.xyz,0,,,,,,
654,chromo1124,Fc1ccc(C2=[N+]3C(=Nc4c5ccccc5c(-c5ccc(F)cc5)n4[B-]3(F)F)c3ccccc32)cc1,2.0824,1.3933999999999995,2.3460664745003768,1.3917228869841132,/scratch/jaggbow/mol_xtb_coordinates/chromo1124/geom.xtbopt.xyz,/scratch/jaggbow/mol_xtb_coordinates/chromo1124/mmff.xyz,/scratch/jaggbow/mol_xtb_coordinates/chromo1124/basic.xyz,0,,,,,,
655,chromo5723,COc1c(C(C)=O)c(=O)oc2cc(N(C)C)ccc12,3.4632,0.9747,3.22787916322605,0.8551048232471803,/scratch/jaggbow/mol_xtb_coordinates/chromo5723/geom.xtbopt.xyz,/scratch/jaggbow/mol_xtb_coordinates/chromo5723/mmff.xyz,/scratch/jaggbow/mol_xtb_coordinates/chromo5723/basic.xyz,1,,,,,,
656,chromo6671,CC(C)(C)c1ccc(C#Cc2cc3ccc4cc(C#Cc5ccc(C(C)(C)C)cc5)cc5ccc(c2)c3c45)cc1,3.1197,1.0444999999999998,2.472640805487191,0.4578714628625205,/scratch/jaggbow/mol_xtb_coordinates/chromo6671/geom.xtbopt.xyz,/scratch/jaggbow/mol_xtb_coordinates/chromo6671/mmff.xyz,/scratch/jaggbow/mol_xtb_coordinates/chromo6671/basic.xyz,1,,,,,,
657,chromo6656,CCCCOc1c(-c2ccc(C=O)cc2)cc2cc(-c3ccc(C=O)cc3)c(OCCCC)c3c4c(OCCCC)c(-c5ccc(C=O)cc5)cc5cc(-c6ccc(C=O)cc6)c(OCCCC)c(c1c23)c54,2.6987,1.0833000000000002,3.240709840225303,0.9267049307581134,/scratch/jaggbow/mol_xtb_coordinates/chromo6656/geom.xtbopt.xyz,/scratch/jaggbow/mol_xtb_coordinates/chromo6656/mmff.xyz,/scratch/jaggbow/mol_xtb_coordinates/chromo6656/basic.xyz,0,,,,,,
658,chromo0688,COc1ccc(-c2cn3ccc[n+]3[n-]2)cc1,3.9749,0.8508,3.5902955429480596,0.6103117051331505,/scratch/jaggbow/mol_xtb_coordinates/chromo0688/geom.xtbopt.xyz,/scratch/jaggbow/mol_xtb_coordinates/chromo0688/mmff.xyz,/scratch/jaggbow/mol_xtb_coordinates/chromo0688/basic.xyz,0,,,,,,
659,chromo6277,Clc1ccc(-c2cccc3ncc(-c4ccccc4)n23)cc1,3.4872,0.9308,3.5493291011636092,0.5932666096586523,/scratch/jaggbow/mol_xtb_coordinates/chromo6277/geom.xtbopt.xyz,/scratch/jaggbow/mol_xtb_coordinates/chromo6277/mmff.xyz,/scratch/jaggbow/mol_xtb_coordinates/chromo6277/basic.xyz,0,,,,,,
660,chromo0390,CC(=O)c1ccc2ccc3cccc4ccc1c2c34,3.3001,1.3724,2.7693428953431365,0.8056828046460222,/scratch/jaggbow/mol_xtb_coordinates/chromo0390/geom.xtbopt.xyz,/scratch/jaggbow/mol_xtb_coordinates/chromo0390/mmff.xyz,/scratch/jaggbow/mol_xtb_coordinates/chromo0390/basic.xyz,1,,,,,,
661,chromo5573,CCOC(=O)COc1ccc(C=CC2=C3c4ccccc4C(c4[nH]c(C)cc4C)=[N+]3[B-](F)(F)n3c(C=Cc4ccc(OCC(=O)OCC)cc4)cc(C)c32)cc1,2.0101,0.9854,2.209537282069575,0.9666375796927361,/scratch/jaggbow/mol_xtb_coordinates/chromo5573/geom.xtbopt.xyz,/scratch/jaggbow/mol_xtb_coordinates/chromo5573/mmff.xyz,/scratch/jaggbow/mol_xtb_coordinates/chromo5573/basic.xyz,0,,,,,,
662,chromo6264,COc1ccc(-c2c3ccccc3c(-c3ccc(OC)cc3)c3cc4ccccc4cc23)cc1,2.4017,1.3156,2.8780958356489212,1.1243992050134495,/scratch/jaggbow/mol_xtb_coordinates/chromo6264/geom.xtbopt.xyz,/scratch/jaggbow/mol_xtb_coordinates/chromo6264/mmff.xyz,/scratch/jaggbow/mol_xtb_coordinates/chromo6264/basic.xyz,0,,,,,,
663,chromo6343,COC(=O)c1[nH]c(-c2ccc([N+](=O)[O-])cc2)c2nnc3ccc(OC)cc3c12,2.8235,0.8387000000000002,4.8937059563154115,1.3192333874873425,/scratch/jaggbow/mol_xtb_coordinates/chromo6343/geom.xtbopt.xyz,/scratch/jaggbow/mol_xtb_coordinates/chromo6343/mmff.xyz,/scratch/jaggbow/mol_xtb_coordinates/chromo6343/basic.xyz,0,,,,,,
664,chromo4898,c1ccc(-c2cccc(N3c4cc(-c5ccccc5)ccc4B4c5ccc(N(c6ccccc6)c6ccccc6)cc5N(c5ccccc5)c5cccc3c54)c2)cc1,2.9793,0.4148,3.990946764809432,0.6595851433819561,/scratch/jaggbow/mol_xtb_coordinates/chromo4898/geom.xtbopt.xyz,/scratch/jaggbow/mol_xtb_coordinates/chromo4898/mmff.xyz,/scratch/jaggbow/mol_xtb_coordinates/chromo4898/basic.xyz,0,,,,,,
665,chromo5265,CC1=CC(C)=[N+]2C1=C(c1c3ccccc3cc3ccccc13)c1c(C)cc(C)n1[B-]2(F)F,2.4789,0.9751,3.322837360289213,1.5324527030122093,/scratch/jaggbow/mol_xtb_coordinates/chromo5265/geom.xtbopt.xyz,/scratch/jaggbow/mol_xtb_coordinates/chromo5265/mmff.xyz,/scratch/jaggbow/mol_xtb_coordinates/chromo5265/basic.xyz,1,,,,,,
666,chromo6124,O=C(c1ccc2c3c(cccc13)-c1cccc3c1C2CC=C3)c1c(CCc2ccccc2)c2ccc3cccc4c5cccc6ccc1c(c65)c2c34,2.7753,0.7684000000000002,3.9692403802274208,0.8625469357005138,/scratch/jaggbow/mol_xtb_coordinates/chromo6124/geom.xtbopt.xyz,/scratch/jaggbow/mol_xtb_coordinates/chromo6124/mmff.xyz,/scratch/jaggbow/mol_xtb_coordinates/chromo6124/basic.xyz,0,,,,,,
667,chromo6418,CC(C)[Si](C#Cc1c2nsnc2c(C#C[Si](C(C)C)(C(C)C)C(C)C)c2nc3c4ccccc4c(=O)c4ccccc4c3nc12)(C(C)C)C(C)C,1.9913,1.177,3.351994553130295,1.1229760662626422,/scratch/jaggbow/mol_xtb_coordinates/chromo6418/geom.xtbopt.xyz,/scratch/jaggbow/mol_xtb_coordinates/chromo6418/mmff.xyz,/scratch/jaggbow/mol_xtb_coordinates/chromo6418/basic.xyz,0,,,,,,
668,chromo6985,c1ccc2c(c1)cc1cccc3cc4c(cc5cccc6cc7ccccc7c4c65)c2c13,1.9473,1.4145,1.6484625610876076,1.0345019220414517,/scratch/jaggbow/mol_xtb_coordinates/chromo6985/geom.xtbopt.xyz,/scratch/jaggbow/mol_xtb_coordinates/chromo6985/mmff.xyz,/scratch/jaggbow/mol_xtb_coordinates/chromo6985/basic.xyz,0,,,,,,
669,chromo6362,N#Cc1ccc(N2c3c(sc4ccccc34)Sc3sc4ccccc4c32)cc1,3.664,0.8153000000000001,1.9271847041120862,0.2993617993360663,/scratch/jaggbow/mol_xtb_coordinates/chromo6362/geom.xtbopt.xyz,/scratch/jaggbow/mol_xtb_coordinates/chromo6362/mmff.xyz,/scratch/jaggbow/mol_xtb_coordinates/chromo6362/basic.xyz,0,,,,,,
670,chromo6368,CN(C)c1ccc(N2c3sc4ccccc4c3Sc3c2sc2ccccc32)cc1,2.9943,0.6598000000000002,1.0357663908753487,0.22415285913862343,/scratch/jaggbow/mol_xtb_coordinates/chromo6368/geom.xtbopt.xyz,/scratch/jaggbow/mol_xtb_coordinates/chromo6368/mmff.xyz,/scratch/jaggbow/mol_xtb_coordinates/chromo6368/basic.xyz,0,,,,,,
671,chromo6340,COC(=O)c1[nH]c(-c2ccccc2)c2nnc3ccc(OC)cc3c12,3.0467,0.9066,3.0870003508149266,0.772035156536833,/scratch/jaggbow/mol_xtb_coordinates/chromo6340/geom.xtbopt.xyz,/scratch/jaggbow/mol_xtb_coordinates/chromo6340/mmff.xyz,/scratch/jaggbow/mol_xtb_coordinates/chromo6340/basic.xyz,0,,,,,,
672,chromo6113,Cc1c(C(=O)c2ccc(C(F)(F)F)cc2)c2ccc3cccc4c5cccc6ccc1c(c65)c2c34,2.7733,0.7739999999999998,4.813933374157253,0.9824235676918214,/scratch/jaggbow/mol_xtb_coordinates/chromo6113/geom.xtbopt.xyz,/scratch/jaggbow/mol_xtb_coordinates/chromo6113/mmff.xyz,/scratch/jaggbow/mol_xtb_coordinates/chromo6113/basic.xyz,0,,,,,,
673,chromo6301,CCCCCCn1c(=O)c2c3nc4ccccc4nc3c3c(=O)n(CCCCCC)c(=O)c3c2c1=O,2.2704,0.6376,1.6309175376673217,0.19853293381763013,/scratch/jaggbow/mol_xtb_coordinates/chromo6301/geom.xtbopt.xyz,/scratch/jaggbow/mol_xtb_coordinates/chromo6301/mmff.xyz,/scratch/jaggbow/mol_xtb_coordinates/chromo6301/basic.xyz,0,,,,,,
674,chromo4926,CCCCC1(CCCC)c2cc(C#Cc3ccc4ccc5cccc6ccc3c4c56)ccc2-c2ccc(N(c3ccccc3)c3ccccc3)cc21,2.6494,0.8634,2.306659705275453,0.5410017238426312,/scratch/jaggbow/mol_xtb_coordinates/chromo4926/geom.xtbopt.xyz,/scratch/jaggbow/mol_xtb_coordinates/chromo4926/mmff.xyz,/scratch/jaggbow/mol_xtb_coordinates/chromo4926/basic.xyz,1,,,,,,
675,chromo5066,CC1(C)c2ccccc2N(c2ccc(-c3nnc(-c4ccc(-n5c6ccccc6c6ccccc65)cc4)o3)cc2)c2ccccc21,2.6903,0.0493000000000001,4.781420794818906,0.506345037691743,/scratch/jaggbow/mol_xtb_coordinates/chromo5066/geom.xtbopt.xyz,/scratch/jaggbow/mol_xtb_coordinates/chromo5066/mmff.xyz,/scratch/jaggbow/mol_xtb_coordinates/chromo5066/basic.xyz,0,,,,,,
676,chromo6440,COc1cc2c(cc1OC)C1=CC(c3ccccc3)C3(C(C#N)=C(C#N)N1CC2)c1cc(Cl)ccc1-c1ccc(Cl)cc13,3.1927,0.8306999999999998,4.064151498543432,1.192984891348822,/scratch/jaggbow/mol_xtb_coordinates/chromo6440/geom.xtbopt.xyz,/scratch/jaggbow/mol_xtb_coordinates/chromo6440/mmff.xyz,/scratch/jaggbow/mol_xtb_coordinates/chromo6440/basic.xyz,0,,,,,,
677,chromo6574,COC(=O)C1=C(C(=O)OC)[Se](=O)C23C1=CC(c1ccccc12)c1ccccc13,2.8611,0.7837000000000001,3.3584990893516156,0.28505551141497987,/scratch/jaggbow/mol_xtb_coordinates/chromo6574/geom.xtbopt.xyz,/scratch/jaggbow/mol_xtb_coordinates/chromo6574/mmff.xyz,/scratch/jaggbow/mol_xtb_coordinates/chromo6574/basic.xyz,0,,,,,,
678,chromo4070,CCN(CC)c1ccc2cc(-c3ccc(-c4ccc(-c5cc6ccc(N(CC)CC)cc6oc5=O)cc4)cc3)c(=O)oc2c1,3.0095,0.8456999999999999,3.1146741861920635,0.7901140460742666,/scratch/jaggbow/mol_xtb_coordinates/chromo4070/geom.xtbopt.xyz,/scratch/jaggbow/mol_xtb_coordinates/chromo4070/mmff.xyz,/scratch/jaggbow/mol_xtb_coordinates/chromo4070/basic.xyz,1,,,,,,
679,chromo6176,CN(C)c1ccc(C2=CC3=C(c4ccc(C#N)cc4)C4c5ccccc5C3(S2)c2ccccc24)cc1,2.7795,1.1092000000000002,2.4813230894809113,0.777321071671943,/scratch/jaggbow/mol_xtb_coordinates/chromo6176/geom.xtbopt.xyz,/scratch/jaggbow/mol_xtb_coordinates/chromo6176/mmff.xyz,/scratch/jaggbow/mol_xtb_coordinates/chromo6176/basic.xyz,0,,,,,,
680,chromo6693,c1ccc2c(c1)-c1ccccc1[Si]21c2ccccc2-c2cc3c(cc21)-c1ccccc1[Si]31c2ccccc2-c2ccccc21,3.4615,0.9729,5.029820875075707,1.0008549518515817,/scratch/jaggbow/mol_xtb_coordinates/chromo6693/geom.xtbopt.xyz,/scratch/jaggbow/mol_xtb_coordinates/chromo6693/mmff.xyz,/scratch/jaggbow/mol_xtb_coordinates/chromo6693/basic.xyz,0,,,,,,
681,chromo0687,COc1ccc(-c2cn3cc(C)c[n+]3[n-]2)cc1,3.9475,0.8407,3.436788774032283,0.5635813415954649,/scratch/jaggbow/mol_xtb_coordinates/chromo0687/geom.xtbopt.xyz,/scratch/jaggbow/mol_xtb_coordinates/chromo0687/mmff.xyz,/scratch/jaggbow/mol_xtb_coordinates/chromo0687/basic.xyz,0,,,,,,
682,chromo5984,COc1ccc2c(c1)[nH]c1c3[nH]c4cc(OC)ccc4c3c3nsnc3c21,2.746,0.7292999999999998,4.993606133614213,1.0606187850613686,/scratch/jaggbow/mol_xtb_coordinates/chromo5984/geom.xtbopt.xyz,/scratch/jaggbow/mol_xtb_coordinates/chromo5984/mmff.xyz,/scratch/jaggbow/mol_xtb_coordinates/chromo5984/basic.xyz,0,,,,,,
683,chromo6686,c1ccc(B2Nc3cc4c(cc3-c3sc5ccccc5c32)NB(c2ccccc2)c2c-4sc3ccccc23)cc1,3.1961,0.8815,4.652458636302738,0.8093066547056351,/scratch/jaggbow/mol_xtb_coordinates/chromo6686/geom.xtbopt.xyz,/scratch/jaggbow/mol_xtb_coordinates/chromo6686/mmff.xyz,/scratch/jaggbow/mol_xtb_coordinates/chromo6686/basic.xyz,0,,,,,,
684,chromo6087,CCN(CC)c1ccc2c(c1)oc(=O)c1c(=O)oc3cc(C#Cc4ccc(C#N)cc4)ccc3c12,2.7685,0.7000000000000002,2.105716097559391,0.5731738815175543,/scratch/jaggbow/mol_xtb_coordinates/chromo6087/geom.xtbopt.xyz,/scratch/jaggbow/mol_xtb_coordinates/chromo6087/mmff.xyz,/scratch/jaggbow/mol_xtb_coordinates/chromo6087/basic.xyz,0,,,,,,
685,chromo6112,Cc1c(C(=O)c2ccccc2)c2ccc3cccc4c5cccc6ccc1c(c65)c2c34,3.0871,1.088,3.4707456522585796,0.6570704205195694,/scratch/jaggbow/mol_xtb_coordinates/chromo6112/geom.xtbopt.xyz,/scratch/jaggbow/mol_xtb_coordinates/chromo6112/mmff.xyz,/scratch/jaggbow/mol_xtb_coordinates/chromo6112/basic.xyz,0,,,,,,
686,chromo6360,Clc1ccccc1N1c2c(sc3ccccc23)Sc2sc3ccccc3c21,3.4332,0.6778999999999997,2.602966153980667,0.5046584972886331,/scratch/jaggbow/mol_xtb_coordinates/chromo6360/geom.xtbopt.xyz,/scratch/jaggbow/mol_xtb_coordinates/chromo6360/mmff.xyz,/scratch/jaggbow/mol_xtb_coordinates/chromo6360/basic.xyz,0,,,,,,
687,chromo6670,CC(C)(C)c1ccc(C#Cc2c(C#Cc3ccc(C(C)(C)C)cc3)c3cccc4c(C#Cc5ccc(C(C)(C)C)cc5)c(C#Cc5ccc(C(C)(C)C)cc5)c5cccc2c5c34)cc1,2.7128,1.1172000000000002,3.1545959570217637,0.9487225138627172,/scratch/jaggbow/mol_xtb_coordinates/chromo6670/geom.xtbopt.xyz,/scratch/jaggbow/mol_xtb_coordinates/chromo6670/mmff.xyz,/scratch/jaggbow/mol_xtb_coordinates/chromo6670/basic.xyz,1,,,,,,
688,chromo2517,COc1cccc(C2=C3C=C(C=CC(=O)OC(C)(C)C)C=[N+]3[B-](F)(F)n3cccc32)c1,2.6273,1.0419,2.866461665244518,1.2330601674315387,/scratch/jaggbow/mol_xtb_coordinates/chromo2517/geom.xtbopt.xyz,/scratch/jaggbow/mol_xtb_coordinates/chromo2517/mmff.xyz,/scratch/jaggbow/mol_xtb_coordinates/chromo2517/basic.xyz,1,,,,,,
689,chromo6111,CC(C)[Si](C#Cc1c2cc3ccccc3cc2c(C#C[Si](C(C)C)(C(C)C)C(C)C)c2nc3ccccc3nc12)(C(C)C)C(C)C,1.5398,1.2015,2.1749109460961944,0.9905431001940248,/scratch/jaggbow/mol_xtb_coordinates/chromo6111/geom.xtbopt.xyz,/scratch/jaggbow/mol_xtb_coordinates/chromo6111/mmff.xyz,/scratch/jaggbow/mol_xtb_coordinates/chromo6111/basic.xyz,0,,,,,,
690,chromo6260,COc1ccc(C#Cc2c3ccccc3c(C#Cc3ccc(OC)cc3)c3cc4sc(C)cc4cc23)cc1,2.2078,1.1234000000000002,2.2995254320042915,0.8578324169730813,/scratch/jaggbow/mol_xtb_coordinates/chromo6260/geom.xtbopt.xyz,/scratch/jaggbow/mol_xtb_coordinates/chromo6260/mmff.xyz,/scratch/jaggbow/mol_xtb_coordinates/chromo6260/basic.xyz,0,,,,,,
691,chromo6372,N#Cc1ccccc1N1c2sc3ccccc3c2Sc2c1sc1ccccc21,2.7481,0.2597999999999998,2.0567116595584607,0.33687554241075846,/scratch/jaggbow/mol_xtb_coordinates/chromo6372/geom.xtbopt.xyz,/scratch/jaggbow/mol_xtb_coordinates/chromo6372/mmff.xyz,/scratch/jaggbow/mol_xtb_coordinates/chromo6372/basic.xyz,0,,,,,,
692,chromo6255,COc1ccc(-c2c3ccccc3c(-c3ccc(OC)cc3)c3ccccc23)cc1,3.1286,1.4001,4.811213751306791,1.4293149899703101,/scratch/jaggbow/mol_xtb_coordinates/chromo6255/geom.xtbopt.xyz,/scratch/jaggbow/mol_xtb_coordinates/chromo6255/mmff.xyz,/scratch/jaggbow/mol_xtb_coordinates/chromo6255/basic.xyz,1,,,,,,
693,chromo6964,O=c1c2ccc3c4c(ccc(c24)c2nc4ccccc4n12)c(=O)n1c2ccccc2nc31,2.4785,0.9201,2.81931504562991,0.7650864157271071,/scratch/jaggbow/mol_xtb_coordinates/chromo6964/geom.xtbopt.xyz,/scratch/jaggbow/mol_xtb_coordinates/chromo6964/mmff.xyz,/scratch/jaggbow/mol_xtb_coordinates/chromo6964/basic.xyz,0,,,,,,
694,chromo4553,c1ccc(-n2c3ccccc3c3cc(-n4ccc5cc(-c6ccc(C7(c8ccccc8)c8ccccc8-c8ccccc87)cc6)ccc54)ccc32)cc1,3.6082,0.5771000000000002,2.5041447123547442,0.17398929730152046,/scratch/jaggbow/mol_xtb_coordinates/chromo4553/geom.xtbopt.xyz,/scratch/jaggbow/mol_xtb_coordinates/chromo4553/mmff.xyz,/scratch/jaggbow/mol_xtb_coordinates/chromo4553/basic.xyz,1,,,,,,
695,chromo6217,CCCCN(CCCC)c1ccc(C#Cc2cc(C#Cc3ccc(N(CCCC)CCCC)cc3)c(C#Cc3ccc(C(F)(F)F)cc3)cc2C#Cc2ccc(C(F)(F)F)cc2)cc1,2.5593,0.7157,4.883306147970712,0.8567377807021522,/scratch/jaggbow/mol_xtb_coordinates/chromo6217/geom.xtbopt.xyz,/scratch/jaggbow/mol_xtb_coordinates/chromo6217/mmff.xyz,/scratch/jaggbow/mol_xtb_coordinates/chromo6217/basic.xyz,1,,,,,,
696,chromo6357,Cc1ccccc1N1c2c(sc3ccccc23)Sc2sc3ccccc3c21,3.1511,0.6273,2.0324497231325447,0.501229445199262,/scratch/jaggbow/mol_xtb_coordinates/chromo6357/geom.xtbopt.xyz,/scratch/jaggbow/mol_xtb_coordinates/chromo6357/mmff.xyz,/scratch/jaggbow/mol_xtb_coordinates/chromo6357/basic.xyz,0,,,,,,
697,chromo6520,O=C1c2ccccc2-c2c(-c3cc(Cl)ccc3O)[nH]c(=O)n21,3.1266,1.1827,2.169143703678476,0.7366113379341481,/scratch/jaggbow/mol_xtb_coordinates/chromo6520/geom.xtbopt.xyz,/scratch/jaggbow/mol_xtb_coordinates/chromo6520/mmff.xyz,/scratch/jaggbow/mol_xtb_coordinates/chromo6520/basic.xyz,0,,,,,,
698,chromo6527,COc1ccc(OC)c(-c2[nH]c(=O)n3c2-c2ccccc2C3=O)c1,3.1363,1.1706,2.651220518379723,0.8360016348348407,/scratch/jaggbow/mol_xtb_coordinates/chromo6527/geom.xtbopt.xyz,/scratch/jaggbow/mol_xtb_coordinates/chromo6527/mmff.xyz,/scratch/jaggbow/mol_xtb_coordinates/chromo6527/basic.xyz,0,,,,,,
699,chromo6766,CC(C)[Si](C#Cc1c2cc3ccccc3cc2c(C#Cc2ccc(Br)cc2)c2cc3ccccc3cc12)(C(C)C)C(C)C,1.6363,1.2973,1.8472538515756,0.9902833855153548,/scratch/jaggbow/mol_xtb_coordinates/chromo6766/geom.xtbopt.xyz,/scratch/jaggbow/mol_xtb_coordinates/chromo6766/mmff.xyz,/scratch/jaggbow/mol_xtb_coordinates/chromo6766/basic.xyz,0,,,,,,
700,chromo6099,F[B-]1(F)n2c(Cl)c(Cl)c(Br)c2C(Oc2ccccc2)=C2C(Br)=C(Cl)C(Cl)=[N+]21,2.5301,0.9235,3.790662186263007,1.392817649464975,/scratch/jaggbow/mol_xtb_coordinates/chromo6099/geom.xtbopt.xyz,/scratch/jaggbow/mol_xtb_coordinates/chromo6099/mmff.xyz,/scratch/jaggbow/mol_xtb_coordinates/chromo6099/basic.xyz,1,,,,,,
701,chromo6296,CCCCCCn1c(=O)c2c3[nH]c4ccccc4sc3c3c(=O)n(CCCCCC)c(=O)c3c2c1=O,2.4486,0.6490999999999998,2.749167259766514,0.8468304379760632,/scratch/jaggbow/mol_xtb_coordinates/chromo6296/geom.xtbopt.xyz,/scratch/jaggbow/mol_xtb_coordinates/chromo6296/mmff.xyz,/scratch/jaggbow/mol_xtb_coordinates/chromo6296/basic.xyz,0,,,,,,
702,chromo2277,CCCCC(CC)Cn1c2cc(C#N)ccc2c2ccc(C#N)cc21,3.5124,0.7271000000000001,2.6542775704223787,0.31835806249220205,/scratch/jaggbow/mol_xtb_coordinates/chromo2277/geom.xtbopt.xyz,/scratch/jaggbow/mol_xtb_coordinates/chromo2277/mmff.xyz,/scratch/jaggbow/mol_xtb_coordinates/chromo2277/basic.xyz,1,,,,,,
703,chromo6515,Cc1ccc(O)c(-c2[nH]c(=O)n3c2-c2ccccc2C3=O)c1,3.1492,1.1907,2.121596472184287,0.7276234083909074,/scratch/jaggbow/mol_xtb_coordinates/chromo6515/geom.xtbopt.xyz,/scratch/jaggbow/mol_xtb_coordinates/chromo6515/mmff.xyz,/scratch/jaggbow/mol_xtb_coordinates/chromo6515/basic.xyz,0,,,,,,
704,chromo6763,COc1ccc(C#Cc2c3cc4ccccc4cc3c(C#C[Si](C(C)C)(C(C)C)C(C)C)c3cc4ccccc4cc23)cc1,1.6403,1.2979,1.8422652313020835,0.9879376163342766,/scratch/jaggbow/mol_xtb_coordinates/chromo6763/geom.xtbopt.xyz,/scratch/jaggbow/mol_xtb_coordinates/chromo6763/mmff.xyz,/scratch/jaggbow/mol_xtb_coordinates/chromo6763/basic.xyz,0,,,,,,
705,chromo3455,CCOC(=O)c1c(-c2c(Cl)c3cc(C)ccc3oc2=O)nn(-c2cccc(C)c2)c1C(=O)OCC,3.7797,1.1332,3.587255096169605,0.7775779237427551,/scratch/jaggbow/mol_xtb_coordinates/chromo3455/geom.xtbopt.xyz,/scratch/jaggbow/mol_xtb_coordinates/chromo3455/mmff.xyz,/scratch/jaggbow/mol_xtb_coordinates/chromo3455/basic.xyz,1,,,,,,
706,chromo6457,CCCCCCc1cc2c(=S)c3cc(CCCCCC)cc4c(=S)c5cc(CCCCCC)cc6c(=S)c(c1)c2n(c34)c65,1.8024,0.2988999999999999,2.6210986739644904,0.2677861177054798,/scratch/jaggbow/mol_xtb_coordinates/chromo6457/geom.xtbopt.xyz,/scratch/jaggbow/mol_xtb_coordinates/chromo6457/mmff.xyz,/scratch/jaggbow/mol_xtb_coordinates/chromo6457/basic.xyz,0,,,,,,
707,chromo2317,CC(=O)c1c2c(cc3c(N(C)C)cccc13)CCC2,3.3135,0.8954999999999997,1.9623585791648432,0.29584081613353924,/scratch/jaggbow/mol_xtb_coordinates/chromo2317/geom.xtbopt.xyz,/scratch/jaggbow/mol_xtb_coordinates/chromo2317/mmff.xyz,/scratch/jaggbow/mol_xtb_coordinates/chromo2317/basic.xyz,0,,,,,,
708,chromo6424,CCOC(=O)C1=C(C(=O)OCC)C2(c3ccccc3-c3ccccc32)C(c2ccc(Cl)cc2)C=C2c3cc(OC)c(OC)cc3CCN21,3.8485,1.1467,2.7460588897327574,0.6267876284306424,/scratch/jaggbow/mol_xtb_coordinates/chromo6424/geom.xtbopt.xyz,/scratch/jaggbow/mol_xtb_coordinates/chromo6424/mmff.xyz,/scratch/jaggbow/mol_xtb_coordinates/chromo6424/basic.xyz,0,,,,,,
709,chromo6341,COC(=O)c1[nH]c(-c2ccc(Br)cc2)c2nnc3ccc(OC)cc3c12,3.0276,0.9211,3.267347621083825,0.8162757114199135,/scratch/jaggbow/mol_xtb_coordinates/chromo6341/geom.xtbopt.xyz,/scratch/jaggbow/mol_xtb_coordinates/chromo6341/mmff.xyz,/scratch/jaggbow/mol_xtb_coordinates/chromo6341/basic.xyz,0,,,,,,
710,chromo6781,CCCCCCn1c2cc(C=C(C#N)C#N)sc2c2sc3c(sc4c5sc(C=C(C#N)C#N)cc5n(CCCCCC)c43)c21,2.2763,0.957,1.9318540610126251,0.6895484190451375,/scratch/jaggbow/mol_xtb_coordinates/chromo6781/geom.xtbopt.xyz,/scratch/jaggbow/mol_xtb_coordinates/chromo6781/mmff.xyz,/scratch/jaggbow/mol_xtb_coordinates/chromo6781/basic.xyz,0,,,,,,
711,chromo2872,CCN(CC)c1ccc2cc(C=CC3=C4CCC(=Cc5cc6ccc(N(CC)CC)cc6oc5=O)C4=[O+][B-](F)(F)O3)c(=O)oc2c1,2.2836,0.7840999999999998,4.048361178284031,1.0516735353528295,/scratch/jaggbow/mol_xtb_coordinates/chromo2872/geom.xtbopt.xyz,/scratch/jaggbow/mol_xtb_coordinates/chromo2872/mmff.xyz,/scratch/jaggbow/mol_xtb_coordinates/chromo2872/basic.xyz,1,,,,,,
712,chromo5522,CCCOc1ccc(C=CC=CC=Cc2ccc([N+](=O)[O-])cc2)cc1,2.5924,1.2021,3.7871373062235163,1.2111090683512367,/scratch/jaggbow/mol_xtb_coordinates/chromo5522/geom.xtbopt.xyz,/scratch/jaggbow/mol_xtb_coordinates/chromo5522/mmff.xyz,/scratch/jaggbow/mol_xtb_coordinates/chromo5522/basic.xyz,1,,,,,,
713,chromo0324,CCOC(=O)N=c1oc2c(OC)cccc2cc1C#N,3.1761,0.9194,2.316209491846276,0.44888198542373814,/scratch/jaggbow/mol_xtb_coordinates/chromo0324/geom.xtbopt.xyz,/scratch/jaggbow/mol_xtb_coordinates/chromo0324/mmff.xyz,/scratch/jaggbow/mol_xtb_coordinates/chromo0324/basic.xyz,1,,,,,,
714,chromo2233,c1ccc(N(c2ccccc2)c2ccc(-c3cccc4nc5ccccc5cc34)cc2)cc1,2.6764,0.8072000000000001,3.104831566279699,0.8414701198135791,/scratch/jaggbow/mol_xtb_coordinates/chromo2233/geom.xtbopt.xyz,/scratch/jaggbow/mol_xtb_coordinates/chromo2233/mmff.xyz,/scratch/jaggbow/mol_xtb_coordinates/chromo2233/basic.xyz,0,,,,,,
715,chromo3927,N#CC=Cc1ccc2ccc3cccc4ccc1c2c34,3.1697,1.3544000000000005,2.088716166072241,0.6917695302524891,/scratch/jaggbow/mol_xtb_coordinates/chromo3927/geom.xtbopt.xyz,/scratch/jaggbow/mol_xtb_coordinates/chromo3927/mmff.xyz,/scratch/jaggbow/mol_xtb_coordinates/chromo3927/basic.xyz,1,,,,,,
716,chromo6792,Cc1cc(C)c(C)c(-c2cc(-c3c(C)c(C)cc(C)c3C)c3ccc4c(-c5c(C)c(C)cc(C)c5C)cc(-c5c(C)c(C)cc(C)c5C)c5ccc2c3c54)c1C,3.6326,1.6346,1.508021137153173,0.4018546611385315,/scratch/jaggbow/mol_xtb_coordinates/chromo6792/geom.xtbopt.xyz,/scratch/jaggbow/mol_xtb_coordinates/chromo6792/mmff.xyz,/scratch/jaggbow/mol_xtb_coordinates/chromo6792/basic.xyz,1,,,,,,
717,chromo4208,CC(C)c1cccc(C(C)C)c1N1C(c2ccccc2)=Cc2ccc3ccccc3[n+]2[B-]1(F)F,3.0919,0.9972,2.0440415253536965,0.6687415962572084,/scratch/jaggbow/mol_xtb_coordinates/chromo4208/geom.xtbopt.xyz,/scratch/jaggbow/mol_xtb_coordinates/chromo4208/mmff.xyz,/scratch/jaggbow/mol_xtb_coordinates/chromo4208/basic.xyz,0,,,,,,
718,chromo6278,CC(=O)c1ccc(-c2cccc3ncc(-c4ccccc4)n23)cc1,3.0486,0.6202999999999999,2.7607937184565667,0.31391539244081845,/scratch/jaggbow/mol_xtb_coordinates/chromo6278/geom.xtbopt.xyz,/scratch/jaggbow/mol_xtb_coordinates/chromo6278/mmff.xyz,/scratch/jaggbow/mol_xtb_coordinates/chromo6278/basic.xyz,0,,,,,,
719,chromo4770,F[B-]1(F)n2c(c3ccccc3c2-c2ccccc2)C(c2ccccc2)=C2c3ccccc3C(c3ccccc3)=[N+]21,2.2689,1.1588999999999998,2.6722614899442214,1.2207935114842556,/scratch/jaggbow/mol_xtb_coordinates/chromo4770/geom.xtbopt.xyz,/scratch/jaggbow/mol_xtb_coordinates/chromo4770/mmff.xyz,/scratch/jaggbow/mol_xtb_coordinates/chromo4770/basic.xyz,0,,,,,,
720,chromo2868,CCN(CC)c1ccc2cc(C=CC(=O)C=C(O)C=Cc3cc4ccc(N(CC)CC)cc4oc3=O)c(=O)oc2c1,2.5236,0.8103,4.56384766090947,1.090971361422956,/scratch/jaggbow/mol_xtb_coordinates/chromo2868/geom.xtbopt.xyz,/scratch/jaggbow/mol_xtb_coordinates/chromo2868/mmff.xyz,/scratch/jaggbow/mol_xtb_coordinates/chromo2868/basic.xyz,1,,,,,,
721,chromo6478,CC(C)(C)c1cc2ccc3c(N(c4ccc(F)cc4)c4ccc(F)cc4)cc(N(c4ccc(F)cc4)c4ccc(F)cc4)c4ccc(c1)c2c34,2.7588,0.8977999999999999,4.4510104868834555,0.9888293959677755,/scratch/jaggbow/mol_xtb_coordinates/chromo6478/geom.xtbopt.xyz,/scratch/jaggbow/mol_xtb_coordinates/chromo6478/mmff.xyz,/scratch/jaggbow/mol_xtb_coordinates/chromo6478/basic.xyz,1,,,,,,
722,chromo6645,CCCCCCOc1cc(C=C2C(=C(C#N)C#N)c3ccccc3C2=C(C#N)C#N)c(OCCCCCC)cc1C=C1C(=C(C#N)C#N)c2ccccc2C1=C(C#N)C#N,2.1218,0.5325,3.209024966674058,0.6451940082346507,/scratch/jaggbow/mol_xtb_coordinates/chromo6645/geom.xtbopt.xyz,/scratch/jaggbow/mol_xtb_coordinates/chromo6645/mmff.xyz,/scratch/jaggbow/mol_xtb_coordinates/chromo6645/basic.xyz,0,,,,,,
723,chromo6669,CC(C)(C)C#Cc1cc2c(C#CC(C)(C)C)c(C#CC(C)(C)C)c3cc(C#CC(C)(C)C)cc4c(C#CC(C)(C)C)c(C#CC(C)(C)C)c(c1)c2c34,3.0572,1.2893,1.6850290993248533,0.4863905663896387,/scratch/jaggbow/mol_xtb_coordinates/chromo6669/geom.xtbopt.xyz,/scratch/jaggbow/mol_xtb_coordinates/chromo6669/mmff.xyz,/scratch/jaggbow/mol_xtb_coordinates/chromo6669/basic.xyz,1,,,,,,
724,chromo1524,CCCCCCCCCCCCN1C(=O)c2c(c3ccc4cc(-c5ccc(C=O)cc5)c(OC)cc4c3c3c2ccc2cc(-c4ccc(C=O)cc4)c(OC)cc23)C1=O,2.5687,0.5508000000000002,3.764116524970439,0.5640996653028699,/scratch/jaggbow/mol_xtb_coordinates/chromo1524/geom.xtbopt.xyz,/scratch/jaggbow/mol_xtb_coordinates/chromo1524/mmff.xyz,/scratch/jaggbow/mol_xtb_coordinates/chromo1524/basic.xyz,0,,,,,,
725,chromo5836,Cc1ccc(C2=Nc3cccc4[n+]3[B-](F)(O2)OC(c2ccc(C)cc2)=N4)cc1,3.2528,0.6499000000000001,5.075964930436115,0.9676374321093789,/scratch/jaggbow/mol_xtb_coordinates/chromo5836/geom.xtbopt.xyz,/scratch/jaggbow/mol_xtb_coordinates/chromo5836/mmff.xyz,/scratch/jaggbow/mol_xtb_coordinates/chromo5836/basic.xyz,0,,,,,,
726,chromo2305,c1cc2ccc3cc4cccc5ccc6cc(c1)c2c3c6c54,2.844,1.4813999999999998,1.2572101163071792,0.7694634868327084,/scratch/jaggbow/mol_xtb_coordinates/chromo2305/geom.xtbopt.xyz,/scratch/jaggbow/mol_xtb_coordinates/chromo2305/mmff.xyz,/scratch/jaggbow/mol_xtb_coordinates/chromo2305/basic.xyz,0,,,,,,
727,chromo6262,COc1ccc(-c2c3cc4cc(C)sc4cc3c(C#Cc3ccccc3)c3cc4cc(C)sc4cc23)cc1,2.2343,1.1275000000000002,2.841107394417182,0.9808727232065468,/scratch/jaggbow/mol_xtb_coordinates/chromo6262/geom.xtbopt.xyz,/scratch/jaggbow/mol_xtb_coordinates/chromo6262/mmff.xyz,/scratch/jaggbow/mol_xtb_coordinates/chromo6262/basic.xyz,0,,,,,,
728,chromo6984,c1cc2cccc3c4cc5cccc6cccc(c4cc(c1)c23)c65,2.2352,1.5429,3.57596836975753,1.560778119567325,/scratch/jaggbow/mol_xtb_coordinates/chromo6984/geom.xtbopt.xyz,/scratch/jaggbow/mol_xtb_coordinates/chromo6984/mmff.xyz,/scratch/jaggbow/mol_xtb_coordinates/chromo6984/basic.xyz,0,,,,,,
729,chromo1436,CCCCN(CCCC)c1ccc2nc3c4ccccc4c(=O)c(-c4cccc5ccccc45)c-3oc2c1,2.3475,0.8362,2.744523808476683,1.0249079024369538,/scratch/jaggbow/mol_xtb_coordinates/chromo1436/geom.xtbopt.xyz,/scratch/jaggbow/mol_xtb_coordinates/chromo1436/mmff.xyz,/scratch/jaggbow/mol_xtb_coordinates/chromo1436/basic.xyz,0,,,,,,
730,chromo5763,Cc1ccc(-c2cc(C=Cc3ccc(N(c4ccccc4)c4ccccc4)cc3)c(C#N)c(N3CCCCC3)c2)cc1,2.8928,0.8512999999999997,4.448654182183887,0.8156715667833867,/scratch/jaggbow/mol_xtb_coordinates/chromo5763/geom.xtbopt.xyz,/scratch/jaggbow/mol_xtb_coordinates/chromo5763/mmff.xyz,/scratch/jaggbow/mol_xtb_coordinates/chromo5763/basic.xyz,1,,,,,,
731,chromo6414,CC(C)[Si](C#Cc1ccc(C#C[Si](C(C)C)(C(C)C)C(C)C)c2nc3c4ccccc4c(=O)c4ccccc4c3nc12)(C(C)C)C(C)C,2.9047,1.0035,4.405145868663963,0.8165073742614781,/scratch/jaggbow/mol_xtb_coordinates/chromo6414/geom.xtbopt.xyz,/scratch/jaggbow/mol_xtb_coordinates/chromo6414/mmff.xyz,/scratch/jaggbow/mol_xtb_coordinates/chromo6414/basic.xyz,0,,,,,,
732,chromo0926,C[Si](C)(C)[Si](c1ccc(-c2ccc(-c3ccc([Si]([Si](C)(C)C)([Si](C)(C)C)[Si](C)(C)C)s3)s2)s1)([Si](C)(C)C)[Si](C)(C)C,2.9482,1.1702,4.014770427052532,1.2099783189937097,/scratch/jaggbow/mol_xtb_coordinates/chromo0926/geom.xtbopt.xyz,/scratch/jaggbow/mol_xtb_coordinates/chromo0926/mmff.xyz,/scratch/jaggbow/mol_xtb_coordinates/chromo0926/basic.xyz,0,,,,,,
733,chromo6367,Clc1ccccc1N1c2sc3ccccc3c2Sc2sc3ccccc3c21,3.3108,0.6623999999999999,1.7870644903249935,0.2702587194388999,/scratch/jaggbow/mol_xtb_coordinates/chromo6367/geom.xtbopt.xyz,/scratch/jaggbow/mol_xtb_coordinates/chromo6367/mmff.xyz,/scratch/jaggbow/mol_xtb_coordinates/chromo6367/basic.xyz,0,,,,,,
734,chromo4599,c1ccc2c(-c3cc4c(ccc5sc(-c6cccc7ccccc67)cc54)s3)cccc2c1,3.326,0.9813,3.7536899504432286,0.7124644045414816,/scratch/jaggbow/mol_xtb_coordinates/chromo4599/geom.xtbopt.xyz,/scratch/jaggbow/mol_xtb_coordinates/chromo4599/mmff.xyz,/scratch/jaggbow/mol_xtb_coordinates/chromo4599/basic.xyz,0,,,,,,
735,chromo6259,COc1ccc(-c2c3ccccc3c(C#Cc3ccccc3)c3cc4cc(C)sc4cc23)cc1,2.459,1.1781,3.638804502496635,1.1547765967680723,/scratch/jaggbow/mol_xtb_coordinates/chromo6259/geom.xtbopt.xyz,/scratch/jaggbow/mol_xtb_coordinates/chromo6259/mmff.xyz,/scratch/jaggbow/mol_xtb_coordinates/chromo6259/basic.xyz,0,,,,,,
736,chromo6646,CCCCCCCCOc1cc(C=Cc2ccncc2)c(OCCCCCCCC)cc1C=Cc1ccncc1,2.8954,1.1362,3.023549521181378,0.544747081171325,/scratch/jaggbow/mol_xtb_coordinates/chromo6646/geom.xtbopt.xyz,/scratch/jaggbow/mol_xtb_coordinates/chromo6646/mmff.xyz,/scratch/jaggbow/mol_xtb_coordinates/chromo6646/basic.xyz,1,,,,,,
737,chromo0436,Cc1cc(O)c(C(=O)C=Cc2ccc(N(C)C)cc2)c(=O)o1,3.0042,0.9571999999999998,3.048454118128628,0.9021893690988381,/scratch/jaggbow/mol_xtb_coordinates/chromo0436/geom.xtbopt.xyz,/scratch/jaggbow/mol_xtb_coordinates/chromo0436/mmff.xyz,/scratch/jaggbow/mol_xtb_coordinates/chromo0436/basic.xyz,0,,,,,,
738,chromo6442,COc1cc2c(cc1OC)C1=CC(c3ccc(C)cc3)C3(C(C#N)=C(C#N)N1CC2)c1cc(Cl)ccc1-c1ccc(Cl)cc13,3.1997,0.8393000000000002,2.6937406280344467,0.8547174014538798,/scratch/jaggbow/mol_xtb_coordinates/chromo6442/geom.xtbopt.xyz,/scratch/jaggbow/mol_xtb_coordinates/chromo6442/mmff.xyz,/scratch/jaggbow/mol_xtb_coordinates/chromo6442/basic.xyz,0,,,,,,
739,chromo6448,c1ccc(N(c2ccccc2)c2ccc3c4cccc5c(N(c6ccccc6)c6ccccc6)ccc(c6cccc2c63)c54)cc1,2.3752,0.9649,3.3842144295185372,0.871965655631485,/scratch/jaggbow/mol_xtb_coordinates/chromo6448/geom.xtbopt.xyz,/scratch/jaggbow/mol_xtb_coordinates/chromo6448/mmff.xyz,/scratch/jaggbow/mol_xtb_coordinates/chromo6448/basic.xyz,0,,,,,,
740,chromo6076,O=c1oc2ccccc2c2c1c(=O)oc1c3ccccc3cc(O)c12,2.535,0.4223000000000003,2.4392812415248284,0.30940772094833385,/scratch/jaggbow/mol_xtb_coordinates/chromo6076/geom.xtbopt.xyz,/scratch/jaggbow/mol_xtb_coordinates/chromo6076/mmff.xyz,/scratch/jaggbow/mol_xtb_coordinates/chromo6076/basic.xyz,0,,,,,,
741,chromo5571,CCOC(=O)COc1ccc(C=Cc2c(CC)c(C)c3n2[B-](F)(F)[N+]2=C(c4[nH]c(C)c(CC)c4C)c4ccccc4C2=C3C)cc1,2.0404,0.9756,3.0280771144291565,1.175687810903622,/scratch/jaggbow/mol_xtb_coordinates/chromo5571/geom.xtbopt.xyz,/scratch/jaggbow/mol_xtb_coordinates/chromo5571/mmff.xyz,/scratch/jaggbow/mol_xtb_coordinates/chromo5571/basic.xyz,0,,,,,,
742,chromo6081,COc1cccc2c1oc(=O)c1c(=O)oc3cc(O)ccc3c12,3.1671,0.7288000000000001,4.00570841677016,0.6818086069858228,/scratch/jaggbow/mol_xtb_coordinates/chromo6081/geom.xtbopt.xyz,/scratch/jaggbow/mol_xtb_coordinates/chromo6081/mmff.xyz,/scratch/jaggbow/mol_xtb_coordinates/chromo6081/basic.xyz,0,,,,,,
743,chromo6573,O=C1OC(=O)C2=C1SC13C2=CC(c2ccccc21)c1ccccc13,2.7097,1.0571000000000002,2.6031993525113744,0.9890885507034584,/scratch/jaggbow/mol_xtb_coordinates/chromo6573/geom.xtbopt.xyz,/scratch/jaggbow/mol_xtb_coordinates/chromo6573/mmff.xyz,/scratch/jaggbow/mol_xtb_coordinates/chromo6573/basic.xyz,0,,,,,,
744,chromo6768,CC(C)[Si](C#Cc1c2cc3ccccc3cc2c(C#Cc2ccc(C(F)(F)F)cc2)c2cc3ccccc3cc12)(C(C)C)C(C)C,1.6326,1.2936,2.5521127118194653,1.1613560882088638,/scratch/jaggbow/mol_xtb_coordinates/chromo6768/geom.xtbopt.xyz,/scratch/jaggbow/mol_xtb_coordinates/chromo6768/mmff.xyz,/scratch/jaggbow/mol_xtb_coordinates/chromo6768/basic.xyz,0,,,,,,
745,chromo3094,COc1cccc2cc(C)c3c4ccccc4[nH]c3c12,3.7755,1.0460000000000005,2.585161141734753,0.22453344526683328,/scratch/jaggbow/mol_xtb_coordinates/chromo3094/geom.xtbopt.xyz,/scratch/jaggbow/mol_xtb_coordinates/chromo3094/mmff.xyz,/scratch/jaggbow/mol_xtb_coordinates/chromo3094/basic.xyz,0,,,,,,
746,chromo3515,CCCCn1c2ccc(-c3ccc4c(c3)c3c5c(ccc6ccc7ccccc7c65)ccc3n4CCCC)cc2c2c3c(ccc4ccc5ccccc5c43)ccc21,3.0342,0.6410999999999998,3.7560788965061795,0.45603626349857057,/scratch/jaggbow/mol_xtb_coordinates/chromo3515/geom.xtbopt.xyz,/scratch/jaggbow/mol_xtb_coordinates/chromo3515/mmff.xyz,/scratch/jaggbow/mol_xtb_coordinates/chromo3515/basic.xyz,0,,,,,,
747,chromo6261,COc1ccc(-c2c3cc4cc(C)sc4cc3c(-c3ccc(OC)cc3)c3cc4cc(C)sc4cc23)cc1,2.4612,1.1919999999999995,1.3729829501727642,0.6149072435626937,/scratch/jaggbow/mol_xtb_coordinates/chromo6261/geom.xtbopt.xyz,/scratch/jaggbow/mol_xtb_coordinates/chromo6261/mmff.xyz,/scratch/jaggbow/mol_xtb_coordinates/chromo6261/basic.xyz,0,,,,,,
748,chromo6963,CCCCCCCCCCCNc1cccc2[n+]1[B-](F)(F)n1c(c3cccc4cccc1c43)=N2,2.7583,0.9772000000000004,3.1841765716951884,0.8268844224818999,/scratch/jaggbow/mol_xtb_coordinates/chromo6963/geom.xtbopt.xyz,/scratch/jaggbow/mol_xtb_coordinates/chromo6963/mmff.xyz,/scratch/jaggbow/mol_xtb_coordinates/chromo6963/basic.xyz,0,,,,,,
749,chromo1523,CCCCCCCCCCCCN1C(=O)c2c(c3ccc4cc(-c5ccc(C#N)cc5)c(OC)cc4c3c3c2ccc2cc(-c4ccc(C#N)cc4)c(OC)cc23)C1=O,2.5893,0.5576000000000003,2.1759089643120992,0.17487936838963908,/scratch/jaggbow/mol_xtb_coordinates/chromo1523/geom.xtbopt.xyz,/scratch/jaggbow/mol_xtb_coordinates/chromo1523/mmff.xyz,/scratch/jaggbow/mol_xtb_coordinates/chromo1523/basic.xyz,0,,,,,,
750,chromo4459,c1ccc2c(c1)c1ccccc1c1ccccc21,4.0113,1.1530000000000005,1.7253907868533185,-0.5243263952019077,/scratch/jaggbow/mol_xtb_coordinates/chromo4459/geom.xtbopt.xyz,/scratch/jaggbow/mol_xtb_coordinates/chromo4459/mmff.xyz,/scratch/jaggbow/mol_xtb_coordinates/chromo4459/basic.xyz,0,,,,,,
751,chromo5455,Clc1ccc(C2=C(c3ccc(Cl)cc3)c3cccc4c3c(cc3nc5ccccc5nc34)O2)cc1,2.6578,0.7483,3.617930384180057,0.8527419150208975,/scratch/jaggbow/mol_xtb_coordinates/chromo5455/geom.xtbopt.xyz,/scratch/jaggbow/mol_xtb_coordinates/chromo5455/mmff.xyz,/scratch/jaggbow/mol_xtb_coordinates/chromo5455/basic.xyz,0,,,,,,
752,chromo6758,O=C1c2ccccc2-c2nc3c(F)c(F)c(F)c(F)c3n21,3.1795,0.7168999999999999,4.025015531675998,0.5234148255842634,/scratch/jaggbow/mol_xtb_coordinates/chromo6758/geom.xtbopt.xyz,/scratch/jaggbow/mol_xtb_coordinates/chromo6758/mmff.xyz,/scratch/jaggbow/mol_xtb_coordinates/chromo6758/basic.xyz,0,,,,,,
753,chromo6721,CCCCCCn1c2c(c3ccccc31)-c1c(c3ccccc3n1CCCCCC)-c1c(c3ccccc3n1CCCCCC)-c1c-2c2ccccc2n1CCCCCC,3.251,0.6196999999999999,2.938892302724854,0.17868401567512207,/scratch/jaggbow/mol_xtb_coordinates/chromo6721/geom.xtbopt.xyz,/scratch/jaggbow/mol_xtb_coordinates/chromo6721/mmff.xyz,/scratch/jaggbow/mol_xtb_coordinates/chromo6721/basic.xyz,0,,,,,,
754,chromo1365,CCOC(=O)c1ccc(C2CC(c3cccc4ccccc34)=NN2c2ccc(F)cc2)cc1,3.1158,1.0825,2.555563634534961,0.8358758616923696,/scratch/jaggbow/mol_xtb_coordinates/chromo1365/geom.xtbopt.xyz,/scratch/jaggbow/mol_xtb_coordinates/chromo1365/mmff.xyz,/scratch/jaggbow/mol_xtb_coordinates/chromo1365/basic.xyz,1,,,,,,
755,chromo6295,CCCCCCn1c(=O)c2c3sc4ccccc4sc3c3c(=O)n(CCCCCC)c(=O)c3c2c1=O,2.7174,0.3873999999999999,1.6986816588925522,0.42192660971498186,/scratch/jaggbow/mol_xtb_coordinates/chromo6295/geom.xtbopt.xyz,/scratch/jaggbow/mol_xtb_coordinates/chromo6295/mmff.xyz,/scratch/jaggbow/mol_xtb_coordinates/chromo6295/basic.xyz,0,,,,,,
756,chromo6298,CCCCCCn1c(=O)c2c3[nH]c4ccccc4[nH]c3c3c(=O)n(CCCCCC)c(=O)c3c2c1=O,2.4537,0.7182999999999999,3.031212008818037,0.8317146688792161,/scratch/jaggbow/mol_xtb_coordinates/chromo6298/geom.xtbopt.xyz,/scratch/jaggbow/mol_xtb_coordinates/chromo6298/mmff.xyz,/scratch/jaggbow/mol_xtb_coordinates/chromo6298/basic.xyz,0,,,,,,
757,chromo2006,c1ccc(-c2nc(-c3ccccc3)nc(-c3ccc(-n4c5ccccc5c5cc6c(cc54)C(c4ccccc4)(c4ccccc4)c4ccccc4-6)cc3)n2)cc1,2.8624,0.2528999999999999,2.68220360613189,0.09803939313311899,/scratch/jaggbow/mol_xtb_coordinates/chromo2006/geom.xtbopt.xyz,/scratch/jaggbow/mol_xtb_coordinates/chromo2006/mmff.xyz,/scratch/jaggbow/mol_xtb_coordinates/chromo2006/basic.xyz,0,,,,,,
758,chromo5835,F[B-]12OC(c3ccccc3)=Nc3cccc([n+]31)N=C(c1ccccc1)O2,3.287,0.6709999999999998,2.8348384436094554,0.41943626596730976,/scratch/jaggbow/mol_xtb_coordinates/chromo5835/geom.xtbopt.xyz,/scratch/jaggbow/mol_xtb_coordinates/chromo5835/mmff.xyz,/scratch/jaggbow/mol_xtb_coordinates/chromo5835/basic.xyz,0,,,,,,
759,chromo6302,CCCCCCn1c(=O)c2c3nc4cc5sc6c(nc5cc4sc3c3c(=O)n(CCCCCC)c(=O)c3c2c1=O)c1c(=O)n(CCCCCC)c(=O)c1c1c(=O)n(CCCCCC)c(=O)c61,2.0574,1.2712,2.7139025187297645,1.2198830853296743,/scratch/jaggbow/mol_xtb_coordinates/chromo6302/geom.xtbopt.xyz,/scratch/jaggbow/mol_xtb_coordinates/chromo6302/mmff.xyz,/scratch/jaggbow/mol_xtb_coordinates/chromo6302/basic.xyz,0,,,,,,
760,chromo0797,c1ccc2c(c1)-c1sc3ccccc3c1C21c2ccccc2-c2sc3ccccc3c21,3.5482,1.0438999999999998,2.9361140681603786,0.6666565415021601,/scratch/jaggbow/mol_xtb_coordinates/chromo0797/geom.xtbopt.xyz,/scratch/jaggbow/mol_xtb_coordinates/chromo0797/mmff.xyz,/scratch/jaggbow/mol_xtb_coordinates/chromo0797/basic.xyz,0,,,,,,
761,chromo0226,CCCCCCCCCCCCOc1cc2cc(N(C)C)ccc2cc1C=O,3.4524,1.0469999999999997,1.257514363052997,0.2766901194198038,/scratch/jaggbow/mol_xtb_coordinates/chromo0226/geom.xtbopt.xyz,/scratch/jaggbow/mol_xtb_coordinates/chromo0226/mmff.xyz,/scratch/jaggbow/mol_xtb_coordinates/chromo0226/basic.xyz,1,,,,,,
762,chromo1094,CC1=CC(C)=[N+]2C1=Cc1c3ccccc3c(C#Cc3cccs3)n1[B-]2(F)F,2.3604,1.3159999999999998,3.5382764228233574,1.5340810359657342,/scratch/jaggbow/mol_xtb_coordinates/chromo1094/geom.xtbopt.xyz,/scratch/jaggbow/mol_xtb_coordinates/chromo1094/mmff.xyz,/scratch/jaggbow/mol_xtb_coordinates/chromo1094/basic.xyz,0,,,,,,
763,chromo5329,COc1ccc(N(c2ccc(OC)cc2)c2ccc3c(c2)C2(c4cc(N(c5ccc(OC)cc5)c5ccc(OC)cc5)ccc4C=C3)c3ccccc3-c3ccccc32)cc1,2.8039,0.7072000000000003,3.3609315552490426,0.5583901277457767,/scratch/jaggbow/mol_xtb_coordinates/chromo5329/geom.xtbopt.xyz,/scratch/jaggbow/mol_xtb_coordinates/chromo5329/mmff.xyz,/scratch/jaggbow/mol_xtb_coordinates/chromo5329/basic.xyz,0,,,,,,
764,chromo6391,COc1c2ccccc2c(OC)c2c(C#Cc3ccccc3)c3cc4sccc4cc3c(C#Cc3ccccc3)c12,1.692,1.1681,1.2362663079955087,0.7359416972707358,/scratch/jaggbow/mol_xtb_coordinates/chromo6391/geom.xtbopt.xyz,/scratch/jaggbow/mol_xtb_coordinates/chromo6391/mmff.xyz,/scratch/jaggbow/mol_xtb_coordinates/chromo6391/basic.xyz,0,,,,,,
765,chromo6181,CN(C)c1ccc(C2=C3C=C(c4ccc(C=C(C#N)C#N)cc4)SC34c3ccccc3C2c2ccccc24)cc1,1.8971,0.7470000000000001,2.786102734732324,0.8998047206419725,/scratch/jaggbow/mol_xtb_coordinates/chromo6181/geom.xtbopt.xyz,/scratch/jaggbow/mol_xtb_coordinates/chromo6181/mmff.xyz,/scratch/jaggbow/mol_xtb_coordinates/chromo6181/basic.xyz,0,,,,,,
766,chromo6227,CCCCN(CCCC)c1ccc(C#Cc2cc(C#Cc3ccc(C#N)cc3)c(C#Cc3ccc(N(CCCC)CCCC)cc3)cc2C#Cc2ccc(C#N)cc2)cc1,2.1697,0.4472000000000002,3.7668394842279724,0.5216834214218409,/scratch/jaggbow/mol_xtb_coordinates/chromo6227/geom.xtbopt.xyz,/scratch/jaggbow/mol_xtb_coordinates/chromo6227/mmff.xyz,/scratch/jaggbow/mol_xtb_coordinates/chromo6227/basic.xyz,1,,,,,,
767,chromo3103,Cc1c(C)c2c3ccccc3[nH]c2c2ccccc12,3.7053,1.1062,3.812807712958653,0.6386981764219425,/scratch/jaggbow/mol_xtb_coordinates/chromo3103/geom.xtbopt.xyz,/scratch/jaggbow/mol_xtb_coordinates/chromo3103/mmff.xyz,/scratch/jaggbow/mol_xtb_coordinates/chromo3103/basic.xyz,0,,,,,,
768,chromo2889,CCC1=C(C)C2=C(C)c3c(C)c(-c4csc(N5CCOCC5)n4)c(C)n3[B-](F)(F)[N+]2=C1C,2.5466,1.0054000000000003,2.909319628330656,1.1608388530786717,/scratch/jaggbow/mol_xtb_coordinates/chromo2889/geom.xtbopt.xyz,/scratch/jaggbow/mol_xtb_coordinates/chromo2889/mmff.xyz,/scratch/jaggbow/mol_xtb_coordinates/chromo2889/basic.xyz,1,,,,,,
769,chromo5453,COc1ccc(C2=C(c3ccc(OC)cc3)c3cccc4c3c(cc3nc5ccccc5nc34)O2)cc1,2.5381,0.6811,1.7502415567499066,0.39775927524885724,/scratch/jaggbow/mol_xtb_coordinates/chromo5453/geom.xtbopt.xyz,/scratch/jaggbow/mol_xtb_coordinates/chromo5453/mmff.xyz,/scratch/jaggbow/mol_xtb_coordinates/chromo5453/basic.xyz,0,,,,,,
770,chromo6747,c1ccc([B-]23Oc4ccccc4-c4c5[n+]6c(c([n+]42)-c2ccccc2O3)-c2ccccc2O[B-]6(c2ccccc2)Oc2ccccc2-5)cc1,2.2139,0.5024000000000002,2.8175211350105465,0.7442569711907197,/scratch/jaggbow/mol_xtb_coordinates/chromo6747/geom.xtbopt.xyz,/scratch/jaggbow/mol_xtb_coordinates/chromo6747/mmff.xyz,/scratch/jaggbow/mol_xtb_coordinates/chromo6747/basic.xyz,0,,,,,,
771,chromo6643,CCCCCCOc1cc(C=C2C(=O)c3ccccc3C2=O)c(OCCCCCC)cc1C=C1C(=O)c2ccccc2C1=O,2.2346,0.7611999999999999,1.6876249551425597,0.43118133583716645,/scratch/jaggbow/mol_xtb_coordinates/chromo6643/geom.xtbopt.xyz,/scratch/jaggbow/mol_xtb_coordinates/chromo6643/mmff.xyz,/scratch/jaggbow/mol_xtb_coordinates/chromo6643/basic.xyz,0,,,,,,
772,chromo3313,O=C1C(=Cc2ccc(N(c3ccccc3)c3ccccc3)cc2)S(=O)(=O)c2ccccc21,2.6335,0.7546000000000002,3.560001273833341,0.9449287891241397,/scratch/jaggbow/mol_xtb_coordinates/chromo3313/geom.xtbopt.xyz,/scratch/jaggbow/mol_xtb_coordinates/chromo3313/mmff.xyz,/scratch/jaggbow/mol_xtb_coordinates/chromo3313/basic.xyz,0,,,,,,
773,chromo3842,Oc1c(-c2nc3c4ccccc4c4ccccc4c3[nH]2)cc2c3c1CCCN3CCC2,3.421,0.8148,3.3383048166797584,0.5883141786427633,/scratch/jaggbow/mol_xtb_coordinates/chromo3842/geom.xtbopt.xyz,/scratch/jaggbow/mol_xtb_coordinates/chromo3842/mmff.xyz,/scratch/jaggbow/mol_xtb_coordinates/chromo3842/basic.xyz,0,,,,,,
774,chromo6293,CCCCCCn1c(=O)c2c3oc4ccccc4oc3c3c(=O)n(CCCCCC)c(=O)c3c2c1=O,3.0883,0.6334,3.4320304716396386,0.7624489755085204,/scratch/jaggbow/mol_xtb_coordinates/chromo6293/geom.xtbopt.xyz,/scratch/jaggbow/mol_xtb_coordinates/chromo6293/mmff.xyz,/scratch/jaggbow/mol_xtb_coordinates/chromo6293/basic.xyz,0,,,,,,
775,chromo6422,CCOC(=O)C1=C(C(=O)OCC)C2(c3ccccc3-c3ccccc32)C(c2ccccc2)C=C2c3cc(OC)c(OC)cc3CCN21,3.8601,1.1509,3.256469376647513,0.7244643123845437,/scratch/jaggbow/mol_xtb_coordinates/chromo6422/geom.xtbopt.xyz,/scratch/jaggbow/mol_xtb_coordinates/chromo6422/mmff.xyz,/scratch/jaggbow/mol_xtb_coordinates/chromo6422/basic.xyz,0,,,,,,
776,chromo4058,CN(CCO)c1ccc(C=CC2=C(C#N)C(C(C#N)C#N)OC2(C)C)cc1,3.1195,1.2937999999999998,2.66886664105035,0.9931517703117364,/scratch/jaggbow/mol_xtb_coordinates/chromo4058/geom.xtbopt.xyz,/scratch/jaggbow/mol_xtb_coordinates/chromo4058/mmff.xyz,/scratch/jaggbow/mol_xtb_coordinates/chromo4058/basic.xyz,1,,,,,,
777,chromo2822,O=P1(c2ccccc2)C(c2ccccc2)=Cc2cc3ccccc3cc21,3.5256,1.315,2.2480165502464002,0.5940874737431379,/scratch/jaggbow/mol_xtb_coordinates/chromo2822/geom.xtbopt.xyz,/scratch/jaggbow/mol_xtb_coordinates/chromo2822/mmff.xyz,/scratch/jaggbow/mol_xtb_coordinates/chromo2822/basic.xyz,0,,,,,,
778,chromo1155,F[B-]1(F)N(c2ccccc2)c2cccc3ccc4ccc[n+]1c4c23,2.5768,0.6402999999999999,0.8070597756373439,0.05132005429963371,/scratch/jaggbow/mol_xtb_coordinates/chromo1155/geom.xtbopt.xyz,/scratch/jaggbow/mol_xtb_coordinates/chromo1155/mmff.xyz,/scratch/jaggbow/mol_xtb_coordinates/chromo1155/basic.xyz,0,,,,,,
779,chromo4094,O=c1c2ccccc2nc2ccccn12,3.4037,1.1634000000000002,3.803018637468214,1.005267759809244,/scratch/jaggbow/mol_xtb_coordinates/chromo4094/geom.xtbopt.xyz,/scratch/jaggbow/mol_xtb_coordinates/chromo4094/mmff.xyz,/scratch/jaggbow/mol_xtb_coordinates/chromo4094/basic.xyz,0,,,,,,
780,chromo2315,CC(=O)c1c2c(cc3ccc(N(C)C)cc13)CCC2,3.0211,0.7467000000000001,1.7412312563314452,0.229161712228257,/scratch/jaggbow/mol_xtb_coordinates/chromo2315/geom.xtbopt.xyz,/scratch/jaggbow/mol_xtb_coordinates/chromo2315/mmff.xyz,/scratch/jaggbow/mol_xtb_coordinates/chromo2315/basic.xyz,0,,,,,,
781,chromo3551,COc1ccc(-c2cnc(C#Cc3ccccc3)o2)cc1OC,3.3115,1.0857,5.291578090387404,1.2960576611351493,/scratch/jaggbow/mol_xtb_coordinates/chromo3551/geom.xtbopt.xyz,/scratch/jaggbow/mol_xtb_coordinates/chromo3551/mmff.xyz,/scratch/jaggbow/mol_xtb_coordinates/chromo3551/basic.xyz,1,,,,,,
782,chromo1103,CCOC(=O)COc1ccc(C=CC2=C3C(C)=CC(C)=[N+]3[B-](F)(F)n3c2c2ccccc2c3-c2[nH]c(C)cc2C)cc1,2.2514,1.1048999999999998,2.52795583363518,1.1463938816456538,/scratch/jaggbow/mol_xtb_coordinates/chromo1103/geom.xtbopt.xyz,/scratch/jaggbow/mol_xtb_coordinates/chromo1103/mmff.xyz,/scratch/jaggbow/mol_xtb_coordinates/chromo1103/basic.xyz,0,,,,,,
783,chromo3076,CN(C)c1cc(-c2ccc(C#Cc3ccncc3)cc2)cc2ccccc12,3.1981,0.8508,2.6201680603897763,0.5283010849040274,/scratch/jaggbow/mol_xtb_coordinates/chromo3076/geom.xtbopt.xyz,/scratch/jaggbow/mol_xtb_coordinates/chromo3076/mmff.xyz,/scratch/jaggbow/mol_xtb_coordinates/chromo3076/basic.xyz,1,,,,,,
784,chromo2598,CCn1c2cc(-c3ccc(-c4cccs4)s3)ccc2c2ccc(-c3ccc(-c4cccs4)s3)cc21,2.9009,0.9192,3.290623416399734,0.7824429340665521,/scratch/jaggbow/mol_xtb_coordinates/chromo2598/geom.xtbopt.xyz,/scratch/jaggbow/mol_xtb_coordinates/chromo2598/mmff.xyz,/scratch/jaggbow/mol_xtb_coordinates/chromo2598/basic.xyz,1,,,,,,
785,chromo0682,N#Cc1ccc(-c2cn3ccc[n+]3[n-]2)cc1,3.1293,0.5706000000000002,3.023404119592127,0.4897567197702088,/scratch/jaggbow/mol_xtb_coordinates/chromo0682/geom.xtbopt.xyz,/scratch/jaggbow/mol_xtb_coordinates/chromo0682/mmff.xyz,/scratch/jaggbow/mol_xtb_coordinates/chromo0682/basic.xyz,0,,,,,,
786,chromo0684,c1ccc(-c2cn3ccc[n+]3[n-]2)cc1,3.7944,0.7597999999999998,3.8438636578026246,0.6826987335733047,/scratch/jaggbow/mol_xtb_coordinates/chromo0684/geom.xtbopt.xyz,/scratch/jaggbow/mol_xtb_coordinates/chromo0684/mmff.xyz,/scratch/jaggbow/mol_xtb_coordinates/chromo0684/basic.xyz,0,,,,,,
787,chromo4463,CCn1c2ccc(C=C(C#N)c3ccccc3)cc2c2cc(C=C(C#N)c3ccccc3)ccc21,3.0135,0.9151000000000002,5.443370362486459,1.034830638926746,/scratch/jaggbow/mol_xtb_coordinates/chromo4463/geom.xtbopt.xyz,/scratch/jaggbow/mol_xtb_coordinates/chromo4463/mmff.xyz,/scratch/jaggbow/mol_xtb_coordinates/chromo4463/basic.xyz,1,,,,,,
788,chromo6268,COc1ccc(-c2c3cc4ccccc4cc3c(C#Cc3ccccc3)c3cc4cc(C)sc4cc23)cc1,1.9721,1.1854,2.9587467937970184,1.1378638562629544,/scratch/jaggbow/mol_xtb_coordinates/chromo6268/geom.xtbopt.xyz,/scratch/jaggbow/mol_xtb_coordinates/chromo6268/mmff.xyz,/scratch/jaggbow/mol_xtb_coordinates/chromo6268/basic.xyz,0,,,,,,
789,chromo6281,N#Cc1ccc(-c2cnc3cccc(-c4ccccc4)n23)cc1,3.49,0.9149000000000004,5.088410184309863,0.9638554700570041,/scratch/jaggbow/mol_xtb_coordinates/chromo6281/geom.xtbopt.xyz,/scratch/jaggbow/mol_xtb_coordinates/chromo6281/mmff.xyz,/scratch/jaggbow/mol_xtb_coordinates/chromo6281/basic.xyz,0,,,,,,
790,chromo6375,C(#Cc1c2ccccc2c(-c2ccccc2)c2cc3ccccc3cc12)c1ccccc1,2.2087,1.2552,4.632262804077277,1.5799126602039815,/scratch/jaggbow/mol_xtb_coordinates/chromo6375/geom.xtbopt.xyz,/scratch/jaggbow/mol_xtb_coordinates/chromo6375/mmff.xyz,/scratch/jaggbow/mol_xtb_coordinates/chromo6375/basic.xyz,0,,,,,,
791,chromo5691,CC1(C)c2ccccc2N(c2ccc(-c3nc4cccc5c4n3-c3ccccc3C5(C)C)cc2)c2ccccc21,3.0305,0.0968999999999997,2.86337552742933,0.23072965862627015,/scratch/jaggbow/mol_xtb_coordinates/chromo5691/geom.xtbopt.xyz,/scratch/jaggbow/mol_xtb_coordinates/chromo5691/mmff.xyz,/scratch/jaggbow/mol_xtb_coordinates/chromo5691/basic.xyz,0,,,,,,
792,chromo5244,CN(C)c1ccc2nc(C=Cc3cc4c5c(c3)CCCN5CCC4)c(=O)oc2c1,2.509,1.0774,4.102455297212273,1.278556259501844,/scratch/jaggbow/mol_xtb_coordinates/chromo5244/geom.xtbopt.xyz,/scratch/jaggbow/mol_xtb_coordinates/chromo5244/mmff.xyz,/scratch/jaggbow/mol_xtb_coordinates/chromo5244/basic.xyz,0,,,,,,
793,chromo2592,CCn1c2cc(-c3cccs3)ccc2c2ccc(-c3cccs3)cc21,3.4927,1.0641000000000005,4.57218486844466,0.7806319062143835,/scratch/jaggbow/mol_xtb_coordinates/chromo2592/geom.xtbopt.xyz,/scratch/jaggbow/mol_xtb_coordinates/chromo2592/mmff.xyz,/scratch/jaggbow/mol_xtb_coordinates/chromo2592/basic.xyz,1,,,,,,
794,chromo2615,N#CC(C#N)=Cc1ccc2c(c1)c1cc(C=C(C#N)C#N)ccc1n2-c1cccc2ccccc12,3.078,0.9299,2.756075785098423,0.5036855921985268,/scratch/jaggbow/mol_xtb_coordinates/chromo2615/geom.xtbopt.xyz,/scratch/jaggbow/mol_xtb_coordinates/chromo2615/mmff.xyz,/scratch/jaggbow/mol_xtb_coordinates/chromo2615/basic.xyz,1,,,,,,
795,chromo6366,Clc1ccc(N2c3sc4ccccc4c3Sc3sc4ccccc4c32)cc1,3.3548,0.6926999999999999,2.7371400291959014,0.6494019509222048,/scratch/jaggbow/mol_xtb_coordinates/chromo6366/geom.xtbopt.xyz,/scratch/jaggbow/mol_xtb_coordinates/chromo6366/mmff.xyz,/scratch/jaggbow/mol_xtb_coordinates/chromo6366/basic.xyz,0,,,,,,
796,chromo1618,c1cc2cccc3c4cccc5cccc(c(c1)c23)c54,2.8937,1.358,2.033084450905446,0.7979001482460464,/scratch/jaggbow/mol_xtb_coordinates/chromo1618/geom.xtbopt.xyz,/scratch/jaggbow/mol_xtb_coordinates/chromo1618/mmff.xyz,/scratch/jaggbow/mol_xtb_coordinates/chromo1618/basic.xyz,0,,,,,,
797,chromo0770,COc1ccc2cc(C=Cc3nc(C=Cc4ccc(N(C)C)cc4)cc(C=Cc4ccc(N(C)C)cc4)n3)ccc2c1,2.9283,0.8367,2.14579848640928,0.48094825586365,/scratch/jaggbow/mol_xtb_coordinates/chromo0770/geom.xtbopt.xyz,/scratch/jaggbow/mol_xtb_coordinates/chromo0770/mmff.xyz,/scratch/jaggbow/mol_xtb_coordinates/chromo0770/basic.xyz,1,,,,,,
798,chromo3722,CCn1c2ccccc2c2cc(-c3cc(-c4ccc5c(c4)c4ccccc4n5CC)nc(SC)n3)ccc21,3.503,0.5980000000000003,6.185866574823671,1.011313977729836,/scratch/jaggbow/mol_xtb_coordinates/chromo3722/geom.xtbopt.xyz,/scratch/jaggbow/mol_xtb_coordinates/chromo3722/mmff.xyz,/scratch/jaggbow/mol_xtb_coordinates/chromo3722/basic.xyz,1,,,,,,
799,chromo0268,CCCCn1c(-c2ccc(-c3nnc(-c4ccc5ccccc5c4)o3)cc2)nc(-c2ccccc2)c1-c1ccccc1,3.1166,0.6888000000000001,3.4208428668592945,0.6011907959534869,/scratch/jaggbow/mol_xtb_coordinates/chromo0268/geom.xtbopt.xyz,/scratch/jaggbow/mol_xtb_coordinates/chromo0268/mmff.xyz,/scratch/jaggbow/mol_xtb_coordinates/chromo0268/basic.xyz,1,,,,,,
800,chromo1825,CCN1C(=CC2=C([O-])C(=Cc3[se]c4ccccc4[n+]3CC)C2=O)[Se]c2ccccc21,2.17,1.2414,-0.37971305300667835,-0.2507172296527811,/scratch/jaggbow/mol_xtb_coordinates/chromo1825/geom.xtbopt.xyz,/scratch/jaggbow/mol_xtb_coordinates/chromo1825/mmff.xyz,/scratch/jaggbow/mol_xtb_coordinates/chromo1825/basic.xyz,0,,,,,,
801,chromo3061,Cc1cc(-c2ccc(N(c3ccccc3)c3ccccc3)cc2)c2nsnc2c1-c1ccc(C(C)(C)C)cc1,2.3747,0.5524999999999998,0.946725230242023,0.019496071438552254,/scratch/jaggbow/mol_xtb_coordinates/chromo3061/geom.xtbopt.xyz,/scratch/jaggbow/mol_xtb_coordinates/chromo3061/mmff.xyz,/scratch/jaggbow/mol_xtb_coordinates/chromo3061/basic.xyz,0,,,,,,
802,chromo6683,CCCc1cc2c(s1)-c1cc3c(cc1NB2c1ccccc1)-c1sc(CCC)cc1B(c1ccccc1)N3,3.169,0.8923000000000001,4.695145067074413,0.834868121685302,/scratch/jaggbow/mol_xtb_coordinates/chromo6683/geom.xtbopt.xyz,/scratch/jaggbow/mol_xtb_coordinates/chromo6683/mmff.xyz,/scratch/jaggbow/mol_xtb_coordinates/chromo6683/basic.xyz,0,,,,,,
803,chromo4586,Cc1ccc(-c2c3nc(c(-c4ccc(C)cc4)c4ccc([nH]4)c(-c4ccc(OC(=O)C(C)c5ccc(-c6ccccc6)c(F)c5)cc4)c4nc(c(-c5ccc(C)cc5)c5ccc2[nH]5)C=C4)C=C3)cc1,2.1307,0.7803,2.524280537248296,0.2969110297259197,/scratch/jaggbow/mol_xtb_coordinates/chromo4586/geom.xtbopt.xyz,/scratch/jaggbow/mol_xtb_coordinates/chromo4586/mmff.xyz,/scratch/jaggbow/mol_xtb_coordinates/chromo4586/basic.xyz,0,,,,,,
804,chromo5405,O=S1(=O)c2ccccc2C2(c3cc(-c4ccc(N(c5ccccc5)c5ccccc5)cc4)ccc3-c3ccc(-c4ccc(N(c5ccccc5)c5ccccc5)cc4)cc32)c2ccccc21,2.9612,0.5608999999999997,0.7490058325272444,-0.33780271863011235,/scratch/jaggbow/mol_xtb_coordinates/chromo5405/geom.xtbopt.xyz,/scratch/jaggbow/mol_xtb_coordinates/chromo5405/mmff.xyz,/scratch/jaggbow/mol_xtb_coordinates/chromo5405/basic.xyz,0,,,,,,
805,chromo1672,CC1=C(c2ccc(N(c3ccccc3)c3ccccc3)cc2)C(C)=[N+]2C1=C(c1c(-c3ccccn3)nc3ccccn13)c1c(C)cc(C)n1[B-]2(F)F,2.0045,0.6238000000000001,3.3853093470558515,1.4686812346044604,/scratch/jaggbow/mol_xtb_coordinates/chromo1672/geom.xtbopt.xyz,/scratch/jaggbow/mol_xtb_coordinates/chromo1672/mmff.xyz,/scratch/jaggbow/mol_xtb_coordinates/chromo1672/basic.xyz,1,,,,,,
806,chromo0467,CCN(CC)c1ccc2cc(-c3cn4ccccc4n3)c(=O)oc2c1,3.2502,1.0529000000000002,4.32752001033143,1.1428615628353131,/scratch/jaggbow/mol_xtb_coordinates/chromo0467/geom.xtbopt.xyz,/scratch/jaggbow/mol_xtb_coordinates/chromo0467/mmff.xyz,/scratch/jaggbow/mol_xtb_coordinates/chromo0467/basic.xyz,1,,,,,,
807,chromo5395,CC(C)(C)c1ccc(-c2nc3c4ccc(-c5ccccc5)cc4c4cc(-c5ccccc5)ccc4c3n2-c2ccc(C(C)(C)C)cc2)cc1,3.476,0.9143,1.701129151961589,-0.11922610340036732,/scratch/jaggbow/mol_xtb_coordinates/chromo5395/geom.xtbopt.xyz,/scratch/jaggbow/mol_xtb_coordinates/chromo5395/mmff.xyz,/scratch/jaggbow/mol_xtb_coordinates/chromo5395/basic.xyz,1,,,,,,
808,chromo2073,Cc1cc(C)c(B(c2c(C)cc(C)cc2C)N2c3ccccc3C(C)(C)c3ccccc32)c(C)c1,3.594,0.5781000000000001,2.4995568777576374,0.15827689641190643,/scratch/jaggbow/mol_xtb_coordinates/chromo2073/geom.xtbopt.xyz,/scratch/jaggbow/mol_xtb_coordinates/chromo2073/mmff.xyz,/scratch/jaggbow/mol_xtb_coordinates/chromo2073/basic.xyz,0,,,,,,
809,chromo2705,Nc1ccc(C#Cc2ccc3ccc4ccc(C#Cc5ccc(N)cc5)c5ccc2c3c45)cc1,2.6212,1.0095,2.951942391882615,0.853290663577549,/scratch/jaggbow/mol_xtb_coordinates/chromo2705/geom.xtbopt.xyz,/scratch/jaggbow/mol_xtb_coordinates/chromo2705/mmff.xyz,/scratch/jaggbow/mol_xtb_coordinates/chromo2705/basic.xyz,1,,,,,,
810,chromo4605,C(=Cc1ccc(-c2cccc3ccccc23)s1)c1cccs1,3.0873,1.3648,2.461795630574102,0.8537405689175939,/scratch/jaggbow/mol_xtb_coordinates/chromo4605/geom.xtbopt.xyz,/scratch/jaggbow/mol_xtb_coordinates/chromo4605/mmff.xyz,/scratch/jaggbow/mol_xtb_coordinates/chromo4605/basic.xyz,1,,,,,,
811,chromo6220,CCCCN(CCCC)c1ccc(C#Cc2cc(C#Cc3ccc(N(CCCC)CCCC)cc3)c(C#Cc3cc(C(F)(F)F)cc(C(F)(F)F)c3)cc2C#Cc2cc(C(F)(F)F)cc(C(F)(F)F)c2)cc1,2.3845,0.4896,1.4748984415861983,0.017331296224653736,/scratch/jaggbow/mol_xtb_coordinates/chromo6220/geom.xtbopt.xyz,/scratch/jaggbow/mol_xtb_coordinates/chromo6220/mmff.xyz,/scratch/jaggbow/mol_xtb_coordinates/chromo6220/basic.xyz,1,,,,,,
812,chromo0848,CN(C)CCN(Cc1c2ccccc2cc2ccccc12)c1ccc([N+](=O)[O-])cc1[N+](=O)[O-],2.3079,0.5654000000000001,1.3257113892009798,0.05229349325873556,/scratch/jaggbow/mol_xtb_coordinates/chromo0848/geom.xtbopt.xyz,/scratch/jaggbow/mol_xtb_coordinates/chromo0848/mmff.xyz,/scratch/jaggbow/mol_xtb_coordinates/chromo0848/basic.xyz,1,,,,,,
813,chromo2747,COc1ccc(C=CC2=CC(C=Cc3ccc(OC)c4ccccc34)=[O+][B-](F)(F)O2)c2ccccc12,2.5316,0.7974000000000001,4.687839107039388,1.1840876083409309,/scratch/jaggbow/mol_xtb_coordinates/chromo2747/geom.xtbopt.xyz,/scratch/jaggbow/mol_xtb_coordinates/chromo2747/mmff.xyz,/scratch/jaggbow/mol_xtb_coordinates/chromo2747/basic.xyz,1,,,,,,
814,chromo4913,CC1(C)c2ccccc2-c2cc3c(cc21)c1ccccc1n3-c1ccc2ccccc2n1,3.2419,0.5199999999999996,3.774374043880378,0.47578994260348906,/scratch/jaggbow/mol_xtb_coordinates/chromo4913/geom.xtbopt.xyz,/scratch/jaggbow/mol_xtb_coordinates/chromo4913/mmff.xyz,/scratch/jaggbow/mol_xtb_coordinates/chromo4913/basic.xyz,0,,,,,,
815,chromo3405,CC(=O)c1nc(-c2ccc(N(c3ccccc3)c3ccccc3)cc2)oc1C,3.4844,0.9011,4.807256446485431,0.9256747910205729,/scratch/jaggbow/mol_xtb_coordinates/chromo3405/geom.xtbopt.xyz,/scratch/jaggbow/mol_xtb_coordinates/chromo3405/mmff.xyz,/scratch/jaggbow/mol_xtb_coordinates/chromo3405/basic.xyz,0,,,,,,
816,chromo6521,Cc1cc(O)c(-c2[nH]c(=O)n3c2-c2ccccc2C3=O)cc1Cl,3.1317,1.1818,1.8688479090609666,0.6526082177105774,/scratch/jaggbow/mol_xtb_coordinates/chromo6521/geom.xtbopt.xyz,/scratch/jaggbow/mol_xtb_coordinates/chromo6521/mmff.xyz,/scratch/jaggbow/mol_xtb_coordinates/chromo6521/basic.xyz,0,,,,,,
817,chromo2213,FC(F)(F)c1cc2n(n1)[B-](c1ccccc1)(c1ccccc1)[n+]1ccc3ccccc3c1-2,2.9801,0.5785,3.4613906383192448,0.790152754476647,/scratch/jaggbow/mol_xtb_coordinates/chromo2213/geom.xtbopt.xyz,/scratch/jaggbow/mol_xtb_coordinates/chromo2213/mmff.xyz,/scratch/jaggbow/mol_xtb_coordinates/chromo2213/basic.xyz,0,,,,,,
818,chromo5993,C#Cc1ccc(-c2c3nc(c(-c4ccc(C#C)cc4)c4ccc([nH]4)c(-c4cc(C(C)(C)C)cc(C(C)(C)C)c4)c4cc(c(-c5cc(C(C)(C)C)cc(C(C)(C)C)c5)c5ccc2[nH]5)C=N4)C=C3)cc1,1.9021,0.7116,1.147159130943668,0.0883556806152454,/scratch/jaggbow/mol_xtb_coordinates/chromo5993/geom.xtbopt.xyz,/scratch/jaggbow/mol_xtb_coordinates/chromo5993/mmff.xyz,/scratch/jaggbow/mol_xtb_coordinates/chromo5993/basic.xyz,0,,,,,,
819,chromo2559,CCOC(=O)C1c2cc(Cl)ccc2C(=O)N1c1ccc(OC)c(OC)c1,3.3339,0.5141,5.284090752747803,0.9589121062264836,/scratch/jaggbow/mol_xtb_coordinates/chromo2559/geom.xtbopt.xyz,/scratch/jaggbow/mol_xtb_coordinates/chromo2559/mmff.xyz,/scratch/jaggbow/mol_xtb_coordinates/chromo2559/basic.xyz,0,,,,,,
820,chromo5728,CC(=O)c1c(NC(Cc2ccc(O)cc2)C(=O)O)c2ccc(N(C)C)cc2oc1=O,3.7384,0.9251999999999998,3.7760227027274453,0.8536829994434469,/scratch/jaggbow/mol_xtb_coordinates/chromo5728/geom.xtbopt.xyz,/scratch/jaggbow/mol_xtb_coordinates/chromo5728/mmff.xyz,/scratch/jaggbow/mol_xtb_coordinates/chromo5728/basic.xyz,1,,,,,,
821,chromo2952,O=C1OCC2=C1C(c1ccccc1)c1cc3c(cc1N2CCO)CCC3,4.0678,0.9801000000000002,4.515838443965034,1.0441994115067028,/scratch/jaggbow/mol_xtb_coordinates/chromo2952/geom.xtbopt.xyz,/scratch/jaggbow/mol_xtb_coordinates/chromo2952/mmff.xyz,/scratch/jaggbow/mol_xtb_coordinates/chromo2952/basic.xyz,0,,,,,,
822,chromo2325,Oc1ccc2ncccc2c1,4.1447,1.3385000000000002,4.739921287500712,0.9888938275847138,/scratch/jaggbow/mol_xtb_coordinates/chromo2325/geom.xtbopt.xyz,/scratch/jaggbow/mol_xtb_coordinates/chromo2325/mmff.xyz,/scratch/jaggbow/mol_xtb_coordinates/chromo2325/basic.xyz,0,,,,,,
823,chromo3559,CN(C)c1ccc(C=Cc2cnc(-c3ccncc3)o2)cc1,2.9627,1.0807,3.171947970896358,0.9355679325379779,/scratch/jaggbow/mol_xtb_coordinates/chromo3559/geom.xtbopt.xyz,/scratch/jaggbow/mol_xtb_coordinates/chromo3559/mmff.xyz,/scratch/jaggbow/mol_xtb_coordinates/chromo3559/basic.xyz,1,,,,,,
824,chromo1795,CCC1=C(C)c2cc3[nH]c(cc4nc(c5c6[nH]c(cc1n2)c(C)c6C(=O)C5)C(CCC(=O)OC)C4C)c(C)c3C=C[N+](=O)[O-],1.9941,0.8311,1.1866694040454893,0.22601492022489675,/scratch/jaggbow/mol_xtb_coordinates/chromo1795/geom.xtbopt.xyz,/scratch/jaggbow/mol_xtb_coordinates/chromo1795/mmff.xyz,/scratch/jaggbow/mol_xtb_coordinates/chromo1795/basic.xyz,0,,,,,,
825,chromo2546,Cc1cccc(C2=CC3=C(c4c(C)cc(C)cc4C)c4cc(-c5cccc(C)c5)c(-c5cccc(C)c5)n4[B-](F)(F)[N+]3=C2c2cccc(C)c2)c1,2.4095,1.0312,2.367837398639663,0.9971985249476719,/scratch/jaggbow/mol_xtb_coordinates/chromo2546/geom.xtbopt.xyz,/scratch/jaggbow/mol_xtb_coordinates/chromo2546/mmff.xyz,/scratch/jaggbow/mol_xtb_coordinates/chromo2546/basic.xyz,1,,,,,,
826,chromo3819,CCCCn1c2ccccc2c2cc(C#Cc3ccc4ccc5cccc6ccc3c4c56)ccc21,2.9546,1.1275000000000002,4.411546894349748,1.2032326778163354,/scratch/jaggbow/mol_xtb_coordinates/chromo3819/geom.xtbopt.xyz,/scratch/jaggbow/mol_xtb_coordinates/chromo3819/mmff.xyz,/scratch/jaggbow/mol_xtb_coordinates/chromo3819/basic.xyz,1,,,,,,
827,chromo1999,CC1(C)c2ccccc2N(c2ccc3c(c2)C(C)(C)c2cc(N4c5ccccc5C(C)(C)c5ccccc54)ccc2S3(=O)=O)c2ccccc21,3.0021,0.0118999999999998,3.9700271299580403,0.5834932891382663,/scratch/jaggbow/mol_xtb_coordinates/chromo1999/geom.xtbopt.xyz,/scratch/jaggbow/mol_xtb_coordinates/chromo1999/mmff.xyz,/scratch/jaggbow/mol_xtb_coordinates/chromo1999/basic.xyz,0,,,,,,
828,chromo3713,C1=C(c2ccccc2)C(c2ccccc2)=CC1c1ccccc1,4.1222,1.6518000000000002,4.638170251086083,1.2954085712337493,/scratch/jaggbow/mol_xtb_coordinates/chromo3713/geom.xtbopt.xyz,/scratch/jaggbow/mol_xtb_coordinates/chromo3713/mmff.xyz,/scratch/jaggbow/mol_xtb_coordinates/chromo3713/basic.xyz,0,,,,,,
829,chromo5554,Cc1ccc(C2=[N+]3C(=Cc4ccc(C)n4[B-]3(F)F)c3ccccc32)[nH]1,2.4522,1.276,2.0407782645511294,1.1663804066782049,/scratch/jaggbow/mol_xtb_coordinates/chromo5554/geom.xtbopt.xyz,/scratch/jaggbow/mol_xtb_coordinates/chromo5554/mmff.xyz,/scratch/jaggbow/mol_xtb_coordinates/chromo5554/basic.xyz,0,,,,,,
830,chromo0845,O=C(c1ccc2c3c(sc2c1)-c1ccccc1P3(=O)c1ccccc1)c1c(F)c(F)c(F)c(F)c1F,3.3384,1.076,3.4952895058780773,0.7668565175273657,/scratch/jaggbow/mol_xtb_coordinates/chromo0845/geom.xtbopt.xyz,/scratch/jaggbow/mol_xtb_coordinates/chromo0845/mmff.xyz,/scratch/jaggbow/mol_xtb_coordinates/chromo0845/basic.xyz,0,,,,,,
831,chromo1478,Nc1ccc(-c2ccc(N)cc2)cc1,4.3363,1.2744999999999995,3.7536852104859735,0.6329858896221123,/scratch/jaggbow/mol_xtb_coordinates/chromo1478/geom.xtbopt.xyz,/scratch/jaggbow/mol_xtb_coordinates/chromo1478/mmff.xyz,/scratch/jaggbow/mol_xtb_coordinates/chromo1478/basic.xyz,1,,,,,,
832,chromo0479,O=C1c2cccc3cc(C#CC#Cc4cc5c6c(cccc6c4)C(=O)N(c4ccccc4)C5=O)cc(c23)C(=O)N1c1ccccc1,2.9943,1.0477,2.4549275479875354,0.5020918869272261,/scratch/jaggbow/mol_xtb_coordinates/chromo0479/geom.xtbopt.xyz,/scratch/jaggbow/mol_xtb_coordinates/chromo0479/mmff.xyz,/scratch/jaggbow/mol_xtb_coordinates/chromo0479/basic.xyz,0,,,,,,
833,chromo1072,COc1ccccc1C1=[N+]2C(=Cc3c4c(c(-c5ccccc5OC)n3[B-]2(F)F)C2CCC4CC2)C2=C1C1CCC2CC1,2.6138,1.1824,1.1100047742806074,0.7653142560554169,/scratch/jaggbow/mol_xtb_coordinates/chromo1072/geom.xtbopt.xyz,/scratch/jaggbow/mol_xtb_coordinates/chromo1072/mmff.xyz,/scratch/jaggbow/mol_xtb_coordinates/chromo1072/basic.xyz,0,,,,,,
834,chromo3028,CCCCN(CCCC)c1ccc(C=Cc2ccc3nc(C=Cc4nc5ccc(C=Cc6ccc(N(CCCC)CCCC)cc6)cc5n(CCC)c4=O)c(=O)n(CCC)c3c2)cc1,2.0369,0.7822000000000002,1.606779949218139,0.346944897972506,/scratch/jaggbow/mol_xtb_coordinates/chromo3028/geom.xtbopt.xyz,/scratch/jaggbow/mol_xtb_coordinates/chromo3028/mmff.xyz,/scratch/jaggbow/mol_xtb_coordinates/chromo3028/basic.xyz,0,,,,,,
835,chromo4462,CCn1c2ccccc2c2cc(C=C(C#N)c3ccccc3)ccc21,3.3744,1.2016,3.729817875728886,0.6948968561333603,/scratch/jaggbow/mol_xtb_coordinates/chromo4462/geom.xtbopt.xyz,/scratch/jaggbow/mol_xtb_coordinates/chromo4462/mmff.xyz,/scratch/jaggbow/mol_xtb_coordinates/chromo4462/basic.xyz,1,,,,,,
836,chromo0203,Cc1nc(-c2cc(F)ccc2O)n2c1CCCC2,4.0286,1.0992000000000002,4.35610029121377,0.8137071186525414,/scratch/jaggbow/mol_xtb_coordinates/chromo0203/geom.xtbopt.xyz,/scratch/jaggbow/mol_xtb_coordinates/chromo0203/mmff.xyz,/scratch/jaggbow/mol_xtb_coordinates/chromo0203/basic.xyz,0,,,,,,
837,chromo5445,N#Cc1cc(C=Cc2ccc(N(c3ccccc3)c3ccccc3)cc2)ccc1-c1ccc(C=Cc2ccc(N(c3ccccc3)c3ccccc3)cc2)cc1C#N,2.5753,0.6536,4.927499039498608,1.0022134573308348,/scratch/jaggbow/mol_xtb_coordinates/chromo5445/geom.xtbopt.xyz,/scratch/jaggbow/mol_xtb_coordinates/chromo5445/mmff.xyz,/scratch/jaggbow/mol_xtb_coordinates/chromo5445/basic.xyz,1,,,,,,
838,chromo1090,CCc1ccc(C2=[N+]3C(=Cc4c5ccc(OC)cc5c(-c5ccc(CC)s5)n4[B-]3(F)F)c3ccc(OC)cc32)s1,1.9501,1.1526,4.151928981486587,1.7428861561995235,/scratch/jaggbow/mol_xtb_coordinates/chromo1090/geom.xtbopt.xyz,/scratch/jaggbow/mol_xtb_coordinates/chromo1090/mmff.xyz,/scratch/jaggbow/mol_xtb_coordinates/chromo1090/basic.xyz,0,,,,,,
839,chromo1993,CC(C)(C)c1ccc2c(c1)c1cc(C(C)(C)C)ccc1n2-c1ccc(C#Cc2ccc3c4ccc(C#Cc5ccc(C=C(C#N)C(=O)O)cc5)cc4n(-c4ccc(C(F)(F)F)cc4)c3c2)cc1,2.2793,0.3593000000000002,3.5263547408302953,0.797474308957055,/scratch/jaggbow/mol_xtb_coordinates/chromo1993/geom.xtbopt.xyz,/scratch/jaggbow/mol_xtb_coordinates/chromo1993/mmff.xyz,/scratch/jaggbow/mol_xtb_coordinates/chromo1993/basic.xyz,1,,,,,,
840,chromo5104,CC1(C)c2ccccc2N(c2ccc(-c3nc(-c4ccccc4)cc(-c4ccccc4)n3)cc2)c2ccccc21,2.8004,0.0085999999999999,2.3038986142647335,-0.05830984722073601,/scratch/jaggbow/mol_xtb_coordinates/chromo5104/geom.xtbopt.xyz,/scratch/jaggbow/mol_xtb_coordinates/chromo5104/mmff.xyz,/scratch/jaggbow/mol_xtb_coordinates/chromo5104/basic.xyz,0,,,,,,
841,chromo2762,O=C1OC(=O)c2ccc(N(c3ccccc3)c3ccc4ccccc4c3)c3cccc1c23,2.5091,0.5615000000000001,2.8715208488057615,0.7027645001072886,/scratch/jaggbow/mol_xtb_coordinates/chromo2762/geom.xtbopt.xyz,/scratch/jaggbow/mol_xtb_coordinates/chromo2762/mmff.xyz,/scratch/jaggbow/mol_xtb_coordinates/chromo2762/basic.xyz,0,,,,,,
842,chromo2042,O=P(c1ccccc1)(c1ccccc1)c1ccc(-n2c(-c3ccccc3P(=O)(c3ccccc3)c3ccccc3)nc3ccccc32)cc1,4.0664,0.8047999999999997,3.5202727121065207,0.2547416451383737,/scratch/jaggbow/mol_xtb_coordinates/chromo2042/geom.xtbopt.xyz,/scratch/jaggbow/mol_xtb_coordinates/chromo2042/mmff.xyz,/scratch/jaggbow/mol_xtb_coordinates/chromo2042/basic.xyz,0,,,,,,
843,chromo3306,Oc1cccc(N=Cc2ccccc2Oc2ccccc2)c1,3.584,1.0015,1.8989013124908165,-0.04130193358596962,/scratch/jaggbow/mol_xtb_coordinates/chromo3306/geom.xtbopt.xyz,/scratch/jaggbow/mol_xtb_coordinates/chromo3306/mmff.xyz,/scratch/jaggbow/mol_xtb_coordinates/chromo3306/basic.xyz,1,,,,,,
844,chromo0721,CCCN=Cc1cc2ccc(N(C)C)cc2cc1OC,3.5512,1.1782,2.804753787923309,0.5844248659598097,/scratch/jaggbow/mol_xtb_coordinates/chromo0721/geom.xtbopt.xyz,/scratch/jaggbow/mol_xtb_coordinates/chromo0721/mmff.xyz,/scratch/jaggbow/mol_xtb_coordinates/chromo0721/basic.xyz,1,,,,,,
845,chromo2280,CCCCC(CC)Cn1c2cc(-c3ccc(N(c4ccccc4)c4ccccc4)cc3)c(C#N)cc2c2cc(C#N)c(-c3ccc(N(c4ccccc4)c4ccccc4)cc3)cc21,3.0204,0.4340000000000001,3.5911340682213755,0.2660405763905526,/scratch/jaggbow/mol_xtb_coordinates/chromo2280/geom.xtbopt.xyz,/scratch/jaggbow/mol_xtb_coordinates/chromo2280/mmff.xyz,/scratch/jaggbow/mol_xtb_coordinates/chromo2280/basic.xyz,1,,,,,,
846,chromo6570,O=C1OC(=O)C2=C1[Se]C13C2=CC(c2ccccc21)c1ccccc13,2.6599,1.0443,2.1929211675016376,0.9135582185834945,/scratch/jaggbow/mol_xtb_coordinates/chromo6570/geom.xtbopt.xyz,/scratch/jaggbow/mol_xtb_coordinates/chromo6570/mmff.xyz,/scratch/jaggbow/mol_xtb_coordinates/chromo6570/basic.xyz,0,,,,,,
847,chromo5915,Cn1nc(-c2ccccc2)cc1-c1ccccc1,4.4229,1.2338000000000005,3.1609686773213053,0.4334442241762216,/scratch/jaggbow/mol_xtb_coordinates/chromo5915/geom.xtbopt.xyz,/scratch/jaggbow/mol_xtb_coordinates/chromo5915/mmff.xyz,/scratch/jaggbow/mol_xtb_coordinates/chromo5915/basic.xyz,0,,,,,,
848,chromo1217,O=c1c2ccccc2nc2n1[B-](F)(F)[n+]1ccccc1-2,3.0419,0.7742,4.007066893387315,0.7768455320645388,/scratch/jaggbow/mol_xtb_coordinates/chromo1217/geom.xtbopt.xyz,/scratch/jaggbow/mol_xtb_coordinates/chromo1217/mmff.xyz,/scratch/jaggbow/mol_xtb_coordinates/chromo1217/basic.xyz,0,,,,,,
849,chromo2083,N#Cc1cc2nc3c(nc2cc1C#N)C1c2ccc(N(c4ccccc4)c4ccccc4)cc2C3c2ccc(N(c3ccccc3)c3ccccc3)cc21,2.2788,0.1168999999999997,4.553039651611023,0.2762789476795213,/scratch/jaggbow/mol_xtb_coordinates/chromo2083/geom.xtbopt.xyz,/scratch/jaggbow/mol_xtb_coordinates/chromo2083/mmff.xyz,/scratch/jaggbow/mol_xtb_coordinates/chromo2083/basic.xyz,0,,,,,,
850,chromo3025,CCCn1c(=O)c(C=Cc2nc3ccc(C)cc3n(CCC)c2=O)nc2ccc(C)cc21,2.6896,1.1902,3.0499129025966734,0.8508005609210233,/scratch/jaggbow/mol_xtb_coordinates/chromo3025/geom.xtbopt.xyz,/scratch/jaggbow/mol_xtb_coordinates/chromo3025/mmff.xyz,/scratch/jaggbow/mol_xtb_coordinates/chromo3025/basic.xyz,0,,,,,,
851,chromo1202,COc1coc2cc(-c3ccc(N(C)C)cc3)ccc2c1=O,3.4038,0.6463000000000001,2.160468035347259,0.5913364063756017,/scratch/jaggbow/mol_xtb_coordinates/chromo1202/geom.xtbopt.xyz,/scratch/jaggbow/mol_xtb_coordinates/chromo1202/mmff.xyz,/scratch/jaggbow/mol_xtb_coordinates/chromo1202/basic.xyz,1,,,,,,
852,chromo6297,CCCCCCn1c(=O)c2c3[nH]c4ccccc4oc3c3c(=O)n(CCCCCC)c(=O)c3c2c1=O,2.6824,0.6924999999999999,2.602137647528782,0.7371818081310059,/scratch/jaggbow/mol_xtb_coordinates/chromo6297/geom.xtbopt.xyz,/scratch/jaggbow/mol_xtb_coordinates/chromo6297/mmff.xyz,/scratch/jaggbow/mol_xtb_coordinates/chromo6297/basic.xyz,0,,,,,,
853,chromo2240,O=S1(=O)c2ccc(-c3ccc(N(c4ccccc4)c4ccccc4)cc3)cc2C2(c3ccccc3-c3ccccc32)c2cc(-c3ccc(N(c4ccccc4)c4ccccc4)cc3)ccc21,3.2467,0.5430000000000001,4.959884537195993,0.8473272127174554,/scratch/jaggbow/mol_xtb_coordinates/chromo2240/geom.xtbopt.xyz,/scratch/jaggbow/mol_xtb_coordinates/chromo2240/mmff.xyz,/scratch/jaggbow/mol_xtb_coordinates/chromo2240/basic.xyz,0,,,,,,
854,chromo2366,CN(C)c1ccc(C2=Nc3sc4cc(F)ccc4[n+]3[B-](F)(F)O2)cc1,3.3011,0.8256999999999999,4.07437582177344,0.9830244936446845,/scratch/jaggbow/mol_xtb_coordinates/chromo2366/geom.xtbopt.xyz,/scratch/jaggbow/mol_xtb_coordinates/chromo2366/mmff.xyz,/scratch/jaggbow/mol_xtb_coordinates/chromo2366/basic.xyz,0,,,,,,
855,chromo3063,Cc1cc(-c2ccc(C(C)(C)C)cc2)c2nsnc2c1-c1ccc(N(c2ccccc2)c2ccccc2)cc1,2.3563,0.4848000000000001,2.27844361733872,0.4012269069908187,/scratch/jaggbow/mol_xtb_coordinates/chromo3063/geom.xtbopt.xyz,/scratch/jaggbow/mol_xtb_coordinates/chromo3063/mmff.xyz,/scratch/jaggbow/mol_xtb_coordinates/chromo3063/basic.xyz,0,,,,,,
856,chromo3809,CCOc1cccc2c1O[B-](F)(F)[n+]1c3c(c4c(c1-2)-c1ccccc1CC4)-c1ccccc1CC3,3.009,0.4948999999999999,5.174160778232432,1.0273547837319807,/scratch/jaggbow/mol_xtb_coordinates/chromo3809/geom.xtbopt.xyz,/scratch/jaggbow/mol_xtb_coordinates/chromo3809/mmff.xyz,/scratch/jaggbow/mol_xtb_coordinates/chromo3809/basic.xyz,0,,,,,,
857,chromo3845,CCN(CC)c1ccc(-c2nc3c4ccc(-c5ccccc5)cc4c4cc(-c5ccccc5)ccc4c3[nH]2)c(O)c1,3.3199,0.8273999999999999,4.134332476174274,0.7249925841868152,/scratch/jaggbow/mol_xtb_coordinates/chromo3845/geom.xtbopt.xyz,/scratch/jaggbow/mol_xtb_coordinates/chromo3845/mmff.xyz,/scratch/jaggbow/mol_xtb_coordinates/chromo3845/basic.xyz,0,,,,,,
858,chromo3810,O=[N+]([O-])c1ccc(O)c(-c2nc3c(c4c2-c2ccccc2CC4)-c2ccccc2CC3)c1,3.4668,0.8704000000000001,5.496957677526368,1.2225684921693418,/scratch/jaggbow/mol_xtb_coordinates/chromo3810/geom.xtbopt.xyz,/scratch/jaggbow/mol_xtb_coordinates/chromo3810/mmff.xyz,/scratch/jaggbow/mol_xtb_coordinates/chromo3810/basic.xyz,0,,,,,,
859,chromo2834,O=Cc1ccc(C2=Cc3ccccc3P2(=O)c2ccccc2)cc1,3.4379,1.2866,3.4804041504621988,0.9553872298951597,/scratch/jaggbow/mol_xtb_coordinates/chromo2834/geom.xtbopt.xyz,/scratch/jaggbow/mol_xtb_coordinates/chromo2834/mmff.xyz,/scratch/jaggbow/mol_xtb_coordinates/chromo2834/basic.xyz,0,,,,,,
860,chromo6421,COC(=O)C1=C(C(=O)OC)C2(c3ccccc3-c3ccccc32)C(c2ccccc2)C=C2c3cc(OC)c(OC)cc3CCN21,3.8666,1.1652,3.8784840727285252,0.9402144653989692,/scratch/jaggbow/mol_xtb_coordinates/chromo6421/geom.xtbopt.xyz,/scratch/jaggbow/mol_xtb_coordinates/chromo6421/mmff.xyz,/scratch/jaggbow/mol_xtb_coordinates/chromo6421/basic.xyz,0,,,,,,
861,chromo1526,CCCCCCCCCCCCN1C(=O)c2c(c3ccc4cc(-c5ccc(Cl)cc5)c(OC)cc4c3c3c2ccc2cc(-c4ccc(Cl)cc4)c(OC)cc23)C1=O,2.5797,0.5680999999999998,1.2493519900271686,-0.056032216628011444,/scratch/jaggbow/mol_xtb_coordinates/chromo1526/geom.xtbopt.xyz,/scratch/jaggbow/mol_xtb_coordinates/chromo1526/mmff.xyz,/scratch/jaggbow/mol_xtb_coordinates/chromo1526/basic.xyz,0,,,,,,
862,chromo2562,CCOC(=O)C1c2ccccc2C(=O)N1c1ccccn1,4.3155,0.9005000000000001,2.7623972852400964,0.277361910944517,/scratch/jaggbow/mol_xtb_coordinates/chromo2562/geom.xtbopt.xyz,/scratch/jaggbow/mol_xtb_coordinates/chromo2562/mmff.xyz,/scratch/jaggbow/mol_xtb_coordinates/chromo2562/basic.xyz,0,,,,,,
863,chromo0921,N#Cc1ccc(N)c2nonc12,3.166,1.3377,1.7859819100007939,0.8198603539346822,/scratch/jaggbow/mol_xtb_coordinates/chromo0921/geom.xtbopt.xyz,/scratch/jaggbow/mol_xtb_coordinates/chromo0921/mmff.xyz,/scratch/jaggbow/mol_xtb_coordinates/chromo0921/basic.xyz,0,,,,,,
864,chromo5456,Brc1ccc(C2=C(c3ccc(Br)cc3)c3cccc4c3c(cc3nc5ccccc5nc34)O2)cc1,2.6565,0.7469999999999999,3.816015242368765,0.9008432051696138,/scratch/jaggbow/mol_xtb_coordinates/chromo5456/geom.xtbopt.xyz,/scratch/jaggbow/mol_xtb_coordinates/chromo5456/mmff.xyz,/scratch/jaggbow/mol_xtb_coordinates/chromo5456/basic.xyz,0,,,,,,
865,chromo2591,CCn1c2ccc(-c3cccs3)cc2c2cc(-c3cccs3)ccc21,3.5987,0.8892000000000002,3.29357026645031,0.45641783455898877,/scratch/jaggbow/mol_xtb_coordinates/chromo2591/geom.xtbopt.xyz,/scratch/jaggbow/mol_xtb_coordinates/chromo2591/mmff.xyz,/scratch/jaggbow/mol_xtb_coordinates/chromo2591/basic.xyz,1,,,,,,
866,chromo4097,O=c1c2cc(C#Cc3ccc(Cl)cc3)ccc2nc2ccc(C#Cc3ccc(Cl)cc3)cn12,2.944,0.9498,2.3946430771527063,0.6293424747110665,/scratch/jaggbow/mol_xtb_coordinates/chromo4097/geom.xtbopt.xyz,/scratch/jaggbow/mol_xtb_coordinates/chromo4097/mmff.xyz,/scratch/jaggbow/mol_xtb_coordinates/chromo4097/basic.xyz,0,,,,,,
867,chromo1716,O=c1cc(-c2ccccc2)oc(-c2nc3ccccn3c2NC2CCCCC2)c1,3.3377,0.8209999999999997,3.248558060574857,0.701877256060845,/scratch/jaggbow/mol_xtb_coordinates/chromo1716/geom.xtbopt.xyz,/scratch/jaggbow/mol_xtb_coordinates/chromo1716/mmff.xyz,/scratch/jaggbow/mol_xtb_coordinates/chromo1716/basic.xyz,0,,,,,,
868,chromo6299,CCCCCCn1c(=O)c2c3[nH]c4cc5sc6c([nH]c5cc4sc3c3c(=O)n(CCCCCC)c(=O)c3c2c1=O)c1c(=O)n(CCCCCC)c(=O)c1c1c(=O)n(CCCCCC)c(=O)c61,2.116,0.4116000000000002,1.3693624132323459,0.4622522137187898,/scratch/jaggbow/mol_xtb_coordinates/chromo6299/geom.xtbopt.xyz,/scratch/jaggbow/mol_xtb_coordinates/chromo6299/mmff.xyz,/scratch/jaggbow/mol_xtb_coordinates/chromo6299/basic.xyz,0,,,,,,
869,chromo2903,CN(C)c1ccc(C=Cc2ncccn2)cc1,3.4046,1.2420999999999998,2.1724596058961945,0.7204927342930599,/scratch/jaggbow/mol_xtb_coordinates/chromo2903/geom.xtbopt.xyz,/scratch/jaggbow/mol_xtb_coordinates/chromo2903/mmff.xyz,/scratch/jaggbow/mol_xtb_coordinates/chromo2903/basic.xyz,1,,,,,,
870,chromo3052,COC1(OC)C2(Cl)c3nc4ccc(-c5cccs5)cc4nc3C1(Cl)C1CC3C(CC12)C1(Cl)c2nc4cc(-c5cccs5)ccc4nc2C3(Cl)C1(OC)OC,3.4059,0.9525,2.512611402899233,0.43564687230176063,/scratch/jaggbow/mol_xtb_coordinates/chromo3052/geom.xtbopt.xyz,/scratch/jaggbow/mol_xtb_coordinates/chromo3052/mmff.xyz,/scratch/jaggbow/mol_xtb_coordinates/chromo3052/basic.xyz,0,,,,,,
871,chromo1471,CCCCCC(=O)c1c2c(c(C(=O)CCCCC)c3c1OC1(CCCC1)O3)OC1(CCCC1)O2,2.7876,0.8295999999999999,3.0166538210261398,0.7601758006371672,/scratch/jaggbow/mol_xtb_coordinates/chromo1471/geom.xtbopt.xyz,/scratch/jaggbow/mol_xtb_coordinates/chromo1471/mmff.xyz,/scratch/jaggbow/mol_xtb_coordinates/chromo1471/basic.xyz,0,,,,,,
872,chromo1444,COC(=O)C(Cc1ccc2oc(-c3ccc(N(c4ccccc4)c4ccccc4)cc3)nc2c1)NC(=O)OC(C)(C)C,3.3339,0.8190999999999997,1.4770477776060742,0.07840047432773639,/scratch/jaggbow/mol_xtb_coordinates/chromo1444/geom.xtbopt.xyz,/scratch/jaggbow/mol_xtb_coordinates/chromo1444/mmff.xyz,/scratch/jaggbow/mol_xtb_coordinates/chromo1444/basic.xyz,0,,,,,,
873,chromo2497,CN(C)c1ccc(C=Cc2ncnc3ccccc23)cc1,3.0163,1.0595,3.9920263869299775,1.1400780166210587,/scratch/jaggbow/mol_xtb_coordinates/chromo2497/geom.xtbopt.xyz,/scratch/jaggbow/mol_xtb_coordinates/chromo2497/mmff.xyz,/scratch/jaggbow/mol_xtb_coordinates/chromo2497/basic.xyz,0,,,,,,
874,chromo4384,COc1ccc(-c2cc3c4c(c2)CCc2cc(-c5ccc(OC)cc5)cc(c2-4)CC3)cc1,3.6257,1.0342000000000002,4.918858939649352,0.8562985838398444,/scratch/jaggbow/mol_xtb_coordinates/chromo4384/geom.xtbopt.xyz,/scratch/jaggbow/mol_xtb_coordinates/chromo4384/mmff.xyz,/scratch/jaggbow/mol_xtb_coordinates/chromo4384/basic.xyz,0,,,,,,
875,chromo0970,F[B-]1(F)n2cccc2C(c2ccccc2)=C2C=CC=[N+]21,3.0839,1.4625,2.0864594520456663,1.2322144185913564,/scratch/jaggbow/mol_xtb_coordinates/chromo0970/geom.xtbopt.xyz,/scratch/jaggbow/mol_xtb_coordinates/chromo0970/mmff.xyz,/scratch/jaggbow/mol_xtb_coordinates/chromo0970/basic.xyz,1,,,,,,
876,chromo5369,c1ccc(-c2nc3c4ccccc4c4ccccc4c3n2-c2ccc(-c3nc4c5ccccc5c5ccccc5c4n3-c3ccccc3)cc2)cc1,3.2107,0.5592999999999999,2.6194503999358076,0.10147263587169864,/scratch/jaggbow/mol_xtb_coordinates/chromo5369/geom.xtbopt.xyz,/scratch/jaggbow/mol_xtb_coordinates/chromo5369/mmff.xyz,/scratch/jaggbow/mol_xtb_coordinates/chromo5369/basic.xyz,1,,,,,,
877,chromo3544,COc1ccc(-c2cnc(C=Cc3ccccc3)o2)cc1OC,3.1522,1.203,3.4896479303188603,0.9868023208173937,/scratch/jaggbow/mol_xtb_coordinates/chromo3544/geom.xtbopt.xyz,/scratch/jaggbow/mol_xtb_coordinates/chromo3544/mmff.xyz,/scratch/jaggbow/mol_xtb_coordinates/chromo3544/basic.xyz,1,,,,,,
878,chromo3292,CCCSC1=[N+]2C(=C(c3ccccc3)c3ccc(SCCC)n3[B-]2(F)F)C=C1SC#N,2.4357,1.0650000000000002,1.4567019606930032,1.0642598814117976,/scratch/jaggbow/mol_xtb_coordinates/chromo3292/geom.xtbopt.xyz,/scratch/jaggbow/mol_xtb_coordinates/chromo3292/mmff.xyz,/scratch/jaggbow/mol_xtb_coordinates/chromo3292/basic.xyz,1,,,,,,
879,chromo1020,COC(=O)C=CC=CC1=[N+]2C(=C(c3c(C)cc(C)cc3C)c3ccc(C=CC=CC(=O)OC)n3[B-]2(F)F)C=C1,2.2214,1.2455,3.2145962704438102,1.3316074586581739,/scratch/jaggbow/mol_xtb_coordinates/chromo1020/geom.xtbopt.xyz,/scratch/jaggbow/mol_xtb_coordinates/chromo1020/mmff.xyz,/scratch/jaggbow/mol_xtb_coordinates/chromo1020/basic.xyz,1,,,,,,
880,chromo0840,O=S1(=O)c2ccccc2-c2c1c1ccccc1p2-c1ccccc1,3.3465,1.1921999999999997,4.220726620061144,1.0396215627643315,/scratch/jaggbow/mol_xtb_coordinates/chromo0840/geom.xtbopt.xyz,/scratch/jaggbow/mol_xtb_coordinates/chromo0840/mmff.xyz,/scratch/jaggbow/mol_xtb_coordinates/chromo0840/basic.xyz,0,,,,,,
881,chromo0855,CCCCCCOc1ccc(C#Cc2ccc(C#Cc3ccc(OCCCCCC)c(OCCCCCC)c3)c3nsnc23)cc1OCCCCCC,2.3091,0.9137,2.803223112084027,0.7289535129110019,/scratch/jaggbow/mol_xtb_coordinates/chromo0855/geom.xtbopt.xyz,/scratch/jaggbow/mol_xtb_coordinates/chromo0855/mmff.xyz,/scratch/jaggbow/mol_xtb_coordinates/chromo0855/basic.xyz,0,,,,,,
882,chromo3323,Cc1cc(O)c(C(C)C)cc1N=Cc1ccc(O)cc1,3.4717,1.0362999999999998,3.381120934815984,0.5191601826989243,/scratch/jaggbow/mol_xtb_coordinates/chromo3323/geom.xtbopt.xyz,/scratch/jaggbow/mol_xtb_coordinates/chromo3323/mmff.xyz,/scratch/jaggbow/mol_xtb_coordinates/chromo3323/basic.xyz,1,,,,,,
883,chromo1207,N#CC(=C(C#N)c1ccc(-c2ccncc2)cc1)c1ccc(-c2ccncc2)cc1,3.1076,1.1543,3.9322294674248015,0.851622953932456,/scratch/jaggbow/mol_xtb_coordinates/chromo1207/geom.xtbopt.xyz,/scratch/jaggbow/mol_xtb_coordinates/chromo1207/mmff.xyz,/scratch/jaggbow/mol_xtb_coordinates/chromo1207/basic.xyz,1,,,,,,
884,chromo1476,CCCC(=O)c1c2c(c(C(=O)CCC)c3c1OC(CC(=O)OC)(C(=O)O)O3)OCO2,2.9629,0.8304,1.1014603886136782,0.4071795583636589,/scratch/jaggbow/mol_xtb_coordinates/chromo1476/geom.xtbopt.xyz,/scratch/jaggbow/mol_xtb_coordinates/chromo1476/mmff.xyz,/scratch/jaggbow/mol_xtb_coordinates/chromo1476/basic.xyz,0,,,,,,
885,chromo3118,Cc1ccc(-c2c3nc(c(-c4ccc(C)cc4)c4ccc([nH]4)c(-c4ccco4)c4nc(c(-c5ccc(C)cc5)c5ccc2[nH]5)C=C4)C=C3)cc1,2.1001,0.7725,3.865798328424119,0.683116358139974,/scratch/jaggbow/mol_xtb_coordinates/chromo3118/geom.xtbopt.xyz,/scratch/jaggbow/mol_xtb_coordinates/chromo3118/mmff.xyz,/scratch/jaggbow/mol_xtb_coordinates/chromo3118/basic.xyz,0,,,,,,
886,chromo2428,COC(=O)c1cc(=O)n(Cc2ccccc2)c2cc(-c3ccc(OC)cc3)sc12,3.0232,1.1183,3.171382301003555,0.9946643844969478,/scratch/jaggbow/mol_xtb_coordinates/chromo2428/geom.xtbopt.xyz,/scratch/jaggbow/mol_xtb_coordinates/chromo2428/mmff.xyz,/scratch/jaggbow/mol_xtb_coordinates/chromo2428/basic.xyz,1,,,,,,
887,chromo2518,Cc1cc(C)c(C2=C3C=C(C=CC(=O)OC(C)(C)C)C=[N+]3[B-](F)(F)n3cccc32)c(C)c1,2.7548,1.1762,2.5680246912321807,1.1747248256619884,/scratch/jaggbow/mol_xtb_coordinates/chromo2518/geom.xtbopt.xyz,/scratch/jaggbow/mol_xtb_coordinates/chromo2518/mmff.xyz,/scratch/jaggbow/mol_xtb_coordinates/chromo2518/basic.xyz,1,,,,,,
888,chromo0914,C[Si]1(C)c2cc(C#Cc3ccccc3)ccc2C=Cc2ccc(C#Cc3ccccc3)cc21,3.0837,0.9764999999999996,3.91654813671207,0.6757526264039142,/scratch/jaggbow/mol_xtb_coordinates/chromo0914/geom.xtbopt.xyz,/scratch/jaggbow/mol_xtb_coordinates/chromo0914/mmff.xyz,/scratch/jaggbow/mol_xtb_coordinates/chromo0914/basic.xyz,0,,,,,,
889,chromo6116,COc1ccc(C(=O)c2c(C)c3ccc4cccc5c6cccc7ccc2c(c76)c3c45)cc1,3.211,1.2110999999999998,3.4462614613344784,0.6413019379092404,/scratch/jaggbow/mol_xtb_coordinates/chromo6116/geom.xtbopt.xyz,/scratch/jaggbow/mol_xtb_coordinates/chromo6116/mmff.xyz,/scratch/jaggbow/mol_xtb_coordinates/chromo6116/basic.xyz,0,,,,,,
890,chromo1550,Cc1cccc2cc3c(=O)n(C)c(=O)n(C)c3nc12,3.5673,0.9933,5.620131490999847,1.1175162987446403,/scratch/jaggbow/mol_xtb_coordinates/chromo1550/geom.xtbopt.xyz,/scratch/jaggbow/mol_xtb_coordinates/chromo1550/mmff.xyz,/scratch/jaggbow/mol_xtb_coordinates/chromo1550/basic.xyz,0,,,,,,
891,chromo1631,Cc1ccc(-c2cc(-c3ccc(N(C)C)cc3)c3c(N)nc(N4CCCC4)c(C#N)c3n2)cc1,2.9265,0.5800999999999998,2.315377192686544,0.41344099860441985,/scratch/jaggbow/mol_xtb_coordinates/chromo1631/geom.xtbopt.xyz,/scratch/jaggbow/mol_xtb_coordinates/chromo1631/mmff.xyz,/scratch/jaggbow/mol_xtb_coordinates/chromo1631/basic.xyz,0,,,,,,
892,chromo0286,COc1c2ccccc2c(OC)c2c1c1ccc(F)cc1n2C,3.334,1.0809000000000002,4.743696123980729,1.0736935218731993,/scratch/jaggbow/mol_xtb_coordinates/chromo0286/geom.xtbopt.xyz,/scratch/jaggbow/mol_xtb_coordinates/chromo0286/mmff.xyz,/scratch/jaggbow/mol_xtb_coordinates/chromo0286/basic.xyz,0,,,,,,
893,chromo1465,COc1ccc2cc(C#Cc3ccc([N+](=O)[O-])cc3)ccc2c1,2.8135,0.1993999999999998,5.008374127794799,1.0802009134820305,/scratch/jaggbow/mol_xtb_coordinates/chromo1465/geom.xtbopt.xyz,/scratch/jaggbow/mol_xtb_coordinates/chromo1465/mmff.xyz,/scratch/jaggbow/mol_xtb_coordinates/chromo1465/basic.xyz,1,,,,,,
894,chromo2053,CC(C)c1cc(C(C)C)c(B2c3cc(-n4c5ccccc5c5ccccc54)ccc3N(c3ccccc3)c3ccc(-n4c5ccccc5c5ccccc54)cc32)c(C(C)C)c1,2.9552,0.3496000000000001,3.6175052428737873,0.7507666271488221,/scratch/jaggbow/mol_xtb_coordinates/chromo2053/geom.xtbopt.xyz,/scratch/jaggbow/mol_xtb_coordinates/chromo2053/mmff.xyz,/scratch/jaggbow/mol_xtb_coordinates/chromo2053/basic.xyz,0,,,,,,
895,chromo0910,COc1ccc(-c2ccc3c(c2)[Si](C)(C)c2cc(-c4ccc(OC)cc4)ccc2C=C3)cc1,3.4343,1.0387999999999995,3.5329808408219296,0.5306087949746461,/scratch/jaggbow/mol_xtb_coordinates/chromo0910/geom.xtbopt.xyz,/scratch/jaggbow/mol_xtb_coordinates/chromo0910/mmff.xyz,/scratch/jaggbow/mol_xtb_coordinates/chromo0910/basic.xyz,0,,,,,,
896,chromo4588,COc1ccc2cc(C(C)C(=O)Oc3ccc(-c4c5nc(c(-c6ccc(C)cc6)c6ccc([nH]6)c(-c6ccc(C)cc6)c6nc(c(-c7ccc(C)cc7)c7ccc4[nH]7)C=C6)C=C5)cc3)ccc2c1,2.1304,0.7801999999999998,1.821785027144296,0.1254692429202245,/scratch/jaggbow/mol_xtb_coordinates/chromo4588/geom.xtbopt.xyz,/scratch/jaggbow/mol_xtb_coordinates/chromo4588/mmff.xyz,/scratch/jaggbow/mol_xtb_coordinates/chromo4588/basic.xyz,0,,,,,,
897,chromo5003,c1ccc(-c2nc(-c3ccccc3)nc(-c3ccc(-n4c5ccccc5c5ccc6c(c7ccccc7n6-c6ccccc6)c54)cc3)n2)cc1,2.6977,0.0844,4.959437363073264,0.6845452740080508,/scratch/jaggbow/mol_xtb_coordinates/chromo5003/geom.xtbopt.xyz,/scratch/jaggbow/mol_xtb_coordinates/chromo5003/mmff.xyz,/scratch/jaggbow/mol_xtb_coordinates/chromo5003/basic.xyz,0,,,,,,
898,chromo2138,O=P1(c2ccccc2)c2cccc3c4c5ccccc5c5ccccc5c4c4ccc1n4c23,2.9075,0.8449,3.218864176615149,0.5877866950681776,/scratch/jaggbow/mol_xtb_coordinates/chromo2138/geom.xtbopt.xyz,/scratch/jaggbow/mol_xtb_coordinates/chromo2138/mmff.xyz,/scratch/jaggbow/mol_xtb_coordinates/chromo2138/basic.xyz,0,,,,,,
899,chromo0151,COc1nnc(Cl)nn1,2.2586,0.8109999999999999,2.971565206388983,0.29820069656863984,/scratch/jaggbow/mol_xtb_coordinates/chromo0151/geom.xtbopt.xyz,/scratch/jaggbow/mol_xtb_coordinates/chromo0151/mmff.xyz,/scratch/jaggbow/mol_xtb_coordinates/chromo0151/basic.xyz,0,,,,,,
900,chromo4552,c1ccc(N(c2ccccc2)c2ccc(-n3ccc4cc(-c5ccc(C6(c7ccccc7)c7ccccc7-c7ccccc76)cc5)ccc43)cc2)cc1,3.7622,0.7505999999999999,3.370213825293769,0.36418651917162015,/scratch/jaggbow/mol_xtb_coordinates/chromo4552/geom.xtbopt.xyz,/scratch/jaggbow/mol_xtb_coordinates/chromo4552/mmff.xyz,/scratch/jaggbow/mol_xtb_coordinates/chromo4552/basic.xyz,0,,,,,,
901,chromo1992,CC(C)(C)c1ccc2c(c1)c1cc(C(C)(C)C)ccc1n2-c1ccc(C#Cc2ccc3c4ccc(C#Cc5ccc(C=C(C#N)C#N)cc5)cc4n(-c4ccc(C(F)(F)F)cc4)c3c2)cc1,2.0803,0.2829999999999999,4.975372216487656,1.1340864138783797,/scratch/jaggbow/mol_xtb_coordinates/chromo1992/geom.xtbopt.xyz,/scratch/jaggbow/mol_xtb_coordinates/chromo1992/mmff.xyz,/scratch/jaggbow/mol_xtb_coordinates/chromo1992/basic.xyz,1,,,,,,
902,chromo2204,CC(C)(C)c1ccc(-c2c(-c3ccc(N(c4ccccc4)c4ccccc4)cc3)c(C#N)c(-c3ccc(N(c4ccccc4)c4ccccc4)cc3)c(-c3ccc(C(C)(C)C)cc3)c2-c2ccc(C(C)(C)C)cc2)cc1,3.1215,0.2673000000000001,4.968835380203543,0.7175653834920133,/scratch/jaggbow/mol_xtb_coordinates/chromo2204/geom.xtbopt.xyz,/scratch/jaggbow/mol_xtb_coordinates/chromo2204/mmff.xyz,/scratch/jaggbow/mol_xtb_coordinates/chromo2204/basic.xyz,1,,,,,,
903,chromo3375,COc1cc(C2=CC(c3ccccc3)=C(c3ccccc3)C2)cc(OC)c1OC,3.1522,1.3493000000000002,1.7054426358408232,0.6410047573622837,/scratch/jaggbow/mol_xtb_coordinates/chromo3375/geom.xtbopt.xyz,/scratch/jaggbow/mol_xtb_coordinates/chromo3375/mmff.xyz,/scratch/jaggbow/mol_xtb_coordinates/chromo3375/basic.xyz,1,,,,,,
904,chromo3479,CCOC(=O)c1c(-c2cc3c(ccc4ccccc43)oc2=O)nn(-c2ccccc2)c1C(=O)OCC,3.4882,1.2239999999999998,3.429519016059618,0.8430301864372979,/scratch/jaggbow/mol_xtb_coordinates/chromo3479/geom.xtbopt.xyz,/scratch/jaggbow/mol_xtb_coordinates/chromo3479/mmff.xyz,/scratch/jaggbow/mol_xtb_coordinates/chromo3479/basic.xyz,0,,,,,,
905,chromo1179,Cc1ccc(-n2c(-c3ccccc3[NH-])[nH+]c3c4ccccc4c4ccccc4c32)cc1,3.5783,0.8527,3.437426690666737,0.44359963642293115,/scratch/jaggbow/mol_xtb_coordinates/chromo1179/geom.xtbopt.xyz,/scratch/jaggbow/mol_xtb_coordinates/chromo1179/mmff.xyz,/scratch/jaggbow/mol_xtb_coordinates/chromo1179/basic.xyz,0,,,,,,
906,chromo6690,c1ccc([Si]2(c3ccccc3)c3ccccc3-c3cc4c(cc32)-c2ccccc2[Si]4(c2ccccc2)c2ccccc2)cc1,3.5383,1.0228000000000002,5.426180473372168,1.0995864367187103,/scratch/jaggbow/mol_xtb_coordinates/chromo6690/geom.xtbopt.xyz,/scratch/jaggbow/mol_xtb_coordinates/chromo6690/mmff.xyz,/scratch/jaggbow/mol_xtb_coordinates/chromo6690/basic.xyz,0,,,,,,
907,chromo5084,CC(C)(C)c1ccc2c(c1)c1cc(C(C)(C)C)ccc1n2-c1cc(C(=O)c2ccncc2)cc(-n2c3ccc(C(C)(C)C)cc3c3cc(C(C)(C)C)ccc32)c1,2.5648,0.1158000000000001,4.204488893132494,0.4100591403940307,/scratch/jaggbow/mol_xtb_coordinates/chromo5084/geom.xtbopt.xyz,/scratch/jaggbow/mol_xtb_coordinates/chromo5084/mmff.xyz,/scratch/jaggbow/mol_xtb_coordinates/chromo5084/basic.xyz,1,,,,,,
908,chromo0338,c1ccc(-c2nc3c(c4c2-c2ccccc2CC4)-c2ccccc2CC3)cc1,3.8667,1.1012,5.0372413857709475,0.8439627237930442,/scratch/jaggbow/mol_xtb_coordinates/chromo0338/geom.xtbopt.xyz,/scratch/jaggbow/mol_xtb_coordinates/chromo0338/mmff.xyz,/scratch/jaggbow/mol_xtb_coordinates/chromo0338/basic.xyz,0,,,,,,
909,chromo2485,CCCCNC(=O)c1nc2c(N(C)C)nc(N(C)C)nc2n1Cc1ccccc1,3.7556,0.9547999999999996,4.5749385478308096,1.0306840162225828,/scratch/jaggbow/mol_xtb_coordinates/chromo2485/geom.xtbopt.xyz,/scratch/jaggbow/mol_xtb_coordinates/chromo2485/mmff.xyz,/scratch/jaggbow/mol_xtb_coordinates/chromo2485/basic.xyz,0,,,,,,
910,chromo4555,c1ccc(-n2c3ccccc3c3cc(-n4ccc5cc(-c6cccc7c6-c6ccccc6C7(c6ccccc6)c6ccccc6)ccc54)ccc32)cc1,3.6406,0.6656,5.203277812427066,0.8414079501198035,/scratch/jaggbow/mol_xtb_coordinates/chromo4555/geom.xtbopt.xyz,/scratch/jaggbow/mol_xtb_coordinates/chromo4555/mmff.xyz,/scratch/jaggbow/mol_xtb_coordinates/chromo4555/basic.xyz,1,,,,,,
911,chromo4515,O=C(C=Cc1cn(-c2ccccc2)nc1-c1ccccc1)c1c(O)c2ccccc2oc1=O,3.1068,0.8195999999999999,2.0970363675369073,0.3948995898336239,/scratch/jaggbow/mol_xtb_coordinates/chromo4515/geom.xtbopt.xyz,/scratch/jaggbow/mol_xtb_coordinates/chromo4515/mmff.xyz,/scratch/jaggbow/mol_xtb_coordinates/chromo4515/basic.xyz,1,,,,,,
912,chromo5837,COc1ccc(C2=Nc3cccc4[n+]3[B-](F)(O2)OC(c2ccc(OC)cc2)=N4)cc1,3.1819,0.6045000000000003,2.5699912886828287,0.3337366530827329,/scratch/jaggbow/mol_xtb_coordinates/chromo5837/geom.xtbopt.xyz,/scratch/jaggbow/mol_xtb_coordinates/chromo5837/mmff.xyz,/scratch/jaggbow/mol_xtb_coordinates/chromo5837/basic.xyz,0,,,,,,
913,chromo5894,Fc1c(F)c(F)c([B-]2(c3c(F)c(F)c(F)c(F)c3F)Oc3c(ccc4c5c(ccc34)C=[N+](c3ccccc3)[B-](c3c(F)c(F)c(F)c(F)c3F)(c3c(F)c(F)c(F)c(F)c3F)O5)C=[N+]2c2ccccc2)c(F)c1F,2.2873,0.7245000000000001,2.765793405563346,0.773415020382549,/scratch/jaggbow/mol_xtb_coordinates/chromo5894/geom.xtbopt.xyz,/scratch/jaggbow/mol_xtb_coordinates/chromo5894/mmff.xyz,/scratch/jaggbow/mol_xtb_coordinates/chromo5894/basic.xyz,0,,,,,,
914,chromo4993,CC(C)(C)c1ccc2c(c1)c1cc(C(C)(C)C)ccc1n2-c1cccc(-c2nc(-c3cccc(P(=O)(c4ccccc4)c4ccccc4)c3)nc(-c3cccc(P(=O)(c4ccccc4)c4ccccc4)c3)n2)c1,2.7419,0.1317999999999997,4.645532419185759,0.6063739322774007,/scratch/jaggbow/mol_xtb_coordinates/chromo4993/geom.xtbopt.xyz,/scratch/jaggbow/mol_xtb_coordinates/chromo4993/mmff.xyz,/scratch/jaggbow/mol_xtb_coordinates/chromo4993/basic.xyz,1,,,,,,
915,chromo2516,COc1ccc(C2=C3C=C(C=CC(=O)OC(C)(C)C)C=[N+]3[B-](F)(F)n3cccc32)cc1,2.7121,1.0984,3.0149378629242176,1.2411458842668404,/scratch/jaggbow/mol_xtb_coordinates/chromo2516/geom.xtbopt.xyz,/scratch/jaggbow/mol_xtb_coordinates/chromo2516/mmff.xyz,/scratch/jaggbow/mol_xtb_coordinates/chromo2516/basic.xyz,1,,,,,,
916,chromo4517,CCN1c2ccc(-c3cc(C(F)(F)F)[nH]n3)cc2Sc2cc(-c3cc(C(F)(F)F)[nH]n3)ccc21,3.458,0.6701000000000001,3.561275185007894,0.5424489651558901,/scratch/jaggbow/mol_xtb_coordinates/chromo4517/geom.xtbopt.xyz,/scratch/jaggbow/mol_xtb_coordinates/chromo4517/mmff.xyz,/scratch/jaggbow/mol_xtb_coordinates/chromo4517/basic.xyz,0,,,,,,
917,chromo5518,CCC1(CC)c2cc(C=O)ccc2-c2ccc(N(C)C)cc21,3.3535,0.9421999999999996,4.163539979033001,1.006131666307108,/scratch/jaggbow/mol_xtb_coordinates/chromo5518/geom.xtbopt.xyz,/scratch/jaggbow/mol_xtb_coordinates/chromo5518/mmff.xyz,/scratch/jaggbow/mol_xtb_coordinates/chromo5518/basic.xyz,0,,,,,,
918,chromo0341,CCN(CC)c1ccc(-c2nc3c(c4c2-c2ccccc2CC4)-c2ccccc2CC3)cc1,3.2879,0.7248999999999999,2.3000551255464097,0.2128125353518136,/scratch/jaggbow/mol_xtb_coordinates/chromo0341/geom.xtbopt.xyz,/scratch/jaggbow/mol_xtb_coordinates/chromo0341/mmff.xyz,/scratch/jaggbow/mol_xtb_coordinates/chromo0341/basic.xyz,0,,,,,,
919,chromo0288,COc1c2ccccc2c(OC)c2c1c1cc(F)ccc1n2C,3.1731,0.9933999999999998,3.243181930761896,0.7138479938055244,/scratch/jaggbow/mol_xtb_coordinates/chromo0288/geom.xtbopt.xyz,/scratch/jaggbow/mol_xtb_coordinates/chromo0288/mmff.xyz,/scratch/jaggbow/mol_xtb_coordinates/chromo0288/basic.xyz,0,,,,,,
920,chromo3450,CCOC(=O)c1c(-c2c(Cl)c3ccccc3oc2=O)nn(-c2cccc(C)c2)c1C(=O)OCC,3.7701,1.094,2.630234276156009,0.5479218565631235,/scratch/jaggbow/mol_xtb_coordinates/chromo3450/geom.xtbopt.xyz,/scratch/jaggbow/mol_xtb_coordinates/chromo3450/mmff.xyz,/scratch/jaggbow/mol_xtb_coordinates/chromo3450/basic.xyz,1,,,,,,
921,chromo6962,N#CC1=c2c3cccc4c(Br)ccc(c43)n2[B-](F)(F)[n+]2c1sc1ccccc12,2.5345,0.9215,1.1563996950944,0.4559313190901979,/scratch/jaggbow/mol_xtb_coordinates/chromo6962/geom.xtbopt.xyz,/scratch/jaggbow/mol_xtb_coordinates/chromo6962/mmff.xyz,/scratch/jaggbow/mol_xtb_coordinates/chromo6962/basic.xyz,0,,,,,,
922,chromo2441,COC(=O)c1cc(=O)n(C)c2cc(-c3ccccc3N(C)C)sc12,2.9724,1.071,2.4906348165911,0.8129182793947399,/scratch/jaggbow/mol_xtb_coordinates/chromo2441/geom.xtbopt.xyz,/scratch/jaggbow/mol_xtb_coordinates/chromo2441/mmff.xyz,/scratch/jaggbow/mol_xtb_coordinates/chromo2441/basic.xyz,1,,,,,,
923,chromo6359,Clc1ccc(N2c3c(sc4ccccc34)Sc3sc4ccccc4c32)cc1,3.5505,0.7096999999999998,1.2435174848942694,0.2912669647892496,/scratch/jaggbow/mol_xtb_coordinates/chromo6359/geom.xtbopt.xyz,/scratch/jaggbow/mol_xtb_coordinates/chromo6359/mmff.xyz,/scratch/jaggbow/mol_xtb_coordinates/chromo6359/basic.xyz,0,,,,,,
924,chromo2553,COc1cccc(C2=C(c3ccc(C(C)(C)C)cc3)C(c3ccc(C(C)(C)C)cc3)=[N+]3C2=C(c2ccccc2)c2c(-c4cccc(OC)c4)c(-c4ccc(C(C)(C)C)cc4)c(-c4ccc(C(C)(C)C)cc4)n2[B-]3(F)F)c1,2.3452,0.9423,3.060879150573983,1.1010051525894178,/scratch/jaggbow/mol_xtb_coordinates/chromo2553/geom.xtbopt.xyz,/scratch/jaggbow/mol_xtb_coordinates/chromo2553/mmff.xyz,/scratch/jaggbow/mol_xtb_coordinates/chromo2553/basic.xyz,1,,,,,,
925,chromo2813,O=C(Nc1ccccc1[N+](=O)[O-])c1ccc2oc(-c3cc4ccccc4oc3=O)nc2c1,3.1544,0.9543,1.1757407737254015,0.21743587571065764,/scratch/jaggbow/mol_xtb_coordinates/chromo2813/geom.xtbopt.xyz,/scratch/jaggbow/mol_xtb_coordinates/chromo2813/mmff.xyz,/scratch/jaggbow/mol_xtb_coordinates/chromo2813/basic.xyz,0,,,,,,
926,chromo3546,COc1cc(C=Cc2ncc(-c3ccncc3)o2)cc(OC)c1OC,3.2369,1.2682,2.8354252906148973,0.8599168871487799,/scratch/jaggbow/mol_xtb_coordinates/chromo3546/geom.xtbopt.xyz,/scratch/jaggbow/mol_xtb_coordinates/chromo3546/mmff.xyz,/scratch/jaggbow/mol_xtb_coordinates/chromo3546/basic.xyz,1,,,,,,
927,chromo3381,CN1C(=O)c2cccc3c(-n4c5ccccc5c5ccccc54)ccc(c23)C1=O,2.5302,0.3529,1.7871913692592798,0.1936676401886901,/scratch/jaggbow/mol_xtb_coordinates/chromo3381/geom.xtbopt.xyz,/scratch/jaggbow/mol_xtb_coordinates/chromo3381/mmff.xyz,/scratch/jaggbow/mol_xtb_coordinates/chromo3381/basic.xyz,0,,,,,,
928,chromo4633,CCCCCCNC(=O)c1sc(-c2ccc(-c3cc(-c4ccc(C(C)(C)C)cc4)c(C(=O)NCCCCCC)s3)s2)cc1-c1ccc(C(C)(C)C)cc1,2.9554,1.1588,3.2120361999597904,0.9322813168253425,/scratch/jaggbow/mol_xtb_coordinates/chromo4633/geom.xtbopt.xyz,/scratch/jaggbow/mol_xtb_coordinates/chromo4633/mmff.xyz,/scratch/jaggbow/mol_xtb_coordinates/chromo4633/basic.xyz,0,,,,,,
929,chromo6689,C=C[Si]1(C)c2ccccc2-c2cc3c(cc21)-c1ccccc1[Si]3(C)C=C,3.6092,1.0775,4.420773251735942,0.8559365627072275,/scratch/jaggbow/mol_xtb_coordinates/chromo6689/geom.xtbopt.xyz,/scratch/jaggbow/mol_xtb_coordinates/chromo6689/mmff.xyz,/scratch/jaggbow/mol_xtb_coordinates/chromo6689/basic.xyz,0,,,,,,
930,chromo5989,C1=Cc2nc1c(-c1ccccc1)c1ccc([nH]1)c(-c1ccccc1)c1cc(c(-c3ccccc3)c3ccc([nH]3)c2-c2ccccc2)N=C1,1.9155,0.7253000000000001,3.148895718896186,0.6040570900775717,/scratch/jaggbow/mol_xtb_coordinates/chromo5989/geom.xtbopt.xyz,/scratch/jaggbow/mol_xtb_coordinates/chromo5989/mmff.xyz,/scratch/jaggbow/mol_xtb_coordinates/chromo5989/basic.xyz,0,,,,,,
931,chromo0925,c1csc(-c2cccs2)c1,4.0256,1.7005,5.534115752060008,1.6181630910892557,/scratch/jaggbow/mol_xtb_coordinates/chromo0925/geom.xtbopt.xyz,/scratch/jaggbow/mol_xtb_coordinates/chromo0925/mmff.xyz,/scratch/jaggbow/mol_xtb_coordinates/chromo0925/basic.xyz,0,,,,,,
932,chromo4764,CCCCCCOc1cc(N(CC)CC)ccc1C=CC(=C(C#N)C#N)c1ccc2c(c1)c1ccccc1n2CC,2.8373,1.1672,2.076782293565924,0.8034370744956196,/scratch/jaggbow/mol_xtb_coordinates/chromo4764/geom.xtbopt.xyz,/scratch/jaggbow/mol_xtb_coordinates/chromo4764/mmff.xyz,/scratch/jaggbow/mol_xtb_coordinates/chromo4764/basic.xyz,1,,,,,,
933,chromo0685,Cc1cn2cc(-c3ccc(-c4ccccc4)cc3)[n-][n+]2c1,3.4253,0.6084999999999998,4.413786385374951,0.7959977358901456,/scratch/jaggbow/mol_xtb_coordinates/chromo0685/geom.xtbopt.xyz,/scratch/jaggbow/mol_xtb_coordinates/chromo0685/mmff.xyz,/scratch/jaggbow/mol_xtb_coordinates/chromo0685/basic.xyz,0,,,,,,
934,chromo2084,N#Cc1nc2c(nc1C#N)C1c3ccc(N(c4ccccc4)c4ccccc4)cc3C2c2ccc(N(c3ccccc3)c3ccccc3)cc21,2.3474,0.0834000000000001,3.724756308291647,0.41923174715999295,/scratch/jaggbow/mol_xtb_coordinates/chromo2084/geom.xtbopt.xyz,/scratch/jaggbow/mol_xtb_coordinates/chromo2084/mmff.xyz,/scratch/jaggbow/mol_xtb_coordinates/chromo2084/basic.xyz,0,,,,,,
935,chromo5895,C1=[N+](c2ccccc2)[B-]2(Oc3c1ccc1c4c(ccc31)C=[N+](c1ccccc1)[B-]1(O4)c3ccccc3Oc3ccccc31)c1ccccc1Oc1ccccc12,2.0702,0.5435999999999999,1.9326819719351505,0.5607566364669503,/scratch/jaggbow/mol_xtb_coordinates/chromo5895/geom.xtbopt.xyz,/scratch/jaggbow/mol_xtb_coordinates/chromo5895/mmff.xyz,/scratch/jaggbow/mol_xtb_coordinates/chromo5895/basic.xyz,0,,,,,,
936,chromo2998,c1ccc(-c2c3ccccc3c(-c3ncccn3)c3ccccc23)cc1,3.0844,1.3695,3.598476683472529,1.143133590439038,/scratch/jaggbow/mol_xtb_coordinates/chromo2998/geom.xtbopt.xyz,/scratch/jaggbow/mol_xtb_coordinates/chromo2998/mmff.xyz,/scratch/jaggbow/mol_xtb_coordinates/chromo2998/basic.xyz,1,,,,,,
937,chromo4819,Cc1cc(C)n2c1C=[N+]1[N+](=C3C=NC=CN3[B-]1(F)F)[B-]2(F)F,2.962,0.9718000000000002,3.7682993061764636,1.3034978141731588,/scratch/jaggbow/mol_xtb_coordinates/chromo4819/geom.xtbopt.xyz,/scratch/jaggbow/mol_xtb_coordinates/chromo4819/mmff.xyz,/scratch/jaggbow/mol_xtb_coordinates/chromo4819/basic.xyz,0,,,,,,
938,chromo5982,c1ccc2c(c1)[nH]c1c3[nH]c4ccccc4c3c3nsnc3c21,3.0161,0.8575999999999997,5.382216904783782,1.2217370503706364,/scratch/jaggbow/mol_xtb_coordinates/chromo5982/geom.xtbopt.xyz,/scratch/jaggbow/mol_xtb_coordinates/chromo5982/mmff.xyz,/scratch/jaggbow/mol_xtb_coordinates/chromo5982/basic.xyz,0,,,,,,
939,chromo5606,CCCCN1C(=O)C2=C(c3ccc(-c4ccc5c(c4)C(C)(C)c4ccccc4-5)cc3)NC(=O)C2=C1c1ccc(-c2ccc3c(c2)C(C)(C)c2ccccc2-3)cc1,2.4014,1.2341000000000002,1.9384625829361317,0.9972097634302728,/scratch/jaggbow/mol_xtb_coordinates/chromo5606/geom.xtbopt.xyz,/scratch/jaggbow/mol_xtb_coordinates/chromo5606/mmff.xyz,/scratch/jaggbow/mol_xtb_coordinates/chromo5606/basic.xyz,0,,,,,,
940,chromo0920,C[Si]1(C)c2ccc(C#Cc3ccccc3)cc2C=Cc2cc(C#Cc3ccccc3)ccc21,3.6841,1.2121999999999995,2.5030710569759065,0.34188160958847263,/scratch/jaggbow/mol_xtb_coordinates/chromo0920/geom.xtbopt.xyz,/scratch/jaggbow/mol_xtb_coordinates/chromo0920/mmff.xyz,/scratch/jaggbow/mol_xtb_coordinates/chromo0920/basic.xyz,0,,,,,,
941,chromo5413,O=c1c2ccccc2n(-c2ccc(-c3ccc(N(c4ccccc4)c4ccccc4)cc3)cc2)c2ccccc12,3.4731,0.7004999999999999,4.7365465639209985,1.113683810004564,/scratch/jaggbow/mol_xtb_coordinates/chromo5413/geom.xtbopt.xyz,/scratch/jaggbow/mol_xtb_coordinates/chromo5413/mmff.xyz,/scratch/jaggbow/mol_xtb_coordinates/chromo5413/basic.xyz,0,,,,,,
942,chromo2944,CCOc1cc2c(cc1C=CC(=C(C#N)C#N)c1ccccc1)c1ccccc1n2CC,2.862,1.1626,3.033988321380472,0.9715378296663734,/scratch/jaggbow/mol_xtb_coordinates/chromo2944/geom.xtbopt.xyz,/scratch/jaggbow/mol_xtb_coordinates/chromo2944/mmff.xyz,/scratch/jaggbow/mol_xtb_coordinates/chromo2944/basic.xyz,1,,,,,,
943,chromo4581,CCCCCCc1ccsc1-c1ccc(-c2sc(C(=O)O)cc2CCCCCC)s1,3.3876,1.0739,3.9007879095965965,1.1502922252630934,/scratch/jaggbow/mol_xtb_coordinates/chromo4581/geom.xtbopt.xyz,/scratch/jaggbow/mol_xtb_coordinates/chromo4581/mmff.xyz,/scratch/jaggbow/mol_xtb_coordinates/chromo4581/basic.xyz,0,,,,,,
944,chromo5403,c1ccc(N(c2ccccc2)c2ccc(-c3ccc4c(c3)C3(c5ccccc5Oc5ccccc53)c3cc(-c5ccc(N(c6ccccc6)c6ccccc6)cc5)ccc3-4)cc2)cc1,3.115,0.6313000000000004,2.3315786864679926,0.03672217679226375,/scratch/jaggbow/mol_xtb_coordinates/chromo5403/geom.xtbopt.xyz,/scratch/jaggbow/mol_xtb_coordinates/chromo5403/mmff.xyz,/scratch/jaggbow/mol_xtb_coordinates/chromo5403/basic.xyz,0,,,,,,
945,chromo5370,c1ccc(-c2nc3c4ccccc4c4ccccc4c3n2-c2cccc(-c3nc4c5ccccc5c5ccccc5c4n3-c3ccccc3)c2)cc1,3.328,0.6476999999999999,2.6004816684766756,0.06360894792168403,/scratch/jaggbow/mol_xtb_coordinates/chromo5370/geom.xtbopt.xyz,/scratch/jaggbow/mol_xtb_coordinates/chromo5370/mmff.xyz,/scratch/jaggbow/mol_xtb_coordinates/chromo5370/basic.xyz,1,,,,,,
946,chromo0784,C1=C(c2ccccn2)[Si](c2ccccc2)(c2ccccc2)c2ccccc21,3.5798,1.3987000000000005,6.290520536964603,1.6377188177783224,/scratch/jaggbow/mol_xtb_coordinates/chromo0784/geom.xtbopt.xyz,/scratch/jaggbow/mol_xtb_coordinates/chromo0784/mmff.xyz,/scratch/jaggbow/mol_xtb_coordinates/chromo0784/basic.xyz,0,,,,,,
947,chromo3710,Fc1ccc(C#Cc2cc(C#Cc3ccc(F)cc3)c(C#Cc3ccc(F)cc3)c(C#Cc3ccc(F)cc3)c2C#Cc2ccc(F)cc2)cc1,2.8736,0.9531,3.500345609681536,0.5361271648041298,/scratch/jaggbow/mol_xtb_coordinates/chromo3710/geom.xtbopt.xyz,/scratch/jaggbow/mol_xtb_coordinates/chromo3710/mmff.xyz,/scratch/jaggbow/mol_xtb_coordinates/chromo3710/basic.xyz,1,,,,,,
948,chromo0375,COc1ccc(C=CC(=O)c2ccccc2O)cc1OC,3.2172,1.0045000000000002,2.015383729855861,0.47453984274624655,/scratch/jaggbow/mol_xtb_coordinates/chromo0375/geom.xtbopt.xyz,/scratch/jaggbow/mol_xtb_coordinates/chromo0375/mmff.xyz,/scratch/jaggbow/mol_xtb_coordinates/chromo0375/basic.xyz,1,,,,,,
949,chromo0343,COc1ccc(-c2nc3c(c4c2-c2ccc(C#N)cc2CC4)-c2ccc(C#N)cc2CC3)cc1,3.3214,0.7949999999999999,5.504814404038921,0.9865713236589777,/scratch/jaggbow/mol_xtb_coordinates/chromo0343/geom.xtbopt.xyz,/scratch/jaggbow/mol_xtb_coordinates/chromo0343/mmff.xyz,/scratch/jaggbow/mol_xtb_coordinates/chromo0343/basic.xyz,0,,,,,,
950,chromo1488,CCCCN1c2ccccc2Sc2cc(C=Cc3nc4nc5ccccc5nc4s3)ccc21,2.5602,0.6994,1.2054509729487293,0.2634849447351379,/scratch/jaggbow/mol_xtb_coordinates/chromo1488/geom.xtbopt.xyz,/scratch/jaggbow/mol_xtb_coordinates/chromo1488/mmff.xyz,/scratch/jaggbow/mol_xtb_coordinates/chromo1488/basic.xyz,0,,,,,,
951,chromo4493,CCN(CC)c1ccc(Nc2cc3oc(-c4ccc(C#N)cc4)nc3c3ccccc23)cc1,2.8183,0.7688999999999999,2.8893586728592155,0.7235344577424231,/scratch/jaggbow/mol_xtb_coordinates/chromo4493/geom.xtbopt.xyz,/scratch/jaggbow/mol_xtb_coordinates/chromo4493/mmff.xyz,/scratch/jaggbow/mol_xtb_coordinates/chromo4493/basic.xyz,0,,,,,,
952,chromo5222,CCCCN1C(=O)C(=CC=CC=C2N(CCCC)c3ccccc3N2CCCC)C(=O)N(CCCC)C1=S,2.4566,0.869,3.7591142789768037,1.4174829429948643,/scratch/jaggbow/mol_xtb_coordinates/chromo5222/geom.xtbopt.xyz,/scratch/jaggbow/mol_xtb_coordinates/chromo5222/mmff.xyz,/scratch/jaggbow/mol_xtb_coordinates/chromo5222/basic.xyz,0,,,,,,
953,chromo2879,CCCCn1c2ccccc2c2ccc3c4cc(-c5ccccc5)ccc4n(CCCC)c3c21,3.5669,0.6686999999999999,4.439133141018998,0.6771019056631624,/scratch/jaggbow/mol_xtb_coordinates/chromo2879/geom.xtbopt.xyz,/scratch/jaggbow/mol_xtb_coordinates/chromo2879/mmff.xyz,/scratch/jaggbow/mol_xtb_coordinates/chromo2879/basic.xyz,0,,,,,,
954,chromo5991,CC(C)(C)c1cc(-c2c3cc(c(-c4cc(C(C)(C)C)cc(C(C)(C)C)c4)c4ccc([nH]4)c(-c4ccc([N+](=O)[O-])cc4)c4nc(c(-c5ccc([N+](=O)[O-])cc5)c5ccc2[nH]5)C=C4)N=C3)cc(C(C)(C)C)c1,1.881,0.6792,2.492319840960059,0.43749629532343914,/scratch/jaggbow/mol_xtb_coordinates/chromo5991/geom.xtbopt.xyz,/scratch/jaggbow/mol_xtb_coordinates/chromo5991/mmff.xyz,/scratch/jaggbow/mol_xtb_coordinates/chromo5991/basic.xyz,0,,,,,,
955,chromo2503,c1ccc(N(c2ccccc2)c2ccc(-c3ncnc4ccccc34)cc2)cc1,2.9553,0.5023,3.7565414447671177,0.54390502404439,/scratch/jaggbow/mol_xtb_coordinates/chromo2503/geom.xtbopt.xyz,/scratch/jaggbow/mol_xtb_coordinates/chromo2503/mmff.xyz,/scratch/jaggbow/mol_xtb_coordinates/chromo2503/basic.xyz,0,,,,,,
956,chromo6283,COc1ccc(-c2cnc3cccc(-c4ccc(C(C)=O)cc4)n23)cc1,2.8929,0.4963000000000002,4.049598669279432,0.6172317300277269,/scratch/jaggbow/mol_xtb_coordinates/chromo6283/geom.xtbopt.xyz,/scratch/jaggbow/mol_xtb_coordinates/chromo6283/mmff.xyz,/scratch/jaggbow/mol_xtb_coordinates/chromo6283/basic.xyz,0,,,,,,
957,chromo0760,COc1ccc(C=Cc2cc(C=Cc3ccc(OC)cc3)nc(C=Cc3ccc(OC)cc3)n2)cc1,3.0371,0.8639000000000001,3.787351993984299,0.7592310774231698,/scratch/jaggbow/mol_xtb_coordinates/chromo0760/geom.xtbopt.xyz,/scratch/jaggbow/mol_xtb_coordinates/chromo0760/mmff.xyz,/scratch/jaggbow/mol_xtb_coordinates/chromo0760/basic.xyz,1,,,,,,
958,chromo2543,COc1cccc(C2=CC3=C(c4c(C)cc(C)cc4C)c4cc(-c5cccc(OC)c5)c(-c5cccc(OC)c5)n4[B-](F)(F)[N+]3=C2c2cccc(OC)c2)c1,2.3593,0.9785,1.6675092207043862,0.8092439045878246,/scratch/jaggbow/mol_xtb_coordinates/chromo2543/geom.xtbopt.xyz,/scratch/jaggbow/mol_xtb_coordinates/chromo2543/mmff.xyz,/scratch/jaggbow/mol_xtb_coordinates/chromo2543/basic.xyz,1,,,,,,
959,chromo1528,CCCCCCCCCCCCN1C(=O)c2c(c3ccc4cc(-c5ccc(C)cc5)c(OC)cc4c3c3c2ccc2cc(-c4ccc(C)cc4)c(OC)cc23)C1=O,2.569,0.5762,1.131316360421639,-0.06833833141128953,/scratch/jaggbow/mol_xtb_coordinates/chromo1528/geom.xtbopt.xyz,/scratch/jaggbow/mol_xtb_coordinates/chromo1528/mmff.xyz,/scratch/jaggbow/mol_xtb_coordinates/chromo1528/basic.xyz,0,,,,,,
960,chromo2198,c1ccc2c(c1)c1ccccc1n2-c1cc(-c2nc3ccccn3n2)cc(-n2c3ccccc3c3ccccc32)c1,3.282,0.2938,3.7225266311551337,0.4265415459906178,/scratch/jaggbow/mol_xtb_coordinates/chromo2198/geom.xtbopt.xyz,/scratch/jaggbow/mol_xtb_coordinates/chromo2198/mmff.xyz,/scratch/jaggbow/mol_xtb_coordinates/chromo2198/basic.xyz,1,,,,,,
961,chromo2997,N#Cc1cnc(-c2c3ccccc3c(-c3ccccc3)c3ccccc23)nc1,2.6148,0.9474999999999998,3.0130313387476964,0.9936406013816839,/scratch/jaggbow/mol_xtb_coordinates/chromo2997/geom.xtbopt.xyz,/scratch/jaggbow/mol_xtb_coordinates/chromo2997/mmff.xyz,/scratch/jaggbow/mol_xtb_coordinates/chromo2997/basic.xyz,1,,,,,,
962,chromo0327,CCN(CC)c1ccc2cc(C#N)c(=O)oc2c1,3.4734,1.2174,3.6491258218590548,1.1037504286295658,/scratch/jaggbow/mol_xtb_coordinates/chromo0327/geom.xtbopt.xyz,/scratch/jaggbow/mol_xtb_coordinates/chromo0327/mmff.xyz,/scratch/jaggbow/mol_xtb_coordinates/chromo0327/basic.xyz,1,,,,,,
963,chromo2823,CCOC(=O)c1ccc(C2=Cc3cc4ccccc4cc3P2(=O)c2ccccc2)cc1,3.4421,1.2733,5.324199456259174,1.380561896609437,/scratch/jaggbow/mol_xtb_coordinates/chromo2823/geom.xtbopt.xyz,/scratch/jaggbow/mol_xtb_coordinates/chromo2823/mmff.xyz,/scratch/jaggbow/mol_xtb_coordinates/chromo2823/basic.xyz,0,,,,,,
964,chromo3727,CCn1c2ccccc2c2cc(-c3cc(-c4ccc5c(c4)c4ccccc4n5CC)nc(-c4ccccc4)n3)ccc21,3.563,0.6924000000000001,3.5436031174209095,0.3698392945914956,/scratch/jaggbow/mol_xtb_coordinates/chromo3727/geom.xtbopt.xyz,/scratch/jaggbow/mol_xtb_coordinates/chromo3727/mmff.xyz,/scratch/jaggbow/mol_xtb_coordinates/chromo3727/basic.xyz,1,,,,,,
965,chromo3907,COc1ccc(C2=[N+]3C(=Nc4c(-c5ccc6ccccc6c5)cc(-c5ccc(OC)cc5)n4[B-]3(F)F)C(c3ccc4ccccc4c3)=C2)cc1,1.9629,1.11,2.4317804619601033,1.160634363687878,/scratch/jaggbow/mol_xtb_coordinates/chromo3907/geom.xtbopt.xyz,/scratch/jaggbow/mol_xtb_coordinates/chromo3907/mmff.xyz,/scratch/jaggbow/mol_xtb_coordinates/chromo3907/basic.xyz,0,,,,,,
966,chromo1363,CCOC(=O)c1ccc(C2CC(c3cccc4ccccc34)=NN2c2ccc(C)cc2)cc1,2.9508,1.0284,2.160178463656716,0.7406571251887457,/scratch/jaggbow/mol_xtb_coordinates/chromo1363/geom.xtbopt.xyz,/scratch/jaggbow/mol_xtb_coordinates/chromo1363/mmff.xyz,/scratch/jaggbow/mol_xtb_coordinates/chromo1363/basic.xyz,1,,,,,,
967,chromo1673,CC1=C(c2ccc(N(c3ccccc3)c3ccccc3)cc2)C(C)=[N+]2C1=C(c1c(-c3ccccn3)nc3ccccn13)c1c(C)c(-c3ccc(N(c4ccccc4)c4ccccc4)cc3)c(C)n1[B-]2(F)F,1.9839,0.6319999999999999,2.6653801150717444,1.2050531074950792,/scratch/jaggbow/mol_xtb_coordinates/chromo1673/geom.xtbopt.xyz,/scratch/jaggbow/mol_xtb_coordinates/chromo1673/mmff.xyz,/scratch/jaggbow/mol_xtb_coordinates/chromo1673/basic.xyz,1,,,,,,
968,chromo4912,CC1(C)c2ccccc2-c2cc3c(cc21)c1ccccc1n3-c1ccc2ccccc2c1,3.4328,0.7730999999999999,3.668001183934996,0.4651974229487517,/scratch/jaggbow/mol_xtb_coordinates/chromo4912/geom.xtbopt.xyz,/scratch/jaggbow/mol_xtb_coordinates/chromo4912/mmff.xyz,/scratch/jaggbow/mol_xtb_coordinates/chromo4912/basic.xyz,0,,,,,,
969,chromo1178,Cc1ccc(-n2c(-c3ccccc3N)nc3c4ccccc4c4ccccc4c32)cc1,3.5785,0.8527,4.34686696918614,0.6561232533815927,/scratch/jaggbow/mol_xtb_coordinates/chromo1178/geom.xtbopt.xyz,/scratch/jaggbow/mol_xtb_coordinates/chromo1178/mmff.xyz,/scratch/jaggbow/mol_xtb_coordinates/chromo1178/basic.xyz,1,,,,,,
970,chromo5272,CCC1=C(C)C2=C(c3ccc(-c4c5ccccc5c(-c5ccccc5)c5ccccc45)cc3)c3c(C)c(CC)c(C)n3[B-](F)(F)[N+]2=C1C,2.6609,1.1995999999999998,2.464468439635005,1.2653897942250243,/scratch/jaggbow/mol_xtb_coordinates/chromo5272/geom.xtbopt.xyz,/scratch/jaggbow/mol_xtb_coordinates/chromo5272/mmff.xyz,/scratch/jaggbow/mol_xtb_coordinates/chromo5272/basic.xyz,1,,,,,,
971,chromo2211,O=S(=O)(c1ccc(-c2ccc(-n3c4ccccc4c4ccccc43)cc2)cc1)c1ccc(-c2ccc(-n3c4ccccc4c4ccccc43)cc2)cc1,3.2372,0.3445,2.3214174324460783,0.059426761042027265,/scratch/jaggbow/mol_xtb_coordinates/chromo2211/geom.xtbopt.xyz,/scratch/jaggbow/mol_xtb_coordinates/chromo2211/mmff.xyz,/scratch/jaggbow/mol_xtb_coordinates/chromo2211/basic.xyz,1,,,,,,
972,chromo4165,CN(C)C=Nc1ccc2c3c(cccc13)C(=O)c1ccccc1-2,2.8425,0.9848,3.1174760307215634,0.8423648535800343,/scratch/jaggbow/mol_xtb_coordinates/chromo4165/geom.xtbopt.xyz,/scratch/jaggbow/mol_xtb_coordinates/chromo4165/mmff.xyz,/scratch/jaggbow/mol_xtb_coordinates/chromo4165/basic.xyz,0,,,,,,
973,chromo3088,Cc1ccc(N=C2N=C(N)c3cccc4cccc2c34)cc1,2.543,1.0312,4.423318012979289,1.0750648389496558,/scratch/jaggbow/mol_xtb_coordinates/chromo3088/geom.xtbopt.xyz,/scratch/jaggbow/mol_xtb_coordinates/chromo3088/mmff.xyz,/scratch/jaggbow/mol_xtb_coordinates/chromo3088/basic.xyz,0,,,,,,
974,chromo0772,COc1ccc(C=Cc2cc(C=Cc3ccc(OC)cc3)nc(C=Cc3ccc(C(F)(F)F)cc3)n2)cc1,3.1552,0.9815999999999998,5.318124980467608,1.175632284011015,/scratch/jaggbow/mol_xtb_coordinates/chromo0772/geom.xtbopt.xyz,/scratch/jaggbow/mol_xtb_coordinates/chromo0772/mmff.xyz,/scratch/jaggbow/mol_xtb_coordinates/chromo0772/basic.xyz,1,,,,,,
975,chromo3013,CCCCCCc1ccc2c(C=Nc3ccc(N=Cc4c(O)ccc5cc(CCCCCC)ccc45)cc3)c(O)ccc2c1,2.8543,0.8398999999999996,2.9055490551073806,0.5390746718349766,/scratch/jaggbow/mol_xtb_coordinates/chromo3013/geom.xtbopt.xyz,/scratch/jaggbow/mol_xtb_coordinates/chromo3013/mmff.xyz,/scratch/jaggbow/mol_xtb_coordinates/chromo3013/basic.xyz,1,,,,,,
976,chromo4372,COc1ccc(N(c2ccc(OC)cc2)c2ccc(-c3ccc4nc5ccccc5c(=O)n4c3)cc2)cc1,2.7418,0.6528999999999998,3.583694279979769,0.9445814951573567,/scratch/jaggbow/mol_xtb_coordinates/chromo4372/geom.xtbopt.xyz,/scratch/jaggbow/mol_xtb_coordinates/chromo4372/mmff.xyz,/scratch/jaggbow/mol_xtb_coordinates/chromo4372/basic.xyz,0,,,,,,
977,chromo2028,Cc1cc(-n2c3ccccc3c3ccccc32)ccc1-c1ccc(S(=O)(=O)c2ccccc2)cc1C,3.6885,0.5097,1.8290612325027658,-0.05535242507147292,/scratch/jaggbow/mol_xtb_coordinates/chromo2028/geom.xtbopt.xyz,/scratch/jaggbow/mol_xtb_coordinates/chromo2028/mmff.xyz,/scratch/jaggbow/mol_xtb_coordinates/chromo2028/basic.xyz,1,,,,,,
978,chromo2098,O=S(=O)(c1ccc2c(c1)c1ccccc1n2-c1ccccc1)c1ccc2c(c1)c1ccccc1n2-c1ccccc1,3.9579,0.8024999999999998,3.3903263660739955,0.3609400856726057,/scratch/jaggbow/mol_xtb_coordinates/chromo2098/geom.xtbopt.xyz,/scratch/jaggbow/mol_xtb_coordinates/chromo2098/mmff.xyz,/scratch/jaggbow/mol_xtb_coordinates/chromo2098/basic.xyz,1,,,,,,
979,chromo6762,CCCCCCCCOc1ccc(C#Cc2c3cc4ccccc4cc3c(C#C[Si](C(C)C)(C(C)C)C(C)C)c3cc4ccccc4cc23)cc1,1.6394,1.2964,1.7519338984803015,0.9584706973141498,/scratch/jaggbow/mol_xtb_coordinates/chromo6762/geom.xtbopt.xyz,/scratch/jaggbow/mol_xtb_coordinates/chromo6762/mmff.xyz,/scratch/jaggbow/mol_xtb_coordinates/chromo6762/basic.xyz,0,,,,,,
980,chromo4350,Clc1nnc(Oc2ccc(N(c3ccc(Br)cc3)c3ccc(Br)cc3)cc2)nn1,1.7083,0.3015999999999998,0.5740127024962127,-0.3233434648495037,/scratch/jaggbow/mol_xtb_coordinates/chromo4350/geom.xtbopt.xyz,/scratch/jaggbow/mol_xtb_coordinates/chromo4350/mmff.xyz,/scratch/jaggbow/mol_xtb_coordinates/chromo4350/basic.xyz,0,,,,,,
981,chromo1100,CC1=CC(C)=[N+]2C1=Cc1c3ccccc3c(-c3[nH]c(C)cc3C)n1[B-]2(F)F,2.4082,1.2387,-0.3368421594519879,0.5286149777605177,/scratch/jaggbow/mol_xtb_coordinates/chromo1100/geom.xtbopt.xyz,/scratch/jaggbow/mol_xtb_coordinates/chromo1100/mmff.xyz,/scratch/jaggbow/mol_xtb_coordinates/chromo1100/basic.xyz,0,,,,,,
982,chromo1369,COc1ccc(C=CC2=CC(C=Cc3ccc(OC)cc3)=[O+][B-](OC(C)=O)(OC(C)=O)O2)cc1,2.8427,0.9673999999999998,4.0961070874135785,1.1162270414150264,/scratch/jaggbow/mol_xtb_coordinates/chromo1369/geom.xtbopt.xyz,/scratch/jaggbow/mol_xtb_coordinates/chromo1369/mmff.xyz,/scratch/jaggbow/mol_xtb_coordinates/chromo1369/basic.xyz,1,,,,,,
983,chromo6086,CCN(CC)c1ccc2c(c1)oc(=O)c1c(=O)oc3cc(C#Cc4ccc(N(C)C)cc4)ccc3c12,2.6287,0.5848999999999998,1.7399128050606032,0.4150144443375993,/scratch/jaggbow/mol_xtb_coordinates/chromo6086/geom.xtbopt.xyz,/scratch/jaggbow/mol_xtb_coordinates/chromo6086/mmff.xyz,/scratch/jaggbow/mol_xtb_coordinates/chromo6086/basic.xyz,0,,,,,,
984,chromo6108,CC(C)[Si](C#Cc1c2ccccc2c(C#C[Si](C(C)C)(C(C)C)C(C)C)c2nc3cc4c(cc3nc12)C1c2ccccc2C4c2ccccc21)(C(C)C)C(C)C,2.0467,1.1046,3.4466525045474032,1.1517336761533188,/scratch/jaggbow/mol_xtb_coordinates/chromo6108/geom.xtbopt.xyz,/scratch/jaggbow/mol_xtb_coordinates/chromo6108/mmff.xyz,/scratch/jaggbow/mol_xtb_coordinates/chromo6108/basic.xyz,0,,,,,,
985,chromo6449,Cc1ccc(N(c2ccc(C)cc2)c2ccc3c4cccc5c(N(c6ccc(C)cc6)c6ccc(C)cc6)ccc(c6cccc2c63)c54)cc1,2.3186,0.919,3.1500974473664014,0.8141468779844723,/scratch/jaggbow/mol_xtb_coordinates/chromo6449/geom.xtbopt.xyz,/scratch/jaggbow/mol_xtb_coordinates/chromo6449/mmff.xyz,/scratch/jaggbow/mol_xtb_coordinates/chromo6449/basic.xyz,0,,,,,,
986,chromo1220,O=c1c2cc(Br)ccc2nc2n1[B-](F)(F)[n+]1ccccc1-2,2.98,0.7408000000000001,3.0822304184122133,0.5439352010589256,/scratch/jaggbow/mol_xtb_coordinates/chromo1220/geom.xtbopt.xyz,/scratch/jaggbow/mol_xtb_coordinates/chromo1220/mmff.xyz,/scratch/jaggbow/mol_xtb_coordinates/chromo1220/basic.xyz,0,,,,,,
987,chromo2811,CCN(CC)c1ccc2cc(-c3nc4cc(C(=O)Nc5cccc(C)c5)ccc4o3)c(=O)oc2c1,3.1274,1.0294000000000003,2.9773735369014926,0.829336891324782,/scratch/jaggbow/mol_xtb_coordinates/chromo2811/geom.xtbopt.xyz,/scratch/jaggbow/mol_xtb_coordinates/chromo2811/mmff.xyz,/scratch/jaggbow/mol_xtb_coordinates/chromo2811/basic.xyz,1,,,,,,
988,chromo0927,c1csc(-c2ccc(-c3cccs3)s2)c1,3.2647,1.4162,3.623895022710873,1.153916106923998,/scratch/jaggbow/mol_xtb_coordinates/chromo0927/geom.xtbopt.xyz,/scratch/jaggbow/mol_xtb_coordinates/chromo0927/mmff.xyz,/scratch/jaggbow/mol_xtb_coordinates/chromo0927/basic.xyz,0,,,,,,
989,chromo2173,O=c1c2cc(-n3c4ccccc4c4ccccc43)ccc2sc2ccc(-n3c4ccccc4c4ccccc43)cc12,2.7084,0.2883,2.286661375230157,0.39900342870209415,/scratch/jaggbow/mol_xtb_coordinates/chromo2173/geom.xtbopt.xyz,/scratch/jaggbow/mol_xtb_coordinates/chromo2173/mmff.xyz,/scratch/jaggbow/mol_xtb_coordinates/chromo2173/basic.xyz,0,,,,,,
990,chromo3804,Oc1ccccc1-c1nc2c(c3c1-c1ccccc1CC3)-c1ccccc1CC2,3.4164,0.8474999999999997,4.387567852466641,0.6000313446533674,/scratch/jaggbow/mol_xtb_coordinates/chromo3804/geom.xtbopt.xyz,/scratch/jaggbow/mol_xtb_coordinates/chromo3804/mmff.xyz,/scratch/jaggbow/mol_xtb_coordinates/chromo3804/basic.xyz,0,,,,,,
991,chromo5452,Cc1ccc(C2=C(c3ccc(C)cc3)c3cccc4c3c(cc3nc5ccccc5nc34)O2)cc1,2.5799,0.7104999999999999,1.5775541511553755,0.3553526099793991,/scratch/jaggbow/mol_xtb_coordinates/chromo5452/geom.xtbopt.xyz,/scratch/jaggbow/mol_xtb_coordinates/chromo5452/mmff.xyz,/scratch/jaggbow/mol_xtb_coordinates/chromo5452/basic.xyz,0,,,,,,
992,chromo0062,CCCCCCCCCCCCN1C(=O)c2cccc3c(N(Cc4ccccn4)Cc4ccccn4)c4ccccc4c(c23)C1=O,2.5244,0.9837,2.429420974474333,0.8159663758145906,/scratch/jaggbow/mol_xtb_coordinates/chromo0062/geom.xtbopt.xyz,/scratch/jaggbow/mol_xtb_coordinates/chromo0062/mmff.xyz,/scratch/jaggbow/mol_xtb_coordinates/chromo0062/basic.xyz,0,,,,,,
993,chromo0911,C[Si]1(C)c2cc(-c3ccc(N(c4ccccc4)c4ccccc4)cc3)ccc2C=Cc2ccc(-c3ccc(N(c4ccccc4)c4ccccc4)cc3)cc21,2.9909,0.6842999999999999,3.0232854387877257,0.24638103944137288,/scratch/jaggbow/mol_xtb_coordinates/chromo0911/geom.xtbopt.xyz,/scratch/jaggbow/mol_xtb_coordinates/chromo0911/mmff.xyz,/scratch/jaggbow/mol_xtb_coordinates/chromo0911/basic.xyz,0,,,,,,
994,chromo2353,CNC(=O)C(C)NC(=O)c1cccc2c1C#Cc1c(NC(=O)C(NC(C)=O)C(C)C)cccc1OCCCO2,3.7634,1.1004999999999998,2.315270148602059,0.1909143074444946,/scratch/jaggbow/mol_xtb_coordinates/chromo2353/geom.xtbopt.xyz,/scratch/jaggbow/mol_xtb_coordinates/chromo2353/mmff.xyz,/scratch/jaggbow/mol_xtb_coordinates/chromo2353/basic.xyz,0,,,,,,
995,chromo2327,C=CC1CN2CCC1CC2C(OCc1ccccc1)c1ccnc2ccc(O)cc12,3.7689,1.0185,3.3321488487177557,0.5709664747480668,/scratch/jaggbow/mol_xtb_coordinates/chromo2327/geom.xtbopt.xyz,/scratch/jaggbow/mol_xtb_coordinates/chromo2327/mmff.xyz,/scratch/jaggbow/mol_xtb_coordinates/chromo2327/basic.xyz,0,,,,,,
996,chromo1929,CCN1C(=O)C(C2C(=O)c3c4ccccc4cc4cc5ccccc5c2c34)SC1=S,2.2452,1.2529,1.5305230487073538,0.8187329480713528,/scratch/jaggbow/mol_xtb_coordinates/chromo1929/geom.xtbopt.xyz,/scratch/jaggbow/mol_xtb_coordinates/chromo1929/mmff.xyz,/scratch/jaggbow/mol_xtb_coordinates/chromo1929/basic.xyz,0,,,,,,
997,chromo2847,CN(C)c1ccc(C=Cc2cnc3ccccc3n2)cc1,2.8601,0.9685,1.6740638650290278,0.5245477916471789,/scratch/jaggbow/mol_xtb_coordinates/chromo2847/geom.xtbopt.xyz,/scratch/jaggbow/mol_xtb_coordinates/chromo2847/mmff.xyz,/scratch/jaggbow/mol_xtb_coordinates/chromo2847/basic.xyz,0,,,,,,
998,chromo2203,CC(C)(C)c1ccc(-c2c(-c3ccc(-n4c5ccccc5c5ccccc54)cc3)cc(-c3ccc(-n4c5ccccc5c5ccccc54)cc3)c(-c3ccc(C(C)(C)C)cc3)c2-c2ccc(C(C)(C)C)cc2)cc1,3.6973,0.6380999999999997,4.287671843575544,0.5692582091794735,/scratch/jaggbow/mol_xtb_coordinates/chromo2203/geom.xtbopt.xyz,/scratch/jaggbow/mol_xtb_coordinates/chromo2203/mmff.xyz,/scratch/jaggbow/mol_xtb_coordinates/chromo2203/basic.xyz,1,,,,,,
999,chromo5333,Cc1ccc(C(=O)NC(C)(C)C)c2c1ccc1c3ccccc3c3ccccc3c12,3.4823,1.1812999999999998,2.3257183757147932,0.3378465624183581,/scratch/jaggbow/mol_xtb_coordinates/chromo5333/geom.xtbopt.xyz,/scratch/jaggbow/mol_xtb_coordinates/chromo5333/mmff.xyz,/scratch/jaggbow/mol_xtb_coordinates/chromo5333/basic.xyz,0,,,,,,
1000,chromo1532,CCCCCCCCCCCCN1C(=O)c2c(c3ccc4cc(-c5ccc(N(C)C)cc5)c(OC)cc4c3c3c2ccc2cc(-c4ccc(N(C)C)cc4)c(OC)cc23)C1=O,2.266,0.3974,2.0723198350262213,0.16426098733383426,/scratch/jaggbow/mol_xtb_coordinates/chromo1532/geom.xtbopt.xyz,/scratch/jaggbow/mol_xtb_coordinates/chromo1532/mmff.xyz,/scratch/jaggbow/mol_xtb_coordinates/chromo1532/basic.xyz,0,,,,,,
1001,chromo6770,CCCCCCCCOc1ccc(C#Cc2c3cc4ccccc4cc3c(C#Cc3ccc(F)cc3)c3cc4ccccc4cc23)cc1,1.5965,1.2721,1.8394142632419501,0.9729706828924594,/scratch/jaggbow/mol_xtb_coordinates/chromo6770/geom.xtbopt.xyz,/scratch/jaggbow/mol_xtb_coordinates/chromo6770/mmff.xyz,/scratch/jaggbow/mol_xtb_coordinates/chromo6770/basic.xyz,0,,,,,,
1002,chromo2989,c1ccc2c(-c3cncnc3)c3ccccc3c(-c3cncnc3)c2c1,3.1188,1.3956999999999995,3.0109158432966847,1.009867266871967,/scratch/jaggbow/mol_xtb_coordinates/chromo2989/geom.xtbopt.xyz,/scratch/jaggbow/mol_xtb_coordinates/chromo2989/mmff.xyz,/scratch/jaggbow/mol_xtb_coordinates/chromo2989/basic.xyz,1,,,,,,
1003,chromo3846,Oc1c(-c2nc3c4ccc(-c5ccccc5)cc4c4cc(-c5ccccc5)ccc4c3[nH]2)cc2c3c1CCCN3CCC2,3.2656,0.7986,2.539423046722084,0.3286366072341518,/scratch/jaggbow/mol_xtb_coordinates/chromo3846/geom.xtbopt.xyz,/scratch/jaggbow/mol_xtb_coordinates/chromo3846/mmff.xyz,/scratch/jaggbow/mol_xtb_coordinates/chromo3846/basic.xyz,0,,,,,,
1004,chromo0148,FC(F)(F)C(F)(F)C(F)(F)C(F)(F)C(F)(F)C(F)(F)C(F)(F)C(F)(F)CCOc1nnc(Cl)nn1,2.2619,0.8125999999999998,0.9003070678858258,-0.24302631791915486,/scratch/jaggbow/mol_xtb_coordinates/chromo0148/geom.xtbopt.xyz,/scratch/jaggbow/mol_xtb_coordinates/chromo0148/mmff.xyz,/scratch/jaggbow/mol_xtb_coordinates/chromo0148/basic.xyz,0,,,,,,
1005,chromo2751,COc1ccc(C=CC2=[O+][B-](F)(F)OC(C=Cc3ccc(OC)cc3)=C2c2cccc(OC)c2)cc1,2.8296,0.9353,1.758562572326075,0.5897890197507564,/scratch/jaggbow/mol_xtb_coordinates/chromo2751/geom.xtbopt.xyz,/scratch/jaggbow/mol_xtb_coordinates/chromo2751/mmff.xyz,/scratch/jaggbow/mol_xtb_coordinates/chromo2751/basic.xyz,1,,,,,,
1006,chromo1160,Cc1ccc(-c2ccc3ccc4cc(C(C)(C)C)cc5ccc2c3c45)cc1,3.4867,1.4347,3.6940837065608583,0.9190159831256068,/scratch/jaggbow/mol_xtb_coordinates/chromo1160/geom.xtbopt.xyz,/scratch/jaggbow/mol_xtb_coordinates/chromo1160/mmff.xyz,/scratch/jaggbow/mol_xtb_coordinates/chromo1160/basic.xyz,1,,,,,,
1007,chromo6257,COc1ccc(C#Cc2c3ccccc3c(C#Cc3ccc(OC)cc3)c3ccccc23)cc1,2.4072,1.1718,3.174078159063908,1.1012271897615311,/scratch/jaggbow/mol_xtb_coordinates/chromo6257/geom.xtbopt.xyz,/scratch/jaggbow/mol_xtb_coordinates/chromo6257/mmff.xyz,/scratch/jaggbow/mol_xtb_coordinates/chromo6257/basic.xyz,1,,,,,,
1008,chromo3105,Cc1cc2ccsc2c2[nH]c3ccccc3c12,3.8735,0.9464,3.599051962248703,0.43011722743462383,/scratch/jaggbow/mol_xtb_coordinates/chromo3105/geom.xtbopt.xyz,/scratch/jaggbow/mol_xtb_coordinates/chromo3105/mmff.xyz,/scratch/jaggbow/mol_xtb_coordinates/chromo3105/basic.xyz,0,,,,,,
1009,chromo6088,CCN(CC)c1ccc2c(c1)oc(=O)c1c(=O)oc3c(C)c4oc(=O)c5c(=O)oc6cc(N(CC)CC)ccc6c5c4cc3c12,2.8967,0.6844000000000001,1.7882758402876962,0.39011211621586844,/scratch/jaggbow/mol_xtb_coordinates/chromo6088/geom.xtbopt.xyz,/scratch/jaggbow/mol_xtb_coordinates/chromo6088/mmff.xyz,/scratch/jaggbow/mol_xtb_coordinates/chromo6088/basic.xyz,0,,,,,,
1010,chromo4762,CCCCCCOc1cc(N(CC)CC)ccc1C=CC(=C(C#N)C#N)c1ccc(N(c2ccccc2)c2ccccc2)cc1,2.4733,0.8226,3.368208765637063,1.0849826399825295,/scratch/jaggbow/mol_xtb_coordinates/chromo4762/geom.xtbopt.xyz,/scratch/jaggbow/mol_xtb_coordinates/chromo4762/mmff.xyz,/scratch/jaggbow/mol_xtb_coordinates/chromo4762/basic.xyz,1,,,,,,
1011,chromo1636,Nc1ccc2c(c1)Cc1ccccc1-2,4.2446,1.3021000000000005,4.78802229528299,1.0244853188589425,/scratch/jaggbow/mol_xtb_coordinates/chromo1636/geom.xtbopt.xyz,/scratch/jaggbow/mol_xtb_coordinates/chromo1636/mmff.xyz,/scratch/jaggbow/mol_xtb_coordinates/chromo1636/basic.xyz,0,,,,,,
1012,chromo3125,Cc1ccc(-c2c3nc(c(-c4ccco4)c4ccc([nH]4)c(-c4ccco4)c4nc(c(-c5ccco5)c5ccc2s5)C=C4)C=C3)cc1,1.9457,0.7363999999999999,3.1714328481305634,0.4642535118198307,/scratch/jaggbow/mol_xtb_coordinates/chromo3125/geom.xtbopt.xyz,/scratch/jaggbow/mol_xtb_coordinates/chromo3125/mmff.xyz,/scratch/jaggbow/mol_xtb_coordinates/chromo3125/basic.xyz,0,,,,,,
1013,chromo5005,c1ccc(-c2nc(-c3ccccc3)nc(-c3ccc(-n4c5ccccc5c5cc(-n6c7ccccc7c7ccccc76)ccc54)c4c5ccccc5n(-c5ccccc5)c34)n2)cc1,2.8978,0.0979000000000001,3.0787635140397307,0.22633762625368922,/scratch/jaggbow/mol_xtb_coordinates/chromo5005/geom.xtbopt.xyz,/scratch/jaggbow/mol_xtb_coordinates/chromo5005/mmff.xyz,/scratch/jaggbow/mol_xtb_coordinates/chromo5005/basic.xyz,1,,,,,,
1014,chromo5336,COc1ccc(C(=O)NC(C)(C)C)c2c1ccc1c3ccccc3c3ccccc3c12,3.4362,1.1126999999999998,4.7329440648377075,0.9946734958505565,/scratch/jaggbow/mol_xtb_coordinates/chromo5336/geom.xtbopt.xyz,/scratch/jaggbow/mol_xtb_coordinates/chromo5336/mmff.xyz,/scratch/jaggbow/mol_xtb_coordinates/chromo5336/basic.xyz,0,,,,,,
1015,chromo4752,c1ccc(N(c2ccccc2)c2ccc3c(c2)-c2ccccc2C32c3ccccc3-n3c4ccccc4c4cccc2c43)cc1,3.4271,0.5815999999999999,4.021374578719539,0.4761113250515348,/scratch/jaggbow/mol_xtb_coordinates/chromo4752/geom.xtbopt.xyz,/scratch/jaggbow/mol_xtb_coordinates/chromo4752/mmff.xyz,/scratch/jaggbow/mol_xtb_coordinates/chromo4752/basic.xyz,0,,,,,,
1016,chromo0344,CN(C)c1ccc(-c2nc3c(c4c2-c2ccc(C#N)cc2CC4)-c2ccc(C#N)cc2CC3)cc1,2.8869,0.5394999999999999,4.854687820702697,0.8202863671928436,/scratch/jaggbow/mol_xtb_coordinates/chromo0344/geom.xtbopt.xyz,/scratch/jaggbow/mol_xtb_coordinates/chromo0344/mmff.xyz,/scratch/jaggbow/mol_xtb_coordinates/chromo0344/basic.xyz,0,,,,,,
1017,chromo1823,CCN1C(=CC2=C([O-])C(=CC3=[N+](CC)c4ccccc4C3(C)C)C2=O)C(C)(C)c2ccccc21,2.2811,1.3420999999999998,0.8091023982307859,1.0423888761275362,/scratch/jaggbow/mol_xtb_coordinates/chromo1823/geom.xtbopt.xyz,/scratch/jaggbow/mol_xtb_coordinates/chromo1823/mmff.xyz,/scratch/jaggbow/mol_xtb_coordinates/chromo1823/basic.xyz,0,,,,,,
1018,chromo3867,C(=Cc1ccncn1)c1ccc(N(c2ccccc2)c2ccc(C=Cc3ccncn3)cc2)cc1,2.7449,0.7457999999999998,2.481967175438431,0.41810234902245647,/scratch/jaggbow/mol_xtb_coordinates/chromo3867/geom.xtbopt.xyz,/scratch/jaggbow/mol_xtb_coordinates/chromo3867/mmff.xyz,/scratch/jaggbow/mol_xtb_coordinates/chromo3867/basic.xyz,0,,,,,,
1019,chromo4140,Brc1ccc(-c2nc(-c3ccc(C#Cc4ccc(-n5c6ccccc6c6ccccc65)cc4)cc3)nc(-c3ccc(C#Cc4ccc(-n5c6ccccc6c6ccccc65)cc4)cc3)n2)cc1,2.7497,0.4800999999999997,3.6364459799909854,0.38311287588748616,/scratch/jaggbow/mol_xtb_coordinates/chromo4140/geom.xtbopt.xyz,/scratch/jaggbow/mol_xtb_coordinates/chromo4140/mmff.xyz,/scratch/jaggbow/mol_xtb_coordinates/chromo4140/basic.xyz,1,,,,,,
1020,chromo3295,N#CSC1=CC2=C(c3c(Cl)cccc3Cl)c3cc(SC#N)c(NCc4ccccc4)n3[B-](F)(F)[N+]2=C1NCc1ccccc1,2.5844,1.3969,3.4341161382057397,1.846556811505428,/scratch/jaggbow/mol_xtb_coordinates/chromo3295/geom.xtbopt.xyz,/scratch/jaggbow/mol_xtb_coordinates/chromo3295/mmff.xyz,/scratch/jaggbow/mol_xtb_coordinates/chromo3295/basic.xyz,1,,,,,,
1021,chromo2814,Cc1ccc2occ(CC(=O)NN)c2c1,4.9424,1.6333000000000002,5.357404418680579,0.8290840577042549,/scratch/jaggbow/mol_xtb_coordinates/chromo2814/geom.xtbopt.xyz,/scratch/jaggbow/mol_xtb_coordinates/chromo2814/mmff.xyz,/scratch/jaggbow/mol_xtb_coordinates/chromo2814/basic.xyz,0,,,,,,
1022,chromo3908,COc1ccc(C2=[N+]3C(=Nc4c(-c5ccc6ccccc6c5)c(Br)c(-c5ccc(OC)cc5)n4[B-]3(F)F)C(c3ccc4ccccc4c3)=C2Br)cc1,1.9611,1.0602,1.626123305054765,1.0066618761078698,/scratch/jaggbow/mol_xtb_coordinates/chromo3908/geom.xtbopt.xyz,/scratch/jaggbow/mol_xtb_coordinates/chromo3908/mmff.xyz,/scratch/jaggbow/mol_xtb_coordinates/chromo3908/basic.xyz,0,,,,,,
1023,chromo5563,CCCCCCCCCCCn1cccc1C1=[N+]2C(=Cc3c(C)cc(C)n3[B-]2(F)F)c2ccccc21,2.4537,1.2132,2.253765236606135,1.0931090926139446,/scratch/jaggbow/mol_xtb_coordinates/chromo5563/geom.xtbopt.xyz,/scratch/jaggbow/mol_xtb_coordinates/chromo5563/mmff.xyz,/scratch/jaggbow/mol_xtb_coordinates/chromo5563/basic.xyz,0,,,,,,
1024,chromo2597,CCn1c2ccc(-c3ccc(-c4cccs4)s3)cc2c2cc(-c3ccc(-c4cccs4)s3)ccc21,3.1145,1.0051,4.699096829465378,1.1320648910539615,/scratch/jaggbow/mol_xtb_coordinates/chromo2597/geom.xtbopt.xyz,/scratch/jaggbow/mol_xtb_coordinates/chromo2597/mmff.xyz,/scratch/jaggbow/mol_xtb_coordinates/chromo2597/basic.xyz,1,,,,,,
1025,chromo3416,CN(C)c1ccc2cc(C(C=Cc3c[nH]c4ccccc34)=C(C#N)C#N)c(=O)oc2c1,2.7651,1.0601999999999998,2.0851442848950947,0.7451552507484407,/scratch/jaggbow/mol_xtb_coordinates/chromo3416/geom.xtbopt.xyz,/scratch/jaggbow/mol_xtb_coordinates/chromo3416/mmff.xyz,/scratch/jaggbow/mol_xtb_coordinates/chromo3416/basic.xyz,1,,,,,,
1026,chromo0574,c1ccc(-c2nc(-c3c4ccccc4cc4ccccc34)n3ccccc23)cc1,2.5669,0.8391,3.4628372442662774,1.0111161656501835,/scratch/jaggbow/mol_xtb_coordinates/chromo0574/geom.xtbopt.xyz,/scratch/jaggbow/mol_xtb_coordinates/chromo0574/mmff.xyz,/scratch/jaggbow/mol_xtb_coordinates/chromo0574/basic.xyz,1,,,,,,
1027,chromo2832,O=P1(c2ccccc2)C(c2ccc(N(c3ccccc3)c3ccccc3)cc2)=Cc2ccccc21,2.8139,0.8047,5.234144570641025,1.176188976002443,/scratch/jaggbow/mol_xtb_coordinates/chromo2832/geom.xtbopt.xyz,/scratch/jaggbow/mol_xtb_coordinates/chromo2832/mmff.xyz,/scratch/jaggbow/mol_xtb_coordinates/chromo2832/basic.xyz,0,,,,,,
1028,chromo6780,CCCCCCn1c2cc(C=O)sc2c2sc3c(sc4c5sc(C=O)cc5n(CCCCCC)c43)c21,2.8113,1.0635,4.124256817322217,1.1599202158517665,/scratch/jaggbow/mol_xtb_coordinates/chromo6780/geom.xtbopt.xyz,/scratch/jaggbow/mol_xtb_coordinates/chromo6780/mmff.xyz,/scratch/jaggbow/mol_xtb_coordinates/chromo6780/basic.xyz,0,,,,,,
1029,chromo1480,[C-]#[N+]c1ccc(-c2ccc(NC)cc2)cc1,3.8675,1.031,4.636269947769275,0.9176750348556635,/scratch/jaggbow/mol_xtb_coordinates/chromo1480/geom.xtbopt.xyz,/scratch/jaggbow/mol_xtb_coordinates/chromo1480/mmff.xyz,/scratch/jaggbow/mol_xtb_coordinates/chromo1480/basic.xyz,1,,,,,,
1030,chromo2046,O=P(c1ccccc1)(c1ccccc1)c1ccc(-c2nc3ccccc3n2-c2ccc(P(=O)(c3ccccc3)c3ccccc3)cc2)cc1,3.9776,1.0673,4.475706069764519,0.5115893360241233,/scratch/jaggbow/mol_xtb_coordinates/chromo2046/geom.xtbopt.xyz,/scratch/jaggbow/mol_xtb_coordinates/chromo2046/mmff.xyz,/scratch/jaggbow/mol_xtb_coordinates/chromo2046/basic.xyz,0,,,,,,
1031,chromo2071,CC1(C)c2ccccc2N(c2ccc(-c3n[n+]4c(o3)-c3ccccc3O[B-]4(F)F)cc2)c2ccccc21,2.3892,0.0088000000000003,3.6019524235005993,0.38375449981026927,/scratch/jaggbow/mol_xtb_coordinates/chromo2071/geom.xtbopt.xyz,/scratch/jaggbow/mol_xtb_coordinates/chromo2071/mmff.xyz,/scratch/jaggbow/mol_xtb_coordinates/chromo2071/basic.xyz,0,,,,,,
1032,chromo2438,COC(=O)c1cc(=O)n(C)c2cc(-c3cc(OC)c(OC)c(OC)c3)sc12,3.0095,1.1179,4.009190122363802,1.2166312445070548,/scratch/jaggbow/mol_xtb_coordinates/chromo2438/geom.xtbopt.xyz,/scratch/jaggbow/mol_xtb_coordinates/chromo2438/mmff.xyz,/scratch/jaggbow/mol_xtb_coordinates/chromo2438/basic.xyz,1,,,,,,
1033,chromo3457,CCOC(=O)c1c(-c2cc3ccccc3oc2=O)nn(-c2ccccc2)c1C(=O)OCC,3.8294,1.2346,6.51318575174688,1.5254401091971612,/scratch/jaggbow/mol_xtb_coordinates/chromo3457/geom.xtbopt.xyz,/scratch/jaggbow/mol_xtb_coordinates/chromo3457/mmff.xyz,/scratch/jaggbow/mol_xtb_coordinates/chromo3457/basic.xyz,1,,,,,,
1034,chromo0392,COC(=O)c1ccc2ccc3cccc4ccc1c2c34,3.3933,1.4076,3.8104929765716835,1.0550899306801316,/scratch/jaggbow/mol_xtb_coordinates/chromo0392/geom.xtbopt.xyz,/scratch/jaggbow/mol_xtb_coordinates/chromo0392/mmff.xyz,/scratch/jaggbow/mol_xtb_coordinates/chromo0392/basic.xyz,1,,,,,,
1035,chromo6516,Cc1ccc(-c2[nH]c(=O)n3c2-c2ccccc2C3=O)c(O)c1,3.1487,1.1877999999999995,3.398344065602645,1.0440808666855284,/scratch/jaggbow/mol_xtb_coordinates/chromo6516/geom.xtbopt.xyz,/scratch/jaggbow/mol_xtb_coordinates/chromo6516/mmff.xyz,/scratch/jaggbow/mol_xtb_coordinates/chromo6516/basic.xyz,0,,,,,,
1036,chromo5347,CC(C)(C)NC(=O)c1cccc2ccc3c4ccc(F)cc4c4cc(F)ccc4c3c12,3.4959,1.1787999999999998,5.655547305208366,1.1318755382403562,/scratch/jaggbow/mol_xtb_coordinates/chromo5347/geom.xtbopt.xyz,/scratch/jaggbow/mol_xtb_coordinates/chromo5347/mmff.xyz,/scratch/jaggbow/mol_xtb_coordinates/chromo5347/basic.xyz,0,,,,,,
1037,chromo6285,Cc1cccc(-c2cnc3ccc4ccccc4n23)c1,3.6743,1.0947,3.426427505600568,0.6252080060106123,/scratch/jaggbow/mol_xtb_coordinates/chromo6285/geom.xtbopt.xyz,/scratch/jaggbow/mol_xtb_coordinates/chromo6285/mmff.xyz,/scratch/jaggbow/mol_xtb_coordinates/chromo6285/basic.xyz,0,,,,,,
1038,chromo1619,c1ccc(-c2ccc3c4ccc(-c5ccccc5)c5c(-c6ccccc6)ccc(c6cccc2c63)c54)cc1,2.6026,1.1656999999999995,0.6707234521260803,0.37834238834759104,/scratch/jaggbow/mol_xtb_coordinates/chromo1619/geom.xtbopt.xyz,/scratch/jaggbow/mol_xtb_coordinates/chromo1619/mmff.xyz,/scratch/jaggbow/mol_xtb_coordinates/chromo1619/basic.xyz,0,,,,,,
1039,chromo6432,COC(=O)C1=C(C(=O)OC)C2(c3ccccc3-c3c(Br)cc(Br)cc32)C2(C=Cc3ccccc3)c3cc(OC)c(OC)cc3CCN12,3.4254,0.8763999999999998,3.661954004615246,1.0987163904850585,/scratch/jaggbow/mol_xtb_coordinates/chromo6432/geom.xtbopt.xyz,/scratch/jaggbow/mol_xtb_coordinates/chromo6432/mmff.xyz,/scratch/jaggbow/mol_xtb_coordinates/chromo6432/basic.xyz,0,,,,,,
1040,chromo5089,CC(C)(C)c1ccc2c(c1)c1cc(C(C)(C)C)ccc1n2-c1ccc(C(=O)c2ccncc2)cc1,2.8692,0.3209000000000004,3.5367477305661166,0.4533289075130686,/scratch/jaggbow/mol_xtb_coordinates/chromo5089/geom.xtbopt.xyz,/scratch/jaggbow/mol_xtb_coordinates/chromo5089/mmff.xyz,/scratch/jaggbow/mol_xtb_coordinates/chromo5089/basic.xyz,1,,,,,,
1041,chromo4820,F[B-]1(F)N2C=CN=CC2=[N+]2[N+]1=Cc1c(-c3ccccc3)cc(-c3cccs3)n1[B-]2(F)F,2.637,0.8775,4.560556354595207,1.4427153498893555,/scratch/jaggbow/mol_xtb_coordinates/chromo4820/geom.xtbopt.xyz,/scratch/jaggbow/mol_xtb_coordinates/chromo4820/mmff.xyz,/scratch/jaggbow/mol_xtb_coordinates/chromo4820/basic.xyz,0,,,,,,
1042,chromo5107,Cc1ccccc1-c1cc(-c2ccc(N3c4ccccc4C(C)(C)c4ccccc43)cc2)nc(-c2ccccc2)n1,2.7452,0.0085000000000001,5.433742666136141,0.7290025454949868,/scratch/jaggbow/mol_xtb_coordinates/chromo5107/geom.xtbopt.xyz,/scratch/jaggbow/mol_xtb_coordinates/chromo5107/mmff.xyz,/scratch/jaggbow/mol_xtb_coordinates/chromo5107/basic.xyz,0,,,,,,
1043,chromo5919,COc1ccc(-c2cc(-c3ccc(C#N)cc3)nn2C)cc1,4.1448,1.2387,4.38850378044618,0.8764283026629727,/scratch/jaggbow/mol_xtb_coordinates/chromo5919/geom.xtbopt.xyz,/scratch/jaggbow/mol_xtb_coordinates/chromo5919/mmff.xyz,/scratch/jaggbow/mol_xtb_coordinates/chromo5919/basic.xyz,1,,,,,,
1044,chromo0987,F[B-]1(F)n2c(cc(-c3ccccc3)c2-c2ccccc2)C(c2ccccc2)=C2C=C(c3ccccc3)C(c3ccccc3)=[N+]21,2.3914,1.0109,3.6197826981602814,1.3251334053027357,/scratch/jaggbow/mol_xtb_coordinates/chromo0987/geom.xtbopt.xyz,/scratch/jaggbow/mol_xtb_coordinates/chromo0987/mmff.xyz,/scratch/jaggbow/mol_xtb_coordinates/chromo0987/basic.xyz,1,,,,,,
1045,chromo1362,CCOC(=O)c1ccc(C2CC(c3cccc4ccccc34)=NN2c2ccc(OC)cc2)cc1,2.9279,0.9608,1.8118456324090666,0.6884067316704048,/scratch/jaggbow/mol_xtb_coordinates/chromo1362/geom.xtbopt.xyz,/scratch/jaggbow/mol_xtb_coordinates/chromo1362/mmff.xyz,/scratch/jaggbow/mol_xtb_coordinates/chromo1362/basic.xyz,1,,,,,,
1046,chromo2614,N#CC(C#N)=Cc1ccc2c(c1)c1ccccc1n2-c1cccc2ccccc12,3.1671,0.9914999999999998,1.3749322574561726,0.3266402967803702,/scratch/jaggbow/mol_xtb_coordinates/chromo2614/geom.xtbopt.xyz,/scratch/jaggbow/mol_xtb_coordinates/chromo2614/mmff.xyz,/scratch/jaggbow/mol_xtb_coordinates/chromo2614/basic.xyz,1,,,,,,
1047,chromo2554,CC(C)(C)c1ccc2c3c(c4ccc(C(C)(C)C)cc4c2c1)=[N+]1C(=C(c2ccccc2)c2cc4c5ccc(C(C)(C)C)cc5c5cc(C(C)(C)C)ccc5c4n2[B-]1(F)F)C=3,2.0699,0.8599000000000001,-0.15124922046216938,0.3001269681061586,/scratch/jaggbow/mol_xtb_coordinates/chromo2554/geom.xtbopt.xyz,/scratch/jaggbow/mol_xtb_coordinates/chromo2554/mmff.xyz,/scratch/jaggbow/mol_xtb_coordinates/chromo2554/basic.xyz,0,,,,,,
1048,chromo3412,O=C1Nc2ccccc2C1=CC(=O)c1ccc(Cl)cc1,3.2487,1.0114999999999998,3.149246117241972,0.6116562365673295,/scratch/jaggbow/mol_xtb_coordinates/chromo3412/geom.xtbopt.xyz,/scratch/jaggbow/mol_xtb_coordinates/chromo3412/mmff.xyz,/scratch/jaggbow/mol_xtb_coordinates/chromo3412/basic.xyz,0,,,,,,
1049,chromo4717,O=Cc1ccc(-c2ccc(-c3nc4ccccc4s3)c(O)c2)s1,3.212,1.0156,4.6342109785398815,1.149163325559317,/scratch/jaggbow/mol_xtb_coordinates/chromo4717/geom.xtbopt.xyz,/scratch/jaggbow/mol_xtb_coordinates/chromo4717/mmff.xyz,/scratch/jaggbow/mol_xtb_coordinates/chromo4717/basic.xyz,1,,,,,,
1050,chromo1456,CN(C)c1ccc(C=C2N=C(c3ccccc3)OC2=O)cc1,2.9801,1.3017000000000003,1.7654699254581439,0.8996154254380424,/scratch/jaggbow/mol_xtb_coordinates/chromo1456/geom.xtbopt.xyz,/scratch/jaggbow/mol_xtb_coordinates/chromo1456/mmff.xyz,/scratch/jaggbow/mol_xtb_coordinates/chromo1456/basic.xyz,1,,,,,,
1051,chromo1148,O=C1c2ccccc2C2=Cc3cccc[n+]3[B-](F)(F)N12,3.3111,1.1938,2.7615774017942933,0.9825281087354292,/scratch/jaggbow/mol_xtb_coordinates/chromo1148/geom.xtbopt.xyz,/scratch/jaggbow/mol_xtb_coordinates/chromo1148/mmff.xyz,/scratch/jaggbow/mol_xtb_coordinates/chromo1148/basic.xyz,0,,,,,,
1052,chromo4722,Oc1c(-c2cccs2)cccc1-c1nc2ccccc2s1,3.1817,0.6820000000000004,2.8734040901823077,0.43907056166868164,/scratch/jaggbow/mol_xtb_coordinates/chromo4722/geom.xtbopt.xyz,/scratch/jaggbow/mol_xtb_coordinates/chromo4722/mmff.xyz,/scratch/jaggbow/mol_xtb_coordinates/chromo4722/basic.xyz,1,,,,,,
1053,chromo5396,CC(C)(C)c1ccc(-c2nc3c4ccc(-c5ccc6ccccc6c5)cc4c4cc(-c5ccc6ccccc6c5)ccc4c3n2-c2ccc(C(C)(C)C)cc2)cc1,3.3006,0.8580000000000001,4.39750116986556,0.6013811576880641,/scratch/jaggbow/mol_xtb_coordinates/chromo5396/geom.xtbopt.xyz,/scratch/jaggbow/mol_xtb_coordinates/chromo5396/mmff.xyz,/scratch/jaggbow/mol_xtb_coordinates/chromo5396/basic.xyz,1,,,,,,
1054,chromo2392,C#Cc1cccc2ccccc12,4.0644,1.6107,3.3474516110782306,0.8394886815426789,/scratch/jaggbow/mol_xtb_coordinates/chromo2392/geom.xtbopt.xyz,/scratch/jaggbow/mol_xtb_coordinates/chromo2392/mmff.xyz,/scratch/jaggbow/mol_xtb_coordinates/chromo2392/basic.xyz,1,,,,,,
1055,chromo5341,CC(C)(C)NC(=O)c1ccc(-c2cc3ccccc3o2)c2ccc3c4ccccc4c4ccccc4c3c12,3.1978,1.0492,2.0089010280676063,0.3574067542583021,/scratch/jaggbow/mol_xtb_coordinates/chromo5341/geom.xtbopt.xyz,/scratch/jaggbow/mol_xtb_coordinates/chromo5341/mmff.xyz,/scratch/jaggbow/mol_xtb_coordinates/chromo5341/basic.xyz,0,,,,,,
1056,chromo3117,Cc1ccc(-c2c3nc(c(-c4ccc(C)cc4)c4ccc([nH]4)c(-c4ccc(C)cc4)c4nc(c(-c5ccc(C)cc5)c5ccc2[nH]5)C=C4)C=C3)cc1,2.131,0.7833999999999999,2.761143515876063,0.37194503383944477,/scratch/jaggbow/mol_xtb_coordinates/chromo3117/geom.xtbopt.xyz,/scratch/jaggbow/mol_xtb_coordinates/chromo3117/mmff.xyz,/scratch/jaggbow/mol_xtb_coordinates/chromo3117/basic.xyz,0,,,,,,
1057,chromo3411,COc1ccc(C(=O)C=C2C(=O)Nc3ccccc32)c(OC)c1,3.5747,1.2352,2.319072498008614,0.34262869476099767,/scratch/jaggbow/mol_xtb_coordinates/chromo3411/geom.xtbopt.xyz,/scratch/jaggbow/mol_xtb_coordinates/chromo3411/mmff.xyz,/scratch/jaggbow/mol_xtb_coordinates/chromo3411/basic.xyz,0,,,,,,
1058,chromo6236,CCCCN(CCCC)c1ccc2c(c1)C#CC#Cc1cc(C(F)(F)F)ccc1C#Cc1cc(c3cc1C#Cc1ccc(N(CCCC)CCCC)cc1C#CC#Cc1cc(C(F)(F)F)ccc1C#C3)C#C2,2.1869,0.4305000000000001,3.756865263799668,0.5171044808238537,/scratch/jaggbow/mol_xtb_coordinates/chromo6236/geom.xtbopt.xyz,/scratch/jaggbow/mol_xtb_coordinates/chromo6236/mmff.xyz,/scratch/jaggbow/mol_xtb_coordinates/chromo6236/basic.xyz,0,,,,,,
1059,chromo1165,COc1ccccc1-c1nc2c3ccccc3c3ccccc3c2n1-c1ccc(C)cc1,3.7926,0.9636,2.354254217700542,0.005467575076850251,/scratch/jaggbow/mol_xtb_coordinates/chromo1165/geom.xtbopt.xyz,/scratch/jaggbow/mol_xtb_coordinates/chromo1165/mmff.xyz,/scratch/jaggbow/mol_xtb_coordinates/chromo1165/basic.xyz,1,,,,,,
1060,chromo2368,CN(C)c1ccc(C2=Nc3sc4cc(C(F)(F)F)ccc4[n+]3[B-](F)(F)O2)cc1,3.2618,0.8165,4.216892689921473,1.0307050965083406,/scratch/jaggbow/mol_xtb_coordinates/chromo2368/geom.xtbopt.xyz,/scratch/jaggbow/mol_xtb_coordinates/chromo2368/mmff.xyz,/scratch/jaggbow/mol_xtb_coordinates/chromo2368/basic.xyz,0,,,,,,
1061,chromo1381,COc1ccc(-c2ccc(-c3ccc(C#N)s3)s2)cc1,3.1361,1.1948,2.476858596204857,0.791249350145534,/scratch/jaggbow/mol_xtb_coordinates/chromo1381/geom.xtbopt.xyz,/scratch/jaggbow/mol_xtb_coordinates/chromo1381/mmff.xyz,/scratch/jaggbow/mol_xtb_coordinates/chromo1381/basic.xyz,1,,,,,,
1062,chromo4022,CCCN1c2ccc(C#CC3=C4C=CC=[N+]4[B-](F)(F)n4cccc43)cc2Sc2cc(C#CC3=C4C=CC=[N+]4[B-](F)(F)n4cccc43)ccc21,2.2655,0.8469999999999998,2.7733400518709264,0.9767797989934754,/scratch/jaggbow/mol_xtb_coordinates/chromo4022/geom.xtbopt.xyz,/scratch/jaggbow/mol_xtb_coordinates/chromo4022/mmff.xyz,/scratch/jaggbow/mol_xtb_coordinates/chromo4022/basic.xyz,0,,,,,,
1063,chromo2500,C(=Cc1ncnc2ccccc12)c1ccc(-c2ccc(N(c3ccccc3)c3ccccc3)cc2)cc1,2.5632,0.6014000000000002,3.43824871144393,0.7163881779130913,/scratch/jaggbow/mol_xtb_coordinates/chromo2500/geom.xtbopt.xyz,/scratch/jaggbow/mol_xtb_coordinates/chromo2500/mmff.xyz,/scratch/jaggbow/mol_xtb_coordinates/chromo2500/basic.xyz,0,,,,,,
1064,chromo0767,CN(C)c1ccc(C=Cc2cc(C=Cc3ccc(N(C)C)cc3)nc(C=Cc3ccc(N(c4ccccc4)c4ccccc4)cc3)n2)cc1,2.8519,0.7774000000000001,2.6223315090004884,0.5330276794182004,/scratch/jaggbow/mol_xtb_coordinates/chromo0767/geom.xtbopt.xyz,/scratch/jaggbow/mol_xtb_coordinates/chromo0767/mmff.xyz,/scratch/jaggbow/mol_xtb_coordinates/chromo0767/basic.xyz,1,,,,,,
1065,chromo2906,c1ccc(N(c2ccccc2)c2ccc(-c3ccncn3)cc2)cc1,3.3004,0.7438999999999996,3.925942769621166,0.703463516373356,/scratch/jaggbow/mol_xtb_coordinates/chromo2906/geom.xtbopt.xyz,/scratch/jaggbow/mol_xtb_coordinates/chromo2906/mmff.xyz,/scratch/jaggbow/mol_xtb_coordinates/chromo2906/basic.xyz,1,,,,,,
1066,chromo3462,CCOC(=O)c1c(-c2cc3ccccc3oc2=O)nn(-c2ccc(OC)cc2)c1C(=O)OCC,3.5816,1.0032,3.548075741628939,0.7631249159987445,/scratch/jaggbow/mol_xtb_coordinates/chromo3462/geom.xtbopt.xyz,/scratch/jaggbow/mol_xtb_coordinates/chromo3462/mmff.xyz,/scratch/jaggbow/mol_xtb_coordinates/chromo3462/basic.xyz,1,,,,,,
1067,chromo3352,CN(C)c1ccc(C#Cc2cc(C#Cc3ccc(C(F)(F)F)cc3)c3ccc4c(C#Cc5ccc(C(F)(F)F)cc5)cc(C#Cc5ccc(C(F)(F)F)cc5)c5ccc2c3c54)cc1,2.1229,0.7904,3.3028765593680087,0.8109489511876372,/scratch/jaggbow/mol_xtb_coordinates/chromo3352/geom.xtbopt.xyz,/scratch/jaggbow/mol_xtb_coordinates/chromo3352/mmff.xyz,/scratch/jaggbow/mol_xtb_coordinates/chromo3352/basic.xyz,1,,,,,,
1068,chromo2231,O=S1(=O)c2ccc(-c3c4ccccc4cc4ccccc34)cc2-c2cc(-c3c4ccccc4cc4ccccc34)ccc21,3.0663,1.2984,3.355514440951788,1.0950253791306328,/scratch/jaggbow/mol_xtb_coordinates/chromo2231/geom.xtbopt.xyz,/scratch/jaggbow/mol_xtb_coordinates/chromo2231/mmff.xyz,/scratch/jaggbow/mol_xtb_coordinates/chromo2231/basic.xyz,0,,,,,,
1069,chromo5604,CCCCN1C(=O)C2=C(c3ccc(-c4ccccc4)cc3)NC(=O)C2=C1c1ccc(-c2ccccc2)cc1,2.4916,1.321,1.352055705002992,0.8706177479320052,/scratch/jaggbow/mol_xtb_coordinates/chromo5604/geom.xtbopt.xyz,/scratch/jaggbow/mol_xtb_coordinates/chromo5604/mmff.xyz,/scratch/jaggbow/mol_xtb_coordinates/chromo5604/basic.xyz,0,,,,,,
1070,chromo5052,COc1ccc(-c2ccc3c(c2)c2cc(-c4ccc(OC)cc4)ccc2n3-c2ccc(C(=O)c3ccc4sc5ccccc5c4c3)cn2)cc1,2.839,0.3073999999999999,4.6781036146785935,0.6843023269820617,/scratch/jaggbow/mol_xtb_coordinates/chromo5052/geom.xtbopt.xyz,/scratch/jaggbow/mol_xtb_coordinates/chromo5052/mmff.xyz,/scratch/jaggbow/mol_xtb_coordinates/chromo5052/basic.xyz,1,,,,,,
1071,chromo5268,CC1=CC(C)=[N+]2C1=C(c1ccc(-c3c4ccccc4c(-c4ccccc4)c4ccccc34)cc1)c1c(C)cc(C)n1[B-]2(F)F,2.5975,1.0811000000000002,3.183243484745371,1.4945216362907858,/scratch/jaggbow/mol_xtb_coordinates/chromo5268/geom.xtbopt.xyz,/scratch/jaggbow/mol_xtb_coordinates/chromo5268/mmff.xyz,/scratch/jaggbow/mol_xtb_coordinates/chromo5268/basic.xyz,1,,,,,,
1072,chromo3417,CN(C)c1ccc2cc(C(C=Cc3cn(C)c4ccccc34)=C(C#N)C#N)c(=O)oc2c1,2.7778,1.0894,2.7930905031126563,0.9390848909228494,/scratch/jaggbow/mol_xtb_coordinates/chromo3417/geom.xtbopt.xyz,/scratch/jaggbow/mol_xtb_coordinates/chromo3417/mmff.xyz,/scratch/jaggbow/mol_xtb_coordinates/chromo3417/basic.xyz,1,,,,,,
1073,chromo0205,Cc1nc(-c2cc(N)ccc2O)n2c1CCCC2,3.7371,0.9825,3.6465663966436455,0.6567019572201953,/scratch/jaggbow/mol_xtb_coordinates/chromo0205/geom.xtbopt.xyz,/scratch/jaggbow/mol_xtb_coordinates/chromo0205/mmff.xyz,/scratch/jaggbow/mol_xtb_coordinates/chromo0205/basic.xyz,0,,,,,,
1074,chromo0410,C(=Cc1nc(-c2ccccc2)[nH]c1C=Cc1ccccc1)c1ccccc1,3.0365,1.2988000000000002,3.38465894755651,1.0329383773234448,/scratch/jaggbow/mol_xtb_coordinates/chromo0410/geom.xtbopt.xyz,/scratch/jaggbow/mol_xtb_coordinates/chromo0410/mmff.xyz,/scratch/jaggbow/mol_xtb_coordinates/chromo0410/basic.xyz,0,,,,,,
1075,chromo3095,Cc1cc2ccccc2c2c1c1ccccc1n2C,3.7019,1.0853000000000002,4.449940914181975,0.7556701772807028,/scratch/jaggbow/mol_xtb_coordinates/chromo3095/geom.xtbopt.xyz,/scratch/jaggbow/mol_xtb_coordinates/chromo3095/mmff.xyz,/scratch/jaggbow/mol_xtb_coordinates/chromo3095/basic.xyz,0,,,,,,
1076,chromo2706,CN(C)c1ccc(C#Cc2ccc3ccc4c(C#Cc5ccc(N(C)C)cc5)ccc5ccc2c3c54)cc1,2.5426,0.9461000000000002,4.369111541434203,1.1849231490367285,/scratch/jaggbow/mol_xtb_coordinates/chromo2706/geom.xtbopt.xyz,/scratch/jaggbow/mol_xtb_coordinates/chromo2706/mmff.xyz,/scratch/jaggbow/mol_xtb_coordinates/chromo2706/basic.xyz,1,,,,,,
1077,chromo3543,COc1ccc(-c2cnc(C=Cc3ccc(OC)c(OC)c3)o2)cc1,3.224,1.2659000000000002,4.806568764669917,1.3058198541309607,/scratch/jaggbow/mol_xtb_coordinates/chromo3543/geom.xtbopt.xyz,/scratch/jaggbow/mol_xtb_coordinates/chromo3543/mmff.xyz,/scratch/jaggbow/mol_xtb_coordinates/chromo3543/basic.xyz,1,,,,,,
1078,chromo4229,C[Si](C)(c1ccc(-c2nc3ccccc3n2-c2ccccc2)cc1)c1ccc(-c2nc3ccccc3n2-c2ccccc2)cc1,4.0445,1.0825,4.056516336229292,0.4121885060851195,/scratch/jaggbow/mol_xtb_coordinates/chromo4229/geom.xtbopt.xyz,/scratch/jaggbow/mol_xtb_coordinates/chromo4229/mmff.xyz,/scratch/jaggbow/mol_xtb_coordinates/chromo4229/basic.xyz,0,,,,,,
1079,chromo3821,Brc1cc(C=Cc2ccc(N(c3ccccc3)c3ccccc3)cc2)c(Br)cc1C=Cc1ccc(N(c2ccccc2)c2ccccc2)cc1,2.5273,0.8078999999999998,3.071352213648086,0.56359770006977,/scratch/jaggbow/mol_xtb_coordinates/chromo3821/geom.xtbopt.xyz,/scratch/jaggbow/mol_xtb_coordinates/chromo3821/mmff.xyz,/scratch/jaggbow/mol_xtb_coordinates/chromo3821/basic.xyz,1,,,,,,
1080,chromo5506,F[B-]1(F)OC(c2ccc(C(F)(F)F)cc2)=Cc2cc(Cl)nc[n+]21,3.6191,1.1545,2.9621680001237065,0.8830103154000934,/scratch/jaggbow/mol_xtb_coordinates/chromo5506/geom.xtbopt.xyz,/scratch/jaggbow/mol_xtb_coordinates/chromo5506/mmff.xyz,/scratch/jaggbow/mol_xtb_coordinates/chromo5506/basic.xyz,0,,,,,,
1081,chromo5091,O=C(c1ccncc1)c1ccc(-n2c3ccc(-n4c5ccccc5c5ccccc54)cc3c3cc(-n4c5ccccc5c5ccccc54)ccc32)cc1,2.578,0.0879999999999996,4.556197380000251,0.6640101537141189,/scratch/jaggbow/mol_xtb_coordinates/chromo5091/geom.xtbopt.xyz,/scratch/jaggbow/mol_xtb_coordinates/chromo5091/mmff.xyz,/scratch/jaggbow/mol_xtb_coordinates/chromo5091/basic.xyz,1,,,,,,
1082,chromo0409,c1ccc(N(c2ccccc2)c2ccc(-c3ccc(-c4cc(-c5ccccn5)nc(-c5ccccn5)c4)cc3)cc2)cc1,3.1317,0.4813,4.754216754479742,0.7299130328323389,/scratch/jaggbow/mol_xtb_coordinates/chromo0409/geom.xtbopt.xyz,/scratch/jaggbow/mol_xtb_coordinates/chromo0409/mmff.xyz,/scratch/jaggbow/mol_xtb_coordinates/chromo0409/basic.xyz,1,,,,,,
1083,chromo0538,N#CC(=CNc1ccc(C#N)cc1)c1nc(-c2ccccc2)cs1,3.3692,1.1408,4.2782875790837025,1.1496189714858411,/scratch/jaggbow/mol_xtb_coordinates/chromo0538/geom.xtbopt.xyz,/scratch/jaggbow/mol_xtb_coordinates/chromo0538/mmff.xyz,/scratch/jaggbow/mol_xtb_coordinates/chromo0538/basic.xyz,1,,,,,,
1084,chromo2483,COC(=O)c1nc2c(N)nc(N(C)C)nc2n1Cc1ccccc1,3.6943,1.0163000000000002,3.380817900172325,0.8335877348628541,/scratch/jaggbow/mol_xtb_coordinates/chromo2483/geom.xtbopt.xyz,/scratch/jaggbow/mol_xtb_coordinates/chromo2483/mmff.xyz,/scratch/jaggbow/mol_xtb_coordinates/chromo2483/basic.xyz,0,,,,,,
1085,chromo1850,CCCC1=Cc2nc1ccc1[nH]c(cc1CCC)c1nc(c(NC(=O)CCCC(=O)OC)cc3[nH]c2cc3CCC)C(CCC)=C1,2.0855,0.804,0.5849546490034594,0.1641104103788717,/scratch/jaggbow/mol_xtb_coordinates/chromo1850/geom.xtbopt.xyz,/scratch/jaggbow/mol_xtb_coordinates/chromo1850/mmff.xyz,/scratch/jaggbow/mol_xtb_coordinates/chromo1850/basic.xyz,0,,,,,,
1086,chromo1097,c1ccc(C2=C3c4ccccc4C4=[N+]3[B-]3(Oc5ccccc54)Oc4ccccc4-c4c5ccccc5c2n43)cc1,2.051,0.9749,0.518656761085067,0.554983153490386,/scratch/jaggbow/mol_xtb_coordinates/chromo1097/geom.xtbopt.xyz,/scratch/jaggbow/mol_xtb_coordinates/chromo1097/mmff.xyz,/scratch/jaggbow/mol_xtb_coordinates/chromo1097/basic.xyz,0,,,,,,
1087,chromo5327,C1=Cc2ccc(N(c3ccccc3)c3ccccc3)cc2C2(c3cc(N(c4ccccc4)c4ccccc4)ccc31)c1ccccc1-c1ccccc12,2.8795,0.7752000000000003,2.5088449770638155,0.3322016261058169,/scratch/jaggbow/mol_xtb_coordinates/chromo5327/geom.xtbopt.xyz,/scratch/jaggbow/mol_xtb_coordinates/chromo5327/mmff.xyz,/scratch/jaggbow/mol_xtb_coordinates/chromo5327/basic.xyz,0,,,,,,
1088,chromo6390,COc1c2ccccc2c(OC)c2c(C#C[Si](C(C)C)(C(C)C)C(C)C)c3cc4sccc4cc3c(C#C[Si](C(C)C)(C(C)C)C(C)C)c12,1.7686,1.2057,1.0001298007858475,0.6969847416454589,/scratch/jaggbow/mol_xtb_coordinates/chromo6390/geom.xtbopt.xyz,/scratch/jaggbow/mol_xtb_coordinates/chromo6390/mmff.xyz,/scratch/jaggbow/mol_xtb_coordinates/chromo6390/basic.xyz,0,,,,,,
1089,chromo0763,COc1ccc(C=Cc2cc(C=Cc3ccc(OC)cc3)nc(C=Cc3ccc(N(C)C)cc3)n2)cc1,2.7166,0.5789,6.104170668175742,1.5241915501506953,/scratch/jaggbow/mol_xtb_coordinates/chromo0763/geom.xtbopt.xyz,/scratch/jaggbow/mol_xtb_coordinates/chromo0763/mmff.xyz,/scratch/jaggbow/mol_xtb_coordinates/chromo0763/basic.xyz,1,,,,,,
1090,chromo2236,c1ccc(-n2c(-c3ccc(-c4ccc(-c5ccc(-c6nc7c8ccccc8c8ccccc8c7n6-c6ccccc6)cc5)cc4)cc3)nc3ccccc32)cc1,3.2598,0.7058999999999997,4.751478101442414,0.5788358381437826,/scratch/jaggbow/mol_xtb_coordinates/chromo2236/geom.xtbopt.xyz,/scratch/jaggbow/mol_xtb_coordinates/chromo2236/mmff.xyz,/scratch/jaggbow/mol_xtb_coordinates/chromo2236/basic.xyz,1,,,,,,
1091,chromo2178,N#Cc1cc(-n2c3ccccc3c3cc(Br)ccc32)c(-n2c3ccccc3c3cc(Br)ccc32)cc1C#N,2.8348,0.3214000000000001,5.2331005207997405,0.7267254378603408,/scratch/jaggbow/mol_xtb_coordinates/chromo2178/geom.xtbopt.xyz,/scratch/jaggbow/mol_xtb_coordinates/chromo2178/mmff.xyz,/scratch/jaggbow/mol_xtb_coordinates/chromo2178/basic.xyz,1,,,,,,
1092,chromo2753,COC(=O)c1ccc(C2=C(C=Cc3ccc(OC)cc3)O[B-](F)(F)[O+]=C2C=Cc2ccc(OC)cc2)cc1,2.815,0.919,2.660746134989754,0.799793848372546,/scratch/jaggbow/mol_xtb_coordinates/chromo2753/geom.xtbopt.xyz,/scratch/jaggbow/mol_xtb_coordinates/chromo2753/mmff.xyz,/scratch/jaggbow/mol_xtb_coordinates/chromo2753/basic.xyz,1,,,,,,
1093,chromo3163,COc1cc(C=Cc2nc3ccccc3s2)c(OC)cc1C=Cc1nc(C)nc(C=Cc2cc(OC)c(C=Cc3nc4ccccc4s3)cc2OC)n1,2.5699,0.9311,2.120419674805029,0.45637125528231914,/scratch/jaggbow/mol_xtb_coordinates/chromo3163/geom.xtbopt.xyz,/scratch/jaggbow/mol_xtb_coordinates/chromo3163/mmff.xyz,/scratch/jaggbow/mol_xtb_coordinates/chromo3163/basic.xyz,1,,,,,,
1094,chromo3294,F[B-]1(F)n2c(NCc3ccccc3)ccc2C(c2c(Cl)cccc2Cl)=C2C=CC(NCc3ccccc3)=[N+]21,2.6992,1.5184999999999995,3.555214738318992,1.8529991490814435,/scratch/jaggbow/mol_xtb_coordinates/chromo3294/geom.xtbopt.xyz,/scratch/jaggbow/mol_xtb_coordinates/chromo3294/mmff.xyz,/scratch/jaggbow/mol_xtb_coordinates/chromo3294/basic.xyz,1,,,,,,
1095,chromo0541,COc1ccc(-c2csc(-c3ccncc3)n2)cc1,3.3541,0.9099999999999996,3.6124586489902883,0.7871875027191124,/scratch/jaggbow/mol_xtb_coordinates/chromo0541/geom.xtbopt.xyz,/scratch/jaggbow/mol_xtb_coordinates/chromo0541/mmff.xyz,/scratch/jaggbow/mol_xtb_coordinates/chromo0541/basic.xyz,1,,,,,,
1096,chromo3290,COC1=[N+]2C(=C(c3ccccc3)c3ccc(OC)n3[B-]2(F)F)C=C1SC#N,2.839,1.3606,2.3360726292080423,1.4234887656298518,/scratch/jaggbow/mol_xtb_coordinates/chromo3290/geom.xtbopt.xyz,/scratch/jaggbow/mol_xtb_coordinates/chromo3290/mmff.xyz,/scratch/jaggbow/mol_xtb_coordinates/chromo3290/basic.xyz,1,,,,,,
1097,chromo6446,N#Cc1ccc(N(c2ccc(C#N)cc2)c2ccc3c4cccc5c(N(c6ccc(C#N)cc6)c6ccc(C#N)cc6)ccc(c6cccc2c63)c54)cc1,2.4813,1.0335,1.5553914352622111,0.416343890591595,/scratch/jaggbow/mol_xtb_coordinates/chromo6446/geom.xtbopt.xyz,/scratch/jaggbow/mol_xtb_coordinates/chromo6446/mmff.xyz,/scratch/jaggbow/mol_xtb_coordinates/chromo6446/basic.xyz,0,,,,,,
1098,chromo2041,O=P(c1ccccc1)(c1ccccc1)c1cccc(-n2c(-c3ccccc3P(=O)(c3ccccc3)c3ccccc3)nc3ccccc32)c1,4.2561,0.9845000000000002,3.293167339402384,0.21456082665801873,/scratch/jaggbow/mol_xtb_coordinates/chromo2041/geom.xtbopt.xyz,/scratch/jaggbow/mol_xtb_coordinates/chromo2041/mmff.xyz,/scratch/jaggbow/mol_xtb_coordinates/chromo2041/basic.xyz,0,,,,,,
1099,chromo6232,CCCCN(CCCC)c1ccc2c#cc3cc4c#cc5ccc(N(CCCC)CCCC)cc5c#cc#cc5cc(C(F)(F)F)ccc5c#cc4cc3c#cc3ccc(C(F)(F)F)cc3c#cc#cc2c1,2.4957,0.6344999999999998,2.423903018608203,0.19105930965062462,/scratch/jaggbow/mol_xtb_coordinates/chromo6232/geom.xtbopt.xyz,/scratch/jaggbow/mol_xtb_coordinates/chromo6232/mmff.xyz,/scratch/jaggbow/mol_xtb_coordinates/chromo6232/basic.xyz,0,,,,,,
1100,chromo2484,COC(=O)c1nc2c(N(C)C)nc(N(C)C)nc2n1Cc1ccccc1,3.6393,1.0031,3.542790606197712,0.8939936599600969,/scratch/jaggbow/mol_xtb_coordinates/chromo2484/geom.xtbopt.xyz,/scratch/jaggbow/mol_xtb_coordinates/chromo2484/mmff.xyz,/scratch/jaggbow/mol_xtb_coordinates/chromo2484/basic.xyz,0,,,,,,
1101,chromo3466,COC(=O)c1c(-c2cc3ccccc3oc2=O)nn(-c2cccc(F)c2)c1C(=O)OC,3.8617,1.2582999999999998,4.035639422507299,0.8998317865046928,/scratch/jaggbow/mol_xtb_coordinates/chromo3466/geom.xtbopt.xyz,/scratch/jaggbow/mol_xtb_coordinates/chromo3466/mmff.xyz,/scratch/jaggbow/mol_xtb_coordinates/chromo3466/basic.xyz,1,,,,,,
1102,chromo2430,COc1ccc(-c2cc3c(s2)c(C)cc(=O)n3C)cc1,3.4069,1.2014,2.6443073924392166,0.7422578767708028,/scratch/jaggbow/mol_xtb_coordinates/chromo2430/geom.xtbopt.xyz,/scratch/jaggbow/mol_xtb_coordinates/chromo2430/mmff.xyz,/scratch/jaggbow/mol_xtb_coordinates/chromo2430/basic.xyz,1,,,,,,
1103,chromo6439,COc1cc2c(cc1OC)C1=CC(c3ccc(C)cc3)C3(C(C#N)=C(C#N)N1CC2)c1ccccc1-c1ccccc13,3.2819,0.9246,2.3414010876889932,0.7541947791920214,/scratch/jaggbow/mol_xtb_coordinates/chromo6439/geom.xtbopt.xyz,/scratch/jaggbow/mol_xtb_coordinates/chromo6439/mmff.xyz,/scratch/jaggbow/mol_xtb_coordinates/chromo6439/basic.xyz,0,,,,,,
1104,chromo5461,CCCC1=C(CCC)c2cccc3c2c(cc2nc4ccccc4nc23)O1,2.6169,0.7468999999999997,4.984179480997726,1.2199608095977061,/scratch/jaggbow/mol_xtb_coordinates/chromo5461/geom.xtbopt.xyz,/scratch/jaggbow/mol_xtb_coordinates/chromo5461/mmff.xyz,/scratch/jaggbow/mol_xtb_coordinates/chromo5461/basic.xyz,0,,,,,,
1105,chromo1816,CC(=O)Nc1ccccc1C(=O)OC1CC(C)CCC1C(C)C,4.0851,0.8845999999999998,3.575745370359937,0.5243032067444632,/scratch/jaggbow/mol_xtb_coordinates/chromo1816/geom.xtbopt.xyz,/scratch/jaggbow/mol_xtb_coordinates/chromo1816/mmff.xyz,/scratch/jaggbow/mol_xtb_coordinates/chromo1816/basic.xyz,1,,,,,,
1106,chromo4714,O=Cc1ccc(-c2ccc(-c3nc4ccccc4s3)c(O)c2)o1,3.2457,1.0862999999999996,4.81497003198179,1.178443889598081,/scratch/jaggbow/mol_xtb_coordinates/chromo4714/geom.xtbopt.xyz,/scratch/jaggbow/mol_xtb_coordinates/chromo4714/mmff.xyz,/scratch/jaggbow/mol_xtb_coordinates/chromo4714/basic.xyz,1,,,,,,
1107,chromo5575,CCc1c(C)[nH]c(C2=[N+]3C(=Cc4c(C)c(CC)c(C=Cc5ccc(N(C)C)cc5)n4[B-]3(F)F)c3ccccc32)c1C,1.9567,0.9798,1.3743542067155823,0.9239873763524051,/scratch/jaggbow/mol_xtb_coordinates/chromo5575/geom.xtbopt.xyz,/scratch/jaggbow/mol_xtb_coordinates/chromo5575/mmff.xyz,/scratch/jaggbow/mol_xtb_coordinates/chromo5575/basic.xyz,0,,,,,,
1108,chromo3312,CN(c1ccccc1)c1ccc(C=C2C(=O)c3ccccc3S2(=O)=O)cc1,2.9063,0.9227,1.9421083888043082,0.6463528920143216,/scratch/jaggbow/mol_xtb_coordinates/chromo3312/geom.xtbopt.xyz,/scratch/jaggbow/mol_xtb_coordinates/chromo3312/mmff.xyz,/scratch/jaggbow/mol_xtb_coordinates/chromo3312/basic.xyz,0,,,,,,
1109,chromo5574,CCOC(=O)COc1ccc(C=CC2=C3c4ccccc4C(c4ccc[nH]4)=[N+]3[B-](F)(F)n3ccc(C)c32)cc1,2.3842,1.1611999999999998,3.7636998812742513,1.5403015501347552,/scratch/jaggbow/mol_xtb_coordinates/chromo5574/geom.xtbopt.xyz,/scratch/jaggbow/mol_xtb_coordinates/chromo5574/mmff.xyz,/scratch/jaggbow/mol_xtb_coordinates/chromo5574/basic.xyz,0,,,,,,
1110,chromo5564,Cc1ccc(C2=[N+]3C(=Cc4c(C)cc(C)n4[B-]3(F)F)c3ccccc32)[nH]1,2.4388,1.2779,3.067121889088124,1.4071498386069665,/scratch/jaggbow/mol_xtb_coordinates/chromo5564/geom.xtbopt.xyz,/scratch/jaggbow/mol_xtb_coordinates/chromo5564/mmff.xyz,/scratch/jaggbow/mol_xtb_coordinates/chromo5564/basic.xyz,0,,,,,,
1111,chromo4628,CC(C)(C)c1ccc(-c2cc(-c3ccc(-c4cc(-c5ccc(C(C)(C)C)cc5)c(C(=O)NCc5ccccc5)s4)s3)sc2C(=O)NCc2ccccc2)cc1,2.9147,1.1541,3.743720975999618,1.0563088024041574,/scratch/jaggbow/mol_xtb_coordinates/chromo4628/geom.xtbopt.xyz,/scratch/jaggbow/mol_xtb_coordinates/chromo4628/mmff.xyz,/scratch/jaggbow/mol_xtb_coordinates/chromo4628/basic.xyz,1,,,,,,
1112,chromo6121,CCCc1c(C(=O)c2ccc3c4c(cccc24)-c2cccc4c2C3CC=C4)c2ccc3cccc4c5cccc6ccc1c(c65)c2c34,2.7871,0.7798000000000003,3.1919518136885623,0.6684382192290697,/scratch/jaggbow/mol_xtb_coordinates/chromo6121/geom.xtbopt.xyz,/scratch/jaggbow/mol_xtb_coordinates/chromo6121/mmff.xyz,/scratch/jaggbow/mol_xtb_coordinates/chromo6121/basic.xyz,0,,,,,,
1113,chromo2172,O=c1c2ccccc2sc2ccc(-n3c4ccccc4c4ccccc43)cc12,2.8403,0.2730999999999999,4.362557395948009,0.8876413581883283,/scratch/jaggbow/mol_xtb_coordinates/chromo2172/geom.xtbopt.xyz,/scratch/jaggbow/mol_xtb_coordinates/chromo2172/mmff.xyz,/scratch/jaggbow/mol_xtb_coordinates/chromo2172/basic.xyz,0,,,,,,
1114,chromo4433,CN1c2ccc(C(=O)c3ccccc3)cc2Sc2cc(C(=O)c3ccccc3)ccc21,3.0306,0.4912000000000001,4.8834569440527,0.9146085308302306,/scratch/jaggbow/mol_xtb_coordinates/chromo4433/geom.xtbopt.xyz,/scratch/jaggbow/mol_xtb_coordinates/chromo4433/mmff.xyz,/scratch/jaggbow/mol_xtb_coordinates/chromo4433/basic.xyz,0,,,,,,
1115,chromo6179,CN(C)c1ccc(C2=C3C=C(c4ccc(C=O)cc4)SC34c3ccccc3C2c2ccccc24)cc1,2.4101,0.9524,4.676127943695421,1.3815532716731784,/scratch/jaggbow/mol_xtb_coordinates/chromo6179/geom.xtbopt.xyz,/scratch/jaggbow/mol_xtb_coordinates/chromo6179/mmff.xyz,/scratch/jaggbow/mol_xtb_coordinates/chromo6179/basic.xyz,0,,,,,,
1116,chromo2755,CCCCCCN(CCCCCC)c1ccc(C#Cc2ccc([N+](=O)[O-])cc2)cc1,2.7379,0.6685999999999996,4.084673790926198,0.963265841259361,/scratch/jaggbow/mol_xtb_coordinates/chromo2755/geom.xtbopt.xyz,/scratch/jaggbow/mol_xtb_coordinates/chromo2755/mmff.xyz,/scratch/jaggbow/mol_xtb_coordinates/chromo2755/basic.xyz,1,,,,,,
1117,chromo4223,CC(C)(C)c1ccc2c(c1)sc1[n+]2[B-](F)(F)n2c(c3cccc4c(Br)ccc2c43)=C1C#N,2.5134,0.9129999999999998,1.593730417876103,0.5559605162161975,/scratch/jaggbow/mol_xtb_coordinates/chromo4223/geom.xtbopt.xyz,/scratch/jaggbow/mol_xtb_coordinates/chromo4223/mmff.xyz,/scratch/jaggbow/mol_xtb_coordinates/chromo4223/basic.xyz,0,,,,,,
1118,chromo2538,CN(C)c1ccc(C2=Nc3scc(-c4ccc(N(C)C)cc4)[n+]3[B-](F)(F)O2)cc1,2.9376,0.5189000000000004,4.239967155603287,1.0349596457926973,/scratch/jaggbow/mol_xtb_coordinates/chromo2538/geom.xtbopt.xyz,/scratch/jaggbow/mol_xtb_coordinates/chromo2538/mmff.xyz,/scratch/jaggbow/mol_xtb_coordinates/chromo2538/basic.xyz,0,,,,,,
1119,chromo4917,c1ccc2c(c1)Sc1ccccc1N2c1ccc2c(ccc3nc4ccc5cc(N6c7ccccc7Sc7ccccc76)ccc5c4nc32)c1,2.1167,0.0028999999999999,3.3460309317841386,0.2552700442207,/scratch/jaggbow/mol_xtb_coordinates/chromo4917/geom.xtbopt.xyz,/scratch/jaggbow/mol_xtb_coordinates/chromo4917/mmff.xyz,/scratch/jaggbow/mol_xtb_coordinates/chromo4917/basic.xyz,0,,,,,,
1120,chromo6644,CCCCCCOc1cc(C=C2C(=O)c3ccccc3C2=C(C#N)C#N)c(OCCCCCC)cc1C=C1C(=O)c2ccccc2C1=C(C#N)C#N,1.923,0.6501000000000001,2.692585145348497,0.5640187744679275,/scratch/jaggbow/mol_xtb_coordinates/chromo6644/geom.xtbopt.xyz,/scratch/jaggbow/mol_xtb_coordinates/chromo6644/mmff.xyz,/scratch/jaggbow/mol_xtb_coordinates/chromo6644/basic.xyz,0,,,,,,
1121,chromo2021,Cc1cc(C)c(B(c2ccccc2-n2c3ccccc3c3ccccc32)c2c(C)cc(C)cc2C)c(C)c1,2.8489,0.0827,4.882368995477224,0.45576100186493285,/scratch/jaggbow/mol_xtb_coordinates/chromo2021/geom.xtbopt.xyz,/scratch/jaggbow/mol_xtb_coordinates/chromo2021/mmff.xyz,/scratch/jaggbow/mol_xtb_coordinates/chromo2021/basic.xyz,1,,,,,,
1122,chromo5517,CCC1(CC)c2cc(N(C)C)ccc2-c2ccc(C(F)(F)F)cc21,3.8787,1.1260999999999997,3.7366233145115135,0.8524693973755143,/scratch/jaggbow/mol_xtb_coordinates/chromo5517/geom.xtbopt.xyz,/scratch/jaggbow/mol_xtb_coordinates/chromo5517/mmff.xyz,/scratch/jaggbow/mol_xtb_coordinates/chromo5517/basic.xyz,0,,,,,,
1123,chromo4023,C(=Cc1cnc2ccccc2n1)c1cnccn1,3.2345,1.1857000000000002,3.4988409566095156,0.5355865676594133,/scratch/jaggbow/mol_xtb_coordinates/chromo4023/geom.xtbopt.xyz,/scratch/jaggbow/mol_xtb_coordinates/chromo4023/mmff.xyz,/scratch/jaggbow/mol_xtb_coordinates/chromo4023/basic.xyz,0,,,,,,
1124,chromo2328,O=C1NC(=O)C(c2c[nH]c3ccccc23)=C1c1c[nH]c2ccccc12,2.546,0.8431999999999997,3.228467326384402,0.9278029480160841,/scratch/jaggbow/mol_xtb_coordinates/chromo2328/geom.xtbopt.xyz,/scratch/jaggbow/mol_xtb_coordinates/chromo2328/mmff.xyz,/scratch/jaggbow/mol_xtb_coordinates/chromo2328/basic.xyz,0,,,,,,
1125,chromo1811,CCN(CC)c1ccc2cc(C#N)c(=NC(=O)c3ccccc3)oc2c1,3.2655,1.1111999999999995,2.0966095631939923,0.6794425947167555,/scratch/jaggbow/mol_xtb_coordinates/chromo1811/geom.xtbopt.xyz,/scratch/jaggbow/mol_xtb_coordinates/chromo1811/mmff.xyz,/scratch/jaggbow/mol_xtb_coordinates/chromo1811/basic.xyz,1,,,,,,
1126,chromo2842,C(=Cc1ccncn1)c1ccc(N(c2ccccc2)c2ccccc2)cc1,2.9624,0.8952,2.1870427942055732,0.45833191988107547,/scratch/jaggbow/mol_xtb_coordinates/chromo2842/geom.xtbopt.xyz,/scratch/jaggbow/mol_xtb_coordinates/chromo2842/mmff.xyz,/scratch/jaggbow/mol_xtb_coordinates/chromo2842/basic.xyz,0,,,,,,
1127,chromo0702,C[Si](C)(C)c1ccc2ccc3c([Si](C)(C)C)ccc4ccc1c2c43,3.5089,1.4792,1.3371096177594128,0.39335047307051174,/scratch/jaggbow/mol_xtb_coordinates/chromo0702/geom.xtbopt.xyz,/scratch/jaggbow/mol_xtb_coordinates/chromo0702/mmff.xyz,/scratch/jaggbow/mol_xtb_coordinates/chromo0702/basic.xyz,1,,,,,,
1128,chromo4108,CN(C)c1ccc2c3c(ccc2c1)CCCC3=O,3.023,0.8056000000000001,2.675346427921054,0.5842636693813862,/scratch/jaggbow/mol_xtb_coordinates/chromo4108/geom.xtbopt.xyz,/scratch/jaggbow/mol_xtb_coordinates/chromo4108/mmff.xyz,/scratch/jaggbow/mol_xtb_coordinates/chromo4108/basic.xyz,0,,,,,,
1129,chromo5441,Nc1cccc2c1ccc1[n+]2[B-](F)(F)n2c-1cc1c3ccccc3c3ccccc3c12,2.5182,0.6472000000000002,2.5626420514987527,0.5596746050434608,/scratch/jaggbow/mol_xtb_coordinates/chromo5441/geom.xtbopt.xyz,/scratch/jaggbow/mol_xtb_coordinates/chromo5441/mmff.xyz,/scratch/jaggbow/mol_xtb_coordinates/chromo5441/basic.xyz,0,,,,,,
1130,chromo5457,c1ccc2c(C3=C(c4cccc5ccccc45)c4cccc5c4c(cc4nc6ccccc6nc45)O3)cccc2c1,2.6474,0.7534000000000003,2.9061604778528594,0.6740883836808044,/scratch/jaggbow/mol_xtb_coordinates/chromo5457/geom.xtbopt.xyz,/scratch/jaggbow/mol_xtb_coordinates/chromo5457/mmff.xyz,/scratch/jaggbow/mol_xtb_coordinates/chromo5457/basic.xyz,0,,,,,,
1131,chromo6702,C1=CB2C=Cc3ccccc3N2C=C1,4.0879,1.1542000000000003,3.48494641675227,0.432213433949206,/scratch/jaggbow/mol_xtb_coordinates/chromo6702/geom.xtbopt.xyz,/scratch/jaggbow/mol_xtb_coordinates/chromo6702/mmff.xyz,/scratch/jaggbow/mol_xtb_coordinates/chromo6702/basic.xyz,0,,,,,,
1132,chromo2002,Cc1ccc2c(c1)C(C)(C)c1cc(C)ccc1N2c1ccc2c(c1)C(C)(C)c1cc(N3c4ccc(C)cc4C(C)(C)c4cc(C)ccc43)ccc1S2(=O)=O,2.8828,0.0123999999999999,3.509440983447556,0.5088788634731399,/scratch/jaggbow/mol_xtb_coordinates/chromo2002/geom.xtbopt.xyz,/scratch/jaggbow/mol_xtb_coordinates/chromo2002/mmff.xyz,/scratch/jaggbow/mol_xtb_coordinates/chromo2002/basic.xyz,0,,,,,,
1133,chromo3064,CC1=NC(=Cc2ccccc2N)C(=O)N1C,3.1491,1.3671999999999995,3.6743165405432263,1.3349415491769965,/scratch/jaggbow/mol_xtb_coordinates/chromo3064/geom.xtbopt.xyz,/scratch/jaggbow/mol_xtb_coordinates/chromo3064/mmff.xyz,/scratch/jaggbow/mol_xtb_coordinates/chromo3064/basic.xyz,0,,,,,,
1134,chromo3523,Cc1ccc(OCc2cc(=O)oc3c2ccc2ccccc23)cc1,3.665,1.1706,2.97878997893865,0.5574917261475011,/scratch/jaggbow/mol_xtb_coordinates/chromo3523/geom.xtbopt.xyz,/scratch/jaggbow/mol_xtb_coordinates/chromo3523/mmff.xyz,/scratch/jaggbow/mol_xtb_coordinates/chromo3523/basic.xyz,0,,,,,,
1135,chromo6522,O=C1c2ccccc2-c2c(-c3cc(Br)ccc3O)[nH]c(=O)n21,3.1193,1.1793,3.377196379967486,1.03569275087771,/scratch/jaggbow/mol_xtb_coordinates/chromo6522/geom.xtbopt.xyz,/scratch/jaggbow/mol_xtb_coordinates/chromo6522/mmff.xyz,/scratch/jaggbow/mol_xtb_coordinates/chromo6522/basic.xyz,0,,,,,,
1136,chromo3536,COc1ccc(-c2cnc(-c3cccnc3)o2)cc1OC,3.4881,1.0907,2.82286566106892,0.7080778833288865,/scratch/jaggbow/mol_xtb_coordinates/chromo3536/geom.xtbopt.xyz,/scratch/jaggbow/mol_xtb_coordinates/chromo3536/mmff.xyz,/scratch/jaggbow/mol_xtb_coordinates/chromo3536/basic.xyz,1,,,,,,
1137,chromo2269,CC[B-]1(CC)c2cccc3c4c5c(cccc5c(c23)-c2cccc(C)[n+]21)[B-](CC)(CC)[n+]1c(C)cccc1-4,1.9482,0.8652,2.885586390474859,0.9439355146566708,/scratch/jaggbow/mol_xtb_coordinates/chromo2269/geom.xtbopt.xyz,/scratch/jaggbow/mol_xtb_coordinates/chromo2269/mmff.xyz,/scratch/jaggbow/mol_xtb_coordinates/chromo2269/basic.xyz,0,,,,,,
1138,chromo5568,CCc1c(C)c2n(c1C)[B-](F)(F)[N+]1=C(c3ccc[nH]3)c3ccccc3C1=C2,2.4357,1.2692,1.9374190471319932,1.118698046018114,/scratch/jaggbow/mol_xtb_coordinates/chromo5568/geom.xtbopt.xyz,/scratch/jaggbow/mol_xtb_coordinates/chromo5568/mmff.xyz,/scratch/jaggbow/mol_xtb_coordinates/chromo5568/basic.xyz,0,,,,,,
1139,chromo1717,O=c1cc(-c2nc3ccccn3c2NC2CCCCC2)occ1OCc1ccccc1,3.3709,0.8866999999999998,2.8603155329282277,0.5734585793650824,/scratch/jaggbow/mol_xtb_coordinates/chromo1717/geom.xtbopt.xyz,/scratch/jaggbow/mol_xtb_coordinates/chromo1717/mmff.xyz,/scratch/jaggbow/mol_xtb_coordinates/chromo1717/basic.xyz,0,,,,,,
1140,chromo2224,COc1cc(OC)cc(C2=[O+][B-](F)(F)OC(c3cccs3)=C2)c1,2.9734,0.6119999999999997,3.489747539779641,0.9584035745044044,/scratch/jaggbow/mol_xtb_coordinates/chromo2224/geom.xtbopt.xyz,/scratch/jaggbow/mol_xtb_coordinates/chromo2224/mmff.xyz,/scratch/jaggbow/mol_xtb_coordinates/chromo2224/basic.xyz,1,,,,,,
1141,chromo4455,COc1cc2c3ccccc3c3cncnc3c2c(OC)c1OC,3.8158,0.9573,4.062742814537126,0.21622909964423792,/scratch/jaggbow/mol_xtb_coordinates/chromo4455/geom.xtbopt.xyz,/scratch/jaggbow/mol_xtb_coordinates/chromo4455/mmff.xyz,/scratch/jaggbow/mol_xtb_coordinates/chromo4455/basic.xyz,0,,,,,,
1142,chromo3358,Cc1ccc(C)n1-c1cccc(C#N)c1,3.0684,0.0325000000000001,3.858977181669843,0.22306020939223503,/scratch/jaggbow/mol_xtb_coordinates/chromo3358/geom.xtbopt.xyz,/scratch/jaggbow/mol_xtb_coordinates/chromo3358/mmff.xyz,/scratch/jaggbow/mol_xtb_coordinates/chromo3358/basic.xyz,0,,,,,,
1143,chromo6371,Clc1ccccc1N1c2sc3ccccc3c2Sc2c1sc1ccccc21,3.0775,0.5758000000000001,1.7614802575701876,0.2940284173100326,/scratch/jaggbow/mol_xtb_coordinates/chromo6371/geom.xtbopt.xyz,/scratch/jaggbow/mol_xtb_coordinates/chromo6371/mmff.xyz,/scratch/jaggbow/mol_xtb_coordinates/chromo6371/basic.xyz,0,,,,,,
1144,chromo3813,F[B-]1(F)Oc2ccc(Br)cc2-c2c3c(c4c([n+]21)CCc1ccccc1-4)CCc1ccccc1-3,3.1949,0.6934,4.021709080331064,0.7277354517416051,/scratch/jaggbow/mol_xtb_coordinates/chromo3813/geom.xtbopt.xyz,/scratch/jaggbow/mol_xtb_coordinates/chromo3813/mmff.xyz,/scratch/jaggbow/mol_xtb_coordinates/chromo3813/basic.xyz,0,,,,,,
1145,chromo1533,O=C1CCCC2=C1CC1=C(CCCC1=O)N2NC(=O)c1ccccc1,3.3629,0.9025999999999996,1.9977661818412171,0.5606807053565638,/scratch/jaggbow/mol_xtb_coordinates/chromo1533/geom.xtbopt.xyz,/scratch/jaggbow/mol_xtb_coordinates/chromo1533/mmff.xyz,/scratch/jaggbow/mol_xtb_coordinates/chromo1533/basic.xyz,0,,,,,,
1146,chromo4073,CN(C)c1ccc2cc(C3=[O+][B-](F)(F)OC(c4ccc(C#N)cc4)=C3)ccc2c1,2.5337,0.5726,2.721479019212672,0.7186669362728534,/scratch/jaggbow/mol_xtb_coordinates/chromo4073/geom.xtbopt.xyz,/scratch/jaggbow/mol_xtb_coordinates/chromo4073/mmff.xyz,/scratch/jaggbow/mol_xtb_coordinates/chromo4073/basic.xyz,1,,,,,,
1147,chromo3646,CN(C)c1ccc(C=CC=Cc2nc3ccccc3o2)cc1,3.0347,1.3377,1.7786520554603131,0.7033146010674791,/scratch/jaggbow/mol_xtb_coordinates/chromo3646/geom.xtbopt.xyz,/scratch/jaggbow/mol_xtb_coordinates/chromo3646/mmff.xyz,/scratch/jaggbow/mol_xtb_coordinates/chromo3646/basic.xyz,0,,,,,,
1148,chromo0504,CC(C)c1cccc(C(C)C)c1N1C(=O)c2cccc3c(Oc4ccc(C(C)(C)C)cc4)ccc(c23)C1=O,3.4365,1.1471,3.605821545627186,0.8901150599918394,/scratch/jaggbow/mol_xtb_coordinates/chromo0504/geom.xtbopt.xyz,/scratch/jaggbow/mol_xtb_coordinates/chromo0504/mmff.xyz,/scratch/jaggbow/mol_xtb_coordinates/chromo0504/basic.xyz,0,,,,,,
1149,chromo6589,c1ccc2c(c1)Cc1cc3c(cc1-2)Cc1ccccc1-3,3.9956,1.289,4.679347094449674,0.9292256808231136,/scratch/jaggbow/mol_xtb_coordinates/chromo6589/geom.xtbopt.xyz,/scratch/jaggbow/mol_xtb_coordinates/chromo6589/mmff.xyz,/scratch/jaggbow/mol_xtb_coordinates/chromo6589/basic.xyz,0,,,,,,
1150,chromo0573,Oc1ccc2ccccc2c1-c1nc(-c2ccccc2)c2ccccn12,3.1396,0.9142,4.13629496145584,0.8495933739170147,/scratch/jaggbow/mol_xtb_coordinates/chromo0573/geom.xtbopt.xyz,/scratch/jaggbow/mol_xtb_coordinates/chromo0573/mmff.xyz,/scratch/jaggbow/mol_xtb_coordinates/chromo0573/basic.xyz,1,,,,,,
1151,chromo1809,CCN(CC)c1ccc2cc(C#N)c(=NC(C)=O)oc2c1,3.2967,1.1547,2.627328404995312,0.8359574870939052,/scratch/jaggbow/mol_xtb_coordinates/chromo1809/geom.xtbopt.xyz,/scratch/jaggbow/mol_xtb_coordinates/chromo1809/mmff.xyz,/scratch/jaggbow/mol_xtb_coordinates/chromo1809/basic.xyz,1,,,,,,
1152,chromo6117,COc1cc(C(=O)c2c(C)c3ccc4cccc5c6cccc7ccc2c(c76)c3c45)cc(OC)c1OC,3.1981,1.1971000000000005,4.332124509871606,0.878718745738355,/scratch/jaggbow/mol_xtb_coordinates/chromo6117/geom.xtbopt.xyz,/scratch/jaggbow/mol_xtb_coordinates/chromo6117/mmff.xyz,/scratch/jaggbow/mol_xtb_coordinates/chromo6117/basic.xyz,0,,,,,,
1153,chromo0346,N#Cc1ccc2c(c1)CCc1nc(-c3ccc([N+](=O)[O-])cc3)c3c(c1-2)CCc1cc(C#N)ccc1-3,3.3779,0.8329999999999997,4.3643470753252345,0.6770369207666346,/scratch/jaggbow/mol_xtb_coordinates/chromo0346/geom.xtbopt.xyz,/scratch/jaggbow/mol_xtb_coordinates/chromo0346/mmff.xyz,/scratch/jaggbow/mol_xtb_coordinates/chromo0346/basic.xyz,0,,,,,,
1154,chromo1182,Cc1ccc(-n2c(-c3cccc4cc[nH]c34)nc3c4ccccc4c4ccccc4c32)cc1,3.5145,0.9516999999999998,2.765129131670717,0.36287921933525163,/scratch/jaggbow/mol_xtb_coordinates/chromo1182/geom.xtbopt.xyz,/scratch/jaggbow/mol_xtb_coordinates/chromo1182/mmff.xyz,/scratch/jaggbow/mol_xtb_coordinates/chromo1182/basic.xyz,1,,,,,,
1155,chromo2848,C(=Cc1cnc2ccccc2n1)c1ccc(N2CCCCC2)cc1,2.8977,0.9857,3.4543170136934496,0.926386290767234,/scratch/jaggbow/mol_xtb_coordinates/chromo2848/geom.xtbopt.xyz,/scratch/jaggbow/mol_xtb_coordinates/chromo2848/mmff.xyz,/scratch/jaggbow/mol_xtb_coordinates/chromo2848/basic.xyz,0,,,,,,
1156,chromo4112,CCCCCCc1ccc(-n2c3[n+](c4c5ccccc5c5ccccc5c42)[B-](C)(C)c2cc(-n4c5ccccc5c5ccccc54)ccc2-3)cc1,3.2565,0.5804,4.825874984815199,0.6938277766183474,/scratch/jaggbow/mol_xtb_coordinates/chromo4112/geom.xtbopt.xyz,/scratch/jaggbow/mol_xtb_coordinates/chromo4112/mmff.xyz,/scratch/jaggbow/mol_xtb_coordinates/chromo4112/basic.xyz,0,,,,,,
1157,chromo1083,CC1=c2c3c4cccc5cccc(c=3c(C)[n+]2[B-](F)(F)n2c(C)c3cc6c(-c7ccccc7)c7c(c(-c8ccccc8)c6cc3c21)-c1cccc2cccc-7c12)c54,2.0467,0.8639999999999999,2.163978430513043,0.9059800126250737,/scratch/jaggbow/mol_xtb_coordinates/chromo1083/geom.xtbopt.xyz,/scratch/jaggbow/mol_xtb_coordinates/chromo1083/mmff.xyz,/scratch/jaggbow/mol_xtb_coordinates/chromo1083/basic.xyz,0,,,,,,
1158,chromo2882,CCCCn1c2ccccc2c2ccc3c4cc(-c5cccc(F)c5)ccc4n(CCCC)c3c21,3.5556,0.6614,3.0075599766297856,0.31831412810241533,/scratch/jaggbow/mol_xtb_coordinates/chromo2882/geom.xtbopt.xyz,/scratch/jaggbow/mol_xtb_coordinates/chromo2882/mmff.xyz,/scratch/jaggbow/mol_xtb_coordinates/chromo2882/basic.xyz,0,,,,,,
1159,chromo6106,CC(C)[Si](C#Cc1ccc(C#C[Si](C(C)C)(C(C)C)C(C)C)c2nc3cc4c(cc3nc12)C1c2ccccc2C4c2ccccc21)(C(C)C)C(C)C,2.6672,1.0459999999999998,3.0014988949242687,0.7461359840390708,/scratch/jaggbow/mol_xtb_coordinates/chromo6106/geom.xtbopt.xyz,/scratch/jaggbow/mol_xtb_coordinates/chromo6106/mmff.xyz,/scratch/jaggbow/mol_xtb_coordinates/chromo6106/basic.xyz,0,,,,,,
1160,chromo2448,Cn1c(=O)cc(C(=O)c2ccccc2)c2sc(-c3ccc(N(c4ccccc4)c4ccccc4)cc3)cc21,2.4485,0.6736000000000002,2.6172673902304755,0.6434648608976288,/scratch/jaggbow/mol_xtb_coordinates/chromo2448/geom.xtbopt.xyz,/scratch/jaggbow/mol_xtb_coordinates/chromo2448/mmff.xyz,/scratch/jaggbow/mol_xtb_coordinates/chromo2448/basic.xyz,1,,,,,,
1161,chromo5505,F[B-]1(F)OC(c2ccccc2)=Cc2cc(Cl)nc[n+]21,3.6063,1.1183,3.4559009361197854,1.018992513919702,/scratch/jaggbow/mol_xtb_coordinates/chromo5505/geom.xtbopt.xyz,/scratch/jaggbow/mol_xtb_coordinates/chromo5505/mmff.xyz,/scratch/jaggbow/mol_xtb_coordinates/chromo5505/basic.xyz,0,,,,,,
1162,chromo2000,CC1(C)c2ccccc2N(c2ccc3c(c2)S(=O)(=O)c2cc(N4c5ccccc5C(C)(C)c5ccccc54)ccc2C3(C)C)c2ccccc21,3.0072,0.0217,3.254774167262308,0.4180067734148608,/scratch/jaggbow/mol_xtb_coordinates/chromo2000/geom.xtbopt.xyz,/scratch/jaggbow/mol_xtb_coordinates/chromo2000/mmff.xyz,/scratch/jaggbow/mol_xtb_coordinates/chromo2000/basic.xyz,0,,,,,,
1163,chromo2557,COc1cccc(C2=c3c(c4ccc(C(C)(C)C)cc4c4cc(C(C)(C)C)ccc34)=[N+]3C2=C(c2ccccc2)c2c(-c4cccc(OC)c4)c4c5ccc(C(C)(C)C)cc5c5cc(C(C)(C)C)ccc5c4n2[B-]3(F)F)c1,2.0782,0.8738999999999999,3.4433105574465066,1.154694439395513,/scratch/jaggbow/mol_xtb_coordinates/chromo2557/geom.xtbopt.xyz,/scratch/jaggbow/mol_xtb_coordinates/chromo2557/mmff.xyz,/scratch/jaggbow/mol_xtb_coordinates/chromo2557/basic.xyz,0,,,,,,
1164,chromo6392,COc1c2ccccc2c(OC)c2c(C#CC(C)(C)C)c3cc4ccccc4cc3c(C#CC(C)(C)C)c12,1.6213,1.3778,2.8597242611697147,1.2576089888248099,/scratch/jaggbow/mol_xtb_coordinates/chromo6392/geom.xtbopt.xyz,/scratch/jaggbow/mol_xtb_coordinates/chromo6392/mmff.xyz,/scratch/jaggbow/mol_xtb_coordinates/chromo6392/basic.xyz,0,,,,,,
1165,chromo5375,COc1ccc(N(c2ccccc2)c2ccc3ccc4c(N(c5ccccc5)c5ccc(OC)cc5)ccc5ccc2c3c54)cc1,2.6112,0.7661000000000002,1.928171568699816,0.34009371202996974,/scratch/jaggbow/mol_xtb_coordinates/chromo5375/geom.xtbopt.xyz,/scratch/jaggbow/mol_xtb_coordinates/chromo5375/mmff.xyz,/scratch/jaggbow/mol_xtb_coordinates/chromo5375/basic.xyz,1,,,,,,
1166,chromo1930,O=C1c2ccccc2C(=O)C1C1C(=O)c2c3ccccc3cc3cc4ccccc4c1c23,2.2487,1.2677999999999998,1.5029942150735138,0.8002315044234112,/scratch/jaggbow/mol_xtb_coordinates/chromo1930/geom.xtbopt.xyz,/scratch/jaggbow/mol_xtb_coordinates/chromo1930/mmff.xyz,/scratch/jaggbow/mol_xtb_coordinates/chromo1930/basic.xyz,0,,,,,,
1167,chromo6438,COc1cc2c(cc1OC)C1=CC(c3ccc(Cl)cc3)C3(C(C#N)=C(C#N)N1CC2)c1ccccc1-c1ccccc13,3.2703,0.9053,3.6588467246761134,1.0786031660001414,/scratch/jaggbow/mol_xtb_coordinates/chromo6438/geom.xtbopt.xyz,/scratch/jaggbow/mol_xtb_coordinates/chromo6438/mmff.xyz,/scratch/jaggbow/mol_xtb_coordinates/chromo6438/basic.xyz,0,,,,,,
1168,chromo2007,CC1(C)c2ccccc2-c2cc3c4ccccc4n(-c4ccc(-c5nc(-c6ccccc6)nc(-c6ccccc6)n5)cc4)c3cc21,2.8082,0.2329999999999996,4.221556849380203,0.48059662728195796,/scratch/jaggbow/mol_xtb_coordinates/chromo2007/geom.xtbopt.xyz,/scratch/jaggbow/mol_xtb_coordinates/chromo2007/mmff.xyz,/scratch/jaggbow/mol_xtb_coordinates/chromo2007/basic.xyz,0,,,,,,
1169,chromo1786,CCCCC(CC)COc1ccc2nc(-c3ccc(-c4cccs4)s3)sc2c1,3.0999,1.1813999999999998,2.627712621464071,0.7838677969996121,/scratch/jaggbow/mol_xtb_coordinates/chromo1786/geom.xtbopt.xyz,/scratch/jaggbow/mol_xtb_coordinates/chromo1786/mmff.xyz,/scratch/jaggbow/mol_xtb_coordinates/chromo1786/basic.xyz,1,,,,,,
1170,chromo6517,COc1cccc(-c2[nH]c(=O)n3c2-c2ccccc2C3=O)c1O,3.1662,1.2030999999999998,2.48490151079514,0.8101604785837409,/scratch/jaggbow/mol_xtb_coordinates/chromo6517/geom.xtbopt.xyz,/scratch/jaggbow/mol_xtb_coordinates/chromo6517/mmff.xyz,/scratch/jaggbow/mol_xtb_coordinates/chromo6517/basic.xyz,0,,,,,,
1171,chromo2451,COc1ccc(C#Cc2ccc(C#Cc3ccc(P(=O)(c4ccccc4)c4ccccc4)cc3)cc2)cc1,3.2168,1.0208,3.045055381637134,0.46587602403397044,/scratch/jaggbow/mol_xtb_coordinates/chromo2451/geom.xtbopt.xyz,/scratch/jaggbow/mol_xtb_coordinates/chromo2451/mmff.xyz,/scratch/jaggbow/mol_xtb_coordinates/chromo2451/basic.xyz,1,,,,,,
1172,chromo2505,c1ccc(N(c2ccccc2)c2ccc(-c3nc(-c4ccc(N(c5ccccc5)c5ccccc5)cc4)c4ccccc4n3)cc2)cc1,2.7538,0.4620000000000002,1.5210823279016978,0.04829949673970496,/scratch/jaggbow/mol_xtb_coordinates/chromo2505/geom.xtbopt.xyz,/scratch/jaggbow/mol_xtb_coordinates/chromo2505/mmff.xyz,/scratch/jaggbow/mol_xtb_coordinates/chromo2505/basic.xyz,0,,,,,,
1173,chromo6756,O=c1c2cccc3cccc(c32)c2nc3c4ccccc4c4ccccc4c3n12,2.3959,0.6316000000000002,2.518752080091668,0.4854868131820503,/scratch/jaggbow/mol_xtb_coordinates/chromo6756/geom.xtbopt.xyz,/scratch/jaggbow/mol_xtb_coordinates/chromo6756/mmff.xyz,/scratch/jaggbow/mol_xtb_coordinates/chromo6756/basic.xyz,0,,,,,,
1174,chromo5650,CCN(CC)c1ccc2c(c1)oc(=O)c1c(C)nc3c(c(C)nn3-c3ccccc3)c12,3.3652,0.8376000000000001,2.2003558090595083,0.39675007648261873,/scratch/jaggbow/mol_xtb_coordinates/chromo5650/geom.xtbopt.xyz,/scratch/jaggbow/mol_xtb_coordinates/chromo5650/mmff.xyz,/scratch/jaggbow/mol_xtb_coordinates/chromo5650/basic.xyz,0,,,,,,
1175,chromo6456,CCCCCCc1cc2c(=O)c3cc(CCCCCC)cc4c(=O)c5cc(CCCCCC)cc6c(=O)c(c1)c2n(c34)c65,3.1719,0.6295999999999999,2.726689648968004,0.4853146357061642,/scratch/jaggbow/mol_xtb_coordinates/chromo6456/geom.xtbopt.xyz,/scratch/jaggbow/mol_xtb_coordinates/chromo6456/mmff.xyz,/scratch/jaggbow/mol_xtb_coordinates/chromo6456/basic.xyz,0,,,,,,
1176,chromo2175,O=C1c2cc(-n3c4ccccc4c4ccccc43)ccc2S(=O)(=O)c2ccc(-n3c4ccccc4c4ccccc43)cc21,2.303,0.1398000000000001,4.42160646148575,0.4534638744895532,/scratch/jaggbow/mol_xtb_coordinates/chromo2175/geom.xtbopt.xyz,/scratch/jaggbow/mol_xtb_coordinates/chromo2175/mmff.xyz,/scratch/jaggbow/mol_xtb_coordinates/chromo2175/basic.xyz,0,,,,,,
1177,chromo2290,c1ccc(C2CCN3COc4c5ccccc5c5c6c7c(c2c3c46)C(c2ccccc2)CCN7CO5)cc1,2.6556,1.0474,2.6929738705942468,0.8155564531856551,/scratch/jaggbow/mol_xtb_coordinates/chromo2290/geom.xtbopt.xyz,/scratch/jaggbow/mol_xtb_coordinates/chromo2290/mmff.xyz,/scratch/jaggbow/mol_xtb_coordinates/chromo2290/basic.xyz,0,,,,,,
1178,chromo5920,CN(C)c1ccc(-c2cc(-c3ccccc3)nn2C)cc1,4.4047,1.2729,2.704454705129625,0.2221868945280393,/scratch/jaggbow/mol_xtb_coordinates/chromo5920/geom.xtbopt.xyz,/scratch/jaggbow/mol_xtb_coordinates/chromo5920/mmff.xyz,/scratch/jaggbow/mol_xtb_coordinates/chromo5920/basic.xyz,1,,,,,,
1179,chromo0698,C[Si](C)(C)c1ccc2ccc3cccc4ccc1c2c34,3.6103,1.5343,3.6890580955586363,0.969828603879448,/scratch/jaggbow/mol_xtb_coordinates/chromo0698/geom.xtbopt.xyz,/scratch/jaggbow/mol_xtb_coordinates/chromo0698/mmff.xyz,/scratch/jaggbow/mol_xtb_coordinates/chromo0698/basic.xyz,1,,,,,,
1180,chromo3815,CCCCC(CC)Cn1c2cc(C#N)ccc2c2ccc(C#Cc3ccc4ccc5c(C#Cc6ccc7c8ccc(C#N)cc8n(CC(CC)CCCC)c7c6)ccc6ccc3c4c65)cc21,2.5177,0.9102,1.8344990813071511,0.4780242829438315,/scratch/jaggbow/mol_xtb_coordinates/chromo3815/geom.xtbopt.xyz,/scratch/jaggbow/mol_xtb_coordinates/chromo3815/mmff.xyz,/scratch/jaggbow/mol_xtb_coordinates/chromo3815/basic.xyz,1,,,,,,
1181,chromo2436,COC(=O)c1cc(=O)n(C)c2cc(-c3ccc4c(c3)OCO4)sc12,3.003,1.12,5.111917595811411,1.4913558374683245,/scratch/jaggbow/mol_xtb_coordinates/chromo2436/geom.xtbopt.xyz,/scratch/jaggbow/mol_xtb_coordinates/chromo2436/mmff.xyz,/scratch/jaggbow/mol_xtb_coordinates/chromo2436/basic.xyz,1,,,,,,
1182,chromo6079,CCNc1cc2oc(=O)c3c(=O)oc4ccccc4c3c2cc1C,3.1916,0.9260000000000002,4.355044340809028,1.092687634797601,/scratch/jaggbow/mol_xtb_coordinates/chromo6079/geom.xtbopt.xyz,/scratch/jaggbow/mol_xtb_coordinates/chromo6079/mmff.xyz,/scratch/jaggbow/mol_xtb_coordinates/chromo6079/basic.xyz,0,,,,,,
1183,chromo6458,CC(C)[Si](C#Cc1cc2c(=S)c3cc(C#C[Si](C(C)C)(C(C)C)C(C)C)cc4c(=S)c5cc(C#C[Si](C(C)C)(C(C)C)C(C)C)cc6c(=S)c(c1)c2n(c34)c65)(C(C)C)C(C)C,1.8007,0.3211999999999999,3.4043281200587403,0.4522783649184212,/scratch/jaggbow/mol_xtb_coordinates/chromo6458/geom.xtbopt.xyz,/scratch/jaggbow/mol_xtb_coordinates/chromo6458/mmff.xyz,/scratch/jaggbow/mol_xtb_coordinates/chromo6458/basic.xyz,0,,,,,,
1184,chromo0198,CCCCN1C(=Cc2c(-c3ccc(N(C)C)cc3)c(=O)c2=O)C=Cc2ccccc21,2.4404,0.9502,2.5559681808306736,1.0230880626945493,/scratch/jaggbow/mol_xtb_coordinates/chromo0198/geom.xtbopt.xyz,/scratch/jaggbow/mol_xtb_coordinates/chromo0198/mmff.xyz,/scratch/jaggbow/mol_xtb_coordinates/chromo0198/basic.xyz,0,,,,,,
1185,chromo0995,CC1=C(C#Cc2ccc([Si](c3ccccc3)(c3ccccc3)c3ccccc3)cc2)C(C)=[N+]2C1=C(c1ccccc1)c1c(C)c(C#Cc3ccc([Si](c4ccccc4)(c4ccccc4)c4ccccc4)cc3)c(C)n1[B-]2(F)F,2.2825,0.8411000000000002,1.6672571834480596,0.8396547555155897,/scratch/jaggbow/mol_xtb_coordinates/chromo0995/geom.xtbopt.xyz,/scratch/jaggbow/mol_xtb_coordinates/chromo0995/mmff.xyz,/scratch/jaggbow/mol_xtb_coordinates/chromo0995/basic.xyz,1,,,,,,
1186,chromo6394,COc1c2ccccc2c(OC)c2c(C#Cc3ccccc3)c3cc4ccccc4cc3c(C#Cc3ccccc3)c12,1.5079,1.3266,1.3401710296836566,0.848760323955861,/scratch/jaggbow/mol_xtb_coordinates/chromo6394/geom.xtbopt.xyz,/scratch/jaggbow/mol_xtb_coordinates/chromo6394/mmff.xyz,/scratch/jaggbow/mol_xtb_coordinates/chromo6394/basic.xyz,0,,,,,,
1187,chromo0199,CN(C)c1ccc(-c2c(C=C3C=Cc4ccccc4N3Cc3ccccc3)c(=O)c2=O)cc1,2.4502,0.953,2.779094087391238,1.067142467192274,/scratch/jaggbow/mol_xtb_coordinates/chromo0199/geom.xtbopt.xyz,/scratch/jaggbow/mol_xtb_coordinates/chromo0199/mmff.xyz,/scratch/jaggbow/mol_xtb_coordinates/chromo0199/basic.xyz,0,,,,,,
1188,chromo3856,C(=Cc1ccnc2ccccc12)c1ccc(C=Cc2ccnc3ccccc23)cc1,3.0296,1.1481,2.0677082528673356,0.41466096709895567,/scratch/jaggbow/mol_xtb_coordinates/chromo3856/geom.xtbopt.xyz,/scratch/jaggbow/mol_xtb_coordinates/chromo3856/mmff.xyz,/scratch/jaggbow/mol_xtb_coordinates/chromo3856/basic.xyz,0,,,,,,
1189,chromo1712,O=c1cc(-c2ccccc2)oc(-c2ccc(-c3nc4ccccn4c3NC3CCCCC3)cc2)c1,3.4372,0.8074999999999997,2.9997403385455415,0.5926460101354138,/scratch/jaggbow/mol_xtb_coordinates/chromo1712/geom.xtbopt.xyz,/scratch/jaggbow/mol_xtb_coordinates/chromo1712/mmff.xyz,/scratch/jaggbow/mol_xtb_coordinates/chromo1712/basic.xyz,0,,,,,,
1190,chromo5266,CC1=CC(C)=[N+]2C1=C(c1c3ccccc3c(C)c3ccccc13)c1c(C)cc(C)n1[B-]2(F)F,2.3999,0.8928,2.740763732096048,1.3862422256231057,/scratch/jaggbow/mol_xtb_coordinates/chromo5266/geom.xtbopt.xyz,/scratch/jaggbow/mol_xtb_coordinates/chromo5266/mmff.xyz,/scratch/jaggbow/mol_xtb_coordinates/chromo5266/basic.xyz,1,,,,,,
1191,chromo0270,CCCCn1c(-c2ccc(-c3nnc(-c4ccccc4)o3)cc2)nc2c3ccccc3c3ccccc3c21,3.1263,0.6276999999999999,3.1511853191345174,0.2339687837910836,/scratch/jaggbow/mol_xtb_coordinates/chromo0270/geom.xtbopt.xyz,/scratch/jaggbow/mol_xtb_coordinates/chromo0270/mmff.xyz,/scratch/jaggbow/mol_xtb_coordinates/chromo0270/basic.xyz,1,,,,,,
1192,chromo2044,O=P(c1ccccc1)(c1ccccc1)c1ccc(-n2c(-c3cccc(P(=O)(c4ccccc4)c4ccccc4)c3)nc3ccccc32)cc1,3.9726,0.9318,4.960120900208597,0.6973461702777289,/scratch/jaggbow/mol_xtb_coordinates/chromo2044/geom.xtbopt.xyz,/scratch/jaggbow/mol_xtb_coordinates/chromo2044/mmff.xyz,/scratch/jaggbow/mol_xtb_coordinates/chromo2044/basic.xyz,0,,,,,,
1193,chromo6223,CCCCN(CCCC)c1ccc(C#Cc2cc(C#Cc3ccc(N(CCCC)CCCC)cc3)c(C#Cc3c(F)c(F)c(F)c(F)c3F)cc2C#Cc2c(F)c(F)c(F)c(F)c2F)cc1,2.5053,0.6868000000000001,3.990555474666983,0.7309288553748853,/scratch/jaggbow/mol_xtb_coordinates/chromo6223/geom.xtbopt.xyz,/scratch/jaggbow/mol_xtb_coordinates/chromo6223/mmff.xyz,/scratch/jaggbow/mol_xtb_coordinates/chromo6223/basic.xyz,1,,,,,,
1194,chromo1102,CCOC(=O)COc1ccc(C=CC2=[N+]3C(=Cc4c5ccccc5c(-c5[nH]c(C)cc5C)n4[B-]3(F)F)C(C)=C2)cc1,2.0632,1.0866000000000002,3.002286251699278,1.2887241470418938,/scratch/jaggbow/mol_xtb_coordinates/chromo1102/geom.xtbopt.xyz,/scratch/jaggbow/mol_xtb_coordinates/chromo1102/mmff.xyz,/scratch/jaggbow/mol_xtb_coordinates/chromo1102/basic.xyz,0,,,,,,
1195,chromo2111,FC(F)(F)c1ccc(-c2nnc(-c3cc(-n4c5ccccc5c5ccccc54)c(-n4c5ccccc5c5ccccc54)cc3-c3nnc(-c4ccc(C(F)(F)F)cc4)o3)o2)cc1,2.7055,0.2829999999999999,3.026755339109549,0.19316802285383813,/scratch/jaggbow/mol_xtb_coordinates/chromo2111/geom.xtbopt.xyz,/scratch/jaggbow/mol_xtb_coordinates/chromo2111/mmff.xyz,/scratch/jaggbow/mol_xtb_coordinates/chromo2111/basic.xyz,1,,,,,,
1196,chromo2297,Clc1cc(Cl)c(B2c3ccccc3Nc3ccccc32)c(Cl)c1,3.5397,0.8194999999999997,3.987580944176683,0.8650073822633371,/scratch/jaggbow/mol_xtb_coordinates/chromo2297/geom.xtbopt.xyz,/scratch/jaggbow/mol_xtb_coordinates/chromo2297/mmff.xyz,/scratch/jaggbow/mol_xtb_coordinates/chromo2297/basic.xyz,0,,,,,,
1197,chromo3906,COc1ccc2cc(C3=[N+]4C(=Nc5c(-c6ccccc6)cc(-c6ccc7cc(OC)ccc7c6)n5[B-]4(F)F)C(c4ccccc4)=C3Br)ccc2c1,1.9011,1.0224,1.6163456805823508,0.9806921492675168,/scratch/jaggbow/mol_xtb_coordinates/chromo3906/geom.xtbopt.xyz,/scratch/jaggbow/mol_xtb_coordinates/chromo3906/mmff.xyz,/scratch/jaggbow/mol_xtb_coordinates/chromo3906/basic.xyz,0,,,,,,
1198,chromo4707,Oc1ccc(-c2ccco2)cc1-c1nc2ccccc2s1,3.1076,0.6406000000000001,3.2151649424654805,0.49683925654364625,/scratch/jaggbow/mol_xtb_coordinates/chromo4707/geom.xtbopt.xyz,/scratch/jaggbow/mol_xtb_coordinates/chromo4707/mmff.xyz,/scratch/jaggbow/mol_xtb_coordinates/chromo4707/basic.xyz,1,,,,,,
1199,chromo6568,COC(=O)C1=C(C(=O)OC)C2=CC3c4ccccc4C2([Se]1)c1ccccc13,2.9983,1.2498,1.81052368139356,0.7319519049172578,/scratch/jaggbow/mol_xtb_coordinates/chromo6568/geom.xtbopt.xyz,/scratch/jaggbow/mol_xtb_coordinates/chromo6568/mmff.xyz,/scratch/jaggbow/mol_xtb_coordinates/chromo6568/basic.xyz,0,,,,,,
1200,chromo0841,O=P1(c2ccccc2)C2=C(c3ccccc31)S(=O)(=O)c1ccccc12,3.1607,1.1674999999999998,3.4031426196309664,0.8398138883828073,/scratch/jaggbow/mol_xtb_coordinates/chromo0841/geom.xtbopt.xyz,/scratch/jaggbow/mol_xtb_coordinates/chromo0841/mmff.xyz,/scratch/jaggbow/mol_xtb_coordinates/chromo0841/basic.xyz,0,,,,,,
1201,chromo2354,CC(=O)Nc1cccc2c1C#Cc1c(cccc1C(=O)N(C)C)OCCCO2,3.5418,0.9985999999999996,3.5081732210400522,0.5057575464520643,/scratch/jaggbow/mol_xtb_coordinates/chromo2354/geom.xtbopt.xyz,/scratch/jaggbow/mol_xtb_coordinates/chromo2354/mmff.xyz,/scratch/jaggbow/mol_xtb_coordinates/chromo2354/basic.xyz,0,,,,,,
1202,chromo2398,CCN(CC)c1ccc(C=NC(C#N)=C(C#N)N=Cc2ccc(N(CC)CC)cc2O)c(O)c1,2.4349,1.0298999999999998,2.1088704847235427,0.7084042826696944,/scratch/jaggbow/mol_xtb_coordinates/chromo2398/geom.xtbopt.xyz,/scratch/jaggbow/mol_xtb_coordinates/chromo2398/mmff.xyz,/scratch/jaggbow/mol_xtb_coordinates/chromo2398/basic.xyz,1,,,,,,
1203,chromo5491,O=c1c2ccc(N3CCCCC3)cc2oc2cc(N3CCCCC3)ccc12,3.7285,0.7292000000000001,3.745797372215942,0.6366327072435813,/scratch/jaggbow/mol_xtb_coordinates/chromo5491/geom.xtbopt.xyz,/scratch/jaggbow/mol_xtb_coordinates/chromo5491/mmff.xyz,/scratch/jaggbow/mol_xtb_coordinates/chromo5491/basic.xyz,0,,,,,,
1204,chromo5602,CCCCN1C(=O)C2=C(c3ccc(Br)cc3)NC(=O)C2=C1c1ccc(Br)cc1,2.5794,1.4025,2.780112896943158,1.2603901042785974,/scratch/jaggbow/mol_xtb_coordinates/chromo5602/geom.xtbopt.xyz,/scratch/jaggbow/mol_xtb_coordinates/chromo5602/mmff.xyz,/scratch/jaggbow/mol_xtb_coordinates/chromo5602/basic.xyz,0,,,,,,
1205,chromo4981,Cc1cc(C)c(B(c2c(C)cc(C)cc2C)c2c(C)cccc2-n2c3ccc(C(C)(C)C)cc3c3cc(C(C)(C)C)ccc32)c(C)c1,2.7656,0.0481000000000002,2.897095105632137,-0.059080936226461746,/scratch/jaggbow/mol_xtb_coordinates/chromo4981/geom.xtbopt.xyz,/scratch/jaggbow/mol_xtb_coordinates/chromo4981/mmff.xyz,/scratch/jaggbow/mol_xtb_coordinates/chromo4981/basic.xyz,1,,,,,,
1206,chromo6107,CC(C)[Si](C#Cc1ccc(C#C[Si](C(C)C)(C(C)C)C(C)C)c2nc3ccccc3nc12)(C(C)C)C(C)C,2.5946,1.0502999999999998,2.828901104294453,0.7122497237266131,/scratch/jaggbow/mol_xtb_coordinates/chromo6107/geom.xtbopt.xyz,/scratch/jaggbow/mol_xtb_coordinates/chromo6107/mmff.xyz,/scratch/jaggbow/mol_xtb_coordinates/chromo6107/basic.xyz,0,,,,,,
1207,chromo0566,c1ccc(-c2nc(-c3ccccc3)n3ccccc23)cc1,3.2323,0.987,3.775723398837399,0.7662350276403083,/scratch/jaggbow/mol_xtb_coordinates/chromo0566/geom.xtbopt.xyz,/scratch/jaggbow/mol_xtb_coordinates/chromo0566/mmff.xyz,/scratch/jaggbow/mol_xtb_coordinates/chromo0566/basic.xyz,0,,,,,,
1208,chromo3374,COc1cc(OC)cc(C2=CC(c3ccccc3)=C(c3ccccc3)C2)c1,3.2749,1.4041,3.6852102479095525,1.1193212716731,/scratch/jaggbow/mol_xtb_coordinates/chromo3374/geom.xtbopt.xyz,/scratch/jaggbow/mol_xtb_coordinates/chromo3374/mmff.xyz,/scratch/jaggbow/mol_xtb_coordinates/chromo3374/basic.xyz,1,,,,,,
1209,chromo0643,N#Cc1cc(-n2c3ccccc3c3ccccc32)c(-n2c3ccccc3c3ccccc32)cc1C#N,2.8482,0.3422,3.6742196940554543,0.3814956832289715,/scratch/jaggbow/mol_xtb_coordinates/chromo0643/geom.xtbopt.xyz,/scratch/jaggbow/mol_xtb_coordinates/chromo0643/mmff.xyz,/scratch/jaggbow/mol_xtb_coordinates/chromo0643/basic.xyz,1,,,,,,
1210,chromo2506,CN(C)c1ccc(C#Cc2ncnc3ccccc23)cc1,3.106,0.8976999999999999,2.692253336102074,0.09592129338198163,/scratch/jaggbow/mol_xtb_coordinates/chromo2506/geom.xtbopt.xyz,/scratch/jaggbow/mol_xtb_coordinates/chromo2506/mmff.xyz,/scratch/jaggbow/mol_xtb_coordinates/chromo2506/basic.xyz,0,,,,,,
1211,chromo4518,CCN1c2ccc(-c3cc(-c4ccccc4)[nH]n3)cc2Sc2cc(-c3cc(-c4ccccc4)[nH]n3)ccc21,3.4732,0.6804999999999999,4.288354121114175,0.6878380313426482,/scratch/jaggbow/mol_xtb_coordinates/chromo4518/geom.xtbopt.xyz,/scratch/jaggbow/mol_xtb_coordinates/chromo4518/mmff.xyz,/scratch/jaggbow/mol_xtb_coordinates/chromo4518/basic.xyz,0,,,,,,
1212,chromo0278,COc1c2ccccc2c(OC)c2c1c1ccc(C)cc1n2C,3.2722,1.0452000000000004,5.291681755080018,1.2086279409603478,/scratch/jaggbow/mol_xtb_coordinates/chromo0278/geom.xtbopt.xyz,/scratch/jaggbow/mol_xtb_coordinates/chromo0278/mmff.xyz,/scratch/jaggbow/mol_xtb_coordinates/chromo0278/basic.xyz,0,,,,,,
1213,chromo1535,COc1ccc(C(=O)NN2C3=C(CC4=C2CCCC4=O)C(=O)CCC3)cc1,3.4881,1.0358,0.9641424090439634,0.31466196498893056,/scratch/jaggbow/mol_xtb_coordinates/chromo1535/geom.xtbopt.xyz,/scratch/jaggbow/mol_xtb_coordinates/chromo1535/mmff.xyz,/scratch/jaggbow/mol_xtb_coordinates/chromo1535/basic.xyz,0,,,,,,
1214,chromo4769,c1ccc(C2=C3C4=C(C5=[N+]3[B-]3(Oc6ccccc65)Oc5ccccc5-c5c6c(c2n53)C2CCC6CC2)C2CCC4CC2)cc1,2.2731,0.9352999999999998,0.543635527160329,0.4781149574133575,/scratch/jaggbow/mol_xtb_coordinates/chromo4769/geom.xtbopt.xyz,/scratch/jaggbow/mol_xtb_coordinates/chromo4769/mmff.xyz,/scratch/jaggbow/mol_xtb_coordinates/chromo4769/basic.xyz,0,,,,,,
1215,chromo5446,N#Cc1cc(-c2ccc(C=Cc3ccc(N(c4ccccc4)c4ccccc4)cc3)c(C#N)c2)ccc1C=Cc1ccc(N(c2ccccc2)c2ccccc2)cc1,2.4569,0.6603000000000001,3.1974568664235097,0.5747608237344976,/scratch/jaggbow/mol_xtb_coordinates/chromo5446/geom.xtbopt.xyz,/scratch/jaggbow/mol_xtb_coordinates/chromo5446/mmff.xyz,/scratch/jaggbow/mol_xtb_coordinates/chromo5446/basic.xyz,1,,,,,,
1216,chromo6778,CCCCCCCC(CCCCCCC)N1C(=O)c2c(C#N)cc3c4cc(C#N)c5c6c(c(C#N)cc(c7cc(C#N)c(c2c37)C1=O)c64)C(=O)N(C(CCCCCCC)CCCCCCC)C5=O,2.3964,1.1324999999999998,2.782825146509263,0.9441423516104797,/scratch/jaggbow/mol_xtb_coordinates/chromo6778/geom.xtbopt.xyz,/scratch/jaggbow/mol_xtb_coordinates/chromo6778/mmff.xyz,/scratch/jaggbow/mol_xtb_coordinates/chromo6778/basic.xyz,0,,,,,,
1217,chromo1947,COC(=O)c1c2ccccc2nc2ccccc12,3.1367,1.3369999999999995,4.256300448923495,1.1873498201085224,/scratch/jaggbow/mol_xtb_coordinates/chromo1947/geom.xtbopt.xyz,/scratch/jaggbow/mol_xtb_coordinates/chromo1947/mmff.xyz,/scratch/jaggbow/mol_xtb_coordinates/chromo1947/basic.xyz,0,,,,,,
1218,chromo0697,CC(C)(C)c1ccc2ccc3cccc4ccc1c2c34,3.63,1.5532,3.157860932897847,0.8404809626712937,/scratch/jaggbow/mol_xtb_coordinates/chromo0697/geom.xtbopt.xyz,/scratch/jaggbow/mol_xtb_coordinates/chromo0697/mmff.xyz,/scratch/jaggbow/mol_xtb_coordinates/chromo0697/basic.xyz,1,,,,,,
1219,chromo2853,CN(C)c1ccc(-c2ccc(C=Cc3ccncn3)cc2)cc1,2.9406,0.8268999999999997,1.4068089715938843,0.21670102516795786,/scratch/jaggbow/mol_xtb_coordinates/chromo2853/geom.xtbopt.xyz,/scratch/jaggbow/mol_xtb_coordinates/chromo2853/mmff.xyz,/scratch/jaggbow/mol_xtb_coordinates/chromo2853/basic.xyz,1,,,,,,
1220,chromo3909,COc1ccc2cc(C3=[N+]4C(=Nc5c(-c6ccc7ccccc7c6)cc(-c6ccc7cc(OC)ccc7c6)n5[B-]4(F)F)C(c4ccc5ccccc5c4)=C3)ccc2c1,1.8485,1.0104000000000002,2.290055514375658,1.0952727444854973,/scratch/jaggbow/mol_xtb_coordinates/chromo3909/geom.xtbopt.xyz,/scratch/jaggbow/mol_xtb_coordinates/chromo3909/mmff.xyz,/scratch/jaggbow/mol_xtb_coordinates/chromo3909/basic.xyz,0,,,,,,
1221,chromo2296,ClB1c2ccccc2Nc2ccccc21,3.5605,0.8044000000000002,3.617347277275352,0.7974984256460868,/scratch/jaggbow/mol_xtb_coordinates/chromo2296/geom.xtbopt.xyz,/scratch/jaggbow/mol_xtb_coordinates/chromo2296/mmff.xyz,/scratch/jaggbow/mol_xtb_coordinates/chromo2296/basic.xyz,0,,,,,,
1222,chromo3844,Oc1cc2c(cc1-c1nc3c4ccccc4c4ccccc4c3[nH]1)c1ccccc1n2-c1ccccc1,3.4782,0.8134000000000001,2.157895342301925,0.10130052820548491,/scratch/jaggbow/mol_xtb_coordinates/chromo3844/geom.xtbopt.xyz,/scratch/jaggbow/mol_xtb_coordinates/chromo3844/mmff.xyz,/scratch/jaggbow/mol_xtb_coordinates/chromo3844/basic.xyz,0,,,,,,
1223,chromo5345,CC(C)(C)NC(=O)c1cccc2ccc3c4cc(F)ccc4c4ccc(F)cc4c3c12,3.4647,1.146,3.768729813770328,0.6576142814214159,/scratch/jaggbow/mol_xtb_coordinates/chromo5345/geom.xtbopt.xyz,/scratch/jaggbow/mol_xtb_coordinates/chromo5345/mmff.xyz,/scratch/jaggbow/mol_xtb_coordinates/chromo5345/basic.xyz,0,,,,,,
1224,chromo5346,CC(C)(C)NC(=O)c1cccc2ccc3c4cc(Cl)ccc4c4ccc(Cl)cc4c3c12,3.474,1.1631,2.583239731900371,0.360834120381423,/scratch/jaggbow/mol_xtb_coordinates/chromo5346/geom.xtbopt.xyz,/scratch/jaggbow/mol_xtb_coordinates/chromo5346/mmff.xyz,/scratch/jaggbow/mol_xtb_coordinates/chromo5346/basic.xyz,0,,,,,,
1225,chromo5459,CC1=C(C)c2cccc3c2c(cc2nc4ccccc4nc23)O1,2.6044,0.7470000000000001,3.492465632537371,0.8668314444813425,/scratch/jaggbow/mol_xtb_coordinates/chromo5459/geom.xtbopt.xyz,/scratch/jaggbow/mol_xtb_coordinates/chromo5459/mmff.xyz,/scratch/jaggbow/mol_xtb_coordinates/chromo5459/basic.xyz,0,,,,,,
1226,chromo5731,O=C1c2ccccc2C2=Cc3ccc4ccccc4[n+]3[B-](F)(F)N12,3.0351,1.0472,3.063538848251942,0.9932878606521539,/scratch/jaggbow/mol_xtb_coordinates/chromo5731/geom.xtbopt.xyz,/scratch/jaggbow/mol_xtb_coordinates/chromo5731/mmff.xyz,/scratch/jaggbow/mol_xtb_coordinates/chromo5731/basic.xyz,0,,,,,,
1227,chromo3243,Cc1ccc2c(CC(=O)NN)coc2c1,4.979,1.6848,5.368828248026719,0.895004220854615,/scratch/jaggbow/mol_xtb_coordinates/chromo3243/geom.xtbopt.xyz,/scratch/jaggbow/mol_xtb_coordinates/chromo3243/mmff.xyz,/scratch/jaggbow/mol_xtb_coordinates/chromo3243/basic.xyz,0,,,,,,
1228,chromo3554,C(#Cc1cccc2ccccc12)c1ncc(-c2ccccc2)o1,3.2632,1.1868,3.4716214263732024,0.8258135472116312,/scratch/jaggbow/mol_xtb_coordinates/chromo3554/geom.xtbopt.xyz,/scratch/jaggbow/mol_xtb_coordinates/chromo3554/mmff.xyz,/scratch/jaggbow/mol_xtb_coordinates/chromo3554/basic.xyz,1,,,,,,
1229,chromo0281,COc1ccc2c3c(OC)c4ccccc4c(OC)c3n(C)c2c1,3.3362,1.0884999999999998,4.062259018477315,0.878530057658741,/scratch/jaggbow/mol_xtb_coordinates/chromo0281/geom.xtbopt.xyz,/scratch/jaggbow/mol_xtb_coordinates/chromo0281/mmff.xyz,/scratch/jaggbow/mol_xtb_coordinates/chromo0281/basic.xyz,0,,,,,,
1230,chromo2264,c1ccc2c(c1)c1ccccc1n2-c1ccc(-c2ccc(-n3c4ccccc4c4ccccc43)nc2-n2c3ccccc3c3ccccc32)nn1,3.1688,0.4733,1.7181067001644563,-0.16012665287765382,/scratch/jaggbow/mol_xtb_coordinates/chromo2264/geom.xtbopt.xyz,/scratch/jaggbow/mol_xtb_coordinates/chromo2264/mmff.xyz,/scratch/jaggbow/mol_xtb_coordinates/chromo2264/basic.xyz,1,,,,,,
1231,chromo2996,N#Cc1cnc(-c2c3ccccc3c(-c3ncc(C#N)cn3)c3ccccc23)nc1,2.5676,0.9419000000000002,1.8337432624167438,0.7022723735392535,/scratch/jaggbow/mol_xtb_coordinates/chromo2996/geom.xtbopt.xyz,/scratch/jaggbow/mol_xtb_coordinates/chromo2996/mmff.xyz,/scratch/jaggbow/mol_xtb_coordinates/chromo2996/basic.xyz,1,,,,,,
1232,chromo3328,Cc1cc(O)c(C(C)C)cc1N=Cc1ccc([N+](=O)[O-])cc1,2.7162,0.6975000000000002,1.89263188445337,0.26465774343701093,/scratch/jaggbow/mol_xtb_coordinates/chromo3328/geom.xtbopt.xyz,/scratch/jaggbow/mol_xtb_coordinates/chromo3328/mmff.xyz,/scratch/jaggbow/mol_xtb_coordinates/chromo3328/basic.xyz,1,,,,,,
1233,chromo6266,COc1ccc(C#Cc2c3ccccc3c(C#Cc3ccc(OC)cc3)c3cc4ccccc4cc23)cc1,1.9794,1.1761,3.0523270643384155,1.1915198281872772,/scratch/jaggbow/mol_xtb_coordinates/chromo6266/geom.xtbopt.xyz,/scratch/jaggbow/mol_xtb_coordinates/chromo6266/mmff.xyz,/scratch/jaggbow/mol_xtb_coordinates/chromo6266/basic.xyz,0,,,,,,
1234,chromo2530,Cc1cc(C)c(C2=C3C=C(C=CC(=O)OC(C)(C)C)C=[N+]3[B-](F)(F)n3c2ccc3N2CCCC2)c(C)c1,2.7405,1.3107,3.1562552422066723,1.4807990109587061,/scratch/jaggbow/mol_xtb_coordinates/chromo2530/geom.xtbopt.xyz,/scratch/jaggbow/mol_xtb_coordinates/chromo2530/mmff.xyz,/scratch/jaggbow/mol_xtb_coordinates/chromo2530/basic.xyz,1,,,,,,
1235,chromo4834,CC1(C)c2ccccc2N(c2ccc(-c3nc(-c4ccccn4)n(-c4ccc(N5c6ccccc6C(C)(C)c6ccccc65)cc4)n3)cc2)c2ccccc21,2.9776,0.0048999999999996,4.009416456715639,0.5140823750977677,/scratch/jaggbow/mol_xtb_coordinates/chromo4834/geom.xtbopt.xyz,/scratch/jaggbow/mol_xtb_coordinates/chromo4834/mmff.xyz,/scratch/jaggbow/mol_xtb_coordinates/chromo4834/basic.xyz,0,,,,,,
1236,chromo5109,[O-]c1c(-c2ccccc2)cc(-[n+]2c(-c3ccccc3)cc(-c3ccccc3)cc2-c2ccccc2)cc1-c1ccccc1,1.4926,1.0229,2.1722038576556937,1.2133401864646245,/scratch/jaggbow/mol_xtb_coordinates/chromo5109/geom.xtbopt.xyz,/scratch/jaggbow/mol_xtb_coordinates/chromo5109/mmff.xyz,/scratch/jaggbow/mol_xtb_coordinates/chromo5109/basic.xyz,1,,,,,,
1237,chromo3467,CCOC(=O)c1c(-c2cc3ccccc3oc2=O)nn(-c2ccc(Cl)cc2)c1C(=O)OCC,3.9147,1.2906,4.4616966516102945,1.007378017142489,/scratch/jaggbow/mol_xtb_coordinates/chromo3467/geom.xtbopt.xyz,/scratch/jaggbow/mol_xtb_coordinates/chromo3467/mmff.xyz,/scratch/jaggbow/mol_xtb_coordinates/chromo3467/basic.xyz,1,,,,,,
1238,chromo6443,COc1cc2c(cc1OC)C1=CC(c3ccccc3)C3(C(C#N)=C(C#N)N1CC2)c1cc(Br)ccc1-c1ccc(Br)cc13,3.2243,0.8885999999999998,4.495851669928458,1.2978769726618211,/scratch/jaggbow/mol_xtb_coordinates/chromo6443/geom.xtbopt.xyz,/scratch/jaggbow/mol_xtb_coordinates/chromo6443/mmff.xyz,/scratch/jaggbow/mol_xtb_coordinates/chromo6443/basic.xyz,0,,,,,,
1239,chromo6761,CC(C)[Si](C#Cc1c2cc3ccccc3cc2c(C#C[Si](C)(C)C)c2cc3ccccc3cc12)(C(C)C)C(C)C,1.6915,1.3358,1.0976859130537593,0.828235026727085,/scratch/jaggbow/mol_xtb_coordinates/chromo6761/geom.xtbopt.xyz,/scratch/jaggbow/mol_xtb_coordinates/chromo6761/mmff.xyz,/scratch/jaggbow/mol_xtb_coordinates/chromo6761/basic.xyz,0,,,,,,
1240,chromo4219,CC(C)(C)c1ccc2c(c1)sc1[n+]2[B-](F)(F)n2c(c3cccc4c(Br)ccc2c43)=N1,2.6836,0.8941000000000001,2.733642305961916,0.7018591809515636,/scratch/jaggbow/mol_xtb_coordinates/chromo4219/geom.xtbopt.xyz,/scratch/jaggbow/mol_xtb_coordinates/chromo4219/mmff.xyz,/scratch/jaggbow/mol_xtb_coordinates/chromo4219/basic.xyz,0,,,,,,
1241,chromo2524,COC(=O)C=CC1=CC2=C(c3c(C)cc(C)cc3C)c3cc(C=CC(=O)OC)cn3[B-](F)(F)[N+]2=C1,2.5244,0.9965,2.4900965626144536,1.037780769039871,/scratch/jaggbow/mol_xtb_coordinates/chromo2524/geom.xtbopt.xyz,/scratch/jaggbow/mol_xtb_coordinates/chromo2524/mmff.xyz,/scratch/jaggbow/mol_xtb_coordinates/chromo2524/basic.xyz,1,,,,,,
1242,chromo4602,COc1ccc(-c2cc3c(ccc4sc5ccc6sccc6c5c43)s2)cc1,3.3629,0.9634999999999998,5.19580390521637,1.0732813485314028,/scratch/jaggbow/mol_xtb_coordinates/chromo4602/geom.xtbopt.xyz,/scratch/jaggbow/mol_xtb_coordinates/chromo4602/mmff.xyz,/scratch/jaggbow/mol_xtb_coordinates/chromo4602/basic.xyz,0,,,,,,
1243,chromo5556,CCc1c(C)[nH]c(C2=[N+]3C(=Cc4c(C)c(CC)c(C)n4[B-]3(F)F)c3ccccc32)c1C,2.3486,1.1900999999999995,2.0872281503772996,1.1063539710588435,/scratch/jaggbow/mol_xtb_coordinates/chromo5556/geom.xtbopt.xyz,/scratch/jaggbow/mol_xtb_coordinates/chromo5556/mmff.xyz,/scratch/jaggbow/mol_xtb_coordinates/chromo5556/basic.xyz,0,,,,,,
1244,chromo2758,CCCCCCN(CCCCCC)c1ccc(C#Cc2ccc(N(CCCCCC)CCCCCC)cc2)cc1,3.6171,1.1293000000000002,3.7528950817164466,0.7585184012728731,/scratch/jaggbow/mol_xtb_coordinates/chromo2758/geom.xtbopt.xyz,/scratch/jaggbow/mol_xtb_coordinates/chromo2758/mmff.xyz,/scratch/jaggbow/mol_xtb_coordinates/chromo2758/basic.xyz,1,,,,,,
1245,chromo5570,CCOC(=O)COc1ccc(C=Cc2cc(C)c3n2[B-](F)(F)[N+]2=C(c4[nH]c(C)cc4C)c4ccccc4C2=C3)cc1,2.0632,1.0866000000000002,1.0415947518908664,0.8011530272700531,/scratch/jaggbow/mol_xtb_coordinates/chromo5570/geom.xtbopt.xyz,/scratch/jaggbow/mol_xtb_coordinates/chromo5570/mmff.xyz,/scratch/jaggbow/mol_xtb_coordinates/chromo5570/basic.xyz,0,,,,,,
1246,chromo3288,N#CSC1=CC2=C(c3ccccc3)c3ccc(N4CCOCC4)n3[B-](F)(F)[N+]2=C1N1CCOCC1,2.5025,1.2197,3.3114498545726847,1.6890221661489588,/scratch/jaggbow/mol_xtb_coordinates/chromo3288/geom.xtbopt.xyz,/scratch/jaggbow/mol_xtb_coordinates/chromo3288/mmff.xyz,/scratch/jaggbow/mol_xtb_coordinates/chromo3288/basic.xyz,1,,,,,,
1247,chromo3408,Cc1ccc(C(=O)C=C2C(=O)Nc3ccccc32)cc1,3.3249,1.061,0.29596063083255686,-0.13395111328005177,/scratch/jaggbow/mol_xtb_coordinates/chromo3408/geom.xtbopt.xyz,/scratch/jaggbow/mol_xtb_coordinates/chromo3408/mmff.xyz,/scratch/jaggbow/mol_xtb_coordinates/chromo3408/basic.xyz,0,,,,,,
1248,chromo0753,COc1ccc(C=Cc2cc(C=Cc3ccc(OC)cc3)ncn2)cc1,3.2283,0.9983,4.335676598447598,0.9628474853252742,/scratch/jaggbow/mol_xtb_coordinates/chromo0753/geom.xtbopt.xyz,/scratch/jaggbow/mol_xtb_coordinates/chromo0753/mmff.xyz,/scratch/jaggbow/mol_xtb_coordinates/chromo0753/basic.xyz,1,,,,,,
1249,chromo3127,Cc1ccc(-c2c3nc(c(-c4ccc(C)cc4)c4ccc(s4)c(-c4ccc(C)cc4)c4nc(c(-c5ccc(C)cc5)c5ccc2s5)C=C4)C=C3)cc1,2.0074,0.7532000000000001,2.0397352189603106,0.10983635319804579,/scratch/jaggbow/mol_xtb_coordinates/chromo3127/geom.xtbopt.xyz,/scratch/jaggbow/mol_xtb_coordinates/chromo3127/mmff.xyz,/scratch/jaggbow/mol_xtb_coordinates/chromo3127/basic.xyz,0,,,,,,
1250,chromo0275,CCCCn1c(-c2ccc(-c3nnc(-c4ccc(-c5nc6c7ccccc7c7ccccc7c6n5CCCC)cc4)o3)cc2)nc2c3ccccc3c3ccccc3c21,2.9348,0.5264000000000002,3.5593738575324836,0.30120074256514295,/scratch/jaggbow/mol_xtb_coordinates/chromo0275/geom.xtbopt.xyz,/scratch/jaggbow/mol_xtb_coordinates/chromo0275/mmff.xyz,/scratch/jaggbow/mol_xtb_coordinates/chromo0275/basic.xyz,1,,,,,,
1251,chromo1104,CCOC(=O)COc1ccc(C=CC2=C3C(C)=CC(C=Cc4ccc(OCC(=O)OCC)cc4)=[N+]3[B-](F)(F)n3c2c2ccccc2c3-c2[nH]c(C)cc2C)cc1,1.9905,1.0011,0.9146579194654387,0.6781361003534787,/scratch/jaggbow/mol_xtb_coordinates/chromo1104/geom.xtbopt.xyz,/scratch/jaggbow/mol_xtb_coordinates/chromo1104/mmff.xyz,/scratch/jaggbow/mol_xtb_coordinates/chromo1104/basic.xyz,0,,,,,,
1252,chromo4347,CCCc1ccc(C#Cc2cc(C#Cc3ccc(N(C)C)cc3)c3ccc4c(C#Cc5ccc(N(C)C)cc5)cc(C#Cc5ccc(CCC)cc5)c5ccc2c3c54)cc1,2.2041,0.8618999999999999,4.1420425134603684,1.0164016662555138,/scratch/jaggbow/mol_xtb_coordinates/chromo4347/geom.xtbopt.xyz,/scratch/jaggbow/mol_xtb_coordinates/chromo4347/mmff.xyz,/scratch/jaggbow/mol_xtb_coordinates/chromo4347/basic.xyz,1,,,,,,
1253,chromo5449,N#Cc1cc(C=Cc2ccc(N(c3ccccc3)c3ccccc3)cc2)ccc1C=Cc1ccc(C=Cc2ccc(N(c3ccccc3)c3ccccc3)cc2)cc1C#N,2.2342,0.6886999999999999,4.333733037370939,0.8330089855878277,/scratch/jaggbow/mol_xtb_coordinates/chromo5449/geom.xtbopt.xyz,/scratch/jaggbow/mol_xtb_coordinates/chromo5449/mmff.xyz,/scratch/jaggbow/mol_xtb_coordinates/chromo5449/basic.xyz,1,,,,,,
1254,chromo1808,COC(=O)C=CC=Cc1ccc(N(C)C)cc1,3.3485,1.4484,3.508743824699281,1.2327632166763907,/scratch/jaggbow/mol_xtb_coordinates/chromo1808/geom.xtbopt.xyz,/scratch/jaggbow/mol_xtb_coordinates/chromo1808/mmff.xyz,/scratch/jaggbow/mol_xtb_coordinates/chromo1808/basic.xyz,1,,,,,,
1255,chromo3548,C(=Cc1ncc(-c2ccc(OCc3ccccc3)c(OCc3ccccc3)c2)o1)c1cccc(N2CCCC2)c1,3.1198,1.1207,2.839629998424045,0.5189129029429583,/scratch/jaggbow/mol_xtb_coordinates/chromo3548/geom.xtbopt.xyz,/scratch/jaggbow/mol_xtb_coordinates/chromo3548/mmff.xyz,/scratch/jaggbow/mol_xtb_coordinates/chromo3548/basic.xyz,0,,,,,,
1256,chromo4693,c1ccc(-c2c3ccccc3nc3cc4ccccc4cc23)cc1,2.4755,1.2878999999999998,2.127912050663826,0.8546381788054823,/scratch/jaggbow/mol_xtb_coordinates/chromo4693/geom.xtbopt.xyz,/scratch/jaggbow/mol_xtb_coordinates/chromo4693/mmff.xyz,/scratch/jaggbow/mol_xtb_coordinates/chromo4693/basic.xyz,0,,,,,,
1257,chromo1112,F[B-]1(F)n2c(-c3ccccc3)cc(-c3cccs3)c2N=C2C(c3cccs3)=CC(c3ccccc3)=[N+]21,2.0518,1.226,2.206418972850667,1.0688169978975794,/scratch/jaggbow/mol_xtb_coordinates/chromo1112/geom.xtbopt.xyz,/scratch/jaggbow/mol_xtb_coordinates/chromo1112/mmff.xyz,/scratch/jaggbow/mol_xtb_coordinates/chromo1112/basic.xyz,0,,,,,,
1258,chromo4222,CC(C)(C)c1ccc2c(c1)sc1[n+]2[B-](F)(F)n2c(c3cccc4cccc2c43)=C1C#N,2.6058,0.9471999999999998,2.8958872602769303,0.8801697150287725,/scratch/jaggbow/mol_xtb_coordinates/chromo4222/geom.xtbopt.xyz,/scratch/jaggbow/mol_xtb_coordinates/chromo4222/mmff.xyz,/scratch/jaggbow/mol_xtb_coordinates/chromo4222/basic.xyz,0,,,,,,
1259,chromo4587,Cc1ccc(-c2c3nc(c(-c4ccc(C)cc4)c4ccc([nH]4)c(-c4ccc(OC(=O)C(C)c5cccc(C(=O)c6ccccc6)c5)cc4)c4nc(c(-c5ccc(C)cc5)c5ccc2[nH]5)C=C4)C=C3)cc1,2.1435,0.7832999999999999,1.6275469229797004,0.08033573160699826,/scratch/jaggbow/mol_xtb_coordinates/chromo4587/geom.xtbopt.xyz,/scratch/jaggbow/mol_xtb_coordinates/chromo4587/mmff.xyz,/scratch/jaggbow/mol_xtb_coordinates/chromo4587/basic.xyz,0,,,,,,
1260,chromo5473,CCCCOc1ccc(-c2cc3c(o2)c(-c2ccc(OCCCC)cc2)c2n3[B-](F)(F)[N+]3=Cc4c(-c5ccc(OCCCC)cc5)c5oc(-c6ccc(OCCCC)cc6)cc5n4[B-](F)(F)[N+]3=C2)cc1,2.1966,0.7979,2.3178419040807463,0.8735796819206281,/scratch/jaggbow/mol_xtb_coordinates/chromo5473/geom.xtbopt.xyz,/scratch/jaggbow/mol_xtb_coordinates/chromo5473/mmff.xyz,/scratch/jaggbow/mol_xtb_coordinates/chromo5473/basic.xyz,0,,,,,,
1261,chromo1224,CC1=C2C=CC=[N+]2[B-](F)(F)n2cccc21,3.1588,1.4897999999999998,2.293877182648691,1.333134333388708,/scratch/jaggbow/mol_xtb_coordinates/chromo1224/geom.xtbopt.xyz,/scratch/jaggbow/mol_xtb_coordinates/chromo1224/mmff.xyz,/scratch/jaggbow/mol_xtb_coordinates/chromo1224/basic.xyz,1,,,,,,
1262,chromo2008,c1ccc(-c2nc(-c3ccccc3)nc(-c3ccc(-n4c5ccccc5c5c6c(ccc54)-c4ccccc4C6(c4ccccc4)c4ccccc4)cc3)n2)cc1,2.7647,0.2094,4.691697584002533,0.6079331512094097,/scratch/jaggbow/mol_xtb_coordinates/chromo2008/geom.xtbopt.xyz,/scratch/jaggbow/mol_xtb_coordinates/chromo2008/mmff.xyz,/scratch/jaggbow/mol_xtb_coordinates/chromo2008/basic.xyz,0,,,,,,
1263,chromo2237,c1ccc2c(c1)-c1ccccc1C21c2cc(-c3ccc(-n4c5ccccc5c5ccccc54)cc3)ccc2Sc2ccc(-c3ccc(-n4c5ccccc5c5ccccc54)cc3)cc21,3.5387,0.6286999999999998,2.8600784811943525,0.19542738696316259,/scratch/jaggbow/mol_xtb_coordinates/chromo2237/geom.xtbopt.xyz,/scratch/jaggbow/mol_xtb_coordinates/chromo2237/mmff.xyz,/scratch/jaggbow/mol_xtb_coordinates/chromo2237/basic.xyz,0,,,,,,
1264,chromo3558,C(#Cc1cccs1)c1ncc(-c2ccccc2)o1,3.4324,1.2974,5.561621209334293,1.4035162687237939,/scratch/jaggbow/mol_xtb_coordinates/chromo3558/geom.xtbopt.xyz,/scratch/jaggbow/mol_xtb_coordinates/chromo3558/mmff.xyz,/scratch/jaggbow/mol_xtb_coordinates/chromo3558/basic.xyz,0,,,,,,
1265,chromo3707,C(#Cc1cc(C#Cc2ccccc2)c(C#Cc2ccccc2)c(C#Cc2ccccc2)c1C#Cc1ccccc1)c1ccccc1,2.8765,0.9625,4.149850943260349,0.6862246416581956,/scratch/jaggbow/mol_xtb_coordinates/chromo3707/geom.xtbopt.xyz,/scratch/jaggbow/mol_xtb_coordinates/chromo3707/mmff.xyz,/scratch/jaggbow/mol_xtb_coordinates/chromo3707/basic.xyz,1,,,,,,
1266,chromo1462,CCCCCCCC(=O)Oc1ccc2c3cccc4c(OC(=O)CCCCCCC)ccc(c5cccc1c52)c43,2.7821,1.2865999999999995,1.6105433753282363,0.6475524133080457,/scratch/jaggbow/mol_xtb_coordinates/chromo1462/geom.xtbopt.xyz,/scratch/jaggbow/mol_xtb_coordinates/chromo1462/mmff.xyz,/scratch/jaggbow/mol_xtb_coordinates/chromo1462/basic.xyz,0,,,,,,
1267,chromo0762,COc1ccc(C=Cc2nc(C=Cc3ccc(N(c4ccccc4)c4ccccc4)cc3)cc(C=Cc3ccc(N(c4ccccc4)c4ccccc4)cc3)n2)cc1,2.6945,0.6539999999999999,3.98794563569245,0.729350362128284,/scratch/jaggbow/mol_xtb_coordinates/chromo0762/geom.xtbopt.xyz,/scratch/jaggbow/mol_xtb_coordinates/chromo0762/mmff.xyz,/scratch/jaggbow/mol_xtb_coordinates/chromo0762/basic.xyz,1,,,,,,
1268,chromo2812,CCN(CC)c1ccc2cc(-c3nc4cc(C(=O)Nc5cccc(OC)c5)ccc4o3)c(=O)oc2c1,3.1021,1.003,2.1064763022111146,0.6192620646901972,/scratch/jaggbow/mol_xtb_coordinates/chromo2812/geom.xtbopt.xyz,/scratch/jaggbow/mol_xtb_coordinates/chromo2812/mmff.xyz,/scratch/jaggbow/mol_xtb_coordinates/chromo2812/basic.xyz,1,,,,,,
1269,chromo0253,COc1ccc2cc(C#CC3=C4CCc5ccccc5C4=[O+][B-](F)(F)O3)ccc2c1,2.925,0.8663999999999996,4.353344977421813,1.2393879548179143,/scratch/jaggbow/mol_xtb_coordinates/chromo0253/geom.xtbopt.xyz,/scratch/jaggbow/mol_xtb_coordinates/chromo0253/mmff.xyz,/scratch/jaggbow/mol_xtb_coordinates/chromo0253/basic.xyz,0,,,,,,
1270,chromo4813,CCN(CC)c1ccc2cc(-c3nc4c5cccc6ccc7cccc(c7c65)c4n3-c3ccc(C(C)(C)C)cc3)c(=O)oc2c1,2.8303,0.6520999999999999,3.7553066877022894,0.9312403044733806,/scratch/jaggbow/mol_xtb_coordinates/chromo4813/geom.xtbopt.xyz,/scratch/jaggbow/mol_xtb_coordinates/chromo4813/mmff.xyz,/scratch/jaggbow/mol_xtb_coordinates/chromo4813/basic.xyz,0,,,,,,
1271,chromo2492,CC(C)c1cccc(C(C)C)c1N1C(=O)c2ccc3c4c(-c5ccc(C(=O)O)cc5)c5ccc6c7c(cc8c9cc(C(=O)O)ccc9c(c9ccc(c2c39)C1=O)c4c8c57)C(=O)N(c1c(C(C)C)cccc1C(C)C)C6=O,2.0305,1.0472,1.7318325720163474,0.7222240910823159,/scratch/jaggbow/mol_xtb_coordinates/chromo2492/geom.xtbopt.xyz,/scratch/jaggbow/mol_xtb_coordinates/chromo2492/mmff.xyz,/scratch/jaggbow/mol_xtb_coordinates/chromo2492/basic.xyz,0,,,,,,
1272,chromo1175,Cc1ccc(N2C(c3ccccc3[NH-])=[NH+]C(c3ccccc3)C2c2ccccc2)cc1,3.9404,0.8944000000000001,2.9257830525274544,0.34403085065383254,/scratch/jaggbow/mol_xtb_coordinates/chromo1175/geom.xtbopt.xyz,/scratch/jaggbow/mol_xtb_coordinates/chromo1175/mmff.xyz,/scratch/jaggbow/mol_xtb_coordinates/chromo1175/basic.xyz,1,,,,,,
1273,chromo2139,S=P1(c2ccccc2)c2cccc3c4c5ccccc5c5ccccc5c4c4ccc1n4c23,2.8899,0.8336000000000001,2.8685076750322307,0.49078934970932026,/scratch/jaggbow/mol_xtb_coordinates/chromo2139/geom.xtbopt.xyz,/scratch/jaggbow/mol_xtb_coordinates/chromo2139/mmff.xyz,/scratch/jaggbow/mol_xtb_coordinates/chromo2139/basic.xyz,0,,,,,,
1274,chromo3847,Oc1cc(N(c2ccccc2)c2ccccc2)ccc1-c1nc2c3ccc(-c4ccccc4)cc3c3cc(-c4ccccc4)ccc3c2[nH]1,3.194,0.7559,2.5137409027020254,0.21363057349750353,/scratch/jaggbow/mol_xtb_coordinates/chromo3847/geom.xtbopt.xyz,/scratch/jaggbow/mol_xtb_coordinates/chromo3847/mmff.xyz,/scratch/jaggbow/mol_xtb_coordinates/chromo3847/basic.xyz,0,,,,,,
1275,chromo5619,CC(C)(C)c1ccc(-c2c3ccccc3c3n2[B-](F)(F)[N+]2=Cc4c5ccccc5c(-c5ccc(C(C)(C)C)cc5)n4[B-](F)(F)[N+]2=C3)cc1,2.4254,0.8993999999999998,2.16031042759721,0.902835393829123,/scratch/jaggbow/mol_xtb_coordinates/chromo5619/geom.xtbopt.xyz,/scratch/jaggbow/mol_xtb_coordinates/chromo5619/mmff.xyz,/scratch/jaggbow/mol_xtb_coordinates/chromo5619/basic.xyz,0,,,,,,
1276,chromo5724,CC(=O)c1c(NC(C(=O)O)C(C)C)c2ccc(N(C)C)cc2oc1=O,3.7069,0.9042,3.0644137377923037,0.6905283922844507,/scratch/jaggbow/mol_xtb_coordinates/chromo5724/geom.xtbopt.xyz,/scratch/jaggbow/mol_xtb_coordinates/chromo5724/mmff.xyz,/scratch/jaggbow/mol_xtb_coordinates/chromo5724/basic.xyz,1,,,,,,
1277,chromo0255,F[B-]1(F)OC(C#Cc2ccccc2)=CC(c2ccccc2)=[O+]1,3.4091,1.0676,2.522281108728069,0.7888844163210532,/scratch/jaggbow/mol_xtb_coordinates/chromo0255/geom.xtbopt.xyz,/scratch/jaggbow/mol_xtb_coordinates/chromo0255/mmff.xyz,/scratch/jaggbow/mol_xtb_coordinates/chromo0255/basic.xyz,0,,,,,,
1278,chromo1814,CCN(CC)c1ccc2cc(C#N)c(=NC(=O)c3ccco3)oc2c1,3.2389,1.0826000000000002,2.839176265507405,0.886296269734095,/scratch/jaggbow/mol_xtb_coordinates/chromo1814/geom.xtbopt.xyz,/scratch/jaggbow/mol_xtb_coordinates/chromo1814/mmff.xyz,/scratch/jaggbow/mol_xtb_coordinates/chromo1814/basic.xyz,1,,,,,,
1279,chromo5623,COc1ccc(-c2sc3c(-c4ccc(OC)cc4)c4n(c3c2-c2ccc(OC)cc2)[B-](F)(F)[N+]2=Cc3c(-c5ccc(OC)cc5)c5sc(-c6ccc(OC)cc6)c(-c6ccc(OC)cc6)c5n3[B-](F)(F)[N+]2=C4)cc1,2.1826,0.6975999999999998,3.634861118944534,1.0704653746785395,/scratch/jaggbow/mol_xtb_coordinates/chromo5623/geom.xtbopt.xyz,/scratch/jaggbow/mol_xtb_coordinates/chromo5623/mmff.xyz,/scratch/jaggbow/mol_xtb_coordinates/chromo5623/basic.xyz,0,,,,,,
1280,chromo4081,CCN(CC)c1ccc2cc(C=CC(=C(C#N)C#N)c3ccc(N(c4ccccc4)c4ccccc4)cc3)c(=O)oc2c1,2.0616,0.5526,2.206404102849181,0.6666801715631465,/scratch/jaggbow/mol_xtb_coordinates/chromo4081/geom.xtbopt.xyz,/scratch/jaggbow/mol_xtb_coordinates/chromo4081/mmff.xyz,/scratch/jaggbow/mol_xtb_coordinates/chromo4081/basic.xyz,1,,,,,,
1281,chromo0764,CN(C)c1ccc(C=Cc2cc(C=Cc3ccc(N(C)C)cc3)nc(C=Cc3ccc(N(C)C)cc3)n2)cc1,2.8164,0.7195999999999998,2.5281531752291704,0.5824737069030217,/scratch/jaggbow/mol_xtb_coordinates/chromo0764/geom.xtbopt.xyz,/scratch/jaggbow/mol_xtb_coordinates/chromo0764/mmff.xyz,/scratch/jaggbow/mol_xtb_coordinates/chromo0764/basic.xyz,1,,,,,,
1282,chromo3808,CCOc1cccc(-c2nc3c(c4c2-c2ccccc2CC4)-c2ccccc2CC3)c1O,3.8665,0.9737999999999998,2.7552308005515327,0.2860985360981148,/scratch/jaggbow/mol_xtb_coordinates/chromo3808/geom.xtbopt.xyz,/scratch/jaggbow/mol_xtb_coordinates/chromo3808/mmff.xyz,/scratch/jaggbow/mol_xtb_coordinates/chromo3808/basic.xyz,0,,,,,,
1283,chromo0916,COc1ccc(-c2ccc3c(c2)C=Cc2cc(-c4ccc(OC)cc4)ccc2[Si]3(C)C)cc1,3.8587,1.251,3.8532690230912823,0.62374855287943,/scratch/jaggbow/mol_xtb_coordinates/chromo0916/geom.xtbopt.xyz,/scratch/jaggbow/mol_xtb_coordinates/chromo0916/mmff.xyz,/scratch/jaggbow/mol_xtb_coordinates/chromo0916/basic.xyz,0,,,,,,
1284,chromo4996,CC(C)(C)c1ccc2c(c1)c1cc(C(C)(C)C)ccc1n2-c1cccc(-c2nc(-c3cccc(-n4c5ccc(C(C)(C)C)cc5c5cc(C(C)(C)C)ccc54)c3)nc(-c3cccc(P(=O)(c4ccccc4)c4ccccc4)c3)n2)c1,2.6722,0.1314000000000001,4.867954787021187,0.6655007062598869,/scratch/jaggbow/mol_xtb_coordinates/chromo4996/geom.xtbopt.xyz,/scratch/jaggbow/mol_xtb_coordinates/chromo4996/mmff.xyz,/scratch/jaggbow/mol_xtb_coordinates/chromo4996/basic.xyz,1,,,,,,
1285,chromo2785,Cc1ccc(Sc2cc3ccc4cccc5ccc(c2)c3c45)cc1,3.4021,1.2839,2.641273551867303,0.48568178517513355,/scratch/jaggbow/mol_xtb_coordinates/chromo2785/geom.xtbopt.xyz,/scratch/jaggbow/mol_xtb_coordinates/chromo2785/mmff.xyz,/scratch/jaggbow/mol_xtb_coordinates/chromo2785/basic.xyz,1,,,,,,
1286,chromo3807,F[B-]1(F)Oc2ccc3ccccc3c2-c2c3c(c4c([n+]21)CCc1ccccc1-4)CCc1ccccc1-3,3.0182,0.7370000000000001,2.86666518751462,0.5181222287741855,/scratch/jaggbow/mol_xtb_coordinates/chromo3807/geom.xtbopt.xyz,/scratch/jaggbow/mol_xtb_coordinates/chromo3807/mmff.xyz,/scratch/jaggbow/mol_xtb_coordinates/chromo3807/basic.xyz,0,,,,,,
1287,chromo0871,Cc1ccc(-n2c(-c3ccc(C(F)(F)F)cc3)nc(-c3ccccc3O)c2-c2ccccc2O)cc1,3.3401,0.5329999999999999,3.5920284236657047,0.5035370536159813,/scratch/jaggbow/mol_xtb_coordinates/chromo0871/geom.xtbopt.xyz,/scratch/jaggbow/mol_xtb_coordinates/chromo0871/mmff.xyz,/scratch/jaggbow/mol_xtb_coordinates/chromo0871/basic.xyz,1,,,,,,
1288,chromo1549,Cc1ccc2cc3c(=O)n(C)c(=O)n(C)c3nc2c1,3.67,0.9506,2.150748345548836,0.22016508062140894,/scratch/jaggbow/mol_xtb_coordinates/chromo1549/geom.xtbopt.xyz,/scratch/jaggbow/mol_xtb_coordinates/chromo1549/mmff.xyz,/scratch/jaggbow/mol_xtb_coordinates/chromo1549/basic.xyz,0,,,,,,
1289,chromo0875,COc1ccccc1-c1nc(-c2ccc(C(F)(F)F)cc2)n(-c2ccc(C)cc2)c1-c1ccccc1OC,3.7981,0.8942999999999999,3.239370635533926,0.4635107613136088,/scratch/jaggbow/mol_xtb_coordinates/chromo0875/geom.xtbopt.xyz,/scratch/jaggbow/mol_xtb_coordinates/chromo0875/mmff.xyz,/scratch/jaggbow/mol_xtb_coordinates/chromo0875/basic.xyz,1,,,,,,
1290,chromo4084,CCN(CC)c1ccc2cc(C(Cl)=CC=CC(=C(C#N)C#N)c3ccc4c(c3)c3ccccc3n4CC)c(=O)oc2c1,2.3804,1.0488,3.1822598249330625,0.7927925016627748,/scratch/jaggbow/mol_xtb_coordinates/chromo4084/geom.xtbopt.xyz,/scratch/jaggbow/mol_xtb_coordinates/chromo4084/mmff.xyz,/scratch/jaggbow/mol_xtb_coordinates/chromo4084/basic.xyz,1,,,,,,
1291,chromo4504,CN(C)c1ccc(-c2cccc3nsnc23)cc1,2.4836,0.6787000000000001,3.17949490945262,0.727961160929409,/scratch/jaggbow/mol_xtb_coordinates/chromo4504/geom.xtbopt.xyz,/scratch/jaggbow/mol_xtb_coordinates/chromo4504/mmff.xyz,/scratch/jaggbow/mol_xtb_coordinates/chromo4504/basic.xyz,0,,,,,,
1292,chromo5943,CC1(C)CC(C=Cc2ccc(-n3c4ccccc4c4ccccc43)cc2)=CC(=C(C#N)C#N)C1,2.3453,0.8598999999999999,3.5831364115435487,1.1600086106182255,/scratch/jaggbow/mol_xtb_coordinates/chromo5943/geom.xtbopt.xyz,/scratch/jaggbow/mol_xtb_coordinates/chromo5943/mmff.xyz,/scratch/jaggbow/mol_xtb_coordinates/chromo5943/basic.xyz,1,,,,,,
1293,chromo4214,F[B-]1(F)n2c(c3cccc4cccc2c43)=Nc2cccc(Cl)[n+]21,2.8334,0.9894,2.2627662588786626,0.6042719591085521,/scratch/jaggbow/mol_xtb_coordinates/chromo4214/geom.xtbopt.xyz,/scratch/jaggbow/mol_xtb_coordinates/chromo4214/mmff.xyz,/scratch/jaggbow/mol_xtb_coordinates/chromo4214/basic.xyz,0,,,,,,
1294,chromo2839,CSc1ccc(C=Cc2ccncn2)cc1,3.4992,1.2901000000000002,1.9618835950468114,0.5536047172236755,/scratch/jaggbow/mol_xtb_coordinates/chromo2839/geom.xtbopt.xyz,/scratch/jaggbow/mol_xtb_coordinates/chromo2839/mmff.xyz,/scratch/jaggbow/mol_xtb_coordinates/chromo2839/basic.xyz,1,,,,,,
1295,chromo4907,c1ccc2c(-c3c4ccccc4c(-c4ccc(-c5ccc(-n6c7ccccc7c7ccccc76)cc5)cc4)c4ccccc34)cccc2c1,3.1317,1.3993,4.204235583873599,1.214802510563927,/scratch/jaggbow/mol_xtb_coordinates/chromo4907/geom.xtbopt.xyz,/scratch/jaggbow/mol_xtb_coordinates/chromo4907/mmff.xyz,/scratch/jaggbow/mol_xtb_coordinates/chromo4907/basic.xyz,1,,,,,,
1296,chromo4970,c1ccc(-c2nc(-c3ccccc3)nc(-c3cc(-n4c5ccccc5c5ccccc54)c(-n4c5ccccc5c5ncccc54)c(-n4c5ccccc5c5ccccc54)c3)n2)cc1,2.7483,0.1351999999999997,1.961942103631115,-0.07264171124394159,/scratch/jaggbow/mol_xtb_coordinates/chromo4970/geom.xtbopt.xyz,/scratch/jaggbow/mol_xtb_coordinates/chromo4970/mmff.xyz,/scratch/jaggbow/mol_xtb_coordinates/chromo4970/basic.xyz,1,,,,,,
1297,chromo2279,CCCCC(CC)Cn1c2cc(C#N)c(-c3ccc(N(c4ccccc4)c4ccccc4)cc3)cc2c2cc(-c3ccc(N(c4ccccc4)c4ccccc4)cc3)c(C#N)cc21,2.5813,0.1996000000000002,5.084419956599989,0.9238767863389734,/scratch/jaggbow/mol_xtb_coordinates/chromo2279/geom.xtbopt.xyz,/scratch/jaggbow/mol_xtb_coordinates/chromo2279/mmff.xyz,/scratch/jaggbow/mol_xtb_coordinates/chromo2279/basic.xyz,1,,,,,,
1298,chromo3904,COc1ccc(C2=[N+]3C(=Nc4c(-c5ccccc5)c(Br)c(-c5ccc(OC)cc5)n4[B-]3(F)F)C(c3ccccc3)=C2Br)cc1,2.0433,1.1342,2.805683741444502,1.3418517552452511,/scratch/jaggbow/mol_xtb_coordinates/chromo3904/geom.xtbopt.xyz,/scratch/jaggbow/mol_xtb_coordinates/chromo3904/mmff.xyz,/scratch/jaggbow/mol_xtb_coordinates/chromo3904/basic.xyz,0,,,,,,
1299,chromo0413,Cc1ccc(C=Cc2nc(-c3ccccc3)[nH]c2C=Cc2ccc(C)cc2)cc1,2.9959,1.2667999999999997,2.5944286455533923,0.7284937010054519,/scratch/jaggbow/mol_xtb_coordinates/chromo0413/geom.xtbopt.xyz,/scratch/jaggbow/mol_xtb_coordinates/chromo0413/mmff.xyz,/scratch/jaggbow/mol_xtb_coordinates/chromo0413/basic.xyz,1,,,,,,
1300,chromo3158,CCN(CC)c1ccc2cc(C=C(C#N)c3nc4ccccc4s3)c(=O)oc2c1,2.6664,1.0711,4.084412156209078,1.211906493296865,/scratch/jaggbow/mol_xtb_coordinates/chromo3158/geom.xtbopt.xyz,/scratch/jaggbow/mol_xtb_coordinates/chromo3158/mmff.xyz,/scratch/jaggbow/mol_xtb_coordinates/chromo3158/basic.xyz,1,,,,,,
1301,chromo4172,CCN1c2ccc(C=NNc3ccccn3)cc2Sc2cc(C=NNc3ccccn3)ccc21,3.0155,0.8300999999999998,4.462673002735564,0.8525556118918696,/scratch/jaggbow/mol_xtb_coordinates/chromo4172/geom.xtbopt.xyz,/scratch/jaggbow/mol_xtb_coordinates/chromo4172/mmff.xyz,/scratch/jaggbow/mol_xtb_coordinates/chromo4172/basic.xyz,0,,,,,,
1302,chromo4597,c1ccc2c(-c3cc4c(ccc5sccc54)s3)cccc2c1,3.5617,1.1377000000000002,3.7405811765613124,0.7838648512126826,/scratch/jaggbow/mol_xtb_coordinates/chromo4597/geom.xtbopt.xyz,/scratch/jaggbow/mol_xtb_coordinates/chromo4597/mmff.xyz,/scratch/jaggbow/mol_xtb_coordinates/chromo4597/basic.xyz,0,,,,,,
1303,chromo0919,C[Si]1(C)c2ccc(-c3ccc(-c4cccs4)s3)cc2C=Cc2cc(-c3ccc(-c4cccs4)s3)ccc21,3.3464,1.226,3.5297035531929337,0.9653084796299733,/scratch/jaggbow/mol_xtb_coordinates/chromo0919/geom.xtbopt.xyz,/scratch/jaggbow/mol_xtb_coordinates/chromo0919/mmff.xyz,/scratch/jaggbow/mol_xtb_coordinates/chromo0919/basic.xyz,0,,,,,,
1304,chromo2880,CCCCn1c2ccccc2c2ccc3c4cc(-c5ccc6ccccc6c5)ccc4n(CCCC)c3c21,3.5071,0.9055,5.284247576400244,0.8805923690777178,/scratch/jaggbow/mol_xtb_coordinates/chromo2880/geom.xtbopt.xyz,/scratch/jaggbow/mol_xtb_coordinates/chromo2880/mmff.xyz,/scratch/jaggbow/mol_xtb_coordinates/chromo2880/basic.xyz,0,,,,,,
1305,chromo1371,CC(=O)O[B-]1(OC(C)=O)OC(C=CC=Cc2ccccc2)=CC(C=CC=Cc2ccccc2)=[O+]1,2.6476,1.0853000000000002,2.54063879751148,0.7846394600104102,/scratch/jaggbow/mol_xtb_coordinates/chromo1371/geom.xtbopt.xyz,/scratch/jaggbow/mol_xtb_coordinates/chromo1371/mmff.xyz,/scratch/jaggbow/mol_xtb_coordinates/chromo1371/basic.xyz,0,,,,,,
1306,chromo5942,CC1(C)CC(C=Cc2ccc(-n3cncn3)cc2)=CC(=C(C#N)C#N)C1,3.0248,1.5193,4.854510417942842,1.6504331566470378,/scratch/jaggbow/mol_xtb_coordinates/chromo5942/geom.xtbopt.xyz,/scratch/jaggbow/mol_xtb_coordinates/chromo5942/mmff.xyz,/scratch/jaggbow/mol_xtb_coordinates/chromo5942/basic.xyz,0,,,,,,
1307,chromo2618,CC(C)(C)c1ccc2c(c1)c1cc(C(C)(C)C)ccc1n2-c1ccc(C#Cc2ccc(C#Cc3ccc(C=C(C#N)C#N)cc3)cc2)cc1,2.0751,0.3107,4.090461692946774,0.9661482287474198,/scratch/jaggbow/mol_xtb_coordinates/chromo2618/geom.xtbopt.xyz,/scratch/jaggbow/mol_xtb_coordinates/chromo2618/mmff.xyz,/scratch/jaggbow/mol_xtb_coordinates/chromo2618/basic.xyz,1,,,,,,
1308,chromo2411,CCN(CC)c1ccc(C=NC2CCCCC2N=Cc2ccc(N(CC)CC)cc2O)c(O)c1,3.7887,1.0120999999999998,6.475673365036808,1.5416217095629672,/scratch/jaggbow/mol_xtb_coordinates/chromo2411/geom.xtbopt.xyz,/scratch/jaggbow/mol_xtb_coordinates/chromo2411/mmff.xyz,/scratch/jaggbow/mol_xtb_coordinates/chromo2411/basic.xyz,1,,,,,,
1309,chromo5311,Cc1cc(C)c(B2c3cc(C)ccc3N3c4ccc(C)cc4B(c4c(C)cc(C)cc4C)c4cc(C)cc2c43)c(C)c1,2.9439,0.5022000000000002,3.2037259490093217,0.5549286273349774,/scratch/jaggbow/mol_xtb_coordinates/chromo5311/geom.xtbopt.xyz,/scratch/jaggbow/mol_xtb_coordinates/chromo5311/mmff.xyz,/scratch/jaggbow/mol_xtb_coordinates/chromo5311/basic.xyz,0,,,,,,
1310,chromo0326,CCOC(=O)N=c1oc2cc(OC)cc(OC)c2cc1C#N,3.4738,1.1957000000000004,2.6933313727022865,0.753018769298725,/scratch/jaggbow/mol_xtb_coordinates/chromo0326/geom.xtbopt.xyz,/scratch/jaggbow/mol_xtb_coordinates/chromo0326/mmff.xyz,/scratch/jaggbow/mol_xtb_coordinates/chromo0326/basic.xyz,1,,,,,,
1311,chromo1382,COc1cc(OC)cc(-c2ccc(-c3ccc(C#N)s3)s2)c1,3.2899,1.2946999999999995,3.173817410654001,0.9669543590454219,/scratch/jaggbow/mol_xtb_coordinates/chromo1382/geom.xtbopt.xyz,/scratch/jaggbow/mol_xtb_coordinates/chromo1382/mmff.xyz,/scratch/jaggbow/mol_xtb_coordinates/chromo1382/basic.xyz,1,,,,,,
1312,chromo5073,c1ccc(-c2nc(-c3ccccc3)nc(-c3ccc(-n4c5ccccc5c5cc6c(cc54)c4ccccc4n6-c4ccccc4)cc3)n2)cc1,2.6427,0.1934,2.298988407927458,0.25968142037317227,/scratch/jaggbow/mol_xtb_coordinates/chromo5073/geom.xtbopt.xyz,/scratch/jaggbow/mol_xtb_coordinates/chromo5073/mmff.xyz,/scratch/jaggbow/mol_xtb_coordinates/chromo5073/basic.xyz,0,,,,,,
1313,chromo2312,CCCCC1=Cc2c3ccc4cccc5ccc(c6cc(-c7ccc(N(c8ccccc8)c8ccccc8)cc7)n(c26)P1(=O)c1ccccc1)c3c45,2.5115,0.9216999999999996,4.256588769258714,1.22188562073213,/scratch/jaggbow/mol_xtb_coordinates/chromo2312/geom.xtbopt.xyz,/scratch/jaggbow/mol_xtb_coordinates/chromo2312/mmff.xyz,/scratch/jaggbow/mol_xtb_coordinates/chromo2312/basic.xyz,0,,,,,,
1314,chromo5328,C1=Cc2ccc(N(c3ccccc3)c3cccc4ccccc34)cc2C2(c3cc(N(c4ccccc4)c4cccc5ccccc45)ccc31)c1ccccc1-c1ccccc12,2.8458,0.7259000000000002,4.677059780854862,0.7500655747720599,/scratch/jaggbow/mol_xtb_coordinates/chromo5328/geom.xtbopt.xyz,/scratch/jaggbow/mol_xtb_coordinates/chromo5328/mmff.xyz,/scratch/jaggbow/mol_xtb_coordinates/chromo5328/basic.xyz,0,,,,,,
1315,chromo0259,COc1ccc(C=CC2=CC(c3ccccc3)=[O+][B-](F)(F)O2)cc1,3.1506,1.061,4.206185888761113,1.2135436102126873,/scratch/jaggbow/mol_xtb_coordinates/chromo0259/geom.xtbopt.xyz,/scratch/jaggbow/mol_xtb_coordinates/chromo0259/mmff.xyz,/scratch/jaggbow/mol_xtb_coordinates/chromo0259/basic.xyz,1,,,,,,
1316,chromo5371,N#Cc1ccc(N(c2ccccc2)c2ccc3ccc4c(N(c5ccccc5)c5ccc(C#N)cc5)ccc5ccc2c3c54)cc1,2.7839,0.8717000000000001,1.0969329575431919,0.10631039575325835,/scratch/jaggbow/mol_xtb_coordinates/chromo5371/geom.xtbopt.xyz,/scratch/jaggbow/mol_xtb_coordinates/chromo5371/mmff.xyz,/scratch/jaggbow/mol_xtb_coordinates/chromo5371/basic.xyz,1,,,,,,
1317,chromo3305,CCCCCCN1C(=O)c2cccc3c(-c4ccc(-c5cc(-c6ccc(OC)cc6)n(-c6ccccc6)n5)s4)ccc(c23)C1=O,2.7772,0.7683,3.8819702049404725,0.8745337794744118,/scratch/jaggbow/mol_xtb_coordinates/chromo3305/geom.xtbopt.xyz,/scratch/jaggbow/mol_xtb_coordinates/chromo3305/mmff.xyz,/scratch/jaggbow/mol_xtb_coordinates/chromo3305/basic.xyz,0,,,,,,
1318,chromo0272,CCCCn1c(-c2ccc(-c3nnc(-c4cccs4)o3)cc2)nc2c3ccccc3c3ccccc3c21,3.0668,0.6444000000000001,2.682424410447246,0.4917634629829586,/scratch/jaggbow/mol_xtb_coordinates/chromo0272/geom.xtbopt.xyz,/scratch/jaggbow/mol_xtb_coordinates/chromo0272/mmff.xyz,/scratch/jaggbow/mol_xtb_coordinates/chromo0272/basic.xyz,1,,,,,,
1319,chromo2278,CCCCC(CC)Cn1c2cc(C#N)ccc2c2cc(-c3ccc(N(c4ccccc4)c4ccccc4)cc3)c(C#N)cc21,2.5816,0.1585,2.9700356716867837,0.3947214942096626,/scratch/jaggbow/mol_xtb_coordinates/chromo2278/geom.xtbopt.xyz,/scratch/jaggbow/mol_xtb_coordinates/chromo2278/mmff.xyz,/scratch/jaggbow/mol_xtb_coordinates/chromo2278/basic.xyz,1,,,,,,
1320,chromo2852,CN(C)c1ccc(C=Cc2cccnn2)cc1,3.3307,1.1852,3.5953565091296222,1.071058816862045,/scratch/jaggbow/mol_xtb_coordinates/chromo2852/geom.xtbopt.xyz,/scratch/jaggbow/mol_xtb_coordinates/chromo2852/mmff.xyz,/scratch/jaggbow/mol_xtb_coordinates/chromo2852/basic.xyz,1,,,,,,
1321,chromo0412,Cc1ccc(-c2nc(C=Cc3ccccc3)c(C=Cc3ccccc3)[nH]2)cc1,3.0291,1.2998,2.973107855130809,0.7504490341126849,/scratch/jaggbow/mol_xtb_coordinates/chromo0412/geom.xtbopt.xyz,/scratch/jaggbow/mol_xtb_coordinates/chromo0412/mmff.xyz,/scratch/jaggbow/mol_xtb_coordinates/chromo0412/basic.xyz,1,,,,,,
1322,chromo0908,C[Si]1(C)c2ccccc2-c2ccccc21,4.2972,1.3414,3.3865444142445957,0.5488491585305635,/scratch/jaggbow/mol_xtb_coordinates/chromo0908/geom.xtbopt.xyz,/scratch/jaggbow/mol_xtb_coordinates/chromo0908/mmff.xyz,/scratch/jaggbow/mol_xtb_coordinates/chromo0908/basic.xyz,0,,,,,,
1323,chromo3160,CCN(CC)c1ccc2c(C#N)c(C=C(C#N)c3nc4ccccc4s3)c(=O)oc2c1,2.5135,0.9719,3.698233432464581,1.0232070174019463,/scratch/jaggbow/mol_xtb_coordinates/chromo3160/geom.xtbopt.xyz,/scratch/jaggbow/mol_xtb_coordinates/chromo3160/mmff.xyz,/scratch/jaggbow/mol_xtb_coordinates/chromo3160/basic.xyz,1,,,,,,
1324,chromo0917,C[Si]1(C)c2ccc(-c3ccc(N(c4ccccc4)c4ccccc4)cc3)cc2C=Cc2cc(-c3ccc(N(c4ccccc4)c4ccccc4)cc3)ccc21,3.3335,0.7481,3.8859266345777144,0.46387781927854016,/scratch/jaggbow/mol_xtb_coordinates/chromo0917/geom.xtbopt.xyz,/scratch/jaggbow/mol_xtb_coordinates/chromo0917/mmff.xyz,/scratch/jaggbow/mol_xtb_coordinates/chromo0917/basic.xyz,0,,,,,,
1325,chromo2326,C#CC1CN2CCC1CC2C(O)c1ccnc2ccc(OC)cc12,3.8783,1.036,4.111668328054338,0.8122724644279888,/scratch/jaggbow/mol_xtb_coordinates/chromo2326/geom.xtbopt.xyz,/scratch/jaggbow/mol_xtb_coordinates/chromo2326/mmff.xyz,/scratch/jaggbow/mol_xtb_coordinates/chromo2326/basic.xyz,0,,,,,,
1326,chromo2704,CN(C)c1ccc(C#Cc2ccc3ccc4ccc(C#Cc5ccc(N(C)C)cc5)c5ccc2c3c45)cc1,2.5332,0.9351999999999998,4.06293953223981,0.9827462905727414,/scratch/jaggbow/mol_xtb_coordinates/chromo2704/geom.xtbopt.xyz,/scratch/jaggbow/mol_xtb_coordinates/chromo2704/mmff.xyz,/scratch/jaggbow/mol_xtb_coordinates/chromo2704/basic.xyz,1,,,,,,
1327,chromo3550,C(=Cc1ncc(-c2ccc(OCc3ccccc3)c(OCc3ccccc3)c2)o1)c1cccc(N2CCN(c3ccccc3)CC2)c1,3.1379,1.1654000000000002,2.029522063669863,0.5558701568956724,/scratch/jaggbow/mol_xtb_coordinates/chromo3550/geom.xtbopt.xyz,/scratch/jaggbow/mol_xtb_coordinates/chromo3550/mmff.xyz,/scratch/jaggbow/mol_xtb_coordinates/chromo3550/basic.xyz,0,,,,,,
1328,chromo3737,CCn1c2ccccc2c2cc(C=Cc3cc(C=Cc4ccc5c(c4)c4ccccc4n5CC)nc(SC)n3)ccc21,2.9525,0.7404000000000002,3.96079530089525,0.7016595390766076,/scratch/jaggbow/mol_xtb_coordinates/chromo3737/geom.xtbopt.xyz,/scratch/jaggbow/mol_xtb_coordinates/chromo3737/mmff.xyz,/scratch/jaggbow/mol_xtb_coordinates/chromo3737/basic.xyz,1,,,,,,
1329,chromo4221,N#CC1=c2c3cccc4c(Br)ccc(c43)n2[B-](F)(F)[n+]2ccccc21,2.5731,0.9774000000000004,3.18001275268173,0.9753602008414983,/scratch/jaggbow/mol_xtb_coordinates/chromo4221/geom.xtbopt.xyz,/scratch/jaggbow/mol_xtb_coordinates/chromo4221/mmff.xyz,/scratch/jaggbow/mol_xtb_coordinates/chromo4221/basic.xyz,0,,,,,,
1330,chromo2475,CN(C)c1nc(N)nc2c1nc(C#N)n2Cc1ccccc1,3.9715,1.2083,2.56342572131713,0.6617309238411757,/scratch/jaggbow/mol_xtb_coordinates/chromo2475/geom.xtbopt.xyz,/scratch/jaggbow/mol_xtb_coordinates/chromo2475/mmff.xyz,/scratch/jaggbow/mol_xtb_coordinates/chromo2475/basic.xyz,0,,,,,,
1331,chromo3560,CN(C)c1ccc(C=Cc2cnc(C=Cc3ccc(C#N)cc3)o2)cc1,2.4509,0.8971999999999998,3.977417260079376,1.1250017952540505,/scratch/jaggbow/mol_xtb_coordinates/chromo3560/geom.xtbopt.xyz,/scratch/jaggbow/mol_xtb_coordinates/chromo3560/mmff.xyz,/scratch/jaggbow/mol_xtb_coordinates/chromo3560/basic.xyz,1,,,,,,
1332,chromo0130,Nc1ccc2c3cccc4cccc(c5cccc1c52)c43,2.644,1.197,3.656947411347078,1.1968403022881977,/scratch/jaggbow/mol_xtb_coordinates/chromo0130/geom.xtbopt.xyz,/scratch/jaggbow/mol_xtb_coordinates/chromo0130/mmff.xyz,/scratch/jaggbow/mol_xtb_coordinates/chromo0130/basic.xyz,0,,,,,,
1333,chromo3456,CCOC(=O)c1c(-c2c(Cl)c3cc(C)ccc3oc2=O)nn(-c2cccc(Cl)c2)c1C(=O)OCC,3.8644,1.2096999999999998,4.507268571397752,1.0036492311279284,/scratch/jaggbow/mol_xtb_coordinates/chromo3456/geom.xtbopt.xyz,/scratch/jaggbow/mol_xtb_coordinates/chromo3456/mmff.xyz,/scratch/jaggbow/mol_xtb_coordinates/chromo3456/basic.xyz,1,,,,,,
1334,chromo0256,COc1ccc(C=CC2=C3CCc4ccccc4C3=[O+][B-](F)(F)O2)cc1,3.0588,1.0532000000000004,3.4857351539569255,1.0684825853501123,/scratch/jaggbow/mol_xtb_coordinates/chromo0256/geom.xtbopt.xyz,/scratch/jaggbow/mol_xtb_coordinates/chromo0256/mmff.xyz,/scratch/jaggbow/mol_xtb_coordinates/chromo0256/basic.xyz,0,,,,,,
1335,chromo1039,CCC1=C(C)C2=C(C=Cc3ccc(OC)cc3)c3c(C)c(CC)c(C)n3[B-](F)(F)[N+]2=C1C,2.677,1.2451,4.178300029525856,1.6637105813101125,/scratch/jaggbow/mol_xtb_coordinates/chromo1039/geom.xtbopt.xyz,/scratch/jaggbow/mol_xtb_coordinates/chromo1039/mmff.xyz,/scratch/jaggbow/mol_xtb_coordinates/chromo1039/basic.xyz,1,,,,,,
1336,chromo2212,O=S(=O)(c1ccc(-c2ccc3c(c2)c2ccccc2n3-c2ccccc2)cc1)c1ccc(-c2ccc3c(c2)c2ccccc2n3-c2ccccc2)cc1,3.6009,0.6467,3.6972272214372803,0.43449502352161784,/scratch/jaggbow/mol_xtb_coordinates/chromo2212/geom.xtbopt.xyz,/scratch/jaggbow/mol_xtb_coordinates/chromo2212/mmff.xyz,/scratch/jaggbow/mol_xtb_coordinates/chromo2212/basic.xyz,1,,,,,,
1337,chromo2793,CN(C)c1ccc(C=C2CCC(=Cc3ccc(N(C)C)cc3)C2=O)cc1,2.9293,0.8801999999999999,3.953503900529344,0.933560119172649,/scratch/jaggbow/mol_xtb_coordinates/chromo2793/geom.xtbopt.xyz,/scratch/jaggbow/mol_xtb_coordinates/chromo2793/mmff.xyz,/scratch/jaggbow/mol_xtb_coordinates/chromo2793/basic.xyz,1,,,,,,
1338,chromo2949,O=C(NN=Cc1ccccc1O)c1cccc2ccccc12,3.5365,0.9201,4.044869501562434,0.866564933795913,/scratch/jaggbow/mol_xtb_coordinates/chromo2949/geom.xtbopt.xyz,/scratch/jaggbow/mol_xtb_coordinates/chromo2949/mmff.xyz,/scratch/jaggbow/mol_xtb_coordinates/chromo2949/basic.xyz,1,,,,,,
1339,chromo2311,CCCCC1=Cc2c3ccc4cccc5ccc(c6cc(-c7ccccc7)n(c26)P1(=O)c1ccccc1)c3c45,2.8188,1.2137,3.293257010300957,0.9365564988424624,/scratch/jaggbow/mol_xtb_coordinates/chromo2311/geom.xtbopt.xyz,/scratch/jaggbow/mol_xtb_coordinates/chromo2311/mmff.xyz,/scratch/jaggbow/mol_xtb_coordinates/chromo2311/basic.xyz,0,,,,,,
1340,chromo0478,CCCCN1C(=O)c2cccc3cc(C#CC#Cc4cc5c6c(cccc6c4)C(=O)N(CCCC)C5=O)cc(c23)C1=O,2.9828,1.0378,4.1418874377168144,0.9496395222015733,/scratch/jaggbow/mol_xtb_coordinates/chromo0478/geom.xtbopt.xyz,/scratch/jaggbow/mol_xtb_coordinates/chromo0478/mmff.xyz,/scratch/jaggbow/mol_xtb_coordinates/chromo0478/basic.xyz,0,,,,,,
1341,chromo5440,O=[N+]([O-])c1cccc2c1ccc1[n+]2[B-](F)(F)n2c-1cc1c3ccccc3c3ccccc3c12,1.9776,0.4620999999999999,2.986152305932845,0.7291151213719399,/scratch/jaggbow/mol_xtb_coordinates/chromo5440/geom.xtbopt.xyz,/scratch/jaggbow/mol_xtb_coordinates/chromo5440/mmff.xyz,/scratch/jaggbow/mol_xtb_coordinates/chromo5440/basic.xyz,0,,,,,,
1342,chromo5508,F[B-]1(F)OC(c2ccccc2)=Cc2cc3[n+](c[n+]21)[B-](F)(F)OC(c1ccccc1)=C3,3.0326,0.9123,3.214430062420124,0.8751922740206437,/scratch/jaggbow/mol_xtb_coordinates/chromo5508/geom.xtbopt.xyz,/scratch/jaggbow/mol_xtb_coordinates/chromo5508/mmff.xyz,/scratch/jaggbow/mol_xtb_coordinates/chromo5508/basic.xyz,0,,,,,,
1343,chromo2520,Cc1cc(C)c(C2=C3C=C(C=CC(=O)OCc4ccccc4)C=[N+]3[B-](F)(F)n3cccc32)c(C)c1,2.7642,1.1780000000000002,1.6884333044151052,0.9584676132344856,/scratch/jaggbow/mol_xtb_coordinates/chromo2520/geom.xtbopt.xyz,/scratch/jaggbow/mol_xtb_coordinates/chromo2520/mmff.xyz,/scratch/jaggbow/mol_xtb_coordinates/chromo2520/basic.xyz,1,,,,,,
1344,chromo2835,c1ccc(-c2cc3cc4ccccc4cc3p2-c2ccccc2)cc1,3.5383,1.3201,2.7899082915538003,0.7097110026771176,/scratch/jaggbow/mol_xtb_coordinates/chromo2835/geom.xtbopt.xyz,/scratch/jaggbow/mol_xtb_coordinates/chromo2835/mmff.xyz,/scratch/jaggbow/mol_xtb_coordinates/chromo2835/basic.xyz,0,,,,,,
1345,chromo0150,C=CCOc1nnc(OCCC(F)(F)C(F)(F)C(F)(F)C(F)(F)C(F)(F)C(F)(F)C(F)(F)C(F)(F)F)nn1,2.2537,0.7920999999999998,0.44269406376120535,-0.35098537825051623,/scratch/jaggbow/mol_xtb_coordinates/chromo0150/geom.xtbopt.xyz,/scratch/jaggbow/mol_xtb_coordinates/chromo0150/mmff.xyz,/scratch/jaggbow/mol_xtb_coordinates/chromo0150/basic.xyz,0,,,,,,
1346,chromo4015,Oc1ccccc1C=Nc1ccc(Cn2cncn2)cc1,3.6041,1.0347999999999995,3.896732533698069,0.5932113690867495,/scratch/jaggbow/mol_xtb_coordinates/chromo4015/geom.xtbopt.xyz,/scratch/jaggbow/mol_xtb_coordinates/chromo4015/mmff.xyz,/scratch/jaggbow/mol_xtb_coordinates/chromo4015/basic.xyz,1,,,,,,
1347,chromo0748,c1ccc2c(c1)ccc1ccc3c(c12)-c1c(ccc2ccc4ccccc4c12)C3,3.2575,1.0208999999999997,2.163099329437174,0.37296741241442927,/scratch/jaggbow/mol_xtb_coordinates/chromo0748/geom.xtbopt.xyz,/scratch/jaggbow/mol_xtb_coordinates/chromo0748/mmff.xyz,/scratch/jaggbow/mol_xtb_coordinates/chromo0748/basic.xyz,0,,,,,,
1348,chromo0480,CCCCN1C(=O)c2cccc3c(C#CC#Cc4ccc5c6c(cccc46)C(=O)N(CCCC)C5=O)ccc(c23)C1=O,2.6841,0.9982,3.098087611126084,0.740486181778983,/scratch/jaggbow/mol_xtb_coordinates/chromo0480/geom.xtbopt.xyz,/scratch/jaggbow/mol_xtb_coordinates/chromo0480/mmff.xyz,/scratch/jaggbow/mol_xtb_coordinates/chromo0480/basic.xyz,0,,,,,,
1349,chromo1824,CCN1C(=CC2=C([O-])C(=Cc3sc4ccccc4[n+]3CC)C2=O)Sc2ccccc21,2.201,1.282,1.2043619898757945,1.1336499247719245,/scratch/jaggbow/mol_xtb_coordinates/chromo1824/geom.xtbopt.xyz,/scratch/jaggbow/mol_xtb_coordinates/chromo1824/mmff.xyz,/scratch/jaggbow/mol_xtb_coordinates/chromo1824/basic.xyz,0,,,,,,
1350,chromo0315,[O-][n+]1c(-c2ccc(Br)cc2)cc(N2CCOCC2)nc1C=Cc1ccccc1,2.6109,0.8777999999999999,2.169184180916388,0.6508461159207269,/scratch/jaggbow/mol_xtb_coordinates/chromo0315/geom.xtbopt.xyz,/scratch/jaggbow/mol_xtb_coordinates/chromo0315/mmff.xyz,/scratch/jaggbow/mol_xtb_coordinates/chromo0315/basic.xyz,0,,,,,,
1351,chromo3470,CCOC(=O)c1c(C(=O)OC)c(-c2cc3cc(OC)ccc3oc2=O)nn1-c1ccccc1,3.5568,1.0851000000000002,4.282789745037642,0.9467983906673814,/scratch/jaggbow/mol_xtb_coordinates/chromo3470/geom.xtbopt.xyz,/scratch/jaggbow/mol_xtb_coordinates/chromo3470/mmff.xyz,/scratch/jaggbow/mol_xtb_coordinates/chromo3470/basic.xyz,1,,,,,,
1352,chromo0837,[BH3-][P+]1(c2ccccc2)c2ccccc2-c2sc3ccccc3c21,3.7047,1.2359999999999998,2.422002349849367,0.5883927747556489,/scratch/jaggbow/mol_xtb_coordinates/chromo0837/geom.xtbopt.xyz,/scratch/jaggbow/mol_xtb_coordinates/chromo0837/mmff.xyz,/scratch/jaggbow/mol_xtb_coordinates/chromo0837/basic.xyz,0,,,,,,
1353,chromo3057,Cc1cc(-c2ccc(C(C)(C)C)cc2)c2nsnc2c1-c1ccc(C(C)(C)C)cc1,2.9844,1.0262,5.9921697171934,1.4512546141296823,/scratch/jaggbow/mol_xtb_coordinates/chromo3057/geom.xtbopt.xyz,/scratch/jaggbow/mol_xtb_coordinates/chromo3057/mmff.xyz,/scratch/jaggbow/mol_xtb_coordinates/chromo3057/basic.xyz,0,,,,,,
1354,chromo2275,CCCCn1c2ccc(C#N)cc2c2cc(C#N)cc(-c3ccc(N(c4ccccc4)c4ccccc4)cc3)c21,3.4396,0.451,3.388366843926708,0.3142597746227276,/scratch/jaggbow/mol_xtb_coordinates/chromo2275/geom.xtbopt.xyz,/scratch/jaggbow/mol_xtb_coordinates/chromo2275/mmff.xyz,/scratch/jaggbow/mol_xtb_coordinates/chromo2275/basic.xyz,1,,,,,,
1355,chromo2749,COc1ccc2cc(C=CC3=[O+][B-](F)(F)OC(C=Cc4ccc5cc(OC)ccc5c4)=C3c3ccccc3)ccc2c1,2.6371,0.7979000000000003,2.6430842948166124,0.747945266116147,/scratch/jaggbow/mol_xtb_coordinates/chromo2749/geom.xtbopt.xyz,/scratch/jaggbow/mol_xtb_coordinates/chromo2749/mmff.xyz,/scratch/jaggbow/mol_xtb_coordinates/chromo2749/basic.xyz,1,,,,,,
1356,chromo0785,c1ccc(C2=C(c3ccccn3)[Si](c3ccccc3)(c3ccccc3)c3ccccc32)cc1,3.5597,1.3584,2.4899149579087423,0.6556969519215988,/scratch/jaggbow/mol_xtb_coordinates/chromo0785/geom.xtbopt.xyz,/scratch/jaggbow/mol_xtb_coordinates/chromo0785/mmff.xyz,/scratch/jaggbow/mol_xtb_coordinates/chromo0785/basic.xyz,0,,,,,,
1357,chromo2646,CC(C)(C)c1ccc(-c2ccc3c(-c4ccc(C(C)(C)C)c5ccccc45)cc4c5cc(-c6ccc(C(C)(C)C)c7ccccc67)ccc5c(-c5ccc(C(C)(C)C)c6ccccc56)cc4c3c2)c2ccccc12,3.3682,1.0132999999999996,1.206053510159021,0.015445935484995621,/scratch/jaggbow/mol_xtb_coordinates/chromo2646/geom.xtbopt.xyz,/scratch/jaggbow/mol_xtb_coordinates/chromo2646/mmff.xyz,/scratch/jaggbow/mol_xtb_coordinates/chromo2646/basic.xyz,0,,,,,,
1358,chromo1624,CN(C)c1cc(C#N)c(N(C)C)c(C#N)c1,3.4011,0.5988000000000002,3.4966924031603424,0.9656335357721458,/scratch/jaggbow/mol_xtb_coordinates/chromo1624/geom.xtbopt.xyz,/scratch/jaggbow/mol_xtb_coordinates/chromo1624/mmff.xyz,/scratch/jaggbow/mol_xtb_coordinates/chromo1624/basic.xyz,1,,,,,,
1359,chromo4603,COc1ccc(-c2cc3c(ccc4sc5ccc6sc(-c7ccc(C#N)cc7)cc6c5c43)s2)cc1,2.853,0.6226000000000003,3.4002651482216133,0.5979266167986756,/scratch/jaggbow/mol_xtb_coordinates/chromo4603/geom.xtbopt.xyz,/scratch/jaggbow/mol_xtb_coordinates/chromo4603/mmff.xyz,/scratch/jaggbow/mol_xtb_coordinates/chromo4603/basic.xyz,0,,,,,,
1360,chromo0301,CN(C)c1ccc(C=Cc2nc(N3CCOCC3)c3c([n+]2[O-])CCCC3)cc1,2.9645,1.2101000000000002,1.963522850923646,0.6010110072684778,/scratch/jaggbow/mol_xtb_coordinates/chromo0301/geom.xtbopt.xyz,/scratch/jaggbow/mol_xtb_coordinates/chromo0301/mmff.xyz,/scratch/jaggbow/mol_xtb_coordinates/chromo0301/basic.xyz,0,,,,,,
1361,chromo2489,COCCOCCOCN1C(=O)c2ccc3c(-c4ccccc4)c4c5ccc6c7c(ccc(c(-c8ccccc8)c4c4ccc(c2c34)C1=O)c75)C(=O)N(COCCOCCOC)C6=O,1.9406,1.1556000000000002,2.467072205432791,1.0811284233564962,/scratch/jaggbow/mol_xtb_coordinates/chromo2489/geom.xtbopt.xyz,/scratch/jaggbow/mol_xtb_coordinates/chromo2489/mmff.xyz,/scratch/jaggbow/mol_xtb_coordinates/chromo2489/basic.xyz,0,,,,,,
1362,chromo5565,CCc1c(C)[nH]c(C2=[N+]3C(=Cc4c(C)cc(C)n4[B-]3(F)F)c3ccccc32)c1C,2.3801,1.2173,3.315546110725728,1.4244524719654028,/scratch/jaggbow/mol_xtb_coordinates/chromo5565/geom.xtbopt.xyz,/scratch/jaggbow/mol_xtb_coordinates/chromo5565/mmff.xyz,/scratch/jaggbow/mol_xtb_coordinates/chromo5565/basic.xyz,0,,,,,,
1363,chromo2217,FC(F)(F)c1cc2n(n1)[B-]1(c3ccccc3Oc3ccccc31)[n+]1ccc3ccccc3c1-2,2.2361,0.0179999999999997,3.122820480517304,0.7179511052640454,/scratch/jaggbow/mol_xtb_coordinates/chromo2217/geom.xtbopt.xyz,/scratch/jaggbow/mol_xtb_coordinates/chromo2217/mmff.xyz,/scratch/jaggbow/mol_xtb_coordinates/chromo2217/basic.xyz,0,,,,,,
1364,chromo2531,Cc1cc(C)c(C2=C3C=C(C=CC(=O)OC(C)(C)C)C=[N+]3[B-](F)(F)n3c2ccc3N2CCOCC2)c(C)c1,2.6848,1.2831,3.894243776112311,1.6568896347962767,/scratch/jaggbow/mol_xtb_coordinates/chromo2531/geom.xtbopt.xyz,/scratch/jaggbow/mol_xtb_coordinates/chromo2531/mmff.xyz,/scratch/jaggbow/mol_xtb_coordinates/chromo2531/basic.xyz,1,,,,,,
1365,chromo2991,COCc1ncc(-c2c3ccccc3c(-c3cnc(COC)nc3)c3ccccc23)cn1,3.0901,1.3755000000000002,3.967570636494366,1.179477640467156,/scratch/jaggbow/mol_xtb_coordinates/chromo2991/geom.xtbopt.xyz,/scratch/jaggbow/mol_xtb_coordinates/chromo2991/mmff.xyz,/scratch/jaggbow/mol_xtb_coordinates/chromo2991/basic.xyz,1,,,,,,
1366,chromo2943,COc1cc2c(cc1C=CC(=C(C#N)C#N)c1ccccc1)c1ccccc1n2C,2.877,1.1733999999999998,3.7589943549178546,1.1633603304618316,/scratch/jaggbow/mol_xtb_coordinates/chromo2943/geom.xtbopt.xyz,/scratch/jaggbow/mol_xtb_coordinates/chromo2943/mmff.xyz,/scratch/jaggbow/mol_xtb_coordinates/chromo2943/basic.xyz,1,,,,,,
1367,chromo4524,CCCCCCCCOc1ccc(C#Cc2ccc3c(c2)c2ccccc2n3CCCCCCCC)c(OCCCCCCCC)c1,3.648,0.8827000000000003,4.452903807575744,0.6184323900823305,/scratch/jaggbow/mol_xtb_coordinates/chromo4524/geom.xtbopt.xyz,/scratch/jaggbow/mol_xtb_coordinates/chromo4524/mmff.xyz,/scratch/jaggbow/mol_xtb_coordinates/chromo4524/basic.xyz,1,,,,,,
1368,chromo2472,CNc1ncc2nc(C#N)n(Cc3ccccc3)c2n1,3.8009,1.2052,5.909329426128459,1.4901138099930846,/scratch/jaggbow/mol_xtb_coordinates/chromo2472/geom.xtbopt.xyz,/scratch/jaggbow/mol_xtb_coordinates/chromo2472/mmff.xyz,/scratch/jaggbow/mol_xtb_coordinates/chromo2472/basic.xyz,0,,,,,,
1369,chromo4890,CC1=C(c2cccs2)C(C)=[N+]2C1=C(c1ccccc1)c1c(C)c(-c3cccs3)c(C)n1[B-]2(F)F,2.6166,1.122,1.8729637349752624,0.8703501431755057,/scratch/jaggbow/mol_xtb_coordinates/chromo4890/geom.xtbopt.xyz,/scratch/jaggbow/mol_xtb_coordinates/chromo4890/mmff.xyz,/scratch/jaggbow/mol_xtb_coordinates/chromo4890/basic.xyz,1,,,,,,
1370,chromo0569,CN(C)c1ccc(-c2nc(-c3ccccc3)c3ccccn23)cc1,3.0792,0.9013,0.8186366274827055,0.03273333624168406,/scratch/jaggbow/mol_xtb_coordinates/chromo0569/geom.xtbopt.xyz,/scratch/jaggbow/mol_xtb_coordinates/chromo0569/mmff.xyz,/scratch/jaggbow/mol_xtb_coordinates/chromo0569/basic.xyz,0,,,,,,
1371,chromo0836,c1ccc(-p2c3ccccc3c3sc4ccccc4c32)cc1,3.776,1.2554999999999996,2.644787761181151,0.6351104418379325,/scratch/jaggbow/mol_xtb_coordinates/chromo0836/geom.xtbopt.xyz,/scratch/jaggbow/mol_xtb_coordinates/chromo0836/mmff.xyz,/scratch/jaggbow/mol_xtb_coordinates/chromo0836/basic.xyz,0,,,,,,
1372,chromo3016,CCCCCCc1ccc2c3c(ccc2c1)O[B-](F)(F)[N+](c1cc([N+]2=Cc4c(ccc5cc(CCCCCC)ccc45)O[B-]2(F)F)cc([N+]2=Cc4c(ccc5cc(CCCCCC)ccc45)O[B-]2(F)F)c1)=C3,2.9776,0.8752,2.9905235382119675,0.8357162394992309,/scratch/jaggbow/mol_xtb_coordinates/chromo3016/geom.xtbopt.xyz,/scratch/jaggbow/mol_xtb_coordinates/chromo3016/mmff.xyz,/scratch/jaggbow/mol_xtb_coordinates/chromo3016/basic.xyz,0,,,,,,
1373,chromo4453,c1ccc2c(c1)c1ccccc1c1ncncc21,3.9615,1.0361000000000002,2.292363380796446,-0.23784387998737377,/scratch/jaggbow/mol_xtb_coordinates/chromo4453/geom.xtbopt.xyz,/scratch/jaggbow/mol_xtb_coordinates/chromo4453/mmff.xyz,/scratch/jaggbow/mol_xtb_coordinates/chromo4453/basic.xyz,0,,,,,,
1374,chromo4461,CCN1c2ccc(C=C(C#N)c3ccccc3)cc2Sc2cc(C=C(C#N)c3ccccc3)ccc21,2.6662,0.6995,1.4546786634348965,0.16979222956379403,/scratch/jaggbow/mol_xtb_coordinates/chromo4461/geom.xtbopt.xyz,/scratch/jaggbow/mol_xtb_coordinates/chromo4461/mmff.xyz,/scratch/jaggbow/mol_xtb_coordinates/chromo4461/basic.xyz,0,,,,,,
1375,chromo2496,C(=Cc1ncc2ccccc2n1)c1ccc(-c2ccc(N(c3ccccc3)c3ccccc3)cc2)cc1,2.6709,0.6541000000000001,4.715095314984478,0.9791279631191498,/scratch/jaggbow/mol_xtb_coordinates/chromo2496/geom.xtbopt.xyz,/scratch/jaggbow/mol_xtb_coordinates/chromo2496/mmff.xyz,/scratch/jaggbow/mol_xtb_coordinates/chromo2496/basic.xyz,0,,,,,,
1376,chromo4904,c1ccc2cc(-c3c4ccccc4c(-c4ccc(-n5c6ccccc6c6ccccc65)cc4)c4ccccc34)ccc2c1,3.1184,1.3869999999999998,3.8212771934435894,1.1300360632153947,/scratch/jaggbow/mol_xtb_coordinates/chromo4904/geom.xtbopt.xyz,/scratch/jaggbow/mol_xtb_coordinates/chromo4904/mmff.xyz,/scratch/jaggbow/mol_xtb_coordinates/chromo4904/basic.xyz,1,,,,,,
1377,chromo1028,COc1ccc(C2=C3C(C=Cc4cc(OC)c(OC)c(OC)c4)=C(C=O)C(C=Cc4cc(OC)c(OC)c(OC)c4)=[N+]3[B-](F)(F)n3c(C=Cc4cc(OC)c(OC)c(OC)c4)c(C=O)c(C=Cc4cc(OC)c(OC)c(OC)c4)c32)cc1,1.7192,0.7604000000000001,3.4714344226847165,1.0396140286648181,/scratch/jaggbow/mol_xtb_coordinates/chromo1028/geom.xtbopt.xyz,/scratch/jaggbow/mol_xtb_coordinates/chromo1028/mmff.xyz,/scratch/jaggbow/mol_xtb_coordinates/chromo1028/basic.xyz,1,,,,,,
1378,chromo1788,CCCCC(CC)COc1ccc2nc(-c3ccc(-c4ccc(N(C)C)cc4)s3)sc2c1,3.0115,0.9892999999999996,3.9743282616872677,1.0146517413567908,/scratch/jaggbow/mol_xtb_coordinates/chromo1788/geom.xtbopt.xyz,/scratch/jaggbow/mol_xtb_coordinates/chromo1788/mmff.xyz,/scratch/jaggbow/mol_xtb_coordinates/chromo1788/basic.xyz,1,,,,,,
1379,chromo1889,c1ccc2c(c1)c1ccccc1c1[nH]c(-c3ccc(-c4nc5c6ccccc6c6ccccc6c5[nH]4)cc3)nc21,3.0667,0.7841999999999998,3.5573125472211684,0.5135955219238654,/scratch/jaggbow/mol_xtb_coordinates/chromo1889/geom.xtbopt.xyz,/scratch/jaggbow/mol_xtb_coordinates/chromo1889/mmff.xyz,/scratch/jaggbow/mol_xtb_coordinates/chromo1889/basic.xyz,0,,,,,,
1380,chromo1027,COc1ccc(C2=C3C(C=Cc4cc(OC)c(OC)c(OC)c4)=C(C=O)C(C)=[N+]3[B-](F)(F)n3c(C=Cc4cc(OC)c(OC)c(OC)c4)c(C=O)c(C=Cc4cc(OC)c(OC)c(OC)c4)c32)cc1,1.8929,0.8388,3.8631943491740772,1.216040761896283,/scratch/jaggbow/mol_xtb_coordinates/chromo1027/geom.xtbopt.xyz,/scratch/jaggbow/mol_xtb_coordinates/chromo1027/mmff.xyz,/scratch/jaggbow/mol_xtb_coordinates/chromo1027/basic.xyz,1,,,,,,
1381,chromo3022,Cc1nc2ccc(C=Cc3ccc(N(C)C)cc3)cc2nc1-c1ccccc1,2.8148,0.8136000000000001,0.6663950175486559,0.03305622832563859,/scratch/jaggbow/mol_xtb_coordinates/chromo3022/geom.xtbopt.xyz,/scratch/jaggbow/mol_xtb_coordinates/chromo3022/mmff.xyz,/scratch/jaggbow/mol_xtb_coordinates/chromo3022/basic.xyz,0,,,,,,
1382,chromo5041,CC1(C)c2ccccc2-c2cc3c4cc(-n5c6ccccc6c6ccccc65)ccc4n(-c4ccc(-c5nc(-c6ccccc6)nc(-c6ccccc6)n5)cc4)c3cc21,2.7405,0.1551999999999997,4.14385418912583,0.5099282270466647,/scratch/jaggbow/mol_xtb_coordinates/chromo5041/geom.xtbopt.xyz,/scratch/jaggbow/mol_xtb_coordinates/chromo5041/mmff.xyz,/scratch/jaggbow/mol_xtb_coordinates/chromo5041/basic.xyz,0,,,,,,
1383,chromo0994,CC1=C(C#Cc2ccc(B(c3c(C)cc(C)cc3C)c3c(C)cc(C)cc3C)cc2)C(C)=[N+]2C1=C(c1ccccc1)c1c(C)c(C#Cc3ccc(B(c4c(C)cc(C)cc4C)c4c(C)cc(C)cc4C)cc3)c(C)n1[B-]2(F)F,2.2606,0.8083000000000002,5.6879231635756105,1.817283395357685,/scratch/jaggbow/mol_xtb_coordinates/chromo0994/geom.xtbopt.xyz,/scratch/jaggbow/mol_xtb_coordinates/chromo0994/mmff.xyz,/scratch/jaggbow/mol_xtb_coordinates/chromo0994/basic.xyz,1,,,,,,
1384,chromo1662,CC1=CC(C)=[N+]2C1=C(c1c(-c3ccccn3)nc3ccccn13)c1c(C)cc(C)n1[B-]2(F)F,2.5269,1.1043999999999998,1.7497752711668415,1.1395923266254333,/scratch/jaggbow/mol_xtb_coordinates/chromo1662/geom.xtbopt.xyz,/scratch/jaggbow/mol_xtb_coordinates/chromo1662/mmff.xyz,/scratch/jaggbow/mol_xtb_coordinates/chromo1662/basic.xyz,1,,,,,,
1385,chromo3708,COc1ccc(C#Cc2cc(C#Cc3ccc(OC)cc3)c(C#Cc3ccc(OC)cc3)c(C#Cc3ccc(OC)cc3)c2C#Cc2ccc(OC)cc2)cc1,2.7969,0.9097,4.68440284872602,0.8316220664589522,/scratch/jaggbow/mol_xtb_coordinates/chromo3708/geom.xtbopt.xyz,/scratch/jaggbow/mol_xtb_coordinates/chromo3708/mmff.xyz,/scratch/jaggbow/mol_xtb_coordinates/chromo3708/basic.xyz,1,,,,,,
1386,chromo1525,CCCCCCCCCCCCN1C(=O)c2c(c3ccc4cc(-c5ccc(F)cc5)c(OC)cc4c3c3c2ccc2cc(-c4ccc(F)cc4)c(OC)cc23)C1=O,2.5648,0.5671999999999999,2.321918919115485,0.21833251597982148,/scratch/jaggbow/mol_xtb_coordinates/chromo1525/geom.xtbopt.xyz,/scratch/jaggbow/mol_xtb_coordinates/chromo1525/mmff.xyz,/scratch/jaggbow/mol_xtb_coordinates/chromo1525/basic.xyz,0,,,,,,
1387,chromo4168,CCN1c2ccc(C=NNc3ccccn3)cc2Sc2cc(-c3ccccc3)ccc21,3.2101,0.9726000000000004,2.232164485122684,0.2860949905911232,/scratch/jaggbow/mol_xtb_coordinates/chromo4168/geom.xtbopt.xyz,/scratch/jaggbow/mol_xtb_coordinates/chromo4168/mmff.xyz,/scratch/jaggbow/mol_xtb_coordinates/chromo4168/basic.xyz,0,,,,,,
1388,chromo3373,COc1cc(OC)cc(-c2ccc(C3=CC(c4ccccc4)=C(c4ccccc4)C3)cc2)c1,3.118,1.325,2.9092527633164833,0.9001088446660788,/scratch/jaggbow/mol_xtb_coordinates/chromo3373/geom.xtbopt.xyz,/scratch/jaggbow/mol_xtb_coordinates/chromo3373/mmff.xyz,/scratch/jaggbow/mol_xtb_coordinates/chromo3373/basic.xyz,1,,,,,,
1389,chromo4181,CCN(CC)c1ccc(N=Nc2nc3ccc(Br)cc3s2)cc1,2.5922,0.9785,2.4056162775072627,0.43023818572823,/scratch/jaggbow/mol_xtb_coordinates/chromo4181/geom.xtbopt.xyz,/scratch/jaggbow/mol_xtb_coordinates/chromo4181/mmff.xyz,/scratch/jaggbow/mol_xtb_coordinates/chromo4181/basic.xyz,1,,,,,,
1390,chromo1181,Cc1ccc(-n2c(-c3ccccc3[N-]S(=O)(=O)c3ccc(C)cc3)[nH+]c3c4ccccc4c4ccccc4c32)cc1,3.6488,0.9435000000000002,1.2299807354537124,0.08007549951864049,/scratch/jaggbow/mol_xtb_coordinates/chromo1181/geom.xtbopt.xyz,/scratch/jaggbow/mol_xtb_coordinates/chromo1181/mmff.xyz,/scratch/jaggbow/mol_xtb_coordinates/chromo1181/basic.xyz,0,,,,,,
1391,chromo0801,CC1(C)C2=C(c3ccccc31)S(=O)(=O)c1ccccc12,3.4299,1.2681,4.284929642695535,1.0670424322788052,/scratch/jaggbow/mol_xtb_coordinates/chromo0801/geom.xtbopt.xyz,/scratch/jaggbow/mol_xtb_coordinates/chromo0801/mmff.xyz,/scratch/jaggbow/mol_xtb_coordinates/chromo0801/basic.xyz,0,,,,,,
1392,chromo1126,Cc1ccc(C2=[N+]3C(=Nc4c5ccccc5c(-c5ccc(C)s5)n4[B-]3(F)F)c3ccccc32)s1,1.8859,1.3562,1.9620796885747738,1.307096431252945,/scratch/jaggbow/mol_xtb_coordinates/chromo1126/geom.xtbopt.xyz,/scratch/jaggbow/mol_xtb_coordinates/chromo1126/mmff.xyz,/scratch/jaggbow/mol_xtb_coordinates/chromo1126/basic.xyz,0,,,,,,
1393,chromo2221,COc1cc(OC)cc(C2=[O+][B-](F)(F)OC(c3ccccc3)=C2)c1,3.0559,0.5943,2.762182111461516,0.5729188935128484,/scratch/jaggbow/mol_xtb_coordinates/chromo2221/geom.xtbopt.xyz,/scratch/jaggbow/mol_xtb_coordinates/chromo2221/mmff.xyz,/scratch/jaggbow/mol_xtb_coordinates/chromo2221/basic.xyz,1,,,,,,
1394,chromo2285,O=[N+]([O-])c1ccc([N+]2=CC3=C(O[B-]2(F)F)c2ccccc2SC3)cc1,2.8687,0.7185999999999999,4.5023082362190365,1.1569102008593384,/scratch/jaggbow/mol_xtb_coordinates/chromo2285/geom.xtbopt.xyz,/scratch/jaggbow/mol_xtb_coordinates/chromo2285/mmff.xyz,/scratch/jaggbow/mol_xtb_coordinates/chromo2285/basic.xyz,0,,,,,,
1395,chromo4670,N#CC(C#N)=C(C=Cc1ccc(N(c2ccccc2)c2ccc(C=CC(=C(C#N)C#N)c3ccccc3)cc2)cc1)c1ccccc1,2.3419,0.7639999999999998,4.192772346834973,1.012124577946653,/scratch/jaggbow/mol_xtb_coordinates/chromo4670/geom.xtbopt.xyz,/scratch/jaggbow/mol_xtb_coordinates/chromo4670/mmff.xyz,/scratch/jaggbow/mol_xtb_coordinates/chromo4670/basic.xyz,1,,,,,,
1396,chromo0046,ClP1(Cl)=NP(Cl)(Oc2ccc3ccc4cccc5ccc2c3c45)=NP(Cl)(Oc2ccc3ccc4cccc5ccc2c3c45)=N1,3.3501,1.2578999999999998,1.8617987378041638,-0.1549672575599978,/scratch/jaggbow/mol_xtb_coordinates/chromo0046/geom.xtbopt.xyz,/scratch/jaggbow/mol_xtb_coordinates/chromo0046/mmff.xyz,/scratch/jaggbow/mol_xtb_coordinates/chromo0046/basic.xyz,1,,,,,,
1397,chromo0777,CN(C)c1ccc(C=Cc2ccnc(C=Cc3ccc(N(C)C)cc3)n2)cc1,3.0144,0.8803000000000001,2.080231872516441,0.4783269870463439,/scratch/jaggbow/mol_xtb_coordinates/chromo0777/geom.xtbopt.xyz,/scratch/jaggbow/mol_xtb_coordinates/chromo0777/mmff.xyz,/scratch/jaggbow/mol_xtb_coordinates/chromo0777/basic.xyz,1,,,,,,
1398,chromo2082,O=P(c1ccc(N2c3ccccc3Oc3ccccc32)cc1)(c1ccc(N2c3ccccc3Oc3ccccc32)cc1)c1ccc(N2c3ccccc3Oc3ccccc32)cc1,2.7225,0.0182999999999999,4.481892358236414,0.7114705351883337,/scratch/jaggbow/mol_xtb_coordinates/chromo2082/geom.xtbopt.xyz,/scratch/jaggbow/mol_xtb_coordinates/chromo2082/mmff.xyz,/scratch/jaggbow/mol_xtb_coordinates/chromo2082/basic.xyz,0,,,,,,
1399,chromo0913,C[Si]1(C)c2cc(-c3ccc(-c4cccs4)s3)ccc2C=Cc2ccc(-c3ccc(-c4cccs4)s3)cc21,2.8104,0.8916999999999999,1.7824549555860991,0.3799448698602414,/scratch/jaggbow/mol_xtb_coordinates/chromo0913/geom.xtbopt.xyz,/scratch/jaggbow/mol_xtb_coordinates/chromo0913/mmff.xyz,/scratch/jaggbow/mol_xtb_coordinates/chromo0913/basic.xyz,0,,,,,,
1400,chromo4920,c1ccc(N(c2ccccc2)c2ccc3c(ccc4nc5ccc6cc(N(c7ccccc7)c7ccccc7)ccc6c5nc43)c2)cc1,2.5882,0.4428000000000001,3.0367379038477806,0.34391401200295757,/scratch/jaggbow/mol_xtb_coordinates/chromo4920/geom.xtbopt.xyz,/scratch/jaggbow/mol_xtb_coordinates/chromo4920/mmff.xyz,/scratch/jaggbow/mol_xtb_coordinates/chromo4920/basic.xyz,0,,,,,,
1401,chromo2446,COC(=O)c1cc(=O)n(C)c2cc(-c3ccc(N4CCN(C)CC4)cc3)sc12,2.8779,1.0356,4.115834503565626,1.2285309895212555,/scratch/jaggbow/mol_xtb_coordinates/chromo2446/geom.xtbopt.xyz,/scratch/jaggbow/mol_xtb_coordinates/chromo2446/mmff.xyz,/scratch/jaggbow/mol_xtb_coordinates/chromo2446/basic.xyz,1,,,,,,
1402,chromo1828,CC[n+]1c(C=C2C(=O)C(C=C3N(C)c4ccccc4C3(C)C)=C2[O-])[se]c2ccccc21,2.2149,1.2623000000000002,2.628805754340891,1.2944861367470635,/scratch/jaggbow/mol_xtb_coordinates/chromo1828/geom.xtbopt.xyz,/scratch/jaggbow/mol_xtb_coordinates/chromo1828/mmff.xyz,/scratch/jaggbow/mol_xtb_coordinates/chromo1828/basic.xyz,0,,,,,,
1403,chromo2216,FC(F)(F)c1cc2n(n1)[B-]1(c3ccccc3-c3ccccc31)[n+]1ccc3ccccc3c1-2,2.2325,0.0383999999999997,3.8699462974550194,0.8955328470657116,/scratch/jaggbow/mol_xtb_coordinates/chromo2216/geom.xtbopt.xyz,/scratch/jaggbow/mol_xtb_coordinates/chromo2216/mmff.xyz,/scratch/jaggbow/mol_xtb_coordinates/chromo2216/basic.xyz,0,,,,,,
1404,chromo0328,CCN(CC)c1ccc2ccc(=O)oc2c1,3.7376,1.2282000000000002,5.067824854242087,1.352013843437839,/scratch/jaggbow/mol_xtb_coordinates/chromo0328/geom.xtbopt.xyz,/scratch/jaggbow/mol_xtb_coordinates/chromo0328/mmff.xyz,/scratch/jaggbow/mol_xtb_coordinates/chromo0328/basic.xyz,1,,,,,,
1405,chromo3453,CCOC(=O)c1c(-c2c(Cl)c3ccccc3oc2=O)nn(-c2ccc(Br)cc2)c1C(=O)OCC,3.7765,1.0956,4.154493226717571,0.9184328835059342,/scratch/jaggbow/mol_xtb_coordinates/chromo3453/geom.xtbopt.xyz,/scratch/jaggbow/mol_xtb_coordinates/chromo3453/mmff.xyz,/scratch/jaggbow/mol_xtb_coordinates/chromo3453/basic.xyz,1,,,,,,
1406,chromo3475,CCOC(=O)c1c(-c2cc3ccc(OC)cc3oc2=O)nn(-c2cccc(Cl)c2)c1C(=O)OCC,3.8472,1.2820999999999998,5.72665870000011,1.3800048336004282,/scratch/jaggbow/mol_xtb_coordinates/chromo3475/geom.xtbopt.xyz,/scratch/jaggbow/mol_xtb_coordinates/chromo3475/mmff.xyz,/scratch/jaggbow/mol_xtb_coordinates/chromo3475/basic.xyz,1,,,,,,
1407,chromo2502,CN(C)c1ccc(-c2ncnc3ccccc23)cc1,3.2916,0.7569999999999997,4.741485104778092,0.9617771283070455,/scratch/jaggbow/mol_xtb_coordinates/chromo2502/geom.xtbopt.xyz,/scratch/jaggbow/mol_xtb_coordinates/chromo2502/mmff.xyz,/scratch/jaggbow/mol_xtb_coordinates/chromo2502/basic.xyz,0,,,,,,
1408,chromo0340,CN(C)c1ccc(-c2nc3c(c4c2-c2ccccc2CC4)-c2ccccc2CC3)cc1,3.3562,0.7605999999999997,2.795343457877375,0.32685402033336247,/scratch/jaggbow/mol_xtb_coordinates/chromo0340/geom.xtbopt.xyz,/scratch/jaggbow/mol_xtb_coordinates/chromo0340/mmff.xyz,/scratch/jaggbow/mol_xtb_coordinates/chromo0340/basic.xyz,0,,,,,,
1409,chromo2081,O=P(c1ccccc1)(c1ccc(N2c3ccccc3Oc3ccccc32)cc1)c1ccc(N2c3ccccc3Oc3ccccc32)cc1,2.7957,0.0171999999999998,3.6522715234702865,0.5027612953725734,/scratch/jaggbow/mol_xtb_coordinates/chromo2081/geom.xtbopt.xyz,/scratch/jaggbow/mol_xtb_coordinates/chromo2081/mmff.xyz,/scratch/jaggbow/mol_xtb_coordinates/chromo2081/basic.xyz,0,,,,,,
1410,chromo5468,N#CC1N=c2cc3c4c(cccc4c2=NC1C#N)C(c1ccccc1)=C(c1ccccc1)O3,2.2968,0.8646000000000003,2.22268251567226,0.6754051739467444,/scratch/jaggbow/mol_xtb_coordinates/chromo5468/geom.xtbopt.xyz,/scratch/jaggbow/mol_xtb_coordinates/chromo5468/mmff.xyz,/scratch/jaggbow/mol_xtb_coordinates/chromo5468/basic.xyz,0,,,,,,
1411,chromo1111,F[B-]1(F)n2c(-c3cccs3)cc(-c3ccccc3)c2N=C2C(c3ccccc3)=CC(c3cccs3)=[N+]21,2.0607,1.2926000000000002,2.3122292848463784,1.3121270920973744,/scratch/jaggbow/mol_xtb_coordinates/chromo1111/geom.xtbopt.xyz,/scratch/jaggbow/mol_xtb_coordinates/chromo1111/mmff.xyz,/scratch/jaggbow/mol_xtb_coordinates/chromo1111/basic.xyz,0,,,,,,
1412,chromo1223,CC1=[N+]2C(=Cc3cccn3[B-]2(F)F)C=C1,3.1191,1.5757,3.627980043044227,1.7260892369532552,/scratch/jaggbow/mol_xtb_coordinates/chromo1223/geom.xtbopt.xyz,/scratch/jaggbow/mol_xtb_coordinates/chromo1223/mmff.xyz,/scratch/jaggbow/mol_xtb_coordinates/chromo1223/basic.xyz,1,,,,,,
1413,chromo4053,Cc1c(C)c(-c2cccnc2)c(C)c(C)c1B(c1c(C)c(C)c(-c2cccnc2)c(C)c1C)c1c(C)c(C)c(-c2cccnc2)c(C)c1C,3.6785,0.5285000000000002,5.130325949188816,0.5434812655910637,/scratch/jaggbow/mol_xtb_coordinates/chromo4053/geom.xtbopt.xyz,/scratch/jaggbow/mol_xtb_coordinates/chromo4053/mmff.xyz,/scratch/jaggbow/mol_xtb_coordinates/chromo4053/basic.xyz,1,,,,,,
1414,chromo3472,CCOC(=O)c1c(-c2cc3cc(OC)ccc3oc2=O)nn(-c2cccc(Cl)c2)c1C(=O)OCC,3.5466,1.0753000000000004,3.8657710906914198,0.8080427198425311,/scratch/jaggbow/mol_xtb_coordinates/chromo3472/geom.xtbopt.xyz,/scratch/jaggbow/mol_xtb_coordinates/chromo3472/mmff.xyz,/scratch/jaggbow/mol_xtb_coordinates/chromo3472/basic.xyz,1,,,,,,
1415,chromo4765,CCCCCCOc1cc(N(CC)CC)ccc1C=C(C#N)c1ccc(C=CC(=C(C#N)C#N)c2ccc3c(c2)c2ccccc2n3CC)s1,2.2239,0.9775,2.6452692724427203,0.8124323823711327,/scratch/jaggbow/mol_xtb_coordinates/chromo4765/geom.xtbopt.xyz,/scratch/jaggbow/mol_xtb_coordinates/chromo4765/mmff.xyz,/scratch/jaggbow/mol_xtb_coordinates/chromo4765/basic.xyz,1,,,,,,
1416,chromo0249,COc1ccc2c(c1)CCC1=C(C#Cc3ccccc3)O[B-](F)(F)[O+]=C12,3.141,1.0101,4.01072262016309,1.1435295667729892,/scratch/jaggbow/mol_xtb_coordinates/chromo0249/geom.xtbopt.xyz,/scratch/jaggbow/mol_xtb_coordinates/chromo0249/mmff.xyz,/scratch/jaggbow/mol_xtb_coordinates/chromo0249/basic.xyz,0,,,,,,
1417,chromo1437,CCCCN(CCCC)c1ccc2nc3c4ccccc4c(=O)c(-c4c5ccccc5cc5ccccc45)c-3oc2c1,1.8049,0.1896,1.1866012651013171,0.6824523821490697,/scratch/jaggbow/mol_xtb_coordinates/chromo1437/geom.xtbopt.xyz,/scratch/jaggbow/mol_xtb_coordinates/chromo1437/mmff.xyz,/scratch/jaggbow/mol_xtb_coordinates/chromo1437/basic.xyz,0,,,,,,
1418,chromo2425,COC(=O)c1cc(=O)n(C)c2cc(-c3ccc(OC)cc3)sc12,3.0308,1.1442,3.2466943800816064,1.0161598052609992,/scratch/jaggbow/mol_xtb_coordinates/chromo2425/geom.xtbopt.xyz,/scratch/jaggbow/mol_xtb_coordinates/chromo2425/mmff.xyz,/scratch/jaggbow/mol_xtb_coordinates/chromo2425/basic.xyz,1,,,,,,
1419,chromo3482,CCOC(=O)c1c(-c2cc3cc4c(cc3oc2=O)OC(C)(C)CC4)nn(-c2ccccc2)c1C(=O)OCC,3.7229,1.1959,3.323837270993264,0.7818295785893686,/scratch/jaggbow/mol_xtb_coordinates/chromo3482/geom.xtbopt.xyz,/scratch/jaggbow/mol_xtb_coordinates/chromo3482/mmff.xyz,/scratch/jaggbow/mol_xtb_coordinates/chromo3482/basic.xyz,0,,,,,,
1420,chromo5450,N#Cc1cc(C=Cc2ccc(C=Cc3ccc(N(c4ccccc4)c4ccccc4)cc3)c(C#N)c2)ccc1C=Cc1ccc(N(c2ccccc2)c2ccccc2)cc1,2.2719,0.6971,3.457233661433581,0.6168679680159399,/scratch/jaggbow/mol_xtb_coordinates/chromo5450/geom.xtbopt.xyz,/scratch/jaggbow/mol_xtb_coordinates/chromo5450/mmff.xyz,/scratch/jaggbow/mol_xtb_coordinates/chromo5450/basic.xyz,1,,,,,,
1421,chromo4598,N#Cc1ccc(-c2cc3c(ccc4sccc43)s2)cc1,3.4217,1.0790000000000002,5.399279970317934,1.3146402487591367,/scratch/jaggbow/mol_xtb_coordinates/chromo4598/geom.xtbopt.xyz,/scratch/jaggbow/mol_xtb_coordinates/chromo4598/mmff.xyz,/scratch/jaggbow/mol_xtb_coordinates/chromo4598/basic.xyz,0,,,,,,
1422,chromo4621,CCOC(=O)c1sc(-c2ccc(-c3cc(-c4cccs4)c(C(=O)OCC)s3)s2)cc1-c1cccs1,2.8871,1.1444000000000003,3.561245611876478,1.0751337176930151,/scratch/jaggbow/mol_xtb_coordinates/chromo4621/geom.xtbopt.xyz,/scratch/jaggbow/mol_xtb_coordinates/chromo4621/mmff.xyz,/scratch/jaggbow/mol_xtb_coordinates/chromo4621/basic.xyz,0,,,,,,
1423,chromo2831,COc1ccc(C2=Cc3ccccc3P2(=O)c2ccccc2)cc1,3.364,1.2041,1.6520870131678058,0.5044764923927337,/scratch/jaggbow/mol_xtb_coordinates/chromo2831/geom.xtbopt.xyz,/scratch/jaggbow/mol_xtb_coordinates/chromo2831/mmff.xyz,/scratch/jaggbow/mol_xtb_coordinates/chromo2831/basic.xyz,0,,,,,,
1424,chromo3473,CCOC(=O)c1c(-c2cc3ccc(OC)cc3oc2=O)nn(-c2ccccc2)c1C(=O)OCC,3.8468,1.2784,3.75646856502779,0.899739762701463,/scratch/jaggbow/mol_xtb_coordinates/chromo3473/geom.xtbopt.xyz,/scratch/jaggbow/mol_xtb_coordinates/chromo3473/mmff.xyz,/scratch/jaggbow/mol_xtb_coordinates/chromo3473/basic.xyz,1,,,,,,
1425,chromo3300,CCCCCCN1C(=O)c2cccc3c(-c4ccc(-c5cc(-c6ccc(Cl)cc6)nn5-c5ccccc5)s4)ccc(c23)C1=O,2.882,0.8092999999999999,3.8041066593862927,0.8355482958224073,/scratch/jaggbow/mol_xtb_coordinates/chromo3300/geom.xtbopt.xyz,/scratch/jaggbow/mol_xtb_coordinates/chromo3300/mmff.xyz,/scratch/jaggbow/mol_xtb_coordinates/chromo3300/basic.xyz,0,,,,,,
1426,chromo3556,C(#Cc1ncc(-c2ccccc2)o1)c1cccnc1,3.5376,1.2432,5.586664964161957,1.3857403254403526,/scratch/jaggbow/mol_xtb_coordinates/chromo3556/geom.xtbopt.xyz,/scratch/jaggbow/mol_xtb_coordinates/chromo3556/mmff.xyz,/scratch/jaggbow/mol_xtb_coordinates/chromo3556/basic.xyz,0,,,,,,
1427,chromo4110,CCCCCCc1ccc(-n2c3[n+](c4c5ccccc5c5ccccc5c42)[B-](C)(C)c2ccccc2-3)cc1,3.6975,0.9413999999999998,4.865729750236874,0.7222784290579392,/scratch/jaggbow/mol_xtb_coordinates/chromo4110/geom.xtbopt.xyz,/scratch/jaggbow/mol_xtb_coordinates/chromo4110/mmff.xyz,/scratch/jaggbow/mol_xtb_coordinates/chromo4110/basic.xyz,0,,,,,,
1428,chromo4992,CC(C)(C)c1ccc2c(c1)c1cc(C(C)(C)C)ccc1n2-c1ccccc1-c1nc(-c2ccccc2P(=O)(c2ccccc2)c2ccccc2)nc(-c2ccccc2P(=O)(c2ccccc2)c2ccccc2)n1,2.6461,0.0613000000000001,3.143201793226332,0.1577952125626606,/scratch/jaggbow/mol_xtb_coordinates/chromo4992/geom.xtbopt.xyz,/scratch/jaggbow/mol_xtb_coordinates/chromo4992/mmff.xyz,/scratch/jaggbow/mol_xtb_coordinates/chromo4992/basic.xyz,1,,,,,,
1429,chromo5221,CCCCN1C(=O)C(=CC=C2N(CCCC)c3ccccc3N2CCCC)C(=O)N(CCCC)C1=S,2.7324,0.6318000000000001,2.1746120077154556,0.8098055701465554,/scratch/jaggbow/mol_xtb_coordinates/chromo5221/geom.xtbopt.xyz,/scratch/jaggbow/mol_xtb_coordinates/chromo5221/mmff.xyz,/scratch/jaggbow/mol_xtb_coordinates/chromo5221/basic.xyz,0,,,,,,
1430,chromo5262,CC1=[N+]2C(=C(c3c4ccccc4c(C)c4ccccc34)c3ccc(C)n3[B-]2(F)F)C=C1,2.1715,0.6712,1.4368888753965783,1.0952979898108564,/scratch/jaggbow/mol_xtb_coordinates/chromo5262/geom.xtbopt.xyz,/scratch/jaggbow/mol_xtb_coordinates/chromo5262/mmff.xyz,/scratch/jaggbow/mol_xtb_coordinates/chromo5262/basic.xyz,1,,,,,,
1431,chromo5269,CCC1=C(C)C2=C(c3c4ccccc4cc4ccccc34)c3c(C)c(CC)c(C)n3[B-](F)(F)[N+]2=C1C,2.5239,1.0740999999999998,2.627714496553167,1.3009271636778794,/scratch/jaggbow/mol_xtb_coordinates/chromo5269/geom.xtbopt.xyz,/scratch/jaggbow/mol_xtb_coordinates/chromo5269/mmff.xyz,/scratch/jaggbow/mol_xtb_coordinates/chromo5269/basic.xyz,1,,,,,,
1432,chromo5397,CC(C)(C)c1ccc(-c2nc3c4ccc(-c5cccc6ccccc56)cc4c4cc(-c5cccc6ccccc56)ccc4c3n2-c2ccc(C(C)(C)C)cc2)cc1,3.4133,0.8816000000000002,4.067498631057755,0.5359095777817253,/scratch/jaggbow/mol_xtb_coordinates/chromo5397/geom.xtbopt.xyz,/scratch/jaggbow/mol_xtb_coordinates/chromo5397/mmff.xyz,/scratch/jaggbow/mol_xtb_coordinates/chromo5397/basic.xyz,1,,,,,,
1433,chromo5715,C#Cn1c(-c2cc(-c3nc4ccccc4n3C#C)cc(-c3nc4ccccc4n3C#C)c2)nc2ccccc21,3.7106,1.029,5.092853064011133,0.8498935135432425,/scratch/jaggbow/mol_xtb_coordinates/chromo5715/geom.xtbopt.xyz,/scratch/jaggbow/mol_xtb_coordinates/chromo5715/mmff.xyz,/scratch/jaggbow/mol_xtb_coordinates/chromo5715/basic.xyz,0,,,,,,
1434,chromo5892,C1=[N+](c2ccccc2)[B-](c2ccccc2)(c2ccccc2)Oc2c1ccc1c3c(ccc21)C=[N+](c1ccccc1)[B-](c1ccccc1)(c1ccccc1)O3,2.2843,0.7041,1.18961045977306,0.377558938596123,/scratch/jaggbow/mol_xtb_coordinates/chromo5892/geom.xtbopt.xyz,/scratch/jaggbow/mol_xtb_coordinates/chromo5892/mmff.xyz,/scratch/jaggbow/mol_xtb_coordinates/chromo5892/basic.xyz,0,,,,,,
1435,chromo5900,CCN(CC)c1ccc([N+]2=Cc3ccc4c5c(ccc4c3O[B-]2(c2ccccc2)c2ccccc2)C=[N+](c2ccc([N+](=O)[O-])cc2)[B-](c2ccccc2)(c2ccccc2)O5)cc1,2.0151,0.5470999999999999,2.9265210189330486,0.8184144796609053,/scratch/jaggbow/mol_xtb_coordinates/chromo5900/geom.xtbopt.xyz,/scratch/jaggbow/mol_xtb_coordinates/chromo5900/mmff.xyz,/scratch/jaggbow/mol_xtb_coordinates/chromo5900/basic.xyz,0,,,,,,
1436,chromo0652,N#Cc1c(-n2c3ccccc3c3ccccc32)c(-n2c3ccccc3c3ccccc32)c(-n2c3ccccc3c3ccccc32)c(-n2c3ccccc3c3ccccc32)c1-n1c2ccccc2c2ccccc21,2.7262,0.1930999999999998,4.0870605644378895,0.36640342049973806,/scratch/jaggbow/mol_xtb_coordinates/chromo0652/geom.xtbopt.xyz,/scratch/jaggbow/mol_xtb_coordinates/chromo0652/mmff.xyz,/scratch/jaggbow/mol_xtb_coordinates/chromo0652/basic.xyz,1,,,,,,
1437,chromo3116,C=CCOC(=O)C(C#N)=C1C=C(C=Cc2ccc(N(C)C)cc2)OC(C=Cc2ccc(N(C)C)cc2)=C1,2.586,0.8535999999999999,1.3502478854127835,0.4421027884719853,/scratch/jaggbow/mol_xtb_coordinates/chromo3116/geom.xtbopt.xyz,/scratch/jaggbow/mol_xtb_coordinates/chromo3116/mmff.xyz,/scratch/jaggbow/mol_xtb_coordinates/chromo3116/basic.xyz,0,,,,,,
1438,chromo4710,Oc1ccc(-c2cccs2)cc1-c1nc2ccccc2s1,3.2401,0.6928000000000001,2.496106990490542,0.3071553716950106,/scratch/jaggbow/mol_xtb_coordinates/chromo4710/geom.xtbopt.xyz,/scratch/jaggbow/mol_xtb_coordinates/chromo4710/mmff.xyz,/scratch/jaggbow/mol_xtb_coordinates/chromo4710/basic.xyz,1,,,,,,
1439,chromo5840,c1ccc([B-]23NC(C4CCCCC4)=Nc4cccc([n+]42)N=C(C2CCCCC2)N3)cc1,3.2853,0.6724999999999999,2.942374297654933,0.48280662150799486,/scratch/jaggbow/mol_xtb_coordinates/chromo5840/geom.xtbopt.xyz,/scratch/jaggbow/mol_xtb_coordinates/chromo5840/mmff.xyz,/scratch/jaggbow/mol_xtb_coordinates/chromo5840/basic.xyz,0,,,,,,
1440,chromo0317,CCN(CC)c1ccc2cc(C#N)c(=N)oc2c1,3.4375,1.2736,2.133668742741766,0.7255599418570199,/scratch/jaggbow/mol_xtb_coordinates/chromo0317/geom.xtbopt.xyz,/scratch/jaggbow/mol_xtb_coordinates/chromo0317/mmff.xyz,/scratch/jaggbow/mol_xtb_coordinates/chromo0317/basic.xyz,1,,,,,,
1441,chromo2447,COC(=O)c1cc(=O)n(C)c2cc(-c3cc4c5c(c3)CCCN5CCC4)sc12,2.697,0.9260000000000002,4.019470156245704,1.2042758688645323,/scratch/jaggbow/mol_xtb_coordinates/chromo2447/geom.xtbopt.xyz,/scratch/jaggbow/mol_xtb_coordinates/chromo2447/mmff.xyz,/scratch/jaggbow/mol_xtb_coordinates/chromo2447/basic.xyz,0,,,,,,
1442,chromo4897,c1ccc(N2c3ccccc3B3c4ccccc4N(c4ccccc4)c4cccc2c43)cc1,3.1298,0.4921999999999999,1.5778416690901562,0.12428521588728758,/scratch/jaggbow/mol_xtb_coordinates/chromo4897/geom.xtbopt.xyz,/scratch/jaggbow/mol_xtb_coordinates/chromo4897/mmff.xyz,/scratch/jaggbow/mol_xtb_coordinates/chromo4897/basic.xyz,0,,,,,,
1443,chromo0694,CCCCc1cc(CCCC)c2ccc3c(CCCC)cc(CCCC)c4ccc1c2c43,3.3806,1.4339999999999995,2.6695724269775747,0.7113299755675636,/scratch/jaggbow/mol_xtb_coordinates/chromo0694/geom.xtbopt.xyz,/scratch/jaggbow/mol_xtb_coordinates/chromo0694/mmff.xyz,/scratch/jaggbow/mol_xtb_coordinates/chromo0694/basic.xyz,1,,,,,,
1444,chromo1464,O=[N+]([O-])c1ccc(C#Cc2ccc3ccccc3c2)cc1,3.0467,0.4872000000000001,3.7089853063912,0.6823338438256685,/scratch/jaggbow/mol_xtb_coordinates/chromo1464/geom.xtbopt.xyz,/scratch/jaggbow/mol_xtb_coordinates/chromo1464/mmff.xyz,/scratch/jaggbow/mol_xtb_coordinates/chromo1464/basic.xyz,1,,,,,,
1445,chromo4344,c1ccc(N(c2ccccc2)c2ccc(-c3ccc(-c4nc(-c5ccccn5)n(-c5ccccc5)n4)cc3)cc2)cc1,3.2261,0.5539000000000001,3.2944859090374474,0.3523815101727502,/scratch/jaggbow/mol_xtb_coordinates/chromo4344/geom.xtbopt.xyz,/scratch/jaggbow/mol_xtb_coordinates/chromo4344/mmff.xyz,/scratch/jaggbow/mol_xtb_coordinates/chromo4344/basic.xyz,1,,,,,,
1446,chromo5415,O=c1c2ccccc2n(-c2ccc(-c3ccc(-n4c5ccccc5c(=O)c5ccccc54)cc3)cc2)c2ccccc12,3.4051,0.6036999999999999,1.8941144501016192,0.44903841095621466,/scratch/jaggbow/mol_xtb_coordinates/chromo5415/geom.xtbopt.xyz,/scratch/jaggbow/mol_xtb_coordinates/chromo5415/mmff.xyz,/scratch/jaggbow/mol_xtb_coordinates/chromo5415/basic.xyz,0,,,,,,
1447,chromo5270,CCC1=C(C)C2=C(c3c4ccccc4c(C)c4ccccc34)c3c(C)c(CC)c(C)n3[B-](F)(F)[N+]2=C1C,2.4422,0.9885000000000002,2.9421481830110365,1.3795197523157279,/scratch/jaggbow/mol_xtb_coordinates/chromo5270/geom.xtbopt.xyz,/scratch/jaggbow/mol_xtb_coordinates/chromo5270/mmff.xyz,/scratch/jaggbow/mol_xtb_coordinates/chromo5270/basic.xyz,1,,,,,,
1448,chromo2951,O=C(NN=Cc1ccccc1O)c1ccc([N+](=O)[O-])cc1,2.7081,0.2507000000000001,3.441593562622892,0.6873568430084948,/scratch/jaggbow/mol_xtb_coordinates/chromo2951/geom.xtbopt.xyz,/scratch/jaggbow/mol_xtb_coordinates/chromo2951/mmff.xyz,/scratch/jaggbow/mol_xtb_coordinates/chromo2951/basic.xyz,1,,,,,,
1449,chromo0122,CC1=CC(C)=[N+]2C1=C(c1ccccc1)c1c(C)cc(C)n1[B-]2(F)F,3.0322,1.513,1.76303417710762,1.150598272763904,/scratch/jaggbow/mol_xtb_coordinates/chromo0122/geom.xtbopt.xyz,/scratch/jaggbow/mol_xtb_coordinates/chromo0122/mmff.xyz,/scratch/jaggbow/mol_xtb_coordinates/chromo0122/basic.xyz,1,,,,,,
1450,chromo0933,c1cc2sc3ccsc3c2s1,4.2913,1.6643999999999997,3.9417578997676457,1.1748499453172798,/scratch/jaggbow/mol_xtb_coordinates/chromo0933/geom.xtbopt.xyz,/scratch/jaggbow/mol_xtb_coordinates/chromo0933/mmff.xyz,/scratch/jaggbow/mol_xtb_coordinates/chromo0933/basic.xyz,0,,,,,,
1451,chromo2471,N#Cc1nc2cnc(N)nc2n1Cc1ccccc1,4.0377,1.3137,4.784285046870086,1.2187486255088922,/scratch/jaggbow/mol_xtb_coordinates/chromo2471/geom.xtbopt.xyz,/scratch/jaggbow/mol_xtb_coordinates/chromo2471/mmff.xyz,/scratch/jaggbow/mol_xtb_coordinates/chromo2471/basic.xyz,0,,,,,,
1452,chromo4238,CSc1cc(-c2cc3cc4c5c(c3oc2=O)CCCN5CCC4)oc(=O)c1C#N,2.8297,1.0063,3.910186854584836,1.1139912483939645,/scratch/jaggbow/mol_xtb_coordinates/chromo4238/geom.xtbopt.xyz,/scratch/jaggbow/mol_xtb_coordinates/chromo4238/mmff.xyz,/scratch/jaggbow/mol_xtb_coordinates/chromo4238/basic.xyz,0,,,,,,
1453,chromo5496,CCC1=C(C)C2=Cc3c4ccccc4c4n3[B-](c3ccncc3)(Oc3ccccc3-4)[N+]2=C1C,2.3271,1.0899,2.895118491864591,1.1546272974633123,/scratch/jaggbow/mol_xtb_coordinates/chromo5496/geom.xtbopt.xyz,/scratch/jaggbow/mol_xtb_coordinates/chromo5496/mmff.xyz,/scratch/jaggbow/mol_xtb_coordinates/chromo5496/basic.xyz,0,,,,,,
1454,chromo0320,COc1ccc2oc(=N)c(C#N)cc2c1,3.0824,1.0328,1.8213266709956923,0.4604132073057638,/scratch/jaggbow/mol_xtb_coordinates/chromo0320/geom.xtbopt.xyz,/scratch/jaggbow/mol_xtb_coordinates/chromo0320/mmff.xyz,/scratch/jaggbow/mol_xtb_coordinates/chromo0320/basic.xyz,1,,,,,,
1455,chromo1829,CC[n+]1c(C=C2C(=O)C(C=C3N(C)c4ccc(Cl)cc4C3(C)C)=C2[O-])sc2ccccc21,2.262,1.3096,2.5561389329906588,1.4540099653687377,/scratch/jaggbow/mol_xtb_coordinates/chromo1829/geom.xtbopt.xyz,/scratch/jaggbow/mol_xtb_coordinates/chromo1829/mmff.xyz,/scratch/jaggbow/mol_xtb_coordinates/chromo1829/basic.xyz,0,,,,,,
1456,chromo3317,CCCCN(c1ccccc1)c1ccc2c(c1)C(CC)(CC)c1cc(C=Cc3ccc(C=C(C#N)C(=O)O)s3)ccc1-2,2.0373,0.6326,2.728306065604277,0.9274763708724046,/scratch/jaggbow/mol_xtb_coordinates/chromo3317/geom.xtbopt.xyz,/scratch/jaggbow/mol_xtb_coordinates/chromo3317/mmff.xyz,/scratch/jaggbow/mol_xtb_coordinates/chromo3317/basic.xyz,0,,,,,,
1457,chromo1827,CC[n+]1c(C=C2C(=O)C(C=C3N(C)c4ccccc4C3(C)C)=C2[O-])sc2ccccc21,2.2783,1.3237,2.2946622755080743,1.4108648857322694,/scratch/jaggbow/mol_xtb_coordinates/chromo1827/geom.xtbopt.xyz,/scratch/jaggbow/mol_xtb_coordinates/chromo1827/mmff.xyz,/scratch/jaggbow/mol_xtb_coordinates/chromo1827/basic.xyz,0,,,,,,
1458,chromo1156,CC1=NN(c2cccc3ccccc23)[B-](F)(F)[n+]2ccccc21,2.7433,0.8717000000000001,1.3929564431573744,0.5870460719359296,/scratch/jaggbow/mol_xtb_coordinates/chromo1156/geom.xtbopt.xyz,/scratch/jaggbow/mol_xtb_coordinates/chromo1156/mmff.xyz,/scratch/jaggbow/mol_xtb_coordinates/chromo1156/basic.xyz,0,,,,,,
1459,chromo3549,CN1CCN(c2cccc(C=Cc3ncc(-c4ccc(OCc5ccccc5)c(OCc5ccccc5)c4)o3)c2)CC1,3.1593,1.1975,2.601454331280813,0.5724772767187386,/scratch/jaggbow/mol_xtb_coordinates/chromo3549/geom.xtbopt.xyz,/scratch/jaggbow/mol_xtb_coordinates/chromo3549/mmff.xyz,/scratch/jaggbow/mol_xtb_coordinates/chromo3549/basic.xyz,0,,,,,,
1460,chromo0193,CCCCCCCCCCn1nnc(-c2ccc(C#Cc3ccc(C#Cc4ccc(-c5nnn(CCCCCCCCCC)n5)cc4)c4nc5c6ccccc6c6ccccc6c5nc34)cc2)n1,2.4438,0.8418999999999999,2.691877882675342,0.5319748078743636,/scratch/jaggbow/mol_xtb_coordinates/chromo0193/geom.xtbopt.xyz,/scratch/jaggbow/mol_xtb_coordinates/chromo0193/mmff.xyz,/scratch/jaggbow/mol_xtb_coordinates/chromo0193/basic.xyz,0,,,,,,
1461,chromo6932,CC(C)(C)c1cc2ccc3ccc(-c4ccccc4)c4ccc(c1)c2c34,3.5061,1.4503,2.9494092397114278,0.7359745889192109,/scratch/jaggbow/mol_xtb_coordinates/chromo6932/geom.xtbopt.xyz,/scratch/jaggbow/mol_xtb_coordinates/chromo6932/mmff.xyz,/scratch/jaggbow/mol_xtb_coordinates/chromo6932/basic.xyz,1,,,,,,
1462,chromo2610,O=Cc1ccc2c(c1)c1ccccc1n2-c1cc2ccccc2c2ccccc12,3.5637,0.8466,3.9685684692804934,0.5520019910127848,/scratch/jaggbow/mol_xtb_coordinates/chromo2610/geom.xtbopt.xyz,/scratch/jaggbow/mol_xtb_coordinates/chromo2610/mmff.xyz,/scratch/jaggbow/mol_xtb_coordinates/chromo2610/basic.xyz,1,,,,,,
1463,chromo5762,COc1ccc(-c2cc(C=Cc3ccc(N(c4ccccc4)c4ccccc4)cc3)c(C#N)c(N3CCCCC3)c2)cc1,2.9099,0.8584999999999998,3.365176723218341,0.5121260595421746,/scratch/jaggbow/mol_xtb_coordinates/chromo5762/geom.xtbopt.xyz,/scratch/jaggbow/mol_xtb_coordinates/chromo5762/mmff.xyz,/scratch/jaggbow/mol_xtb_coordinates/chromo5762/basic.xyz,1,,,,,,
1464,chromo0403,c1ccc(-c2ccc(-c3cc(-c4ccccn4)nc(-c4ccccn4)c3)cc2)cc1,3.9511,1.0919,5.435998674334179,0.8151992443005471,/scratch/jaggbow/mol_xtb_coordinates/chromo0403/geom.xtbopt.xyz,/scratch/jaggbow/mol_xtb_coordinates/chromo0403/mmff.xyz,/scratch/jaggbow/mol_xtb_coordinates/chromo0403/basic.xyz,1,,,,,,
1465,chromo4082,CCN(CC)c1ccc2cc(C(Cl)=CC=CC(=C(C#N)C#N)c3ccc(N(c4ccccc4)c4ccccc4)cc3)c(=O)oc2c1,2.083,0.5606000000000002,5.039828719086793,1.2692779234305713,/scratch/jaggbow/mol_xtb_coordinates/chromo4082/geom.xtbopt.xyz,/scratch/jaggbow/mol_xtb_coordinates/chromo4082/mmff.xyz,/scratch/jaggbow/mol_xtb_coordinates/chromo4082/basic.xyz,1,,,,,,
1466,chromo4385,Fc1ccc(-c2cc3c4c(c2)CCc2cc(-c5ccc(F)cc5)cc(c2-4)CC3)cc1,3.7274,1.1031,3.456702674599698,0.5506598297089593,/scratch/jaggbow/mol_xtb_coordinates/chromo4385/geom.xtbopt.xyz,/scratch/jaggbow/mol_xtb_coordinates/chromo4385/mmff.xyz,/scratch/jaggbow/mol_xtb_coordinates/chromo4385/basic.xyz,0,,,,,,
1467,chromo0701,CC(C)(C)c1ccc2ccc3c(C(C)(C)C)ccc4ccc1c2c43,3.5437,1.5154999999999998,4.993061362324559,1.3031618048140134,/scratch/jaggbow/mol_xtb_coordinates/chromo0701/geom.xtbopt.xyz,/scratch/jaggbow/mol_xtb_coordinates/chromo0701/mmff.xyz,/scratch/jaggbow/mol_xtb_coordinates/chromo0701/basic.xyz,1,,,,,,
1468,chromo2999,c1ccc(-c2c3ccccc3c(-c3cncnc3)c3ccccc23)cc1,3.1426,1.4112999999999998,3.6338965918972863,1.1531957473836172,/scratch/jaggbow/mol_xtb_coordinates/chromo2999/geom.xtbopt.xyz,/scratch/jaggbow/mol_xtb_coordinates/chromo2999/mmff.xyz,/scratch/jaggbow/mol_xtb_coordinates/chromo2999/basic.xyz,1,,,,,,
1469,chromo0434,Cc1cc(O)c(C(=O)C=Cc2ccccc2[N+](=O)[O-])c(=O)o1,3.4374,0.9162999999999996,4.975076409499713,1.0525971179598026,/scratch/jaggbow/mol_xtb_coordinates/chromo0434/geom.xtbopt.xyz,/scratch/jaggbow/mol_xtb_coordinates/chromo0434/mmff.xyz,/scratch/jaggbow/mol_xtb_coordinates/chromo0434/basic.xyz,0,,,,,,
1470,chromo0699,Cc1ccc2ccc3c(C)ccc4ccc1c2c43,3.5853,1.5389,3.3488357236569524,0.9433959408345662,/scratch/jaggbow/mol_xtb_coordinates/chromo0699/geom.xtbopt.xyz,/scratch/jaggbow/mol_xtb_coordinates/chromo0699/mmff.xyz,/scratch/jaggbow/mol_xtb_coordinates/chromo0699/basic.xyz,1,,,,,,
1471,chromo5376,c1ccc(N(c2ccccc2)c2ccc(N(c3ccccc3)c3ccc4ccc5c(N(c6ccccc6)c6ccc(N(c7ccccc7)c7ccccc7)cc6)ccc6ccc3c4c65)cc2)cc1,2.4621,0.6294,3.644824942160041,0.7243150307454538,/scratch/jaggbow/mol_xtb_coordinates/chromo5376/geom.xtbopt.xyz,/scratch/jaggbow/mol_xtb_coordinates/chromo5376/mmff.xyz,/scratch/jaggbow/mol_xtb_coordinates/chromo5376/basic.xyz,1,,,,,,
1472,chromo4375,CCCCCC#Cc1cc(C#CCCCCC)c2ccc3c(C(=O)c4ccccc4)cc(C#CCCCCC)c4ccc1c2c43,2.693,1.113,2.6468001921965385,0.7475469447074644,/scratch/jaggbow/mol_xtb_coordinates/chromo4375/geom.xtbopt.xyz,/scratch/jaggbow/mol_xtb_coordinates/chromo4375/mmff.xyz,/scratch/jaggbow/mol_xtb_coordinates/chromo4375/basic.xyz,1,,,,,,
1473,chromo1125,CN(C)c1ccc(C2=[N+]3C(=Nc4c5ccccc5c(-c5ccc(N(C)C)cc5)n4[B-]3(F)F)c3ccccc32)cc1,1.8927,1.2094,2.8512095499341825,1.4177736850545568,/scratch/jaggbow/mol_xtb_coordinates/chromo1125/geom.xtbopt.xyz,/scratch/jaggbow/mol_xtb_coordinates/chromo1125/mmff.xyz,/scratch/jaggbow/mol_xtb_coordinates/chromo1125/basic.xyz,0,,,,,,
1474,chromo0571,c1ccc(-c2nc(-c3ccc(N(c4ccccc4)c4ccccc4)cc3)n3ccccc23)cc1,3.1042,0.8989000000000003,3.089930823964757,0.5951597612366601,/scratch/jaggbow/mol_xtb_coordinates/chromo0571/geom.xtbopt.xyz,/scratch/jaggbow/mol_xtb_coordinates/chromo0571/mmff.xyz,/scratch/jaggbow/mol_xtb_coordinates/chromo0571/basic.xyz,0,,,,,,
1475,chromo2905,C(=Cc1ncccn1)c1ccc(-c2ccc(N(c3ccccc3)c3ccccc3)cc2)cc1,2.853,0.7029000000000001,3.492842092655054,0.596018738415701,/scratch/jaggbow/mol_xtb_coordinates/chromo2905/geom.xtbopt.xyz,/scratch/jaggbow/mol_xtb_coordinates/chromo2905/mmff.xyz,/scratch/jaggbow/mol_xtb_coordinates/chromo2905/basic.xyz,0,,,,,,
1476,chromo3051,CC12CCC(c3nc4ccc(-c5cccs5)cc4nc31)C2(C)C,3.542,1.0080999999999998,1.7827523422679117,0.20535793907217947,/scratch/jaggbow/mol_xtb_coordinates/chromo3051/geom.xtbopt.xyz,/scratch/jaggbow/mol_xtb_coordinates/chromo3051/mmff.xyz,/scratch/jaggbow/mol_xtb_coordinates/chromo3051/basic.xyz,0,,,,,,
1477,chromo5271,CCC1=C(C)C2=C(c3c4ccccc4c(-c4ccccc4)c4ccccc34)c3c(C)c(CC)c(C)n3[B-](F)(F)[N+]2=C1C,2.4617,1.0094,2.3077177280602768,1.2257989369235138,/scratch/jaggbow/mol_xtb_coordinates/chromo5271/geom.xtbopt.xyz,/scratch/jaggbow/mol_xtb_coordinates/chromo5271/mmff.xyz,/scratch/jaggbow/mol_xtb_coordinates/chromo5271/basic.xyz,1,,,,,,
1478,chromo3157,CCN(CC)c1ccc2cc(C=C(C#N)c3nc4ccccc4o3)c(=O)oc2c1,2.7201,1.0792,2.1118183806411146,0.7240604943403612,/scratch/jaggbow/mol_xtb_coordinates/chromo3157/geom.xtbopt.xyz,/scratch/jaggbow/mol_xtb_coordinates/chromo3157/mmff.xyz,/scratch/jaggbow/mol_xtb_coordinates/chromo3157/basic.xyz,1,,,,,,
1479,chromo5643,CCN(CC)c1ccc2c(c1)oc(=O)c1cc3cnn(-c4ccccc4)c3nc12,3.1668,0.6828999999999996,3.676048892230721,0.7567663603760085,/scratch/jaggbow/mol_xtb_coordinates/chromo5643/geom.xtbopt.xyz,/scratch/jaggbow/mol_xtb_coordinates/chromo5643/mmff.xyz,/scratch/jaggbow/mol_xtb_coordinates/chromo5643/basic.xyz,0,,,,,,
1480,chromo4506,C(#Cc1cccc2nsnc12)c1ccc(-n2c3ccccc3c3ccccc32)cc1,2.4861,0.7233,3.3257981131254537,0.7391951793030177,/scratch/jaggbow/mol_xtb_coordinates/chromo4506/geom.xtbopt.xyz,/scratch/jaggbow/mol_xtb_coordinates/chromo4506/mmff.xyz,/scratch/jaggbow/mol_xtb_coordinates/chromo4506/basic.xyz,1,,,,,,
1481,chromo3778,CCCCCCCCCCCCC(CCCCCCCCCC)Cn1c2cc(C=CC=C(C#N)C#N)c3cccc4c5cccc6c(C=CC=C(C#N)C#N)cc1c(c65)c2c34,1.995,0.9298000000000002,3.7701177411614504,0.856888825111496,/scratch/jaggbow/mol_xtb_coordinates/chromo3778/geom.xtbopt.xyz,/scratch/jaggbow/mol_xtb_coordinates/chromo3778/mmff.xyz,/scratch/jaggbow/mol_xtb_coordinates/chromo3778/basic.xyz,0,,,,,,
1482,chromo2809,CCN(CC)c1ccc2cc(-c3nc4cc(C(=O)Nc5ccc(C)cc5[N+](=O)[O-])ccc4o3)c(=O)oc2c1,2.6236,0.5309000000000004,3.5690376461560174,0.8295176893687983,/scratch/jaggbow/mol_xtb_coordinates/chromo2809/geom.xtbopt.xyz,/scratch/jaggbow/mol_xtb_coordinates/chromo2809/mmff.xyz,/scratch/jaggbow/mol_xtb_coordinates/chromo2809/basic.xyz,1,,,,,,
1483,chromo3537,COc1cc(-c2cnc(-c3ccncc3)o2)cc(OC)c1OC,3.5111,1.1088,3.9099592043187896,0.9863608198765217,/scratch/jaggbow/mol_xtb_coordinates/chromo3537/geom.xtbopt.xyz,/scratch/jaggbow/mol_xtb_coordinates/chromo3537/mmff.xyz,/scratch/jaggbow/mol_xtb_coordinates/chromo3537/basic.xyz,1,,,,,,
1484,chromo0063,CC(=O)N(Cc1ccccn1)c1c2ccccc2c2c3c(cccc13)C(=O)N(Cc1ccccn1)C2=O,2.7315,1.2194,2.9935230541817512,0.9318001749193613,/scratch/jaggbow/mol_xtb_coordinates/chromo0063/geom.xtbopt.xyz,/scratch/jaggbow/mol_xtb_coordinates/chromo0063/mmff.xyz,/scratch/jaggbow/mol_xtb_coordinates/chromo0063/basic.xyz,0,,,,,,
1485,chromo0260,COc1ccc2cc(C=CC3=CC(c4ccccc4)=[O+][B-](F)(F)O3)ccc2c1,2.9272,0.9198,5.411973345613868,1.4631384241521643,/scratch/jaggbow/mol_xtb_coordinates/chromo0260/geom.xtbopt.xyz,/scratch/jaggbow/mol_xtb_coordinates/chromo0260/mmff.xyz,/scratch/jaggbow/mol_xtb_coordinates/chromo0260/basic.xyz,1,,,,,,
1486,chromo1206,C(=Cc1ccc(-c2ccncc2)cc1)c1ccc(-c2ccncc2)cc1,3.4258,1.3025000000000002,4.69115928327354,1.1408862362385555,/scratch/jaggbow/mol_xtb_coordinates/chromo1206/geom.xtbopt.xyz,/scratch/jaggbow/mol_xtb_coordinates/chromo1206/mmff.xyz,/scratch/jaggbow/mol_xtb_coordinates/chromo1206/basic.xyz,1,,,,,,
1487,chromo2137,O=P1(c2ccccc2)c2cccc3c4ccccc4c4ccc1n4c23,3.3017,0.6179999999999999,2.987446063204628,0.1705171979639321,/scratch/jaggbow/mol_xtb_coordinates/chromo2137/geom.xtbopt.xyz,/scratch/jaggbow/mol_xtb_coordinates/chromo2137/mmff.xyz,/scratch/jaggbow/mol_xtb_coordinates/chromo2137/basic.xyz,0,,,,,,
1488,chromo2507,C(#Cc1ncnc2ccccc12)c1ccc(N(c2ccccc2)c2ccccc2)cc1,2.8333,0.6905000000000001,2.341367129289134,0.18200326694032642,/scratch/jaggbow/mol_xtb_coordinates/chromo2507/geom.xtbopt.xyz,/scratch/jaggbow/mol_xtb_coordinates/chromo2507/mmff.xyz,/scratch/jaggbow/mol_xtb_coordinates/chromo2507/basic.xyz,0,,,,,,
1489,chromo4727,COc1cccc(-n2c(-c3ccc(F)cc3)nc(C)c2C)c1,3.9655,0.9228,4.0262984678246685,0.6698497865094077,/scratch/jaggbow/mol_xtb_coordinates/chromo4727/geom.xtbopt.xyz,/scratch/jaggbow/mol_xtb_coordinates/chromo4727/mmff.xyz,/scratch/jaggbow/mol_xtb_coordinates/chromo4727/basic.xyz,1,,,,,,
1490,chromo4516,CC1(C)CC(C=Cc2cn(-c3ccccc3)nc2-c2ccccc2)=CC(=C(C#N)C#N)C1,2.8968,1.3641,3.307805926641714,1.2016549317807494,/scratch/jaggbow/mol_xtb_coordinates/chromo4516/geom.xtbopt.xyz,/scratch/jaggbow/mol_xtb_coordinates/chromo4516/mmff.xyz,/scratch/jaggbow/mol_xtb_coordinates/chromo4516/basic.xyz,0,,,,,,
1491,chromo1434,CCCCN(CCCC)c1ccc2nc3c4ccccc4c(=O)c(OC(=C(C(F)(C(F)(F)F)C(F)(F)F)C(F)(C(F)(F)F)C(F)(F)F)C(F)(F)F)c-3oc2c1,2.5533,1.1399,3.639236248664359,1.3205886488548066,/scratch/jaggbow/mol_xtb_coordinates/chromo1434/geom.xtbopt.xyz,/scratch/jaggbow/mol_xtb_coordinates/chromo1434/mmff.xyz,/scratch/jaggbow/mol_xtb_coordinates/chromo1434/basic.xyz,0,,,,,,
1492,chromo5838,c1ccc(C2=Nc3cccc4[n+]3[B-](c3ccccc3)(N2)NC(c2ccccc2)=N4)cc1,2.9974,0.5688,2.7313329555272365,0.44310862513529,/scratch/jaggbow/mol_xtb_coordinates/chromo5838/geom.xtbopt.xyz,/scratch/jaggbow/mol_xtb_coordinates/chromo5838/mmff.xyz,/scratch/jaggbow/mol_xtb_coordinates/chromo5838/basic.xyz,0,,,,,,
1493,chromo2595,CCn1c2c(-c3ccc(-c4cccs4)s3)cc(C(C)(C)C)cc2c2cc(C(C)(C)C)cc(-c3ccc(-c4cccs4)s3)c21,3.4235,1.0866000000000002,4.164807183699067,1.0352044058058552,/scratch/jaggbow/mol_xtb_coordinates/chromo2595/geom.xtbopt.xyz,/scratch/jaggbow/mol_xtb_coordinates/chromo2595/mmff.xyz,/scratch/jaggbow/mol_xtb_coordinates/chromo2595/basic.xyz,1,,,,,,
1494,chromo4224,CCCCCCCCCCCCNc1cccc2[n+]1[B-](F)(F)n1c(c3cccc4cccc1c43)=N2,2.7698,0.9761,3.161441942163218,0.8257015318414367,/scratch/jaggbow/mol_xtb_coordinates/chromo4224/geom.xtbopt.xyz,/scratch/jaggbow/mol_xtb_coordinates/chromo4224/mmff.xyz,/scratch/jaggbow/mol_xtb_coordinates/chromo4224/basic.xyz,0,,,,,,
1495,chromo0681,N#Cc1ccc(-c2cn3cc(-c4ccccc4)c[n+]3[n-]2)cc1,3.1173,0.5713000000000004,2.6257644644780096,0.41496644568335855,/scratch/jaggbow/mol_xtb_coordinates/chromo0681/geom.xtbopt.xyz,/scratch/jaggbow/mol_xtb_coordinates/chromo0681/mmff.xyz,/scratch/jaggbow/mol_xtb_coordinates/chromo0681/basic.xyz,0,,,,,,
1496,chromo3654,O=Cc1c(O)c(-c2nc3ccccc3s2)cc2ccccc12,3.0567,0.8711000000000002,2.8698843782070496,0.6184229963638219,/scratch/jaggbow/mol_xtb_coordinates/chromo3654/geom.xtbopt.xyz,/scratch/jaggbow/mol_xtb_coordinates/chromo3654/mmff.xyz,/scratch/jaggbow/mol_xtb_coordinates/chromo3654/basic.xyz,1,,,,,,
1497,chromo2444,CN(C)c1ccc(-c2cc3c(s2)c(C(=O)c2ccccc2)cc(=O)n3Cc2ccccc2)cc1,2.4893,0.7022000000000002,2.31906470774433,0.5293371619267342,/scratch/jaggbow/mol_xtb_coordinates/chromo2444/geom.xtbopt.xyz,/scratch/jaggbow/mol_xtb_coordinates/chromo2444/mmff.xyz,/scratch/jaggbow/mol_xtb_coordinates/chromo2444/basic.xyz,1,,,,,,
1498,chromo4179,CCN(CC)c1ccc(N=Nc2nc3ccc(OC)cc3s2)cc1,2.6292,1.0451,1.3295814951750087,0.34881441696344684,/scratch/jaggbow/mol_xtb_coordinates/chromo4179/geom.xtbopt.xyz,/scratch/jaggbow/mol_xtb_coordinates/chromo4179/mmff.xyz,/scratch/jaggbow/mol_xtb_coordinates/chromo4179/basic.xyz,1,,,,,,
1499,chromo3910,COc1ccc2cc(C3=[N+]4C(=Nc5c(-c6ccc7ccccc7c6)c(Br)c(-c6ccc7cc(OC)ccc7c6)n5[B-]4(F)F)C(c4ccc5ccccc5c4)=C3Br)ccc2c1,1.8439,0.9494,1.0748320274503367,0.8381994521960128,/scratch/jaggbow/mol_xtb_coordinates/chromo3910/geom.xtbopt.xyz,/scratch/jaggbow/mol_xtb_coordinates/chromo3910/mmff.xyz,/scratch/jaggbow/mol_xtb_coordinates/chromo3910/basic.xyz,0,,,,,,
1500,chromo0431,Cc1cc(O)c(C(=O)C=Cc2ccc(Cl)cc2)c(=O)o1,3.469,1.1662,2.9292204761138114,0.5785423459003741,/scratch/jaggbow/mol_xtb_coordinates/chromo0431/geom.xtbopt.xyz,/scratch/jaggbow/mol_xtb_coordinates/chromo0431/mmff.xyz,/scratch/jaggbow/mol_xtb_coordinates/chromo0431/basic.xyz,0,,,,,,
1501,chromo2369,CN(C)c1ccc(C2=Nc3sc4c(F)c(F)c(F)c(F)c4[n+]3[B-](F)(F)O2)cc1,3.2698,0.8311000000000002,2.0437607731468486,0.5094722604631672,/scratch/jaggbow/mol_xtb_coordinates/chromo2369/geom.xtbopt.xyz,/scratch/jaggbow/mol_xtb_coordinates/chromo2369/mmff.xyz,/scratch/jaggbow/mol_xtb_coordinates/chromo2369/basic.xyz,0,,,,,,
1502,chromo5841,CCCCCCCCCCCCCCCCCCOc1ccc([B-]23NC(c4ccccc4)=Nc4cccc([n+]42)N=C(c2ccccc2)N3)cc1,2.9931,0.5871,1.36367060461183,0.10156558237378066,/scratch/jaggbow/mol_xtb_coordinates/chromo5841/geom.xtbopt.xyz,/scratch/jaggbow/mol_xtb_coordinates/chromo5841/mmff.xyz,/scratch/jaggbow/mol_xtb_coordinates/chromo5841/basic.xyz,0,,,,,,
1503,chromo1370,CC(=O)O[B-]1(OC(C)=O)OC(C=Cc2cccc3ccccc23)=CC(C=Cc2cccc3ccccc23)=[O+]1,2.64,0.8528000000000002,3.2493631078947773,0.8184674973933213,/scratch/jaggbow/mol_xtb_coordinates/chromo1370/geom.xtbopt.xyz,/scratch/jaggbow/mol_xtb_coordinates/chromo1370/mmff.xyz,/scratch/jaggbow/mol_xtb_coordinates/chromo1370/basic.xyz,1,,,,,,
1504,chromo2888,CCCCn1c2ccc(-c3ccc(C(F)(F)F)cc3)cc2c2ccc3c4cc(-c5ccc(C(F)(F)F)cc5)ccc4n(CCCC)c3c21,3.5006,0.6326999999999998,4.694435821094047,0.7494571477281595,/scratch/jaggbow/mol_xtb_coordinates/chromo2888/geom.xtbopt.xyz,/scratch/jaggbow/mol_xtb_coordinates/chromo2888/mmff.xyz,/scratch/jaggbow/mol_xtb_coordinates/chromo2888/basic.xyz,0,,,,,,
1505,chromo3301,CCCCCCN1C(=O)c2cccc3c(-c4ccc(-c5cc(-c6cccc7ccccc67)nn5-c5ccccc5)s4)ccc(c23)C1=O,2.7008,0.6295999999999999,3.91348522585123,0.857918329729361,/scratch/jaggbow/mol_xtb_coordinates/chromo3301/geom.xtbopt.xyz,/scratch/jaggbow/mol_xtb_coordinates/chromo3301/mmff.xyz,/scratch/jaggbow/mol_xtb_coordinates/chromo3301/basic.xyz,0,,,,,,
1506,chromo3843,Oc1cc(N(c2ccccc2)c2ccccc2)ccc1-c1nc2c3ccccc3c3ccccc3c2[nH]1,3.4295,0.7873000000000001,3.604092713274241,0.5085821328375988,/scratch/jaggbow/mol_xtb_coordinates/chromo3843/geom.xtbopt.xyz,/scratch/jaggbow/mol_xtb_coordinates/chromo3843/mmff.xyz,/scratch/jaggbow/mol_xtb_coordinates/chromo3843/basic.xyz,0,,,,,,
1507,chromo4383,CC(C)(C)c1ccc(-c2cc3c4c(c2)CCc2cc(-c5ccc(C(C)(C)C)cc5)cc(c2-4)CC3)cc1,3.67,1.0648,2.435471724724222,0.22808577411693687,/scratch/jaggbow/mol_xtb_coordinates/chromo4383/geom.xtbopt.xyz,/scratch/jaggbow/mol_xtb_coordinates/chromo4383/mmff.xyz,/scratch/jaggbow/mol_xtb_coordinates/chromo4383/basic.xyz,0,,,,,,
1508,chromo0756,C(=Cc1cc(C=Cc2ccccc2)nc(C=Cc2ccccc2)n1)c1ccccc1,3.1739,0.9662000000000002,4.784923316564368,0.9644719439981095,/scratch/jaggbow/mol_xtb_coordinates/chromo0756/geom.xtbopt.xyz,/scratch/jaggbow/mol_xtb_coordinates/chromo0756/mmff.xyz,/scratch/jaggbow/mol_xtb_coordinates/chromo0756/basic.xyz,0,,,,,,
1509,chromo3074,CN(C)c1ccc(C#Cc2ccc(-c3cc(N(C)C)c4ccccc4c3)cc2)cc1,3.2751,0.964,3.269604223347978,0.6825614307452478,/scratch/jaggbow/mol_xtb_coordinates/chromo3074/geom.xtbopt.xyz,/scratch/jaggbow/mol_xtb_coordinates/chromo3074/mmff.xyz,/scratch/jaggbow/mol_xtb_coordinates/chromo3074/basic.xyz,1,,,,,,
1510,chromo0319,COc1cccc2cc(C#N)c(=N)oc12,3.3814,1.0905,3.7058840465067178,0.8221099360049122,/scratch/jaggbow/mol_xtb_coordinates/chromo0319/geom.xtbopt.xyz,/scratch/jaggbow/mol_xtb_coordinates/chromo0319/mmff.xyz,/scratch/jaggbow/mol_xtb_coordinates/chromo0319/basic.xyz,1,,,,,,
1511,chromo2495,C(=Cc1ncc2ccccc2n1)c1ccc(N2CCCCC2)cc1,2.9483,0.9495000000000002,2.158825989964515,0.5984436740073776,/scratch/jaggbow/mol_xtb_coordinates/chromo2495/geom.xtbopt.xyz,/scratch/jaggbow/mol_xtb_coordinates/chromo2495/mmff.xyz,/scratch/jaggbow/mol_xtb_coordinates/chromo2495/basic.xyz,0,,,,,,
1512,chromo1666,CC1=C(c2ccccc2)C(C)=[N+]2C1=C(c1c(-c3ccccn3)nc3ccccn13)c1c(C)cc(C)n1[B-]2(F)F,2.5173,1.1128,3.189413965249078,1.4196107260533215,/scratch/jaggbow/mol_xtb_coordinates/chromo1666/geom.xtbopt.xyz,/scratch/jaggbow/mol_xtb_coordinates/chromo1666/mmff.xyz,/scratch/jaggbow/mol_xtb_coordinates/chromo1666/basic.xyz,1,,,,,,
1513,chromo2001,Cc1cc2c(cc1N1c3ccccc3C(C)(C)c3ccccc31)C(C)(C)c1cc(N3c4ccccc4C(C)(C)c4ccccc43)c(C)cc1S2(=O)=O,3.0724,0.0135999999999998,4.211919092753001,0.7233991792265808,/scratch/jaggbow/mol_xtb_coordinates/chromo2001/geom.xtbopt.xyz,/scratch/jaggbow/mol_xtb_coordinates/chromo2001/mmff.xyz,/scratch/jaggbow/mol_xtb_coordinates/chromo2001/basic.xyz,0,,,,,,
1514,chromo2826,O=P1(c2ccccc2)C(c2ccc(N(c3ccccc3)c3ccccc3)cc2)=Cc2cc3ccccc3cc21,2.8326,0.8226999999999998,3.3502228715129685,0.6982190479626703,/scratch/jaggbow/mol_xtb_coordinates/chromo2826/geom.xtbopt.xyz,/scratch/jaggbow/mol_xtb_coordinates/chromo2826/mmff.xyz,/scratch/jaggbow/mol_xtb_coordinates/chromo2826/basic.xyz,0,,,,,,
1515,chromo4692,Cc1ccc2nc3cc4ccccc4cc3c(-c3ccccc3)c2c1,2.4917,1.2821999999999998,2.9025941444266468,1.0382357890612797,/scratch/jaggbow/mol_xtb_coordinates/chromo4692/geom.xtbopt.xyz,/scratch/jaggbow/mol_xtb_coordinates/chromo4692/mmff.xyz,/scratch/jaggbow/mol_xtb_coordinates/chromo4692/basic.xyz,0,,,,,,
1516,chromo5645,CCN(CC)c1ccc2c(c1)oc(=O)c1cc3c(-c4ccccc4)nn(-c4ccccc4)c3nc12,3.1095,0.6918000000000002,2.836986701378067,0.497364160301947,/scratch/jaggbow/mol_xtb_coordinates/chromo5645/geom.xtbopt.xyz,/scratch/jaggbow/mol_xtb_coordinates/chromo5645/mmff.xyz,/scratch/jaggbow/mol_xtb_coordinates/chromo5645/basic.xyz,0,,,,,,
1517,chromo2857,C(=Cc1cnc2ccccc2n1)c1ccc(-c2ccc(N(c3ccccc3)c3ccccc3)cc2)cc1,2.5518,0.6254000000000002,3.0125214908404696,0.5083266376813644,/scratch/jaggbow/mol_xtb_coordinates/chromo2857/geom.xtbopt.xyz,/scratch/jaggbow/mol_xtb_coordinates/chromo2857/mmff.xyz,/scratch/jaggbow/mol_xtb_coordinates/chromo2857/basic.xyz,0,,,,,,
1518,chromo4916,CC1(C)c2ccccc2-c2cc3c(cc21)c1ccccc1n3-c1ccncc1,3.7606,1.024,4.9300563360963965,0.7272680419078678,/scratch/jaggbow/mol_xtb_coordinates/chromo4916/geom.xtbopt.xyz,/scratch/jaggbow/mol_xtb_coordinates/chromo4916/mmff.xyz,/scratch/jaggbow/mol_xtb_coordinates/chromo4916/basic.xyz,0,,,,,,
1519,chromo1714,CC(C)(C)Nc1c(-c2ccc(-c3cc(=O)cc(-c4ccccc4)o3)cc2)nc2ccccn12,3.4063,0.7654999999999998,4.138271102947655,0.7151391813190093,/scratch/jaggbow/mol_xtb_coordinates/chromo1714/geom.xtbopt.xyz,/scratch/jaggbow/mol_xtb_coordinates/chromo1714/mmff.xyz,/scratch/jaggbow/mol_xtb_coordinates/chromo1714/basic.xyz,0,,,,,,
1520,chromo2827,O=P1(c2ccccc2)C(c2ccc(C(F)(F)F)cc2)=Cc2cc3ccccc3cc21,3.514,1.3018999999999998,2.99541495684806,0.7941415029379634,/scratch/jaggbow/mol_xtb_coordinates/chromo2827/geom.xtbopt.xyz,/scratch/jaggbow/mol_xtb_coordinates/chromo2827/mmff.xyz,/scratch/jaggbow/mol_xtb_coordinates/chromo2827/basic.xyz,0,,,,,,
1521,chromo5349,COc1ccc2c(c1)c1cc(OC)ccc1c1c2ccc2cccc(C(=O)NC(C)(C)C)c21,3.3444,1.0713,2.292293424851964,0.33068711175730936,/scratch/jaggbow/mol_xtb_coordinates/chromo5349/geom.xtbopt.xyz,/scratch/jaggbow/mol_xtb_coordinates/chromo5349/mmff.xyz,/scratch/jaggbow/mol_xtb_coordinates/chromo5349/basic.xyz,0,,,,,,
1522,chromo5705,CCCCCCCCCn1c(-c2cc(-c3nc4ccccc4n3CCCCCCCCC)cc(-c3nc4ccccc4n3CCCCCCCCC)c2)nc2ccccc21,3.8768,0.9688999999999997,3.727138847296683,0.3457933274239895,/scratch/jaggbow/mol_xtb_coordinates/chromo5705/geom.xtbopt.xyz,/scratch/jaggbow/mol_xtb_coordinates/chromo5705/mmff.xyz,/scratch/jaggbow/mol_xtb_coordinates/chromo5705/basic.xyz,0,,,,,,
1523,chromo5726,CCC(C)C(Nc1c(C(C)=O)c(=O)oc2cc(N(C)C)ccc12)C(=O)O,3.6824,0.9061,2.260381748800937,0.49087934333932964,/scratch/jaggbow/mol_xtb_coordinates/chromo5726/geom.xtbopt.xyz,/scratch/jaggbow/mol_xtb_coordinates/chromo5726/mmff.xyz,/scratch/jaggbow/mol_xtb_coordinates/chromo5726/basic.xyz,1,,,,,,
1524,chromo5727,CC(=O)c1c(NC(Cc2ccccc2)C(=O)O)c2ccc(N(C)C)cc2oc1=O,3.7365,0.927,4.178486958387211,0.943903234403317,/scratch/jaggbow/mol_xtb_coordinates/chromo5727/geom.xtbopt.xyz,/scratch/jaggbow/mol_xtb_coordinates/chromo5727/mmff.xyz,/scratch/jaggbow/mol_xtb_coordinates/chromo5727/basic.xyz,1,,,,,,
1525,chromo5764,N#Cc1c(C=Cc2ccc(N(c3ccccc3)c3ccccc3)cc2)cc(-c2ccccc2)cc1N1CCCCC1,2.8722,0.8485,2.5528160039815555,0.3552470675164758,/scratch/jaggbow/mol_xtb_coordinates/chromo5764/geom.xtbopt.xyz,/scratch/jaggbow/mol_xtb_coordinates/chromo5764/mmff.xyz,/scratch/jaggbow/mol_xtb_coordinates/chromo5764/basic.xyz,1,,,,,,
1526,chromo0796,Cc1c(C)c(C)c2c(c1C)COc1ccccc1C#Cc1ccccc1OC2,3.9286,1.2702,4.252688064708848,0.6930026669173536,/scratch/jaggbow/mol_xtb_coordinates/chromo0796/geom.xtbopt.xyz,/scratch/jaggbow/mol_xtb_coordinates/chromo0796/mmff.xyz,/scratch/jaggbow/mol_xtb_coordinates/chromo0796/basic.xyz,0,,,,,,
1527,chromo4680,Cc1ccc2nc3cc4c(cc3c(-c3ccccc3)c2c1)[Si](C)(C)O[Si]4(C)C,3.1793,1.3299,5.42429304362112,1.4071409995705535,/scratch/jaggbow/mol_xtb_coordinates/chromo4680/geom.xtbopt.xyz,/scratch/jaggbow/mol_xtb_coordinates/chromo4680/mmff.xyz,/scratch/jaggbow/mol_xtb_coordinates/chromo4680/basic.xyz,0,,,,,,
1528,chromo4683,C[Si]1(C)O[Si](C)(C)c2cc3c(-c4ccccc4)c4cc([N+](=O)[O-])ccc4nc3cc21,2.8889,1.1064,3.3621327607190277,0.8073158743927978,/scratch/jaggbow/mol_xtb_coordinates/chromo4683/geom.xtbopt.xyz,/scratch/jaggbow/mol_xtb_coordinates/chromo4683/mmff.xyz,/scratch/jaggbow/mol_xtb_coordinates/chromo4683/basic.xyz,0,,,,,,
1529,chromo4696,Fc1ccc(-c2c3ccccc3nc3cc4ccccc4cc23)cc1,2.4693,1.2857,4.192364303371228,1.369278787803348,/scratch/jaggbow/mol_xtb_coordinates/chromo4696/geom.xtbopt.xyz,/scratch/jaggbow/mol_xtb_coordinates/chromo4696/mmff.xyz,/scratch/jaggbow/mol_xtb_coordinates/chromo4696/basic.xyz,0,,,,,,
1530,chromo4933,Cc1cc(C)c(B(c2ccc(N3c4ccccc4C(C)(C)c4ccccc43)cc2)c2c(C)cc(C)cc2C)c(C)c1,2.6151,0.0091999999999998,4.577525728334359,0.30731949031456424,/scratch/jaggbow/mol_xtb_coordinates/chromo4933/geom.xtbopt.xyz,/scratch/jaggbow/mol_xtb_coordinates/chromo4933/mmff.xyz,/scratch/jaggbow/mol_xtb_coordinates/chromo4933/basic.xyz,0,,,,,,
1531,chromo4980,Cc1cc(C)c(B(c2c(C)cc(C)cc2C)c2c(C)cccc2-n2c3ccccc3c3ccccc32)c(C)c1,2.8667,0.0698999999999996,3.5766262319770195,0.16273324982856188,/scratch/jaggbow/mol_xtb_coordinates/chromo4980/geom.xtbopt.xyz,/scratch/jaggbow/mol_xtb_coordinates/chromo4980/mmff.xyz,/scratch/jaggbow/mol_xtb_coordinates/chromo4980/basic.xyz,1,,,,,,
1532,chromo5220,CC[n+]1c(C=Cc2c([O-])ccc3ccc(=O)oc23)sc2ccccc21,2.3619,0.9763,2.775386647782145,0.5415038872193537,/scratch/jaggbow/mol_xtb_coordinates/chromo5220/geom.xtbopt.xyz,/scratch/jaggbow/mol_xtb_coordinates/chromo5220/mmff.xyz,/scratch/jaggbow/mol_xtb_coordinates/chromo5220/basic.xyz,0,,,,,,
1533,chromo5264,CC1=[N+]2C(=C(c3ccc(-c4c5ccccc5c(-c5ccccc5)c5ccccc45)cc3)c3ccc(C)n3[B-]2(F)F)C=C1,2.3331,0.8138999999999998,3.727960702833151,1.6344247638281535,/scratch/jaggbow/mol_xtb_coordinates/chromo5264/geom.xtbopt.xyz,/scratch/jaggbow/mol_xtb_coordinates/chromo5264/mmff.xyz,/scratch/jaggbow/mol_xtb_coordinates/chromo5264/basic.xyz,1,,,,,,
1534,chromo5359,CC(C)(C)c1ccc(-c2nc3c4ccccc4c4ccccc4c3n2-c2ccc(-c3ccc(N(c4ccccc4)c4ccccc4)cc3)cc2)cc1,3.3729,0.6560999999999999,2.8392327186743103,0.14846099736891114,/scratch/jaggbow/mol_xtb_coordinates/chromo5359/geom.xtbopt.xyz,/scratch/jaggbow/mol_xtb_coordinates/chromo5359/mmff.xyz,/scratch/jaggbow/mol_xtb_coordinates/chromo5359/basic.xyz,1,,,,,,
1535,chromo5372,Fc1ccc(N(c2ccccc2)c2ccc3ccc4c(N(c5ccccc5)c5ccc(F)cc5)ccc5ccc2c3c54)cc1,2.7126,0.8448000000000002,3.6576858036783175,0.764691939986606,/scratch/jaggbow/mol_xtb_coordinates/chromo5372/geom.xtbopt.xyz,/scratch/jaggbow/mol_xtb_coordinates/chromo5372/mmff.xyz,/scratch/jaggbow/mol_xtb_coordinates/chromo5372/basic.xyz,1,,,,,,
1536,chromo5442,O=[N+]([O-])c1ccc2c(ccc3[n+]2[B-](F)(F)n2c-3cc3c4ccccc4c4ccccc4c32)c1,2.2717,0.6713,2.488971278410181,0.6585865865554796,/scratch/jaggbow/mol_xtb_coordinates/chromo5442/geom.xtbopt.xyz,/scratch/jaggbow/mol_xtb_coordinates/chromo5442/mmff.xyz,/scratch/jaggbow/mol_xtb_coordinates/chromo5442/basic.xyz,0,,,,,,
1537,chromo5494,CCC1=C(C)C2=Cc3c4ccccc4c4n3[B-](c3ccccc3)(Oc3ccccc3-4)[N+]2=C1C,2.3266,1.0865,1.648523719632844,0.8349649523176295,/scratch/jaggbow/mol_xtb_coordinates/chromo5494/geom.xtbopt.xyz,/scratch/jaggbow/mol_xtb_coordinates/chromo5494/mmff.xyz,/scratch/jaggbow/mol_xtb_coordinates/chromo5494/basic.xyz,0,,,,,,
1538,chromo5495,CCC1=C(C)C2=Cc3c4ccccc4c4n3[B-](c3ccc(OC)cc3)(Oc3ccccc3-4)[N+]2=C1C,2.3004,1.0590999999999997,1.7032120553657104,0.8454735744015809,/scratch/jaggbow/mol_xtb_coordinates/chromo5495/geom.xtbopt.xyz,/scratch/jaggbow/mol_xtb_coordinates/chromo5495/mmff.xyz,/scratch/jaggbow/mol_xtb_coordinates/chromo5495/basic.xyz,0,,,,,,
1539,chromo5507,CN(C)c1ccc(C2=Cc3cc(Cl)nc[n+]3[B-](F)(F)O2)cc1,3.1266,0.8359999999999999,5.515422155517842,1.492362972696383,/scratch/jaggbow/mol_xtb_coordinates/chromo5507/geom.xtbopt.xyz,/scratch/jaggbow/mol_xtb_coordinates/chromo5507/mmff.xyz,/scratch/jaggbow/mol_xtb_coordinates/chromo5507/basic.xyz,0,,,,,,
1540,chromo4833,c1ccc(-c2nc(-c3ccc(N4c5ccccc5Oc5ccccc54)cc3)nn2-c2ccc(N3c4ccccc4Oc4ccccc43)cc2)nc1,2.5316,0.0045999999999999,2.805290655831879,0.29508298081608036,/scratch/jaggbow/mol_xtb_coordinates/chromo4833/geom.xtbopt.xyz,/scratch/jaggbow/mol_xtb_coordinates/chromo4833/mmff.xyz,/scratch/jaggbow/mol_xtb_coordinates/chromo4833/basic.xyz,0,,,,,,
1541,chromo0937,COC(=O)C(Cc1ccc2oc(-c3ccc(N(C)c4ccccc4)cc3)nc2c1)NC(=O)OC(C)(C)C,3.3744,0.8254000000000001,3.7292725736154835,0.7081790937693357,/scratch/jaggbow/mol_xtb_coordinates/chromo0937/geom.xtbopt.xyz,/scratch/jaggbow/mol_xtb_coordinates/chromo0937/mmff.xyz,/scratch/jaggbow/mol_xtb_coordinates/chromo0937/basic.xyz,0,,,,,,
1542,chromo2393,C#Cc1ccc2ccc3cccc4ccc1c2c34,3.4548,1.5048,3.3727233541375705,0.989556723544122,/scratch/jaggbow/mol_xtb_coordinates/chromo2393/geom.xtbopt.xyz,/scratch/jaggbow/mol_xtb_coordinates/chromo2393/mmff.xyz,/scratch/jaggbow/mol_xtb_coordinates/chromo2393/basic.xyz,1,,,,,,
1543,chromo0872,Cc1ccc(-n2c(-c3ccccc3O)nc(-c3ccccc3O)c2-c2ccccc2O)cc1,3.8081,0.8159000000000001,2.4514189917839606,0.2135110695839199,/scratch/jaggbow/mol_xtb_coordinates/chromo0872/geom.xtbopt.xyz,/scratch/jaggbow/mol_xtb_coordinates/chromo0872/mmff.xyz,/scratch/jaggbow/mol_xtb_coordinates/chromo0872/basic.xyz,1,,,,,,
1544,chromo2338,c1ccc(-c2c3c(c(-c4ccccc4)c4cc5ccccc5cc24)Cc2c(c(-c4ccccc4)c4cc5ccccc5cc4c2-c2ccccc2)C3)cc1,3.0872,1.2819000000000005,2.7792625821840526,0.9821784418025354,/scratch/jaggbow/mol_xtb_coordinates/chromo2338/geom.xtbopt.xyz,/scratch/jaggbow/mol_xtb_coordinates/chromo2338/mmff.xyz,/scratch/jaggbow/mol_xtb_coordinates/chromo2338/basic.xyz,0,,,,,,
1545,chromo4713,Oc1cc(-c2ccco2)ccc1-c1nc2ccccc2s1,3.3916,1.0594,3.318855380651164,0.6655217926033717,/scratch/jaggbow/mol_xtb_coordinates/chromo4713/geom.xtbopt.xyz,/scratch/jaggbow/mol_xtb_coordinates/chromo4713/mmff.xyz,/scratch/jaggbow/mol_xtb_coordinates/chromo4713/basic.xyz,1,,,,,,
1546,chromo5424,CN1c2ccc3c(c2-c2ccccc2S1(=O)=O)-c1ccccc1S(=O)(=O)N3C,3.3381,0.6356999999999999,2.8637682306767465,0.5981315859258948,/scratch/jaggbow/mol_xtb_coordinates/chromo5424/geom.xtbopt.xyz,/scratch/jaggbow/mol_xtb_coordinates/chromo5424/mmff.xyz,/scratch/jaggbow/mol_xtb_coordinates/chromo5424/basic.xyz,0,,,,,,
1547,chromo5572,CCOC(=O)COc1ccc(C=CC2=C3c4ccccc4C(c4[nH]c(C)cc4C)=[N+]3[B-](F)(F)n3c(C)cc(C)c32)cc1,2.2763,1.0911,0.734038839175623,0.7360604391998593,/scratch/jaggbow/mol_xtb_coordinates/chromo5572/geom.xtbopt.xyz,/scratch/jaggbow/mol_xtb_coordinates/chromo5572/mmff.xyz,/scratch/jaggbow/mol_xtb_coordinates/chromo5572/basic.xyz,0,,,,,,
1548,chromo3703,COc1ccc(C#Cc2c(C#Cc3ccc(OC)cc3)c(C#Cc3ccc(OC)cc3)c(C#Cc3ccc(OC)cc3)c(C#Cc3ccc(OC)cc3)c2C#Cc2ccc(OC)cc2)cc1,2.5803,0.7845999999999997,3.7508707052464967,0.4869112439089887,/scratch/jaggbow/mol_xtb_coordinates/chromo3703/geom.xtbopt.xyz,/scratch/jaggbow/mol_xtb_coordinates/chromo3703/mmff.xyz,/scratch/jaggbow/mol_xtb_coordinates/chromo3703/basic.xyz,1,,,,,,
1549,chromo4083,CCN(CC)c1ccc2cc(C=CC(=C(C#N)C#N)c3ccc4c(c3)c3ccccc3n4CC)c(=O)oc2c1,2.4256,0.9114000000000002,2.7362279617202456,0.3573643725352151,/scratch/jaggbow/mol_xtb_coordinates/chromo4083/geom.xtbopt.xyz,/scratch/jaggbow/mol_xtb_coordinates/chromo4083/mmff.xyz,/scratch/jaggbow/mol_xtb_coordinates/chromo4083/basic.xyz,1,,,,,,
1550,chromo2824,N#Cc1ccc(C2=Cc3cc4ccccc4cc3P2(=O)c2ccccc2)cc1,3.4263,1.2687,3.030187142570647,0.8349670659580379,/scratch/jaggbow/mol_xtb_coordinates/chromo2824/geom.xtbopt.xyz,/scratch/jaggbow/mol_xtb_coordinates/chromo2824/mmff.xyz,/scratch/jaggbow/mol_xtb_coordinates/chromo2824/basic.xyz,0,,,,,,
1551,chromo3280,CCCSc1ccc2n1[B-](F)(F)[N+]1=CC=CC1=C2c1ccccc1,2.5557,1.0323999999999998,1.924809742045158,1.2683678291472278,/scratch/jaggbow/mol_xtb_coordinates/chromo3280/geom.xtbopt.xyz,/scratch/jaggbow/mol_xtb_coordinates/chromo3280/mmff.xyz,/scratch/jaggbow/mol_xtb_coordinates/chromo3280/basic.xyz,1,,,,,,
1552,chromo5085,CC(C)(C)c1ccc2c(c1)c1cc(C(C)(C)C)ccc1n2-c1cc(C(=O)c2cccnc2)cc(-n2c3ccc(C(C)(C)C)cc3c3cc(C(C)(C)C)ccc32)c1,2.6778,0.1252999999999997,4.398549652760865,0.46162967167696145,/scratch/jaggbow/mol_xtb_coordinates/chromo5085/geom.xtbopt.xyz,/scratch/jaggbow/mol_xtb_coordinates/chromo5085/mmff.xyz,/scratch/jaggbow/mol_xtb_coordinates/chromo5085/basic.xyz,1,,,,,,
1553,chromo5649,CCN(CC)c1ccc2c(c1)oc(=O)c1c(C)nc3c(cnn3-c3ccccc3)c12,3.4017,0.8773999999999997,4.163438527467365,0.9076999559042656,/scratch/jaggbow/mol_xtb_coordinates/chromo5649/geom.xtbopt.xyz,/scratch/jaggbow/mol_xtb_coordinates/chromo5649/mmff.xyz,/scratch/jaggbow/mol_xtb_coordinates/chromo5649/basic.xyz,0,,,,,,
1554,chromo5229,CCCCN1C(=O)c2cccc3c([O-])c(C=Cc4sc5ccccc5[n+]4CC)cc(c23)C1=O,2.5142,1.1366000000000005,2.699222328077825,0.6397714476142424,/scratch/jaggbow/mol_xtb_coordinates/chromo5229/geom.xtbopt.xyz,/scratch/jaggbow/mol_xtb_coordinates/chromo5229/mmff.xyz,/scratch/jaggbow/mol_xtb_coordinates/chromo5229/basic.xyz,0,,,,,,
1555,chromo3053,COC1(OC)C2(Cl)c3nc4ccc(-c5cccs5)cc4nc3C1(Cl)C1CC3C(CC12)C1(Cl)c2nc4ccc(-c5cccs5)cc4nc2C3(Cl)C1(OC)OC,3.3978,0.9493,5.663959533769132,1.1913833548990662,/scratch/jaggbow/mol_xtb_coordinates/chromo3053/geom.xtbopt.xyz,/scratch/jaggbow/mol_xtb_coordinates/chromo3053/mmff.xyz,/scratch/jaggbow/mol_xtb_coordinates/chromo3053/basic.xyz,0,,,,,,
1556,chromo5050,COc1ccc(-c2ccc3c(c2)c2cc(-c4ccc(OC)cc4)ccc2n3-c2ccc(C(=O)c3ccc4sc5ccccc5c4c3)cc2)cc1,2.8505,0.2266999999999996,2.9092648483789425,0.1690920331790697,/scratch/jaggbow/mol_xtb_coordinates/chromo5050/geom.xtbopt.xyz,/scratch/jaggbow/mol_xtb_coordinates/chromo5050/mmff.xyz,/scratch/jaggbow/mol_xtb_coordinates/chromo5050/basic.xyz,1,,,,,,
1557,chromo2126,O=C(c1ccncc1)c1cc(-n2c3ccccc3c3ccccc32)ccc1-n1c2ccccc2c2ccccc21,2.6601,0.1277999999999997,2.032973412974326,-0.145484470894248,/scratch/jaggbow/mol_xtb_coordinates/chromo2126/geom.xtbopt.xyz,/scratch/jaggbow/mol_xtb_coordinates/chromo2126/mmff.xyz,/scratch/jaggbow/mol_xtb_coordinates/chromo2126/basic.xyz,1,,,,,,
1558,chromo2270,CC[B-]1(CC)c2cccc3cc4ccccc4c(c23)-c2cccc(C)[n+]21,2.3648,0.9419999999999996,4.858914141492449,1.3701579704220417,/scratch/jaggbow/mol_xtb_coordinates/chromo2270/geom.xtbopt.xyz,/scratch/jaggbow/mol_xtb_coordinates/chromo2270/mmff.xyz,/scratch/jaggbow/mol_xtb_coordinates/chromo2270/basic.xyz,0,,,,,,
1559,chromo5399,CC(C)(C)c1ccc(-c2nc3c4ccc(-c5c6ccccc6cc6ccccc56)cc4c4cc(-c5c6ccccc6cc6ccccc56)ccc4c3n2-c2ccc(C(C)(C)C)cc2)cc1,3.0377,1.276,2.8658042078642434,0.915422254728974,/scratch/jaggbow/mol_xtb_coordinates/chromo5399/geom.xtbopt.xyz,/scratch/jaggbow/mol_xtb_coordinates/chromo5399/mmff.xyz,/scratch/jaggbow/mol_xtb_coordinates/chromo5399/basic.xyz,1,,,,,,
1560,chromo5716,C#Cn1c(-c2cc(-c3nc4ccc(C)cc4n3C#C)cc(-c3nc4ccc(C)cc4n3C#C)c2)nc2ccc(C)cc21,3.6457,0.9991000000000004,3.9240477315186517,0.5536705663369667,/scratch/jaggbow/mol_xtb_coordinates/chromo5716/geom.xtbopt.xyz,/scratch/jaggbow/mol_xtb_coordinates/chromo5716/mmff.xyz,/scratch/jaggbow/mol_xtb_coordinates/chromo5716/basic.xyz,0,,,,,,
1561,chromo1669,COc1ccc(C2=C(C)C3=C(c4c(-c5ccccn5)nc5ccccn45)c4c(C)c(-c5ccc(OC)cc5)c(C)n4[B-](F)(F)[N+]3=C2C)cc1,2.462,1.0952000000000002,3.26847864972434,1.3380289421295428,/scratch/jaggbow/mol_xtb_coordinates/chromo1669/geom.xtbopt.xyz,/scratch/jaggbow/mol_xtb_coordinates/chromo1669/mmff.xyz,/scratch/jaggbow/mol_xtb_coordinates/chromo1669/basic.xyz,1,,,,,,
1562,chromo4237,CCN(CC)c1ccc2cc(-c3cc(SC)c(C#N)c(=O)o3)c(=O)oc2c1,2.8841,1.0239,1.6530199918327542,0.5380476339428681,/scratch/jaggbow/mol_xtb_coordinates/chromo4237/geom.xtbopt.xyz,/scratch/jaggbow/mol_xtb_coordinates/chromo4237/mmff.xyz,/scratch/jaggbow/mol_xtb_coordinates/chromo4237/basic.xyz,1,,,,,,
1563,chromo2900,COc1ccc(-c2ncccn2)cc1,4.1647,1.1831999999999998,4.994647096109601,0.9068011258567515,/scratch/jaggbow/mol_xtb_coordinates/chromo2900/geom.xtbopt.xyz,/scratch/jaggbow/mol_xtb_coordinates/chromo2900/mmff.xyz,/scratch/jaggbow/mol_xtb_coordinates/chromo2900/basic.xyz,1,,,,,,
1564,chromo3132,C(=Cc1ccc(C=CSC=C2CCCC2)cc1)SC=C1CCCC1,3.3808,1.2384,5.3485791552715645,1.3088333103968655,/scratch/jaggbow/mol_xtb_coordinates/chromo3132/geom.xtbopt.xyz,/scratch/jaggbow/mol_xtb_coordinates/chromo3132/mmff.xyz,/scratch/jaggbow/mol_xtb_coordinates/chromo3132/basic.xyz,1,,,,,,
1565,chromo0992,CC1=C(C#Cc2ccccc2)C(C)=[N+]2C1=C(c1ccccc1)c1c(C)c(C#Cc3ccccc3)c(C)n1[B-]2(F)F,2.3026,0.8659999999999999,2.75430605142549,1.1221969312697324,/scratch/jaggbow/mol_xtb_coordinates/chromo0992/geom.xtbopt.xyz,/scratch/jaggbow/mol_xtb_coordinates/chromo0992/mmff.xyz,/scratch/jaggbow/mol_xtb_coordinates/chromo0992/basic.xyz,1,,,,,,
1566,chromo1530,CCCCCCCCCCCCN1C(=O)c2c(c3ccc4cc(-c5ccc(OC)cc5)c(OC)cc4c3c3c2ccc2cc(-c4ccc(OC)cc4)c(OC)cc23)C1=O,2.5368,0.5751999999999999,2.793090457790579,0.37546134995135716,/scratch/jaggbow/mol_xtb_coordinates/chromo1530/geom.xtbopt.xyz,/scratch/jaggbow/mol_xtb_coordinates/chromo1530/mmff.xyz,/scratch/jaggbow/mol_xtb_coordinates/chromo1530/basic.xyz,0,,,,,,
1567,chromo1479,[C-]#[N+]c1ccc(-c2ccc(N)cc2)cc1,4.0136,1.1284,5.325092038154517,1.0892840984424972,/scratch/jaggbow/mol_xtb_coordinates/chromo1479/geom.xtbopt.xyz,/scratch/jaggbow/mol_xtb_coordinates/chromo1479/mmff.xyz,/scratch/jaggbow/mol_xtb_coordinates/chromo1479/basic.xyz,1,,,,,,
1568,chromo5941,CC1(C)CC(C=Cc2ccc(-n3cccn3)cc2)=CC(=C(C#N)C#N)C1,2.9096,1.4173000000000002,4.093578889691168,1.4331462819048382,/scratch/jaggbow/mol_xtb_coordinates/chromo5941/geom.xtbopt.xyz,/scratch/jaggbow/mol_xtb_coordinates/chromo5941/mmff.xyz,/scratch/jaggbow/mol_xtb_coordinates/chromo5941/basic.xyz,0,,,,,,
1569,chromo2947,O=C(NN=Cc1ccccc1O)c1ccccc1,3.6435,0.985,4.10699549862759,0.9114962661043028,/scratch/jaggbow/mol_xtb_coordinates/chromo2947/geom.xtbopt.xyz,/scratch/jaggbow/mol_xtb_coordinates/chromo2947/mmff.xyz,/scratch/jaggbow/mol_xtb_coordinates/chromo2947/basic.xyz,1,,,,,,
1570,chromo0316,C(=Cc1nc2c(c(N3CCOCC3)n1)CCCC2)c1ccccc1,3.8708,1.5137999999999998,3.8848412879071708,0.826548178377946,/scratch/jaggbow/mol_xtb_coordinates/chromo0316/geom.xtbopt.xyz,/scratch/jaggbow/mol_xtb_coordinates/chromo0316/mmff.xyz,/scratch/jaggbow/mol_xtb_coordinates/chromo0316/basic.xyz,0,,,,,,
1571,chromo4343,c1ccc(-n2nc(-c3ccc(-c4ccc5c(c4)C(c4ccccc4)(c4ccccc4)c4ccccc4-5)cc3)nc2-c2ccccn2)cc1,3.6664,0.9792999999999998,5.114217492788176,0.8851493109490651,/scratch/jaggbow/mol_xtb_coordinates/chromo4343/geom.xtbopt.xyz,/scratch/jaggbow/mol_xtb_coordinates/chromo4343/mmff.xyz,/scratch/jaggbow/mol_xtb_coordinates/chromo4343/basic.xyz,0,,,,,,
1572,chromo4915,CC1(C)c2ccccc2-c2cc3c(cc21)c1ccccc1n3-c1cccnc1,3.7104,0.9712999999999998,2.762224027292353,0.19985798195836063,/scratch/jaggbow/mol_xtb_coordinates/chromo4915/geom.xtbopt.xyz,/scratch/jaggbow/mol_xtb_coordinates/chromo4915/mmff.xyz,/scratch/jaggbow/mol_xtb_coordinates/chromo4915/basic.xyz,0,,,,,,
1573,chromo0120,Cc1ccc(N(c2ccc(C)cc2)c2ccc(-c3ccc4c(c3)C(=O)c3ccccc3C4=O)cc2)cc1,2.0253,0.1818000000000001,2.602139725704005,0.22591883841285304,/scratch/jaggbow/mol_xtb_coordinates/chromo0120/geom.xtbopt.xyz,/scratch/jaggbow/mol_xtb_coordinates/chromo0120/mmff.xyz,/scratch/jaggbow/mol_xtb_coordinates/chromo0120/basic.xyz,0,,,,,,
1574,chromo0683,Cc1cn2cc(-c3ccccc3)[n-][n+]2c1,3.7677,0.7473000000000001,3.1028472810837955,0.48725753496451646,/scratch/jaggbow/mol_xtb_coordinates/chromo0683/geom.xtbopt.xyz,/scratch/jaggbow/mol_xtb_coordinates/chromo0683/mmff.xyz,/scratch/jaggbow/mol_xtb_coordinates/chromo0683/basic.xyz,0,,,,,,
1575,chromo3285,N#CSC1=CC2=C(c3ccccc3)c3ccc(SC#N)n3[B-](F)(F)[N+]2=C1N1CCOCC1,2.662,1.2948,3.6056450210499382,1.6870230943370002,/scratch/jaggbow/mol_xtb_coordinates/chromo3285/geom.xtbopt.xyz,/scratch/jaggbow/mol_xtb_coordinates/chromo3285/mmff.xyz,/scratch/jaggbow/mol_xtb_coordinates/chromo3285/basic.xyz,1,,,,,,
1576,chromo5559,CC1=C2c3ccccc3C(c3[nH]c(C)cc3C)=[N+]2[B-](F)(F)n2c(C)cc(C)c21,2.3856,1.1549000000000005,2.5796039107442668,1.206807690158391,/scratch/jaggbow/mol_xtb_coordinates/chromo5559/geom.xtbopt.xyz,/scratch/jaggbow/mol_xtb_coordinates/chromo5559/mmff.xyz,/scratch/jaggbow/mol_xtb_coordinates/chromo5559/basic.xyz,0,,,,,,
1577,chromo2540,CN(C)c1ccc(C2=Nc3scc(-c4ccc([N+](=O)[O-])cc4)[n+]3[B-](F)(F)O2)cc1,2.9333,0.4832000000000001,4.330590366935252,1.0718913139251467,/scratch/jaggbow/mol_xtb_coordinates/chromo2540/geom.xtbopt.xyz,/scratch/jaggbow/mol_xtb_coordinates/chromo2540/mmff.xyz,/scratch/jaggbow/mol_xtb_coordinates/chromo2540/basic.xyz,0,,,,,,
1578,chromo3318,CCCCCN(c1ccccc1)c1ccc2c(c1)C(CC)(CC)c1cc(C=Cc3ccc(C=C(C#N)C(=O)O)s3)ccc1-2,2.0409,0.6416000000000002,2.934575226463283,0.9617957101547959,/scratch/jaggbow/mol_xtb_coordinates/chromo3318/geom.xtbopt.xyz,/scratch/jaggbow/mol_xtb_coordinates/chromo3318/mmff.xyz,/scratch/jaggbow/mol_xtb_coordinates/chromo3318/basic.xyz,0,,,,,,
1579,chromo4725,Oc1ccccc1-c1nc2ccccc2s1,3.7057,0.9924000000000004,4.746658854425128,0.9034510013310475,/scratch/jaggbow/mol_xtb_coordinates/chromo4725/geom.xtbopt.xyz,/scratch/jaggbow/mol_xtb_coordinates/chromo4725/mmff.xyz,/scratch/jaggbow/mol_xtb_coordinates/chromo4725/basic.xyz,1,,,,,,
1580,chromo2523,Cc1cc(C)c(C2=C3C=C(C=CC(=O)OC(C)(C)C)C=[N+]3[B-](F)(F)n3cc(C=CC(=O)OC(C)(C)C)cc32)c(C)c1,2.4599,0.9481000000000002,3.377969597590678,1.2498934607954144,/scratch/jaggbow/mol_xtb_coordinates/chromo2523/geom.xtbopt.xyz,/scratch/jaggbow/mol_xtb_coordinates/chromo2523/mmff.xyz,/scratch/jaggbow/mol_xtb_coordinates/chromo2523/basic.xyz,1,,,,,,
1581,chromo2845,Brc1ccc(C=Cc2cnc3ccccc3n2)cc1,3.3178,1.2803,4.8908811225115105,0.9523859704042318,/scratch/jaggbow/mol_xtb_coordinates/chromo2845/geom.xtbopt.xyz,/scratch/jaggbow/mol_xtb_coordinates/chromo2845/mmff.xyz,/scratch/jaggbow/mol_xtb_coordinates/chromo2845/basic.xyz,0,,,,,,
1582,chromo2308,CC(C)(C)c1ccc(-c2c3cccc4c(-c5ccccc5)cc5c(-c6ccc(C(C)(C)C)cc6)c6cccc7c(-c8ccccc8)cc2c(c76)c5c43)cc1,2.7153,1.3928,6.207425064102781,1.8831877470514322,/scratch/jaggbow/mol_xtb_coordinates/chromo2308/geom.xtbopt.xyz,/scratch/jaggbow/mol_xtb_coordinates/chromo2308/mmff.xyz,/scratch/jaggbow/mol_xtb_coordinates/chromo2308/basic.xyz,0,,,,,,
1583,chromo5472,CCCCOc1ccc(-c2oc3cc4n(c3c2-c2ccc(OCCCC)cc2)[B-](F)(F)[N+]2=Cc3cc5oc(-c6ccc(OCCCC)cc6)c(-c6ccc(OCCCC)cc6)c5n3[B-](F)(F)[N+]2=C4)cc1,2.1641,0.8039999999999998,2.988930810016634,1.1394168746094693,/scratch/jaggbow/mol_xtb_coordinates/chromo5472/geom.xtbopt.xyz,/scratch/jaggbow/mol_xtb_coordinates/chromo5472/mmff.xyz,/scratch/jaggbow/mol_xtb_coordinates/chromo5472/basic.xyz,0,,,,,,
1584,chromo0147,FC(F)(F)C(F)(F)C(F)(F)C(F)(F)C(F)(F)C(F)(F)CCOc1nnc(Cl)nn1,2.2619,0.8125999999999998,3.5895732092362924,0.4257329079514814,/scratch/jaggbow/mol_xtb_coordinates/chromo0147/geom.xtbopt.xyz,/scratch/jaggbow/mol_xtb_coordinates/chromo0147/mmff.xyz,/scratch/jaggbow/mol_xtb_coordinates/chromo0147/basic.xyz,0,,,,,,
1585,chromo3239,COc1cc(C=CC2=CC(C=Cc3ccc(O)c(OC)c3)=[O+][B-](F)(F)O2)ccc1O,2.7565,0.9047,3.805786953051207,1.0440369600686001,/scratch/jaggbow/mol_xtb_coordinates/chromo3239/geom.xtbopt.xyz,/scratch/jaggbow/mol_xtb_coordinates/chromo3239/mmff.xyz,/scratch/jaggbow/mol_xtb_coordinates/chromo3239/basic.xyz,1,,,,,,
1586,chromo2174,O=C1c2ccccc2S(=O)(=O)c2ccc(-n3c4ccccc4c4ccccc43)cc21,2.3894,0.1412,2.6767661493980315,0.007421832190321248,/scratch/jaggbow/mol_xtb_coordinates/chromo2174/geom.xtbopt.xyz,/scratch/jaggbow/mol_xtb_coordinates/chromo2174/mmff.xyz,/scratch/jaggbow/mol_xtb_coordinates/chromo2174/basic.xyz,0,,,,,,
1587,chromo0503,COc1ccc(Oc2ccc3c4c(cccc24)C(=O)N(c2c(C(C)C)cccc2C(C)C)C3=O)cc1,3.4399,1.1505,3.2474380364763458,0.820670069283375,/scratch/jaggbow/mol_xtb_coordinates/chromo0503/geom.xtbopt.xyz,/scratch/jaggbow/mol_xtb_coordinates/chromo0503/mmff.xyz,/scratch/jaggbow/mol_xtb_coordinates/chromo0503/basic.xyz,0,,,,,,
1588,chromo5443,Nc1ccc2c(ccc3[n+]2[B-](F)(F)n2c-3cc3c4ccccc4c4ccccc4c32)c1,2.38,0.6557999999999999,3.2149828762562787,0.8454478075425736,/scratch/jaggbow/mol_xtb_coordinates/chromo5443/geom.xtbopt.xyz,/scratch/jaggbow/mol_xtb_coordinates/chromo5443/mmff.xyz,/scratch/jaggbow/mol_xtb_coordinates/chromo5443/basic.xyz,0,,,,,,
1589,chromo6909,c1ccc2c(c1)c1ccccc1n2P1(n2c3ccccc3c3ccccc32)=NP(n2c3ccccc3c3ccccc32)(n2c3ccccc3c3ccccc32)=NP(n2c3ccccc3c3ccccc32)(n2c3ccccc3c3ccccc32)=N1,4.3151,1.1456,1.0168713440141772,-0.09361572893472338,/scratch/jaggbow/mol_xtb_coordinates/chromo6909/geom.xtbopt.xyz,/scratch/jaggbow/mol_xtb_coordinates/chromo6909/mmff.xyz,/scratch/jaggbow/mol_xtb_coordinates/chromo6909/basic.xyz,1,,,,,,
1590,chromo3210,CCNc1cccc2c1C(=O)c1ccccc1C2=O,2.5785,0.7686999999999999,2.6503701913476845,0.9904713912302759,/scratch/jaggbow/mol_xtb_coordinates/chromo3210/geom.xtbopt.xyz,/scratch/jaggbow/mol_xtb_coordinates/chromo3210/mmff.xyz,/scratch/jaggbow/mol_xtb_coordinates/chromo3210/basic.xyz,0,,,,,,
1591,chromo3212,O=C1c2ccccc2C(=O)c2c(NCCNc3nc(Cl)nc(Cl)n3)cccc21,2.6549,0.746,2.2154324674804196,0.6265223759390728,/scratch/jaggbow/mol_xtb_coordinates/chromo3212/geom.xtbopt.xyz,/scratch/jaggbow/mol_xtb_coordinates/chromo3212/mmff.xyz,/scratch/jaggbow/mol_xtb_coordinates/chromo3212/basic.xyz,0,,,,,,
1592,chromo5471,COc1ccc(C2=C(c3ccc(OC)cc3)c3cccc4c5c(cc(c34)O2)=NC(C#N)C(C#N)N=5)cc1,2.1972,0.7898000000000001,2.9099167617634296,0.8624832034956866,/scratch/jaggbow/mol_xtb_coordinates/chromo5471/geom.xtbopt.xyz,/scratch/jaggbow/mol_xtb_coordinates/chromo5471/mmff.xyz,/scratch/jaggbow/mol_xtb_coordinates/chromo5471/basic.xyz,0,,,,,,
1593,chromo0044,CCC12C(=C3C(=C4c5ccc(-c6ccc(C)s6)cc5S(=O)(=O)C41CC)C(F)(F)C(F)(F)C3(F)F)c1ccc(-c3ccc(C)s3)cc1S2(=O)=O,2.3042,1.0266999999999995,4.123567875386586,1.116593846252291,/scratch/jaggbow/mol_xtb_coordinates/chromo0044/geom.xtbopt.xyz,/scratch/jaggbow/mol_xtb_coordinates/chromo0044/mmff.xyz,/scratch/jaggbow/mol_xtb_coordinates/chromo0044/basic.xyz,0,,,,,,
1594,chromo3100,Cc1cc2ccccc2c2c1c1ccccc1n2-c1ccc(C#N)cc1,3.0847,0.4704000000000001,3.246126234014396,0.4311239458658927,/scratch/jaggbow/mol_xtb_coordinates/chromo3100/geom.xtbopt.xyz,/scratch/jaggbow/mol_xtb_coordinates/chromo3100/mmff.xyz,/scratch/jaggbow/mol_xtb_coordinates/chromo3100/basic.xyz,0,,,,,,
1595,chromo3104,CCCCCc1c(C)c2c3ccccc3[nH]c2c2ccccc12,3.7262,1.0935,2.414252014867457,0.25010245356613237,/scratch/jaggbow/mol_xtb_coordinates/chromo3104/geom.xtbopt.xyz,/scratch/jaggbow/mol_xtb_coordinates/chromo3104/mmff.xyz,/scratch/jaggbow/mol_xtb_coordinates/chromo3104/basic.xyz,0,,,,,,
1596,chromo1106,COc1ccc(C2=[N+]3C(=Nc4c(-c5ccccc5)cc(-c5ccc(OC)cc5)n4[B-]3(F)F)C(c3ccccc3)=C2)cc1,2.0699,1.1966,1.4086336177610443,0.997182130486175,/scratch/jaggbow/mol_xtb_coordinates/chromo1106/geom.xtbopt.xyz,/scratch/jaggbow/mol_xtb_coordinates/chromo1106/mmff.xyz,/scratch/jaggbow/mol_xtb_coordinates/chromo1106/basic.xyz,0,,,,,,
1597,chromo2316,CC(=O)c1c2c(cc3cc(N(C)C)ccc13)CCC2,3.1479,0.8256999999999999,2.473803730232529,0.40712443095747786,/scratch/jaggbow/mol_xtb_coordinates/chromo2316/geom.xtbopt.xyz,/scratch/jaggbow/mol_xtb_coordinates/chromo2316/mmff.xyz,/scratch/jaggbow/mol_xtb_coordinates/chromo2316/basic.xyz,0,,,,,,
1598,chromo1474,CCCC(=O)c1c2c(c(C(=O)CCC)c3c1OC(CC(=O)OC)(C(=O)OC)O3)OCO2,2.9464,0.8280000000000003,1.8575688075747347,0.5808436518481899,/scratch/jaggbow/mol_xtb_coordinates/chromo1474/geom.xtbopt.xyz,/scratch/jaggbow/mol_xtb_coordinates/chromo1474/mmff.xyz,/scratch/jaggbow/mol_xtb_coordinates/chromo1474/basic.xyz,0,,,,,,
1599,chromo2850,CN(C)c1ccc(C=Cc2cnccn2)cc1,3.2274,1.1446999999999998,3.9575068019667743,1.1701460584411447,/scratch/jaggbow/mol_xtb_coordinates/chromo2850/geom.xtbopt.xyz,/scratch/jaggbow/mol_xtb_coordinates/chromo2850/mmff.xyz,/scratch/jaggbow/mol_xtb_coordinates/chromo2850/basic.xyz,1,,,,,,
1600,chromo5448,N#Cc1cc(C=Cc2ccc(N(c3ccccc3)c3ccccc3)cc2)ccc1C=Cc1ccc(C=Cc2ccc(N(c3ccccc3)c3ccccc3)cc2)cc1,2.3405,0.7493000000000001,4.4753603685220105,0.8660797023293847,/scratch/jaggbow/mol_xtb_coordinates/chromo5448/geom.xtbopt.xyz,/scratch/jaggbow/mol_xtb_coordinates/chromo5448/mmff.xyz,/scratch/jaggbow/mol_xtb_coordinates/chromo5448/basic.xyz,1,,,,,,
1601,chromo0765,CN(C)c1ccc(C=Cc2nc(C=Cc3ccc(N(c4ccccc4)c4ccccc4)cc3)cc(C=Cc3ccc(N(c4ccccc4)c4ccccc4)cc3)n2)cc1,2.6112,0.5737000000000001,2.946685442575965,0.6187966975747808,/scratch/jaggbow/mol_xtb_coordinates/chromo0765/geom.xtbopt.xyz,/scratch/jaggbow/mol_xtb_coordinates/chromo0765/mmff.xyz,/scratch/jaggbow/mol_xtb_coordinates/chromo0765/basic.xyz,1,,,,,,
1602,chromo3098,COc1ccc(-n2c3ccccc3c3c(C)cc4ccccc4c32)cc1,3.7588,1.0777,4.134764700665318,0.6524546991935903,/scratch/jaggbow/mol_xtb_coordinates/chromo3098/geom.xtbopt.xyz,/scratch/jaggbow/mol_xtb_coordinates/chromo3098/mmff.xyz,/scratch/jaggbow/mol_xtb_coordinates/chromo3098/basic.xyz,0,,,,,,
1603,chromo1199,O=Cc1cc(N2CCCCC2)c2ccc3c(N4CCCCC4)cc(N4CCCCC4)c4ccc1c2c43,2.6413,1.0319000000000005,2.9291214794106355,0.884473207863272,/scratch/jaggbow/mol_xtb_coordinates/chromo1199/geom.xtbopt.xyz,/scratch/jaggbow/mol_xtb_coordinates/chromo1199/mmff.xyz,/scratch/jaggbow/mol_xtb_coordinates/chromo1199/basic.xyz,1,,,,,,
1604,chromo4371,O=c1c2ccccc2nc2ccc(-c3ccc(-c4ccc(N(c5ccccc5)c5ccccc5)cc4)cc3)cn12,2.9289,0.7772999999999999,5.167424024125509,1.314063471976637,/scratch/jaggbow/mol_xtb_coordinates/chromo4371/geom.xtbopt.xyz,/scratch/jaggbow/mol_xtb_coordinates/chromo4371/mmff.xyz,/scratch/jaggbow/mol_xtb_coordinates/chromo4371/basic.xyz,0,,,,,,
1605,chromo0420,Clc1ccc(C=Cc2nc(-c3ccccc3)[nH]c2C=Cc2ccc(Cl)cc2)cc1,2.9666,1.2614,3.503105848178391,1.0538368868463923,/scratch/jaggbow/mol_xtb_coordinates/chromo0420/geom.xtbopt.xyz,/scratch/jaggbow/mol_xtb_coordinates/chromo0420/mmff.xyz,/scratch/jaggbow/mol_xtb_coordinates/chromo0420/basic.xyz,1,,,,,,
1606,chromo4351,Clc1nnc(Oc2ccc(N(c3ccccc3)c3ccccc3)cc2)nn1,1.5658,0.1787,0.9891152123271796,-0.22096988514726254,/scratch/jaggbow/mol_xtb_coordinates/chromo4351/geom.xtbopt.xyz,/scratch/jaggbow/mol_xtb_coordinates/chromo4351/mmff.xyz,/scratch/jaggbow/mol_xtb_coordinates/chromo4351/basic.xyz,0,,,,,,
1607,chromo1529,CCCCCCCCCCCCN1C(=O)c2c(c3ccc4cc(-c5ccc(-c6ccccc6)cc5)c(OC)cc4c3c3c2ccc2cc(-c4ccc(-c5ccccc5)cc4)c(OC)cc23)C1=O,2.5648,0.5781000000000001,4.279099653811391,0.6836657380397722,/scratch/jaggbow/mol_xtb_coordinates/chromo1529/geom.xtbopt.xyz,/scratch/jaggbow/mol_xtb_coordinates/chromo1529/mmff.xyz,/scratch/jaggbow/mol_xtb_coordinates/chromo1529/basic.xyz,0,,,,,,
1608,chromo2029,Cc1cc(-n2c3ccccc3c3cc(C#N)ccc32)ccc1-c1ccc(S(=O)(=O)c2ccccc2)cc1C,3.9697,0.8506999999999998,3.2375673544001717,0.23527867168226427,/scratch/jaggbow/mol_xtb_coordinates/chromo2029/geom.xtbopt.xyz,/scratch/jaggbow/mol_xtb_coordinates/chromo2029/mmff.xyz,/scratch/jaggbow/mol_xtb_coordinates/chromo2029/basic.xyz,1,,,,,,
1609,chromo3119,Cc1ccc(-c2c3nc(c(-c4ccco4)c4ccc([nH]4)c(-c4ccc(C)cc4)c4nc(c(-c5ccco5)c5ccc2[nH]5)C=C4)C=C3)cc1,2.0882,0.7752000000000001,0.9705183365793062,0.013767714166559197,/scratch/jaggbow/mol_xtb_coordinates/chromo3119/geom.xtbopt.xyz,/scratch/jaggbow/mol_xtb_coordinates/chromo3119/mmff.xyz,/scratch/jaggbow/mol_xtb_coordinates/chromo3119/basic.xyz,0,,,,,,
1610,chromo4216,Cc1csc2[n+]1[B-](F)(F)n1c(c3cccc4cccc1c43)=N2,2.8582,1.0216,3.2283434464810385,0.9301038670264669,/scratch/jaggbow/mol_xtb_coordinates/chromo4216/geom.xtbopt.xyz,/scratch/jaggbow/mol_xtb_coordinates/chromo4216/mmff.xyz,/scratch/jaggbow/mol_xtb_coordinates/chromo4216/basic.xyz,0,,,,,,
1611,chromo4574,COc1cc(C=Cc2ccccn2)c(OC)cc1C=O,3.1423,1.1688,3.5752960830032636,0.9387814621881657,/scratch/jaggbow/mol_xtb_coordinates/chromo4574/geom.xtbopt.xyz,/scratch/jaggbow/mol_xtb_coordinates/chromo4574/mmff.xyz,/scratch/jaggbow/mol_xtb_coordinates/chromo4574/basic.xyz,1,,,,,,
1612,chromo5644,CCN(CC)c1ccc2c(c1)oc(=O)c1cc3c(C)nn(-c4ccccc4)c3nc12,3.2028,0.6859999999999999,4.351198229740756,0.897814768932273,/scratch/jaggbow/mol_xtb_coordinates/chromo5644/geom.xtbopt.xyz,/scratch/jaggbow/mol_xtb_coordinates/chromo5644/mmff.xyz,/scratch/jaggbow/mol_xtb_coordinates/chromo5644/basic.xyz,0,,,,,,
1613,chromo4694,Clc1ccc2nc3cc4ccccc4cc3c(-c3ccccc3)c2c1,2.4421,1.2635999999999998,1.9390191648788166,0.803699713095871,/scratch/jaggbow/mol_xtb_coordinates/chromo4694/geom.xtbopt.xyz,/scratch/jaggbow/mol_xtb_coordinates/chromo4694/mmff.xyz,/scratch/jaggbow/mol_xtb_coordinates/chromo4694/basic.xyz,0,,,,,,
1614,chromo1162,COc1ccccc1-c1nc2c3ccccc3c3ccccc3c2o1,3.5957,1.0718,4.172389482272247,0.7679894639940393,/scratch/jaggbow/mol_xtb_coordinates/chromo1162/geom.xtbopt.xyz,/scratch/jaggbow/mol_xtb_coordinates/chromo1162/mmff.xyz,/scratch/jaggbow/mol_xtb_coordinates/chromo1162/basic.xyz,0,,,,,,
1615,chromo2745,COc1ccc(C=CC2=CC(C=Cc3ccc(OC)cc3)=[O+][B-](F)(F)O2)cc1,2.8807,0.9387,2.9290775766480968,0.8318152251464582,/scratch/jaggbow/mol_xtb_coordinates/chromo2745/geom.xtbopt.xyz,/scratch/jaggbow/mol_xtb_coordinates/chromo2745/mmff.xyz,/scratch/jaggbow/mol_xtb_coordinates/chromo2745/basic.xyz,1,,,,,,
1616,chromo0844,CCCCCC(=O)c1cccc2sc3c(c12)P(=O)(c1ccccc1)c1ccccc1-3,3.493,1.1094,3.9255678847161017,0.8078379197463627,/scratch/jaggbow/mol_xtb_coordinates/chromo0844/geom.xtbopt.xyz,/scratch/jaggbow/mol_xtb_coordinates/chromo0844/mmff.xyz,/scratch/jaggbow/mol_xtb_coordinates/chromo0844/basic.xyz,0,,,,,,
1617,chromo0313,[O-][n+]1c(C=Cc2cccs2)nc(N2CCOCC2)c2c1CCCC2,2.9079,1.2768000000000002,4.90135895167814,1.4054536453371342,/scratch/jaggbow/mol_xtb_coordinates/chromo0313/geom.xtbopt.xyz,/scratch/jaggbow/mol_xtb_coordinates/chromo0313/mmff.xyz,/scratch/jaggbow/mol_xtb_coordinates/chromo0313/basic.xyz,0,,,,,,
1618,chromo3471,CCOC(=O)c1c(-c2cc3cc(OC)ccc3oc2=O)nn(-c2cccc(C)c2)c1C(=O)OCC,3.5595,1.0890999999999995,1.682639632047382,0.278348992278082,/scratch/jaggbow/mol_xtb_coordinates/chromo3471/geom.xtbopt.xyz,/scratch/jaggbow/mol_xtb_coordinates/chromo3471/mmff.xyz,/scratch/jaggbow/mol_xtb_coordinates/chromo3471/basic.xyz,1,,,,,,
1619,chromo3113,Cc1cc2sccc2c2[nH]c3ccccc3c12,3.9696,0.9939,3.603846379072203,0.4309976718007236,/scratch/jaggbow/mol_xtb_coordinates/chromo3113/geom.xtbopt.xyz,/scratch/jaggbow/mol_xtb_coordinates/chromo3113/mmff.xyz,/scratch/jaggbow/mol_xtb_coordinates/chromo3113/basic.xyz,0,,,,,,
1620,chromo4511,CCOC(=O)C(C#N)=Cc1cn(-c2ccccc2)nc1-c1ccccc1,3.5077,1.0349,3.224165230968269,0.8287344803179022,/scratch/jaggbow/mol_xtb_coordinates/chromo4511/geom.xtbopt.xyz,/scratch/jaggbow/mol_xtb_coordinates/chromo4511/mmff.xyz,/scratch/jaggbow/mol_xtb_coordinates/chromo4511/basic.xyz,0,,,,,,
1621,chromo4826,N#CC(=Cc1cc(C=C(C#N)c2ccc(C(F)(F)F)cc2)c(-c2ccc(N(c3ccccc3)c3ccccc3)cc2)cc1-c1ccc(N(c2ccccc2)c2ccccc2)cc1)c1ccc(C(F)(F)F)cc1,2.5624,0.4628999999999998,2.530230778171526,0.08325797140689697,/scratch/jaggbow/mol_xtb_coordinates/chromo4826/geom.xtbopt.xyz,/scratch/jaggbow/mol_xtb_coordinates/chromo4826/mmff.xyz,/scratch/jaggbow/mol_xtb_coordinates/chromo4826/basic.xyz,1,,,,,,
1622,chromo3324,COc1ccc(C=Nc2cc(C(C)C)c(O)cc2C)cc1,3.4598,1.0307,2.5607144122622456,0.2850174840506299,/scratch/jaggbow/mol_xtb_coordinates/chromo3324/geom.xtbopt.xyz,/scratch/jaggbow/mol_xtb_coordinates/chromo3324/mmff.xyz,/scratch/jaggbow/mol_xtb_coordinates/chromo3324/basic.xyz,1,,,,,,
1623,chromo2220,CC(C)(C)c1ccc(-n2c(-c3ccc(-c4cccc(-c5c(-c6ccccc6)nc6ccccn56)c4)cc3)nc3c4ccccc4c4ccccc4c32)cc1,3.4409,0.8292000000000002,2.7803829583685777,0.3371124475450078,/scratch/jaggbow/mol_xtb_coordinates/chromo2220/geom.xtbopt.xyz,/scratch/jaggbow/mol_xtb_coordinates/chromo2220/mmff.xyz,/scratch/jaggbow/mol_xtb_coordinates/chromo2220/basic.xyz,1,,,,,,
1624,chromo2791,CN(C)c1ccc(C=C2CCCC2=O)cc1,3.37,1.1396000000000002,4.0838255937243115,1.2323832211167187,/scratch/jaggbow/mol_xtb_coordinates/chromo2791/geom.xtbopt.xyz,/scratch/jaggbow/mol_xtb_coordinates/chromo2791/mmff.xyz,/scratch/jaggbow/mol_xtb_coordinates/chromo2791/basic.xyz,1,,,,,,
1625,chromo0492,Cn1c(=O)c(N=Nc2cc(S(=O)(=O)O)ccc2S(=O)(=O)O)c(O)c2ccccc21,2.7389,0.7709000000000001,2.7480707858787277,0.2661778250777492,/scratch/jaggbow/mol_xtb_coordinates/chromo0492/geom.xtbopt.xyz,/scratch/jaggbow/mol_xtb_coordinates/chromo0492/mmff.xyz,/scratch/jaggbow/mol_xtb_coordinates/chromo0492/basic.xyz,0,,,,,,
1626,chromo4830,c1ccc(-n2nc(-c3ccc(N4c5ccccc5Oc5ccccc54)cc3)nc2-c2ccccn2)cc1,2.6717,0.0066999999999999,3.359817235068598,0.44000658472860027,/scratch/jaggbow/mol_xtb_coordinates/chromo4830/geom.xtbopt.xyz,/scratch/jaggbow/mol_xtb_coordinates/chromo4830/mmff.xyz,/scratch/jaggbow/mol_xtb_coordinates/chromo4830/basic.xyz,0,,,,,,
1627,chromo4374,C[Si](C)(C)C#Cc1cc(C#C[Si](C)(C)C)c2ccc3c(C(=O)c4ccccc4)cc(C#C[Si](C)(C)C)c4ccc1c2c43,2.695,1.1341,4.071797892715817,1.0895540200421558,/scratch/jaggbow/mol_xtb_coordinates/chromo4374/geom.xtbopt.xyz,/scratch/jaggbow/mol_xtb_coordinates/chromo4374/mmff.xyz,/scratch/jaggbow/mol_xtb_coordinates/chromo4374/basic.xyz,1,,,,,,
1628,chromo4768,F[B-]1(F)n2c(c3c(c2-c2ccccc2)C2C=CC3CC2)C(c2ccccc2)=C2C3=C(C(c4ccccc4)=[N+]21)C1C=CC3CC1,2.5485,1.1219,2.3566400021935303,1.0146762078987115,/scratch/jaggbow/mol_xtb_coordinates/chromo4768/geom.xtbopt.xyz,/scratch/jaggbow/mol_xtb_coordinates/chromo4768/mmff.xyz,/scratch/jaggbow/mol_xtb_coordinates/chromo4768/basic.xyz,0,,,,,,
1629,chromo3483,CCOC(=O)c1c(-c2cc3cc4c(cc3oc2=O)OC(C)(C)CC4)nn(-c2cccc(C)c2)c1C(=O)OCC,3.7933,1.2643999999999995,5.170120271075008,1.2236736249417262,/scratch/jaggbow/mol_xtb_coordinates/chromo3483/geom.xtbopt.xyz,/scratch/jaggbow/mol_xtb_coordinates/chromo3483/mmff.xyz,/scratch/jaggbow/mol_xtb_coordinates/chromo3483/basic.xyz,0,,,,,,
1630,chromo2611,C(#Cc1ccc2c(c1)c1cc(C#Cc3ccccc3)ccc1n2-c1cc2ccccc2c2ccccc12)c1ccccc1,3.1033,0.5314000000000001,3.996684503024424,0.4971908207702611,/scratch/jaggbow/mol_xtb_coordinates/chromo2611/geom.xtbopt.xyz,/scratch/jaggbow/mol_xtb_coordinates/chromo2611/mmff.xyz,/scratch/jaggbow/mol_xtb_coordinates/chromo2611/basic.xyz,1,,,,,,
1631,chromo5451,c1ccc(C2=C(c3ccccc3)c3cccc4c3c(cc3nc5ccccc5nc34)O2)cc1,2.6093,0.7276000000000002,1.274432806659739,0.2820202013412692,/scratch/jaggbow/mol_xtb_coordinates/chromo5451/geom.xtbopt.xyz,/scratch/jaggbow/mol_xtb_coordinates/chromo5451/mmff.xyz,/scratch/jaggbow/mol_xtb_coordinates/chromo5451/basic.xyz,0,,,,,,
1632,chromo2075,Cc1cc(C)c(B(c2c(C)cc(C)cc2C)N2c3ccccc3C3(c4ccccc4-c4ccccc43)c3ccccc32)c(C)c1,3.0124,0.4182000000000001,2.1719808651269252,0.061098529945307234,/scratch/jaggbow/mol_xtb_coordinates/chromo2075/geom.xtbopt.xyz,/scratch/jaggbow/mol_xtb_coordinates/chromo2075/mmff.xyz,/scratch/jaggbow/mol_xtb_coordinates/chromo2075/basic.xyz,0,,,,,,
1633,chromo3711,C(#Cc1cc(C#Cc2cccs2)c(C#Cc2cccs2)c(C#Cc2cccs2)c1C#Cc1cccs1)c1cccs1,2.6074,0.9259000000000002,2.1882148301108924,0.3878333108126342,/scratch/jaggbow/mol_xtb_coordinates/chromo3711/geom.xtbopt.xyz,/scratch/jaggbow/mol_xtb_coordinates/chromo3711/mmff.xyz,/scratch/jaggbow/mol_xtb_coordinates/chromo3711/basic.xyz,1,,,,,,
1634,chromo0769,COc1ccc(C=Cc2cc(C=Cc3ccc(OC)cc3)nc(C=Cc3ccc4cc(OC)ccc4c3)n2)cc1,3.0178,0.8733999999999997,4.848556246793216,1.161545043290427,/scratch/jaggbow/mol_xtb_coordinates/chromo0769/geom.xtbopt.xyz,/scratch/jaggbow/mol_xtb_coordinates/chromo0769/mmff.xyz,/scratch/jaggbow/mol_xtb_coordinates/chromo0769/basic.xyz,1,,,,,,
1635,chromo3283,CCCSC1=[N+]2C(=C(c3ccccc3)c3ccc(SCCC)n3[B-]2(F)F)C=C1,2.5495,1.1537000000000002,3.8003625465411703,1.693449473454641,/scratch/jaggbow/mol_xtb_coordinates/chromo3283/geom.xtbopt.xyz,/scratch/jaggbow/mol_xtb_coordinates/chromo3283/mmff.xyz,/scratch/jaggbow/mol_xtb_coordinates/chromo3283/basic.xyz,1,,,,,,
1636,chromo0430,Cc1cc(O)c(C(=O)C=Cc2cccc(O)c2)c(=O)o1,3.3565,1.0343,3.949180615605971,0.8451205673147887,/scratch/jaggbow/mol_xtb_coordinates/chromo0430/geom.xtbopt.xyz,/scratch/jaggbow/mol_xtb_coordinates/chromo0430/mmff.xyz,/scratch/jaggbow/mol_xtb_coordinates/chromo0430/basic.xyz,0,,,,,,
1637,chromo2995,c1cnc(-c2c3ccccc3c(-c3ncccn3)c3ccccc23)nc1,3.0175,1.3226,1.9491623875547173,0.7470277033198635,/scratch/jaggbow/mol_xtb_coordinates/chromo2995/geom.xtbopt.xyz,/scratch/jaggbow/mol_xtb_coordinates/chromo2995/mmff.xyz,/scratch/jaggbow/mol_xtb_coordinates/chromo2995/basic.xyz,1,,,,,,
1638,chromo3097,Cc1cc2ccccc2c2c1c1ccccc1n2-c1ccccc1,3.7544,1.0781999999999998,4.518630998355771,0.7490316561468578,/scratch/jaggbow/mol_xtb_coordinates/chromo3097/geom.xtbopt.xyz,/scratch/jaggbow/mol_xtb_coordinates/chromo3097/mmff.xyz,/scratch/jaggbow/mol_xtb_coordinates/chromo3097/basic.xyz,0,,,,,,
1639,chromo3162,COc1cc(C=Cc2nc3ccccc3o2)c(OC)cc1C=Cc1nc(C)nc(C)n1,2.7619,1.0990999999999995,0.9615310618596009,0.2801047539143591,/scratch/jaggbow/mol_xtb_coordinates/chromo3162/geom.xtbopt.xyz,/scratch/jaggbow/mol_xtb_coordinates/chromo3162/mmff.xyz,/scratch/jaggbow/mol_xtb_coordinates/chromo3162/basic.xyz,0,,,,,,
1640,chromo2238,c1ccc(N(c2ccccc2)c2ccc(-c3ccc4c(c3)C3(c5cc(-c6ccc(N(c7ccccc7)c7ccccc7)cc6)ccc5S4)c4ccccc4-c4ccccc43)cc2)cc1,3.37,0.6311,3.7666031521102363,0.49845769773644055,/scratch/jaggbow/mol_xtb_coordinates/chromo2238/geom.xtbopt.xyz,/scratch/jaggbow/mol_xtb_coordinates/chromo2238/mmff.xyz,/scratch/jaggbow/mol_xtb_coordinates/chromo2238/basic.xyz,0,,,,,,
1641,chromo2519,COC(=O)C=CC1=CC2=C(c3c(C)cc(C)cc3C)c3cccn3[B-](F)(F)[N+]2=C1,2.7696,1.1842,2.427503540726784,1.1493250778458384,/scratch/jaggbow/mol_xtb_coordinates/chromo2519/geom.xtbopt.xyz,/scratch/jaggbow/mol_xtb_coordinates/chromo2519/mmff.xyz,/scratch/jaggbow/mol_xtb_coordinates/chromo2519/basic.xyz,1,,,,,,
1642,chromo2036,Cc1nn(-c2ccccc2)c2c1c(=O)oc1ccc(-n3c4ccccc4c4cc(-n5c6ccccc6c6ccccc65)ccc43)cc12,3.0772,0.1088,5.055283747172251,0.7682559406990606,/scratch/jaggbow/mol_xtb_coordinates/chromo2036/geom.xtbopt.xyz,/scratch/jaggbow/mol_xtb_coordinates/chromo2036/mmff.xyz,/scratch/jaggbow/mol_xtb_coordinates/chromo2036/basic.xyz,0,,,,,,
1643,chromo5566,Cc1cc(C)n2c1C=C1c3ccccc3C(c3c[nH]c4ccccc34)=[N+]1[B-]2(F)F,2.4984,1.2460000000000002,2.8254136874071802,1.2815579972295652,/scratch/jaggbow/mol_xtb_coordinates/chromo5566/geom.xtbopt.xyz,/scratch/jaggbow/mol_xtb_coordinates/chromo5566/mmff.xyz,/scratch/jaggbow/mol_xtb_coordinates/chromo5566/basic.xyz,0,,,,,,
1644,chromo2350,COC(=O)c1cccc2c1C#Cc1c(N)cccc1OCCCO2,3.044,0.6962000000000002,3.7126145492639,0.639693560788742,/scratch/jaggbow/mol_xtb_coordinates/chromo2350/geom.xtbopt.xyz,/scratch/jaggbow/mol_xtb_coordinates/chromo2350/mmff.xyz,/scratch/jaggbow/mol_xtb_coordinates/chromo2350/basic.xyz,0,,,,,,
1645,chromo4020,CCCN1c2ccc(C3=C4C=CC=[N+]4[B-](F)(F)n4cccc43)cc2Sc2cc(C3=C4C=CC=[N+]4[B-](F)(F)n4cccc43)ccc21,2.3834,0.7623,2.3176142695676822,0.7386349139263165,/scratch/jaggbow/mol_xtb_coordinates/chromo4020/geom.xtbopt.xyz,/scratch/jaggbow/mol_xtb_coordinates/chromo4020/mmff.xyz,/scratch/jaggbow/mol_xtb_coordinates/chromo4020/basic.xyz,0,,,,,,
1646,chromo2558,COc1ccc2c3c(c4ccc(OC)cc4c2c1)=[N+]1C(=C(c2c(C)cc(C)cc2C)c2cc4c5ccc(OC)cc5c5cc(OC)ccc5c4n2[B-]1(F)F)C=3,2.0317,0.8654,2.564810668710003,0.9734218110205942,/scratch/jaggbow/mol_xtb_coordinates/chromo2558/geom.xtbopt.xyz,/scratch/jaggbow/mol_xtb_coordinates/chromo2558/mmff.xyz,/scratch/jaggbow/mol_xtb_coordinates/chromo2558/basic.xyz,0,,,,,,
1647,chromo3403,COc1ccc(-c2nc(C(C)=O)c(C)o2)cc1,3.9356,1.0545,5.48558737683839,1.2590614214276252,/scratch/jaggbow/mol_xtb_coordinates/chromo3403/geom.xtbopt.xyz,/scratch/jaggbow/mol_xtb_coordinates/chromo3403/mmff.xyz,/scratch/jaggbow/mol_xtb_coordinates/chromo3403/basic.xyz,1,,,,,,
1648,chromo4935,Cc1cc(C)c(B(c2c(C)cc(C)cc2C)c2c(C)cc(N3c4ccccc4Oc4ccccc43)cc2C)c(C)c1,2.2211,0.0038,4.52318638907277,0.7315500650155045,/scratch/jaggbow/mol_xtb_coordinates/chromo4935/geom.xtbopt.xyz,/scratch/jaggbow/mol_xtb_coordinates/chromo4935/mmff.xyz,/scratch/jaggbow/mol_xtb_coordinates/chromo4935/basic.xyz,0,,,,,,
1649,chromo5595,CCN(CC)c1ccc(OC)c(C=O)c1,3.4571,0.4232,2.316836812137155,0.6541676410448132,/scratch/jaggbow/mol_xtb_coordinates/chromo5595/geom.xtbopt.xyz,/scratch/jaggbow/mol_xtb_coordinates/chromo5595/mmff.xyz,/scratch/jaggbow/mol_xtb_coordinates/chromo5595/basic.xyz,1,,,,,,
1650,chromo3962,c1ccn(-c2ccc(-c3cc(-c4ccc(-n5cccc5)cc4)cc(-c4ccc(-n5cccc5)cc4)c3)cc2)c1,4.0187,1.0682,3.560840438035998,0.47649994119380396,/scratch/jaggbow/mol_xtb_coordinates/chromo3962/geom.xtbopt.xyz,/scratch/jaggbow/mol_xtb_coordinates/chromo3962/mmff.xyz,/scratch/jaggbow/mol_xtb_coordinates/chromo3962/basic.xyz,0,,,,,,
1651,chromo4346,CCCc1ccc(C#Cc2cc(C#Cc3ccc(CCC)cc3)c3ccc4c(C#Cc5ccc(N(C)C)cc5)cc(C#Cc5ccc(CCC)cc5)c5ccc2c3c54)cc1,2.241,0.8855000000000002,2.2654213180017724,0.5664004086351209,/scratch/jaggbow/mol_xtb_coordinates/chromo4346/geom.xtbopt.xyz,/scratch/jaggbow/mol_xtb_coordinates/chromo4346/mmff.xyz,/scratch/jaggbow/mol_xtb_coordinates/chromo4346/basic.xyz,1,,,,,,
1652,chromo2005,c1ccc(-c2nc(-c3ccccc3)nc(-c3ccc(-n4c5ccccc5c5cc6c(cc54)C4(c5ccccc5-c5ccccc54)c4ccccc4-6)cc3)n2)cc1,2.868,0.2522999999999999,4.523454191569215,0.5606849606664247,/scratch/jaggbow/mol_xtb_coordinates/chromo2005/geom.xtbopt.xyz,/scratch/jaggbow/mol_xtb_coordinates/chromo2005/mmff.xyz,/scratch/jaggbow/mol_xtb_coordinates/chromo2005/basic.xyz,0,,,,,,
1653,chromo1715,Cc1cc(=O)cc(-c2ccc(-c3nc4ccccn4c3NC3CCCCC3)cc2)o1,3.4994,0.8935,3.194477261246745,0.5826523860676414,/scratch/jaggbow/mol_xtb_coordinates/chromo1715/geom.xtbopt.xyz,/scratch/jaggbow/mol_xtb_coordinates/chromo1715/mmff.xyz,/scratch/jaggbow/mol_xtb_coordinates/chromo1715/basic.xyz,0,,,,,,
1654,chromo4997,CC(C)(C)c1ccc2c(c1)c1cc(C(C)(C)C)ccc1n2-c1ccc(-c2nc(-c3ccc(-n4c5ccc(C(C)(C)C)cc5c5cc(C(C)(C)C)ccc54)cc3)nc(-c3ccc(P(=O)(c4ccccc4)c4ccccc4)cc3)n2)cc1,2.7982,0.2675999999999998,5.829549612592292,0.9306885127614819,/scratch/jaggbow/mol_xtb_coordinates/chromo4997/geom.xtbopt.xyz,/scratch/jaggbow/mol_xtb_coordinates/chromo4997/mmff.xyz,/scratch/jaggbow/mol_xtb_coordinates/chromo4997/basic.xyz,1,,,,,,
1655,chromo0207,CCCN1C(=O)c2c3c(c4c(c2C1=O)CCc1cc(-c2ccc(N(C)C)cc2)c(OC)cc1-4)-c1cc(OC)c(-c2ccc(N(C)C)cc2)cc1CC3,2.3734,0.3686000000000002,3.51345953045599,0.45542928395331544,/scratch/jaggbow/mol_xtb_coordinates/chromo0207/geom.xtbopt.xyz,/scratch/jaggbow/mol_xtb_coordinates/chromo0207/mmff.xyz,/scratch/jaggbow/mol_xtb_coordinates/chromo0207/basic.xyz,0,,,,,,
1656,chromo2498,C(=Cc1ncnc2ccccc12)c1ccc(N(c2ccccc2)c2ccccc2)cc1,2.7492,0.8403,3.8818664756826347,0.8648166160698667,/scratch/jaggbow/mol_xtb_coordinates/chromo2498/geom.xtbopt.xyz,/scratch/jaggbow/mol_xtb_coordinates/chromo2498/mmff.xyz,/scratch/jaggbow/mol_xtb_coordinates/chromo2498/basic.xyz,0,,,,,,
1657,chromo4668,N#CC(C#N)=C(C=Cc1ccc(N(c2ccccc2)c2ccccc2)cc1)c1ccccc1,2.5727,0.9647,2.5160976517073936,0.7755159607694705,/scratch/jaggbow/mol_xtb_coordinates/chromo4668/geom.xtbopt.xyz,/scratch/jaggbow/mol_xtb_coordinates/chromo4668/mmff.xyz,/scratch/jaggbow/mol_xtb_coordinates/chromo4668/basic.xyz,1,,,,,,
1658,chromo0542,c1ccc(-c2csc(-c3ccncc3)n2)cc1,3.7287,1.1844,3.508425806508435,0.7660904525460175,/scratch/jaggbow/mol_xtb_coordinates/chromo0542/geom.xtbopt.xyz,/scratch/jaggbow/mol_xtb_coordinates/chromo0542/mmff.xyz,/scratch/jaggbow/mol_xtb_coordinates/chromo0542/basic.xyz,1,,,,,,
1659,chromo1469,C(=CC=CC1=CSC(=C2SC=CS2)S1)C=CC1=CSC(=C2SC=CS2)S1,2.1348,0.9534999999999998,2.226695952128027,0.6777191187124817,/scratch/jaggbow/mol_xtb_coordinates/chromo1469/geom.xtbopt.xyz,/scratch/jaggbow/mol_xtb_coordinates/chromo1469/mmff.xyz,/scratch/jaggbow/mol_xtb_coordinates/chromo1469/basic.xyz,0,,,,,,
1660,chromo2239,O=S1(=O)c2ccc(-c3ccc(-n4c5ccccc5c5ccccc54)cc3)cc2C2(c3ccccc3-c3ccccc32)c2cc(-c3ccc(-n4c5ccccc5c5ccccc54)cc3)ccc21,3.3518,0.4015999999999997,4.676866435523507,0.6349794261526238,/scratch/jaggbow/mol_xtb_coordinates/chromo2239/geom.xtbopt.xyz,/scratch/jaggbow/mol_xtb_coordinates/chromo2239/mmff.xyz,/scratch/jaggbow/mol_xtb_coordinates/chromo2239/basic.xyz,0,,,,,,
1661,chromo2786,Clc1ccc(C=Cc2ccc(-c3nc4c5cccnc5c5ncccc5c4[nH]3)cc2)cc1,3.113,1.0788000000000002,4.1013990070740896,0.8695651863712519,/scratch/jaggbow/mol_xtb_coordinates/chromo2786/geom.xtbopt.xyz,/scratch/jaggbow/mol_xtb_coordinates/chromo2786/mmff.xyz,/scratch/jaggbow/mol_xtb_coordinates/chromo2786/basic.xyz,0,,,,,,
1662,chromo2140,O=P1(c2ccccc2)c2ccccc2-n2cccc21,4.0737,0.8751999999999995,4.442902564744407,0.6678490449733206,/scratch/jaggbow/mol_xtb_coordinates/chromo2140/geom.xtbopt.xyz,/scratch/jaggbow/mol_xtb_coordinates/chromo2140/mmff.xyz,/scratch/jaggbow/mol_xtb_coordinates/chromo2140/basic.xyz,0,,,,,,
1663,chromo2945,COc1cc2c(cc1C=CC1=CC(=C(C#N)C#N)CC(C)(C)C1)c1ccccc1n2C,2.6833,1.2214,4.291872059818485,1.4079919088514679,/scratch/jaggbow/mol_xtb_coordinates/chromo2945/geom.xtbopt.xyz,/scratch/jaggbow/mol_xtb_coordinates/chromo2945/mmff.xyz,/scratch/jaggbow/mol_xtb_coordinates/chromo2945/basic.xyz,1,,,,,,
1664,chromo3822,C(=Cc1cc(-c2ccccc2)c(C=Cc2ccc(N(c3ccccc3)c3ccccc3)cc2)cc1-c1ccccc1)c1ccc(N(c2ccccc2)c2ccccc2)cc1,2.697,0.8188,1.8576865076359708,0.16362705750117912,/scratch/jaggbow/mol_xtb_coordinates/chromo3822/geom.xtbopt.xyz,/scratch/jaggbow/mol_xtb_coordinates/chromo3822/mmff.xyz,/scratch/jaggbow/mol_xtb_coordinates/chromo3822/basic.xyz,1,,,,,,
1665,chromo0754,CN(C)c1ccc(C=Cc2cc(C=Cc3ccc(N(C)C)cc3)ncn2)cc1,2.9456,0.8096000000000001,3.457914207312923,0.7959503342761722,/scratch/jaggbow/mol_xtb_coordinates/chromo0754/geom.xtbopt.xyz,/scratch/jaggbow/mol_xtb_coordinates/chromo0754/mmff.xyz,/scratch/jaggbow/mol_xtb_coordinates/chromo0754/basic.xyz,1,,,,,,
1666,chromo0488,Cn1c(=O)c(N=Nc2ccc(Nc3ccc([N+](=O)[O-])cc3S(=O)(=O)O)cc2)c(O)c2ccccc21,2.6912,0.9287,3.377374399561348,0.6234561862552415,/scratch/jaggbow/mol_xtb_coordinates/chromo0488/geom.xtbopt.xyz,/scratch/jaggbow/mol_xtb_coordinates/chromo0488/mmff.xyz,/scratch/jaggbow/mol_xtb_coordinates/chromo0488/basic.xyz,0,,,,,,
1667,chromo3122,Cc1ccc(-c2c3nc(c(-c4ccc(C)cc4)c4ccc(s4)c(-c4ccc(C)cc4)c4nc(c(-c5ccc(C)cc5)c5ccc2[nH]5)C=C4)C=C3)cc1,2.0562,0.7636000000000001,3.7416548676749395,0.5288578282960583,/scratch/jaggbow/mol_xtb_coordinates/chromo3122/geom.xtbopt.xyz,/scratch/jaggbow/mol_xtb_coordinates/chromo3122/mmff.xyz,/scratch/jaggbow/mol_xtb_coordinates/chromo3122/basic.xyz,0,,,,,,
1668,chromo4620,CCOC(=O)c1sc(-c2ccc(-c3cc(-c4ccc(C(C)(C)C)cc4)c(C(=O)OCC)s3)s2)cc1-c1ccc(C(C)(C)C)cc1,2.8911,1.1655999999999995,4.384122513282065,1.2563805919342397,/scratch/jaggbow/mol_xtb_coordinates/chromo4620/geom.xtbopt.xyz,/scratch/jaggbow/mol_xtb_coordinates/chromo4620/mmff.xyz,/scratch/jaggbow/mol_xtb_coordinates/chromo4620/basic.xyz,0,,,,,,
1669,chromo0282,COc1ccc2c(c1)c1c(OC)c3ccccc3c(OC)c1n2C,3.0936,0.9516,2.060963726656862,0.4225505762643951,/scratch/jaggbow/mol_xtb_coordinates/chromo0282/geom.xtbopt.xyz,/scratch/jaggbow/mol_xtb_coordinates/chromo0282/mmff.xyz,/scratch/jaggbow/mol_xtb_coordinates/chromo0282/basic.xyz,0,,,,,,
1670,chromo3145,C(=Cc1ccc(-c2ccc(C=CSC=C(c3ccccc3)c3ccccc3)cc2)cc1)SC=C(c1ccccc1)c1ccccc1,3.0937,0.8662000000000001,3.6378178593259713,0.5462654863441643,/scratch/jaggbow/mol_xtb_coordinates/chromo3145/geom.xtbopt.xyz,/scratch/jaggbow/mol_xtb_coordinates/chromo3145/mmff.xyz,/scratch/jaggbow/mol_xtb_coordinates/chromo3145/basic.xyz,1,,,,,,
1671,chromo3298,CCCCCCN1C(=O)c2cccc3c(-c4ccc(-c5cc(-c6ccccc6)nn5-c5ccccc5)s4)ccc(c23)C1=O,2.8319,0.7709999999999999,1.7978251033227999,0.3200928456894854,/scratch/jaggbow/mol_xtb_coordinates/chromo3298/geom.xtbopt.xyz,/scratch/jaggbow/mol_xtb_coordinates/chromo3298/mmff.xyz,/scratch/jaggbow/mol_xtb_coordinates/chromo3298/basic.xyz,0,,,,,,
1672,chromo0929,c1csc(-c2ccc(-c3ccc(-c4cccs4)s3)s2)c1,2.9189,1.2132999999999998,2.374490864161184,0.7884375735910661,/scratch/jaggbow/mol_xtb_coordinates/chromo0929/geom.xtbopt.xyz,/scratch/jaggbow/mol_xtb_coordinates/chromo0929/mmff.xyz,/scratch/jaggbow/mol_xtb_coordinates/chromo0929/basic.xyz,0,,,,,,
1673,chromo4345,CCCc1ccc(C#Cc2cc(C#Cc3ccc(CCC)cc3)c3ccc4c(C#Cc5ccc(CCC)cc5)cc(C#Cc5ccc(CCC)cc5)c5ccc2c3c54)cc1,2.3349,0.9601000000000002,0.4769422210030392,0.13606396197208803,/scratch/jaggbow/mol_xtb_coordinates/chromo4345/geom.xtbopt.xyz,/scratch/jaggbow/mol_xtb_coordinates/chromo4345/mmff.xyz,/scratch/jaggbow/mol_xtb_coordinates/chromo4345/basic.xyz,1,,,,,,
1674,chromo0749,c1ccc(C2c3ccc4ccc5ccccc5c4c3-c3c2ccc2ccc4ccccc4c32)cc1,3.2236,1.008,4.18363768358315,0.8516178462564916,/scratch/jaggbow/mol_xtb_coordinates/chromo0749/geom.xtbopt.xyz,/scratch/jaggbow/mol_xtb_coordinates/chromo0749/mmff.xyz,/scratch/jaggbow/mol_xtb_coordinates/chromo0749/basic.xyz,0,,,,,,
1675,chromo4364,O=S(=O)(c1ccccc1)c1ccc(-c2ccc3c4ccc(-c5ccc(S(=O)(=O)c6ccccc6)cc5)cc4n(-c4ccccc4)c3c2)cc1,3.4402,0.7168000000000001,2.6625914452940966,0.18182406726725947,/scratch/jaggbow/mol_xtb_coordinates/chromo4364/geom.xtbopt.xyz,/scratch/jaggbow/mol_xtb_coordinates/chromo4364/mmff.xyz,/scratch/jaggbow/mol_xtb_coordinates/chromo4364/basic.xyz,1,,,,,,
1676,chromo2127,CC(C)(C)c1ccc2c(c1)c1cc(C(C)(C)C)ccc1n2-c1ccc(-n2c3ccc(C(C)(C)C)cc3c3cc(C(C)(C)C)ccc32)c(C(=O)c2ccncc2)c1,2.5389,0.1156999999999999,4.339998605646965,0.4286022451299264,/scratch/jaggbow/mol_xtb_coordinates/chromo2127/geom.xtbopt.xyz,/scratch/jaggbow/mol_xtb_coordinates/chromo2127/mmff.xyz,/scratch/jaggbow/mol_xtb_coordinates/chromo2127/basic.xyz,1,,,,,,
1677,chromo0572,c1ccc(-c2nc(-c3cccc4ccccc34)n3ccccc23)cc1,3.178,0.935,4.226411668449041,0.8713832188693923,/scratch/jaggbow/mol_xtb_coordinates/chromo0572/geom.xtbopt.xyz,/scratch/jaggbow/mol_xtb_coordinates/chromo0572/mmff.xyz,/scratch/jaggbow/mol_xtb_coordinates/chromo0572/basic.xyz,0,,,,,,
1678,chromo3080,CN(C)c1cc(-c2ccccc2)cc2cc(C#Cc3ccncc3)ccc12,3.2634,0.9739999999999998,2.7319628870000474,0.5307467529797928,/scratch/jaggbow/mol_xtb_coordinates/chromo3080/geom.xtbopt.xyz,/scratch/jaggbow/mol_xtb_coordinates/chromo3080/mmff.xyz,/scratch/jaggbow/mol_xtb_coordinates/chromo3080/basic.xyz,1,,,,,,
1679,chromo5335,CC(C)(C)NC(=O)c1ccc(Br)c2ccc3c4ccccc4c4ccccc4c3c12,3.4293,1.1614,3.21276762184406,0.5407923881310438,/scratch/jaggbow/mol_xtb_coordinates/chromo5335/geom.xtbopt.xyz,/scratch/jaggbow/mol_xtb_coordinates/chromo5335/mmff.xyz,/scratch/jaggbow/mol_xtb_coordinates/chromo5335/basic.xyz,0,,,,,,
1680,chromo0686,c1ccc(-c2ccc(-c3cn4ccc[n+]4[n-]3)cc2)cc1,3.461,0.6223999999999998,3.533976593575366,0.578744458569857,/scratch/jaggbow/mol_xtb_coordinates/chromo0686/geom.xtbopt.xyz,/scratch/jaggbow/mol_xtb_coordinates/chromo0686/mmff.xyz,/scratch/jaggbow/mol_xtb_coordinates/chromo0686/basic.xyz,0,,,,,,
1681,chromo0287,COc1c2ccccc2c(OC)c2c1c1c(F)cccc1n2C,3.2944,1.0618,2.944464683193807,0.6375441581035873,/scratch/jaggbow/mol_xtb_coordinates/chromo0287/geom.xtbopt.xyz,/scratch/jaggbow/mol_xtb_coordinates/chromo0287/mmff.xyz,/scratch/jaggbow/mol_xtb_coordinates/chromo0287/basic.xyz,0,,,,,,
1682,chromo3606,N#Cc1ccc(-n2cccc2)cc1,3.9074,0.7566999999999999,4.201981500431182,0.697947503434916,/scratch/jaggbow/mol_xtb_coordinates/chromo3606/geom.xtbopt.xyz,/scratch/jaggbow/mol_xtb_coordinates/chromo3606/mmff.xyz,/scratch/jaggbow/mol_xtb_coordinates/chromo3606/basic.xyz,1,,,,,,
1683,chromo4545,Cc1cc(C)c(B(c2ccc(-c3ccc(-c4nc5c6ccccc6c6ccccc6c5[nH]4)cc3)cc2)c2c(C)cc(C)cc2C)c(C)c1,3.0159,0.5914999999999999,2.5833139187656378,0.1910417843701976,/scratch/jaggbow/mol_xtb_coordinates/chromo4545/geom.xtbopt.xyz,/scratch/jaggbow/mol_xtb_coordinates/chromo4545/mmff.xyz,/scratch/jaggbow/mol_xtb_coordinates/chromo4545/basic.xyz,0,,,,,,
1684,chromo2219,Cc1cc(-c2nc3c4ccccc4c4ccccc4c3n2-c2ccc(C(C)(C)C)cc2)ccc1-c1ccc(-c2c(-c3ccccc3)nc3ccccn23)cc1,3.4251,0.7746,4.782072760495781,0.8294908205329701,/scratch/jaggbow/mol_xtb_coordinates/chromo2219/geom.xtbopt.xyz,/scratch/jaggbow/mol_xtb_coordinates/chromo2219/mmff.xyz,/scratch/jaggbow/mol_xtb_coordinates/chromo2219/basic.xyz,1,,,,,,
1685,chromo0250,COc1ccc2c(c1)CCC1=C(C#Cc3ccc(Cl)cc3)O[B-](F)(F)[O+]=C12,3.0987,0.988,1.5521424581212409,0.5303948408814463,/scratch/jaggbow/mol_xtb_coordinates/chromo0250/geom.xtbopt.xyz,/scratch/jaggbow/mol_xtb_coordinates/chromo0250/mmff.xyz,/scratch/jaggbow/mol_xtb_coordinates/chromo0250/basic.xyz,0,,,,,,
1686,chromo1620,c1ccc(-c2ccc3c4ccc(-c5ccccc5)c5c(-c6ccccc6)ccc(c6ccc(-c7ccccc7)c2c36)c54)cc1,2.5064,1.1074000000000002,3.677016413840166,1.0735898095968985,/scratch/jaggbow/mol_xtb_coordinates/chromo1620/geom.xtbopt.xyz,/scratch/jaggbow/mol_xtb_coordinates/chromo1620/mmff.xyz,/scratch/jaggbow/mol_xtb_coordinates/chromo1620/basic.xyz,0,,,,,,
1687,chromo2590,CCn1c2c(-c3cccs3)cc(C(C)(C)C)cc2c2cc(C(C)(C)C)cc(-c3cccs3)c21,3.7846,0.7545000000000002,1.74718090366838,-0.01472172212860301,/scratch/jaggbow/mol_xtb_coordinates/chromo2590/geom.xtbopt.xyz,/scratch/jaggbow/mol_xtb_coordinates/chromo2590/mmff.xyz,/scratch/jaggbow/mol_xtb_coordinates/chromo2590/basic.xyz,1,,,,,,
1688,chromo0345,CCN(CC)c1ccc(-c2nc3c(c4c2-c2ccc(C#N)cc2CC4)-c2ccc(C#N)cc2CC3)cc1,2.8197,0.5171000000000001,2.892854690792099,0.3300402595780503,/scratch/jaggbow/mol_xtb_coordinates/chromo0345/geom.xtbopt.xyz,/scratch/jaggbow/mol_xtb_coordinates/chromo0345/mmff.xyz,/scratch/jaggbow/mol_xtb_coordinates/chromo0345/basic.xyz,0,,,,,,
1689,chromo2871,CCN(CC)c1ccc2cc(C=CC3=CC(C=Cc4cc5ccc(N(CC)CC)cc5oc4=O)=[O+][B-](F)(F)O3)c(=O)oc2c1,2.424,0.7412999999999998,2.2334451573948724,0.554089621881731,/scratch/jaggbow/mol_xtb_coordinates/chromo2871/geom.xtbopt.xyz,/scratch/jaggbow/mol_xtb_coordinates/chromo2871/mmff.xyz,/scratch/jaggbow/mol_xtb_coordinates/chromo2871/basic.xyz,1,,,,,,
1690,chromo4505,c1cc(-c2ccc(-n3c4ccccc4c4ccccc43)cc2)c2nsnc2c1,2.4992,0.5145000000000002,3.357879983481793,0.6494810685125472,/scratch/jaggbow/mol_xtb_coordinates/chromo4505/geom.xtbopt.xyz,/scratch/jaggbow/mol_xtb_coordinates/chromo4505/mmff.xyz,/scratch/jaggbow/mol_xtb_coordinates/chromo4505/basic.xyz,1,,,,,,
1691,chromo4095,O=c1c2cc(C#Cc3ccccc3)ccc2nc2ccc(C#Cc3ccccc3)cn12,2.9499,0.9572,2.7003521916252904,0.7009165904190993,/scratch/jaggbow/mol_xtb_coordinates/chromo4095/geom.xtbopt.xyz,/scratch/jaggbow/mol_xtb_coordinates/chromo4095/mmff.xyz,/scratch/jaggbow/mol_xtb_coordinates/chromo4095/basic.xyz,0,,,,,,
1692,chromo0437,CCN(CC)c1ccc(C=CC(=O)c2c(O)cc(C)oc2=O)cc1,2.971,0.9512,2.0899480279056037,0.6570675108455057,/scratch/jaggbow/mol_xtb_coordinates/chromo0437/geom.xtbopt.xyz,/scratch/jaggbow/mol_xtb_coordinates/chromo0437/mmff.xyz,/scratch/jaggbow/mol_xtb_coordinates/chromo0437/basic.xyz,1,,,,,,
1693,chromo4721,N#CC(C#N)=Cc1ccc(-c2cccc(-c3nc4ccccc4s3)c2O)o1,2.9395,1.2408999999999997,5.317868565775607,1.6113352335952862,/scratch/jaggbow/mol_xtb_coordinates/chromo4721/geom.xtbopt.xyz,/scratch/jaggbow/mol_xtb_coordinates/chromo4721/mmff.xyz,/scratch/jaggbow/mol_xtb_coordinates/chromo4721/basic.xyz,1,,,,,,
1694,chromo3293,F[B-]1(F)n2c(Cl)ccc2C(c2c(Cl)cccc2Cl)=C2C=CC(NCc3ccccc3)=[N+]21,2.8619,1.5392,3.693610057879392,1.7391693765031613,/scratch/jaggbow/mol_xtb_coordinates/chromo3293/geom.xtbopt.xyz,/scratch/jaggbow/mol_xtb_coordinates/chromo3293/mmff.xyz,/scratch/jaggbow/mol_xtb_coordinates/chromo3293/basic.xyz,1,,,,,,
1695,chromo5354,CC(C)(C)NC(=O)c1ccc(-c2ccc(N3c4ccccc4Oc4ccccc43)cc2)c2ccc3c4ccc(F)cc4c4cc(F)ccc4c3c12,2.4376,0.1822000000000003,1.3272761599247827,-0.07368457307897114,/scratch/jaggbow/mol_xtb_coordinates/chromo5354/geom.xtbopt.xyz,/scratch/jaggbow/mol_xtb_coordinates/chromo5354/mmff.xyz,/scratch/jaggbow/mol_xtb_coordinates/chromo5354/basic.xyz,0,,,,,,
1696,chromo5246,C[n+]1ccc(C=Cc2ccc([O-])cc2)cc1,2.5132,1.4586,0.9001568513808984,-0.1715047155643556,/scratch/jaggbow/mol_xtb_coordinates/chromo5246/geom.xtbopt.xyz,/scratch/jaggbow/mol_xtb_coordinates/chromo5246/mmff.xyz,/scratch/jaggbow/mol_xtb_coordinates/chromo5246/basic.xyz,0,,,,,,
1697,chromo3823,Cc1ccc(-c2cc(C=Cc3ccc(N(c4ccccc4)c4ccccc4)cc3)c(-c3ccc(C)cc3)cc2C=Cc2ccc(N(c3ccccc3)c3ccccc3)cc2)cc1,2.7091,0.8269999999999997,3.7628784446898864,0.6334677240150716,/scratch/jaggbow/mol_xtb_coordinates/chromo3823/geom.xtbopt.xyz,/scratch/jaggbow/mol_xtb_coordinates/chromo3823/mmff.xyz,/scratch/jaggbow/mol_xtb_coordinates/chromo3823/basic.xyz,1,,,,,,
1698,chromo0693,CCCCc1ccc2ccc3c(CCCC)cc(CCCC)c4ccc1c2c34,3.459,1.4689,3.68053409011818,0.9417780717876071,/scratch/jaggbow/mol_xtb_coordinates/chromo0693/geom.xtbopt.xyz,/scratch/jaggbow/mol_xtb_coordinates/chromo0693/mmff.xyz,/scratch/jaggbow/mol_xtb_coordinates/chromo0693/basic.xyz,1,,,,,,
1699,chromo2055,Cc1cc(C)c2c(c1)c1cc(C)cc(C)c1n2-c1ccc2c(c1)B(c1c(C(C)C)cc(C(C)C)cc1C(C)C)c1cc(-n3c4c(C)cc(C)cc4c4cc(C)cc(C)c43)ccc1N2c1ccccc1,2.7326,0.0220000000000002,3.6935660730405786,0.7099482434336671,/scratch/jaggbow/mol_xtb_coordinates/chromo2055/geom.xtbopt.xyz,/scratch/jaggbow/mol_xtb_coordinates/chromo2055/mmff.xyz,/scratch/jaggbow/mol_xtb_coordinates/chromo2055/basic.xyz,1,,,,,,
1700,chromo3111,Cc1cc2c3ccccc3n(C)c2c2c1c1ccccc1n2C,3.5277,0.6218999999999997,3.8050975832454075,0.5644950558050948,/scratch/jaggbow/mol_xtb_coordinates/chromo3111/geom.xtbopt.xyz,/scratch/jaggbow/mol_xtb_coordinates/chromo3111/mmff.xyz,/scratch/jaggbow/mol_xtb_coordinates/chromo3111/basic.xyz,0,,,,,,
1701,chromo3905,COc1ccc2cc(C3=[N+]4C(=Nc5c(-c6ccccc6)cc(-c6ccc7cc(OC)ccc7c6)n5[B-]4(F)F)C(c4ccccc4)=C3)ccc2c1,1.9138,1.056,3.316883183231678,1.4413609067255073,/scratch/jaggbow/mol_xtb_coordinates/chromo3905/geom.xtbopt.xyz,/scratch/jaggbow/mol_xtb_coordinates/chromo3905/mmff.xyz,/scratch/jaggbow/mol_xtb_coordinates/chromo3905/basic.xyz,0,,,,,,
1702,chromo4728,COc1cccc(-n2c(-c3ccc(O)cc3)nc(C)c2C)c1,3.8306,0.7980999999999998,3.817399727746002,0.5636650028252156,/scratch/jaggbow/mol_xtb_coordinates/chromo4728/geom.xtbopt.xyz,/scratch/jaggbow/mol_xtb_coordinates/chromo4728/mmff.xyz,/scratch/jaggbow/mol_xtb_coordinates/chromo4728/basic.xyz,1,,,,,,
1703,chromo1470,CN(C)c1ccc(C=CC=CC=Cc2ccc(N(C)C)cc2)cc1,2.8716,1.4303,3.3876766800939784,1.1439439267489635,/scratch/jaggbow/mol_xtb_coordinates/chromo1470/geom.xtbopt.xyz,/scratch/jaggbow/mol_xtb_coordinates/chromo1470/mmff.xyz,/scratch/jaggbow/mol_xtb_coordinates/chromo1470/basic.xyz,1,,,,,,
1704,chromo2750,Cn1c2ccccc2c2cc(C=CC3=[O+][B-](F)(F)OC(C=Cc4ccc5c(c4)c4ccccc4n5C)=C3c3ccccc3)ccc21,2.5806,0.7291000000000001,4.829130680735051,1.2101599850956504,/scratch/jaggbow/mol_xtb_coordinates/chromo2750/geom.xtbopt.xyz,/scratch/jaggbow/mol_xtb_coordinates/chromo2750/mmff.xyz,/scratch/jaggbow/mol_xtb_coordinates/chromo2750/basic.xyz,1,,,,,,
1705,chromo3773,CCCCCCCCC1(CCCCCCCC)c2cc(C#Cc3ccc(N(c4ccccc4)c4ccccc4)cc3)ccc2-c2ccc(C=O)cc21,2.731,0.609,2.2525510473915817,0.13138005645578799,/scratch/jaggbow/mol_xtb_coordinates/chromo3773/geom.xtbopt.xyz,/scratch/jaggbow/mol_xtb_coordinates/chromo3773/mmff.xyz,/scratch/jaggbow/mol_xtb_coordinates/chromo3773/basic.xyz,0,,,,,,
1706,chromo1006,CC1=CC(C)=[N+]2C1=C(c1ccc(Br)cc1)c1c(C)cc(C=Cc3ccc[nH]3)n1[B-]2(F)F,2.4452,1.2873,0.6466422194483079,0.8014265826573405,/scratch/jaggbow/mol_xtb_coordinates/chromo1006/geom.xtbopt.xyz,/scratch/jaggbow/mol_xtb_coordinates/chromo1006/mmff.xyz,/scratch/jaggbow/mol_xtb_coordinates/chromo1006/basic.xyz,1,,,,,,
1707,chromo2748,COc1ccc(C=CC2=[O+][B-](F)(F)OC(C=Cc3ccc(OC)c4ccccc34)=C2c2ccccc2)c2ccccc12,2.4887,0.7975000000000001,2.921272335314795,0.784351520594066,/scratch/jaggbow/mol_xtb_coordinates/chromo2748/geom.xtbopt.xyz,/scratch/jaggbow/mol_xtb_coordinates/chromo2748/mmff.xyz,/scratch/jaggbow/mol_xtb_coordinates/chromo2748/basic.xyz,1,,,,,,
1708,chromo2293,C(=Cc1cc(C=Cc2ccccc2)cc(C=Cc2ccccc2)c1)c1ccccc1,3.2971,1.2332,3.3962322444927757,0.6373198708917016,/scratch/jaggbow/mol_xtb_coordinates/chromo2293/geom.xtbopt.xyz,/scratch/jaggbow/mol_xtb_coordinates/chromo2293/mmff.xyz,/scratch/jaggbow/mol_xtb_coordinates/chromo2293/basic.xyz,1,,,,,,
1709,chromo0758,CN(C)c1ccc(C=Cc2cc(C=Cc3ccc(N(C)C)cc3)nc(C=Cc3ccccc3)n2)cc1,2.9314,0.8254000000000001,3.33871463870526,0.7625673376404173,/scratch/jaggbow/mol_xtb_coordinates/chromo0758/geom.xtbopt.xyz,/scratch/jaggbow/mol_xtb_coordinates/chromo0758/mmff.xyz,/scratch/jaggbow/mol_xtb_coordinates/chromo0758/basic.xyz,1,,,,,,
1710,chromo2825,COc1ccc(C2=Cc3cc4ccccc4cc3P2(=O)c2ccccc2)cc1,3.3783,1.2262,3.708861531683391,0.992160776175726,/scratch/jaggbow/mol_xtb_coordinates/chromo2825/geom.xtbopt.xyz,/scratch/jaggbow/mol_xtb_coordinates/chromo2825/mmff.xyz,/scratch/jaggbow/mol_xtb_coordinates/chromo2825/basic.xyz,0,,,,,,
1711,chromo0619,Nc1ccc2c(c1)C(=O)N(C13CC4CC(CC(C4)C1)C3)C2=O,3.5441,0.8279999999999998,2.9671823355666027,0.4697592206265965,/scratch/jaggbow/mol_xtb_coordinates/chromo0619/geom.xtbopt.xyz,/scratch/jaggbow/mol_xtb_coordinates/chromo0619/mmff.xyz,/scratch/jaggbow/mol_xtb_coordinates/chromo0619/basic.xyz,0,,,,,,
1712,chromo2362,COc1ccc2c(=O)c3c([nH]c2c1)-c1ccccc1NC3(C)C,3.1906,0.7327999999999997,4.747887407731604,0.985221224215874,/scratch/jaggbow/mol_xtb_coordinates/chromo2362/geom.xtbopt.xyz,/scratch/jaggbow/mol_xtb_coordinates/chromo2362/mmff.xyz,/scratch/jaggbow/mol_xtb_coordinates/chromo2362/basic.xyz,0,,,,,,
1713,chromo1159,Cc1ccc([N+]2=c3c4n(c5ccccc35)[B-](F)(F)[N+](c3ccc(C)cc3)=c3c=4n(c4ccccc34)[B-]2(F)F)cc1,1.7513,1.1894,3.8384089216447284,1.7354701509612198,/scratch/jaggbow/mol_xtb_coordinates/chromo1159/geom.xtbopt.xyz,/scratch/jaggbow/mol_xtb_coordinates/chromo1159/mmff.xyz,/scratch/jaggbow/mol_xtb_coordinates/chromo1159/basic.xyz,0,,,,,,
1714,chromo2241,CCn1c2ccccc2c2cccc(N(c3ccccc3)c3ccccc3)c21,3.6364,0.5748000000000002,3.3114919010835213,0.3688079183532359,/scratch/jaggbow/mol_xtb_coordinates/chromo2241/geom.xtbopt.xyz,/scratch/jaggbow/mol_xtb_coordinates/chromo2241/mmff.xyz,/scratch/jaggbow/mol_xtb_coordinates/chromo2241/basic.xyz,1,,,,,,
1715,chromo5006,CC(C)(C)c1ccc2c(c1)c1cc(C(C)(C)C)ccc1n2-c1ccc(-c2nc(-c3ccccc3)nc(-c3ccccc3)n2)c2c1c1ccccc1n2-c1ccccc1,2.9587,0.2181999999999999,4.5424096881278375,0.5917873104503468,/scratch/jaggbow/mol_xtb_coordinates/chromo5006/geom.xtbopt.xyz,/scratch/jaggbow/mol_xtb_coordinates/chromo5006/mmff.xyz,/scratch/jaggbow/mol_xtb_coordinates/chromo5006/basic.xyz,1,,,,,,
1716,chromo2482,COC(=O)c1nc2c(N(C)C)nc(N)nc2n1Cc1ccccc1,3.772,1.0616,1.5907762092394537,0.39385765096505243,/scratch/jaggbow/mol_xtb_coordinates/chromo2482/geom.xtbopt.xyz,/scratch/jaggbow/mol_xtb_coordinates/chromo2482/mmff.xyz,/scratch/jaggbow/mol_xtb_coordinates/chromo2482/basic.xyz,0,,,,,,
1717,chromo0325,CCOC(=O)N=c1oc2ccc(OC)cc2cc1C#N,3.0652,0.9962,2.137503737754186,0.47458423500923425,/scratch/jaggbow/mol_xtb_coordinates/chromo0325/geom.xtbopt.xyz,/scratch/jaggbow/mol_xtb_coordinates/chromo0325/mmff.xyz,/scratch/jaggbow/mol_xtb_coordinates/chromo0325/basic.xyz,1,,,,,,
1718,chromo3458,COC(=O)c1c(-c2cc3ccccc3oc2=O)nn(-c2ccccc2)c1C(=O)OC,3.8494,1.2493000000000003,4.4375552407224435,1.0052915141384324,/scratch/jaggbow/mol_xtb_coordinates/chromo3458/geom.xtbopt.xyz,/scratch/jaggbow/mol_xtb_coordinates/chromo3458/mmff.xyz,/scratch/jaggbow/mol_xtb_coordinates/chromo3458/basic.xyz,1,,,,,,
1719,chromo5110,CCCCN1C(=O)c2ccc3c4ccc5c6c(cc(Br)c(c7ccc(c2c37)C1=O)c64)C(=O)N(CCCC)C5=O,2.4035,1.1255000000000002,4.987837412573004,1.4996151605454484,/scratch/jaggbow/mol_xtb_coordinates/chromo5110/geom.xtbopt.xyz,/scratch/jaggbow/mol_xtb_coordinates/chromo5110/mmff.xyz,/scratch/jaggbow/mol_xtb_coordinates/chromo5110/basic.xyz,0,,,,,,
1720,chromo4985,FC(F)(F)c1c(-n2c3ccccc3c3ccccc32)c(-n2c3ccccc3c3ccccc32)cc(-n2c3ccccc3c3ccccc32)c1-n1c2ccccc2c2ccccc21,3.1012,0.1861000000000001,3.0809304563080486,0.08434660274180236,/scratch/jaggbow/mol_xtb_coordinates/chromo4985/geom.xtbopt.xyz,/scratch/jaggbow/mol_xtb_coordinates/chromo4985/mmff.xyz,/scratch/jaggbow/mol_xtb_coordinates/chromo4985/basic.xyz,1,,,,,,
1721,chromo2402,CCN(CC)c1ccc(C=Nc2cc3nc4ccccc4nc3cc2N=Cc2ccc(N(CC)CC)cc2O)c(O)c1,2.4566,0.7427999999999999,4.103070657521679,0.817092336288723,/scratch/jaggbow/mol_xtb_coordinates/chromo2402/geom.xtbopt.xyz,/scratch/jaggbow/mol_xtb_coordinates/chromo2402/mmff.xyz,/scratch/jaggbow/mol_xtb_coordinates/chromo2402/basic.xyz,0,,,,,,
1722,chromo0957,CCCCCCCCCCCCCCCCOc1cc(C#Cc2ccc3ccccc3c2)c(OCCCCCCCCCCCCCCCC)cc1C#Cc1ccc(C=C(C#N)C#N)cc1,2.411,0.6890000000000001,4.486764763000721,0.9745346455779411,/scratch/jaggbow/mol_xtb_coordinates/chromo0957/geom.xtbopt.xyz,/scratch/jaggbow/mol_xtb_coordinates/chromo0957/mmff.xyz,/scratch/jaggbow/mol_xtb_coordinates/chromo0957/basic.xyz,1,,,,,,
1723,chromo2206,CC(C)(C)c1ccc(-c2c(-c3cccc(N(c4ccccc4)c4ccccc4)c3)c(C#N)c(-c3cccc(N(c4ccccc4)c4ccccc4)c3)c(-c3ccc(C(C)(C)C)cc3)c2-c2ccc(C(C)(C)C)cc2)cc1,3.1483,0.088,4.509441331689014,0.6498690188434576,/scratch/jaggbow/mol_xtb_coordinates/chromo2206/geom.xtbopt.xyz,/scratch/jaggbow/mol_xtb_coordinates/chromo2206/mmff.xyz,/scratch/jaggbow/mol_xtb_coordinates/chromo2206/basic.xyz,1,,,,,,
1724,chromo4575,COc1cc(C=Cc2ccncc2)c(OC)cc1C=O,3.1432,1.1444000000000003,1.5276372551202722,0.43983451023537584,/scratch/jaggbow/mol_xtb_coordinates/chromo4575/geom.xtbopt.xyz,/scratch/jaggbow/mol_xtb_coordinates/chromo4575/mmff.xyz,/scratch/jaggbow/mol_xtb_coordinates/chromo4575/basic.xyz,1,,,,,,
1725,chromo2994,O=Cc1cnc(-c2c3ccccc3cc3ccccc23)nc1,2.4838,0.8105,3.3222839153893937,1.0932844329163727,/scratch/jaggbow/mol_xtb_coordinates/chromo2994/geom.xtbopt.xyz,/scratch/jaggbow/mol_xtb_coordinates/chromo2994/mmff.xyz,/scratch/jaggbow/mol_xtb_coordinates/chromo2994/basic.xyz,1,,,,,,
1726,chromo4166,CCN(CC)C(C)=Nc1ccc2c3c(cccc13)C(=O)c1ccccc1-2,2.7949,0.9624,1.8293699051688703,0.5046997414058612,/scratch/jaggbow/mol_xtb_coordinates/chromo4166/geom.xtbopt.xyz,/scratch/jaggbow/mol_xtb_coordinates/chromo4166/mmff.xyz,/scratch/jaggbow/mol_xtb_coordinates/chromo4166/basic.xyz,0,,,,,,
1727,chromo0321,COc1cc(OC)c2cc(C#N)c(=N)oc2c1,3.6506,1.3678,3.0267092230324604,0.8380460449934364,/scratch/jaggbow/mol_xtb_coordinates/chromo0321/geom.xtbopt.xyz,/scratch/jaggbow/mol_xtb_coordinates/chromo0321/mmff.xyz,/scratch/jaggbow/mol_xtb_coordinates/chromo0321/basic.xyz,1,,,,,,
1728,chromo2881,CCCCn1c2ccccc2c2ccc3c4cc(-c5ccc(OC)cc5)ccc4n(CCCC)c3c21,3.5414,0.6454,4.3701036509381375,0.6512840299774899,/scratch/jaggbow/mol_xtb_coordinates/chromo2881/geom.xtbopt.xyz,/scratch/jaggbow/mol_xtb_coordinates/chromo2881/mmff.xyz,/scratch/jaggbow/mol_xtb_coordinates/chromo2881/basic.xyz,0,,,,,,
1729,chromo4457,CC(C)(C)c1ccc2c(c1)c1ncncc1c1c3ccccc3sc21,3.52,0.9261,4.500355977739622,0.7938169605922101,/scratch/jaggbow/mol_xtb_coordinates/chromo4457/geom.xtbopt.xyz,/scratch/jaggbow/mol_xtb_coordinates/chromo4457/mmff.xyz,/scratch/jaggbow/mol_xtb_coordinates/chromo4457/basic.xyz,0,,,,,,
1730,chromo5219,CC[n+]1ccc2ccccc2c1C=Cc1c([O-])ccc2ccc(=O)oc12,2.1532,0.8791,4.2250618483647,0.9803645514820957,/scratch/jaggbow/mol_xtb_coordinates/chromo5219/geom.xtbopt.xyz,/scratch/jaggbow/mol_xtb_coordinates/chromo5219/mmff.xyz,/scratch/jaggbow/mol_xtb_coordinates/chromo5219/basic.xyz,0,,,,,,
1731,chromo2541,Cc1cc(C)c(C2=C3C=C(c4ccccc4)C(c4ccccc4)=[N+]3[B-](F)(F)n3c2cc(-c2ccccc2)c3-c2ccccc2)c(C)c1,2.4233,1.0398999999999998,2.7890128078451943,1.1081291953503158,/scratch/jaggbow/mol_xtb_coordinates/chromo2541/geom.xtbopt.xyz,/scratch/jaggbow/mol_xtb_coordinates/chromo2541/mmff.xyz,/scratch/jaggbow/mol_xtb_coordinates/chromo2541/basic.xyz,1,,,,,,
1732,chromo2228,O=S1(=O)c2ccccc2-c2cc(-c3c4ccccc4cc4ccccc34)ccc21,3.0949,1.328,4.180400302636183,1.287590682560193,/scratch/jaggbow/mol_xtb_coordinates/chromo2228/geom.xtbopt.xyz,/scratch/jaggbow/mol_xtb_coordinates/chromo2228/mmff.xyz,/scratch/jaggbow/mol_xtb_coordinates/chromo2228/basic.xyz,0,,,,,,
1733,chromo3730,CCn1c2ccccc2c2cc(C#Cc3cc(C#Cc4ccc5c(c4)c4ccccc4n5CC)ncn3)ccc21,3.1902,0.653,2.969921681998632,0.2233316873517226,/scratch/jaggbow/mol_xtb_coordinates/chromo3730/geom.xtbopt.xyz,/scratch/jaggbow/mol_xtb_coordinates/chromo3730/mmff.xyz,/scratch/jaggbow/mol_xtb_coordinates/chromo3730/basic.xyz,1,,,,,,
1734,chromo4071,COc1ccc(C2=CC(c3ccc4cc(N(C)C)ccc4c3)=[O+][B-](F)(F)O2)cc1,2.8053,0.6600999999999999,2.6766291758337246,0.6357963559547636,/scratch/jaggbow/mol_xtb_coordinates/chromo4071/geom.xtbopt.xyz,/scratch/jaggbow/mol_xtb_coordinates/chromo4071/mmff.xyz,/scratch/jaggbow/mol_xtb_coordinates/chromo4071/basic.xyz,1,,,,,,
1735,chromo4622,CCOC(=O)c1sc(-c2ccc(-c3cc(C4CC4)c(C(=O)OCC)s3)s2)cc1C1CC1,2.9208,1.1925,3.3205320416525343,1.0072995449451807,/scratch/jaggbow/mol_xtb_coordinates/chromo4622/geom.xtbopt.xyz,/scratch/jaggbow/mol_xtb_coordinates/chromo4622/mmff.xyz,/scratch/jaggbow/mol_xtb_coordinates/chromo4622/basic.xyz,0,,,,,,
1736,chromo5360,c1ccc(N(c2ccccc2)c2ccc(-c3nc4c5ccccc5c5ccccc5c4n3-c3ccccc3)cc2)cc1,3.34,0.7662999999999998,4.676763785575007,0.6669657102268527,/scratch/jaggbow/mol_xtb_coordinates/chromo5360/geom.xtbopt.xyz,/scratch/jaggbow/mol_xtb_coordinates/chromo5360/mmff.xyz,/scratch/jaggbow/mol_xtb_coordinates/chromo5360/basic.xyz,1,,,,,,
1737,chromo6083,CCN(CC)c1ccc2c(c1)oc(=O)c1c(=O)oc3cc([N+](=O)[O-])ccc3c12,2.55,0.5931999999999997,3.4749303129167117,0.9428967338029648,/scratch/jaggbow/mol_xtb_coordinates/chromo6083/geom.xtbopt.xyz,/scratch/jaggbow/mol_xtb_coordinates/chromo6083/mmff.xyz,/scratch/jaggbow/mol_xtb_coordinates/chromo6083/basic.xyz,0,,,,,,
1738,chromo6085,CC(C)(C)OC(=O)COc1ccc2c(c1)oc(=O)c1c(=O)oc3ccccc3c12,3.4532,1.0408,3.5017388201291695,0.785227505305251,/scratch/jaggbow/mol_xtb_coordinates/chromo6085/geom.xtbopt.xyz,/scratch/jaggbow/mol_xtb_coordinates/chromo6085/mmff.xyz,/scratch/jaggbow/mol_xtb_coordinates/chromo6085/basic.xyz,0,,,,,,
1739,chromo5330,C(=Cc1ccc(N(c2ccccc2)c2ccccc2)cc1)c1ccc(N(c2ccccc2)c2ccccc2)cc1,3.0219,0.8065000000000002,1.3207571665104512,0.06629235873199363,/scratch/jaggbow/mol_xtb_coordinates/chromo5330/geom.xtbopt.xyz,/scratch/jaggbow/mol_xtb_coordinates/chromo5330/mmff.xyz,/scratch/jaggbow/mol_xtb_coordinates/chromo5330/basic.xyz,1,,,,,,
1740,chromo5596,CCN(CC)c1cccc(C=O)c1,3.3847,0.8249,1.805622138425465,0.37745721899634493,/scratch/jaggbow/mol_xtb_coordinates/chromo5596/geom.xtbopt.xyz,/scratch/jaggbow/mol_xtb_coordinates/chromo5596/mmff.xyz,/scratch/jaggbow/mol_xtb_coordinates/chromo5596/basic.xyz,1,,,,,,
1741,chromo5898,CCN(CC)c1ccc([N+]2=Cc3ccc4c5c(ccc4c3O[B-]2(c2ccccc2)c2ccccc2)C=[N+](c2ccc(N(CC)CC)cc2)[B-](c2ccccc2)(c2ccccc2)O5)cc1,2.1875,0.6308,2.679852752508947,0.6922685928423783,/scratch/jaggbow/mol_xtb_coordinates/chromo5898/geom.xtbopt.xyz,/scratch/jaggbow/mol_xtb_coordinates/chromo5898/mmff.xyz,/scratch/jaggbow/mol_xtb_coordinates/chromo5898/basic.xyz,0,,,,,,
1742,chromo5337,COC(=O)c1ccc(C(=O)NC(C)(C)C)c2c1ccc1c3ccccc3c3ccccc3c12,3.1681,0.9892,1.621313668619096,0.23432737839073614,/scratch/jaggbow/mol_xtb_coordinates/chromo5337/geom.xtbopt.xyz,/scratch/jaggbow/mol_xtb_coordinates/chromo5337/mmff.xyz,/scratch/jaggbow/mol_xtb_coordinates/chromo5337/basic.xyz,0,,,,,,
1743,chromo5477,CCCCCCCCOc1ccc(C2=C3C(C)=CC(C)=[N+]3[B-](F)(F)n3c(C)cc(C)c32)cc1,3.0308,1.5092,1.3834720070069404,1.0502023496958852,/scratch/jaggbow/mol_xtb_coordinates/chromo5477/geom.xtbopt.xyz,/scratch/jaggbow/mol_xtb_coordinates/chromo5477/mmff.xyz,/scratch/jaggbow/mol_xtb_coordinates/chromo5477/basic.xyz,1,,,,,,
1744,chromo5499,CCC1=C(C)C2=Cc3c4ccccc4c4n3[B-](c3ccncc3)(Oc3ccccc3-4)[N+]2=C1C=Cc1ccc(OC)cc1,2.0396,0.9686,3.151855079104977,1.1493339593785052,/scratch/jaggbow/mol_xtb_coordinates/chromo5499/geom.xtbopt.xyz,/scratch/jaggbow/mol_xtb_coordinates/chromo5499/mmff.xyz,/scratch/jaggbow/mol_xtb_coordinates/chromo5499/basic.xyz,0,,,,,,
1745,chromo5725,CC(=O)c1c(NC(CC(C)C)C(=O)O)c2ccc(N(C)C)cc2oc1=O,3.739,0.9179,3.601179114549261,0.8164101607666442,/scratch/jaggbow/mol_xtb_coordinates/chromo5725/geom.xtbopt.xyz,/scratch/jaggbow/mol_xtb_coordinates/chromo5725/mmff.xyz,/scratch/jaggbow/mol_xtb_coordinates/chromo5725/basic.xyz,1,,,,,,
1746,chromo6100,F[B-]1(F)n2c(Oc3ccccc3)c(Cl)c(Br)c2C(Oc2ccccc2)=C2C(Br)=C(Cl)C(Oc3ccccc3)=[N+]21,2.6821,1.0983,0.9670766829561526,0.7924184118900652,/scratch/jaggbow/mol_xtb_coordinates/chromo6100/geom.xtbopt.xyz,/scratch/jaggbow/mol_xtb_coordinates/chromo6100/mmff.xyz,/scratch/jaggbow/mol_xtb_coordinates/chromo6100/basic.xyz,1,,,,,,
1747,chromo5558,CC1=C2c3ccccc3C(c3ccc[nH]3)=[N+]2[B-](F)(F)n2cccc21,2.5553,1.259,3.2356542177603616,1.4343827830367641,/scratch/jaggbow/mol_xtb_coordinates/chromo5558/geom.xtbopt.xyz,/scratch/jaggbow/mol_xtb_coordinates/chromo5558/mmff.xyz,/scratch/jaggbow/mol_xtb_coordinates/chromo5558/basic.xyz,0,,,,,,
1748,chromo5917,Cn1nc(-c2ccc(C#N)cc2)cc1-c1ccccc1,4.3802,1.4641000000000002,3.515192137291596,0.6678584450412677,/scratch/jaggbow/mol_xtb_coordinates/chromo5917/geom.xtbopt.xyz,/scratch/jaggbow/mol_xtb_coordinates/chromo5917/mmff.xyz,/scratch/jaggbow/mol_xtb_coordinates/chromo5917/basic.xyz,0,,,,,,
1749,chromo4903,c1cc(-c2c3ccccc3c(-c3ccc4ccccc4c3)c3ccccc23)cc(-n2c3ccccc3c3ccccc32)c1,3.1319,1.3988999999999998,3.5228109736701523,1.054365906382084,/scratch/jaggbow/mol_xtb_coordinates/chromo4903/geom.xtbopt.xyz,/scratch/jaggbow/mol_xtb_coordinates/chromo4903/mmff.xyz,/scratch/jaggbow/mol_xtb_coordinates/chromo4903/basic.xyz,1,,,,,,
1750,chromo5086,CC(C)(C)c1ccc2c(c1)c1cc(C(C)(C)C)ccc1n2-c1cc(C(=O)c2ccccn2)cc(-n2c3ccc(C(C)(C)C)cc3c3cc(C(C)(C)C)ccc32)c1,2.474,0.1129000000000002,2.680961015612257,-0.05299346536495085,/scratch/jaggbow/mol_xtb_coordinates/chromo5086/geom.xtbopt.xyz,/scratch/jaggbow/mol_xtb_coordinates/chromo5086/mmff.xyz,/scratch/jaggbow/mol_xtb_coordinates/chromo5086/basic.xyz,1,,,,,,
1751,chromo2586,COc1ccc(C#Cc2nc3ccccc3nc2-c2ccn(-c3ccccc3)c2)cc1,3.1453,0.7435,1.3824081813851044,-0.3359623223455941,/scratch/jaggbow/mol_xtb_coordinates/chromo2586/geom.xtbopt.xyz,/scratch/jaggbow/mol_xtb_coordinates/chromo2586/mmff.xyz,/scratch/jaggbow/mol_xtb_coordinates/chromo2586/basic.xyz,0,,,,,,
1752,chromo1066,COC(=O)c1ccc(C2=C3C=c4sccc4=[N+]3[B-](F)(F)n3c2cc2sccc23)cc1,2.4607,1.2281000000000002,2.4240930405761016,1.0418717143557437,/scratch/jaggbow/mol_xtb_coordinates/chromo1066/geom.xtbopt.xyz,/scratch/jaggbow/mol_xtb_coordinates/chromo1066/mmff.xyz,/scratch/jaggbow/mol_xtb_coordinates/chromo1066/basic.xyz,0,,,,,,
1753,chromo1610,N#Cc1c(F)c(F)c(C#N)c2oc3cc4oc5c(C#N)c(F)c(F)c(C#N)c5oc4cc3oc12,2.9729,0.4603000000000001,2.693120231813449,0.4799890868995134,/scratch/jaggbow/mol_xtb_coordinates/chromo1610/geom.xtbopt.xyz,/scratch/jaggbow/mol_xtb_coordinates/chromo1610/mmff.xyz,/scratch/jaggbow/mol_xtb_coordinates/chromo1610/basic.xyz,0,,,,,,
1754,chromo4925,CCCCC1(CCCC)c2cc(C#Cc3ccc4ccc5cccc6ccc3c4c56)ccc2-c2ccc(C#Cc3ccc4ccc5cccc6ccc3c4c56)cc21,2.5862,0.8452999999999999,2.383718449386687,0.5495107363185179,/scratch/jaggbow/mol_xtb_coordinates/chromo4925/geom.xtbopt.xyz,/scratch/jaggbow/mol_xtb_coordinates/chromo4925/mmff.xyz,/scratch/jaggbow/mol_xtb_coordinates/chromo4925/basic.xyz,1,,,,,,
1755,chromo5463,Cc1ccc2nc3cc4c5c(cccc5c3nc2c1)C(c1ccccc1)=C(c1ccccc1)O4,2.6188,0.7292999999999998,2.197431969442611,0.5004460403682756,/scratch/jaggbow/mol_xtb_coordinates/chromo5463/geom.xtbopt.xyz,/scratch/jaggbow/mol_xtb_coordinates/chromo5463/mmff.xyz,/scratch/jaggbow/mol_xtb_coordinates/chromo5463/basic.xyz,0,,,,,,
1756,chromo2303,FC(F)(F)c1ccccc1B1c2ccccc2N(c2ccccc2)c2ccccc21,3.554,0.7599,4.029137402144442,0.8793062661714419,/scratch/jaggbow/mol_xtb_coordinates/chromo2303/geom.xtbopt.xyz,/scratch/jaggbow/mol_xtb_coordinates/chromo2303/mmff.xyz,/scratch/jaggbow/mol_xtb_coordinates/chromo2303/basic.xyz,0,,,,,,
1757,chromo3477,CCOC(=O)c1c(-c2cc3ccc(OCC=C(C)C)cc3oc2=O)nn(-c2cccc(C)c2)c1C(=O)OCC,3.7557,1.2092,3.0259241354013273,0.7104162763303374,/scratch/jaggbow/mol_xtb_coordinates/chromo3477/geom.xtbopt.xyz,/scratch/jaggbow/mol_xtb_coordinates/chromo3477/mmff.xyz,/scratch/jaggbow/mol_xtb_coordinates/chromo3477/basic.xyz,1,,,,,,
1758,chromo0691,CCCCc1ccc2ccc3cccc4ccc1c2c34,3.625,1.5473,3.523595256297047,0.9138052371383085,/scratch/jaggbow/mol_xtb_coordinates/chromo0691/geom.xtbopt.xyz,/scratch/jaggbow/mol_xtb_coordinates/chromo0691/mmff.xyz,/scratch/jaggbow/mol_xtb_coordinates/chromo0691/basic.xyz,1,,,,,,
1759,chromo2179,N#Cc1cc(-n2c3ccccc3c3ccccc32)c(-n2c3ccccc3c3cc(Br)ccc32)cc1C#N,2.8391,0.3323,5.283853688874256,0.7587187185066421,/scratch/jaggbow/mol_xtb_coordinates/chromo2179/geom.xtbopt.xyz,/scratch/jaggbow/mol_xtb_coordinates/chromo2179/mmff.xyz,/scratch/jaggbow/mol_xtb_coordinates/chromo2179/basic.xyz,1,,,,,,
1760,chromo5648,CCN(CC)c1ccc2c(c1)oc(=O)c1cnc3c(c(C)nn3-c3ccccc3)c12,3.3452,0.8424,3.6318811179908006,0.7677059715767791,/scratch/jaggbow/mol_xtb_coordinates/chromo5648/geom.xtbopt.xyz,/scratch/jaggbow/mol_xtb_coordinates/chromo5648/mmff.xyz,/scratch/jaggbow/mol_xtb_coordinates/chromo5648/basic.xyz,0,,,,,,
1761,chromo5979,CCn1c2cc(OC)ccc2c2c3nsnc3c3c4ccc(OC)cc4n(CC)c3c21,2.6415,0.7251000000000001,4.979923810127476,1.0551385240830218,/scratch/jaggbow/mol_xtb_coordinates/chromo5979/geom.xtbopt.xyz,/scratch/jaggbow/mol_xtb_coordinates/chromo5979/mmff.xyz,/scratch/jaggbow/mol_xtb_coordinates/chromo5979/basic.xyz,0,,,,,,
1762,chromo6226,CCCCN(CCCC)c1ccc(C#Cc2cc(C#Cc3ccc(N(CCCC)CCCC)cc3)c(C#Cc3ccc(C#N)cc3)cc2C#Cc2ccc(C#N)cc2)cc1,2.4592,0.6597999999999999,5.152035300690295,0.9485406685167569,/scratch/jaggbow/mol_xtb_coordinates/chromo6226/geom.xtbopt.xyz,/scratch/jaggbow/mol_xtb_coordinates/chromo6226/mmff.xyz,/scratch/jaggbow/mol_xtb_coordinates/chromo6226/basic.xyz,1,,,,,,
1763,chromo6276,Fc1ccc(-c2cccc3ncc(-c4ccccc4)n23)cc1,3.6064,1.0061,4.59756190906945,0.8535847908961877,/scratch/jaggbow/mol_xtb_coordinates/chromo6276/geom.xtbopt.xyz,/scratch/jaggbow/mol_xtb_coordinates/chromo6276/mmff.xyz,/scratch/jaggbow/mol_xtb_coordinates/chromo6276/basic.xyz,0,,,,,,
1764,chromo4623,CC(C)(C)c1ccc(-c2cc(-c3ccc(-c4cc(-c5ccc(C(C)(C)C)cc5)c(C#N)s4)s3)sc2C#N)cc1,2.9503,1.2004,3.3445509056141067,1.0071984313263724,/scratch/jaggbow/mol_xtb_coordinates/chromo4623/geom.xtbopt.xyz,/scratch/jaggbow/mol_xtb_coordinates/chromo4623/mmff.xyz,/scratch/jaggbow/mol_xtb_coordinates/chromo4623/basic.xyz,1,,,,,,
1765,chromo3308,Oc1ccccc1N=Cc1ccccc1Oc1ccccc1,3.3045,1.0855,2.468650814941309,0.42416546361275553,/scratch/jaggbow/mol_xtb_coordinates/chromo3308/geom.xtbopt.xyz,/scratch/jaggbow/mol_xtb_coordinates/chromo3308/mmff.xyz,/scratch/jaggbow/mol_xtb_coordinates/chromo3308/basic.xyz,1,,,,,,
1766,chromo3240,COc1ccc(C=CC2=CC(C=Cc3ccc(OC)c(OC)c3)=[O+][B-](F)(F)O2)cc1OC,2.6819,0.8458000000000001,1.559304656755652,0.4644059115404678,/scratch/jaggbow/mol_xtb_coordinates/chromo3240/geom.xtbopt.xyz,/scratch/jaggbow/mol_xtb_coordinates/chromo3240/mmff.xyz,/scratch/jaggbow/mol_xtb_coordinates/chromo3240/basic.xyz,1,,,,,,
1767,chromo5651,CCN(CC)c1ccc2c(c1)oc(=O)c1c(C)nc3c(c(-c4ccccc4)nn3-c3ccccc3)c12,3.2906,0.8304,4.823292977084138,1.0520401859467983,/scratch/jaggbow/mol_xtb_coordinates/chromo5651/geom.xtbopt.xyz,/scratch/jaggbow/mol_xtb_coordinates/chromo5651/mmff.xyz,/scratch/jaggbow/mol_xtb_coordinates/chromo5651/basic.xyz,0,,,,,,
1768,chromo0416,Cc1ccc(C=Cc2nc(-c3ccc(C)cc3)[nH]c2C=Cc2ccc(C)cc2)cc1,2.9885,1.2674,2.7965920571248537,0.8673058024011313,/scratch/jaggbow/mol_xtb_coordinates/chromo0416/geom.xtbopt.xyz,/scratch/jaggbow/mol_xtb_coordinates/chromo0416/mmff.xyz,/scratch/jaggbow/mol_xtb_coordinates/chromo0416/basic.xyz,1,,,,,,
1769,chromo6284,Cc1ccc(-c2cnc3ccc4ccccc4n23)cc1,3.6632,1.0858999999999996,4.285903770210404,0.8482118907316076,/scratch/jaggbow/mol_xtb_coordinates/chromo6284/geom.xtbopt.xyz,/scratch/jaggbow/mol_xtb_coordinates/chromo6284/mmff.xyz,/scratch/jaggbow/mol_xtb_coordinates/chromo6284/basic.xyz,0,,,,,,
1770,chromo5689,CC1(C)c2ccccc2-n2c(-c3ccc(N4c5ccccc5Oc5ccccc54)cc3)nc3cccc1c32,2.6019,0.0129999999999999,2.1400644187198385,0.13248890894894888,/scratch/jaggbow/mol_xtb_coordinates/chromo5689/geom.xtbopt.xyz,/scratch/jaggbow/mol_xtb_coordinates/chromo5689/mmff.xyz,/scratch/jaggbow/mol_xtb_coordinates/chromo5689/basic.xyz,0,,,,,,
1771,chromo3478,CCOC(=O)c1c(-c2cc3ccc(OCC=C(C)C)cc3oc2=O)nn(-c2cccc(Cl)c2)c1C(=O)OCC,3.7544,1.2107,4.243071222966426,1.0166363555823403,/scratch/jaggbow/mol_xtb_coordinates/chromo3478/geom.xtbopt.xyz,/scratch/jaggbow/mol_xtb_coordinates/chromo3478/mmff.xyz,/scratch/jaggbow/mol_xtb_coordinates/chromo3478/basic.xyz,1,,,,,,
1772,chromo3286,COc1ccc2n1[B-](F)(F)[N+]1=C(SC#N)C=CC1=C2c1ccccc1,2.8951,1.3851999999999998,3.9642528808202693,1.8122137368497833,/scratch/jaggbow/mol_xtb_coordinates/chromo3286/geom.xtbopt.xyz,/scratch/jaggbow/mol_xtb_coordinates/chromo3286/mmff.xyz,/scratch/jaggbow/mol_xtb_coordinates/chromo3286/basic.xyz,1,,,,,,
1773,chromo2607,C(#Cc1cccc(C#Cc2ccc(-n3c4ccccc4c4ccccc43)cc2)c1)c1ccc(-n2c3ccccc3c3ccccc32)cc1,3.2483,0.8229000000000002,5.08579875815732,0.7540717508897259,/scratch/jaggbow/mol_xtb_coordinates/chromo2607/geom.xtbopt.xyz,/scratch/jaggbow/mol_xtb_coordinates/chromo2607/mmff.xyz,/scratch/jaggbow/mol_xtb_coordinates/chromo2607/basic.xyz,1,,,,,,
1774,chromo3357,Cc1ccc(C)n1-c1ccc(C#N)cc1,3.1153,0.1852999999999998,6.3846357387485995,0.8532251570287985,/scratch/jaggbow/mol_xtb_coordinates/chromo3357/geom.xtbopt.xyz,/scratch/jaggbow/mol_xtb_coordinates/chromo3357/mmff.xyz,/scratch/jaggbow/mol_xtb_coordinates/chromo3357/basic.xyz,0,,,,,,
1775,chromo1169,Oc1ccccc1-c1nc2c3cccnc3c3ncccc3c2n1-c1ccccc1,3.5288,0.8096000000000001,3.5021548802873204,0.35514738256699296,/scratch/jaggbow/mol_xtb_coordinates/chromo1169/geom.xtbopt.xyz,/scratch/jaggbow/mol_xtb_coordinates/chromo1169/mmff.xyz,/scratch/jaggbow/mol_xtb_coordinates/chromo1169/basic.xyz,0,,,,,,
1776,chromo1368,CC(=O)O[B-]1(OC(C)=O)OC(C=Cc2ccc(C)cc2)=CC(C=Cc2ccc(C)cc2)=[O+]1,2.9438,1.0357,4.968315811700611,1.3756931584276861,/scratch/jaggbow/mol_xtb_coordinates/chromo1368/geom.xtbopt.xyz,/scratch/jaggbow/mol_xtb_coordinates/chromo1368/mmff.xyz,/scratch/jaggbow/mol_xtb_coordinates/chromo1368/basic.xyz,0,,,,,,
1777,chromo4109,CC(C)CCCCN1CCc2c1ccc1c3c(ccc21)CCCC3=O,2.6616,0.7156,3.1507942535215463,0.6990820052756545,/scratch/jaggbow/mol_xtb_coordinates/chromo4109/geom.xtbopt.xyz,/scratch/jaggbow/mol_xtb_coordinates/chromo4109/mmff.xyz,/scratch/jaggbow/mol_xtb_coordinates/chromo4109/basic.xyz,0,,,,,,
1778,chromo6074,O=c1oc2ccccc2c2c1c(=O)oc1cc(O)cc(O)c12,3.1941,0.8622000000000001,4.949139963117039,1.121951805887577,/scratch/jaggbow/mol_xtb_coordinates/chromo6074/geom.xtbopt.xyz,/scratch/jaggbow/mol_xtb_coordinates/chromo6074/mmff.xyz,/scratch/jaggbow/mol_xtb_coordinates/chromo6074/basic.xyz,0,,,,,,
1779,chromo0323,CCOC(=O)N=c1oc2cc(OC)ccc2cc1C#N,3.4093,1.1673,4.476109357747135,1.1644425817395516,/scratch/jaggbow/mol_xtb_coordinates/chromo0323/geom.xtbopt.xyz,/scratch/jaggbow/mol_xtb_coordinates/chromo0323/mmff.xyz,/scratch/jaggbow/mol_xtb_coordinates/chromo0323/basic.xyz,1,,,,,,
1780,chromo1144,O=C1C2=C(O[B-](F)(F)[n+]3c2ccc2ccccc23)c2ccc(N3CCOCC3)c3cccc1c23,2.8718,0.8744999999999998,2.5189911951937,0.6860166494537245,/scratch/jaggbow/mol_xtb_coordinates/chromo1144/geom.xtbopt.xyz,/scratch/jaggbow/mol_xtb_coordinates/chromo1144/mmff.xyz,/scratch/jaggbow/mol_xtb_coordinates/chromo1144/basic.xyz,0,,,,,,
1781,chromo2884,CCCCn1c2ccc(-c3ccccc3)cc2c2ccc3c4cc(-c5ccccc5)ccc4n(CCCC)c3c21,3.5216,0.6408,2.5790660090771755,0.21313122705793103,/scratch/jaggbow/mol_xtb_coordinates/chromo2884/geom.xtbopt.xyz,/scratch/jaggbow/mol_xtb_coordinates/chromo2884/mmff.xyz,/scratch/jaggbow/mol_xtb_coordinates/chromo2884/basic.xyz,0,,,,,,
1782,chromo4072,CN(C)c1ccc2cc(C3=[O+][B-](F)(F)OC(c4ccccc4)=C3)ccc2c1,2.7599,0.6574,2.5591424986214406,0.6495985407489421,/scratch/jaggbow/mol_xtb_coordinates/chromo4072/geom.xtbopt.xyz,/scratch/jaggbow/mol_xtb_coordinates/chromo4072/mmff.xyz,/scratch/jaggbow/mol_xtb_coordinates/chromo4072/basic.xyz,1,,,,,,
1783,chromo2439,COC(=O)c1cc(=O)n(C)c2cc(-c3ccc(N(C)C)cc3)sc12,2.836,1.0078999999999998,4.476424005369215,1.3299374582283123,/scratch/jaggbow/mol_xtb_coordinates/chromo2439/geom.xtbopt.xyz,/scratch/jaggbow/mol_xtb_coordinates/chromo2439/mmff.xyz,/scratch/jaggbow/mol_xtb_coordinates/chromo2439/basic.xyz,1,,,,,,
1784,chromo4715,N#CC(C#N)=Cc1ccc(-c2ccc(-c3nc4ccccc4s3)c(O)c2)o1,2.7152,1.0396,3.298209844998963,1.0521921154385816,/scratch/jaggbow/mol_xtb_coordinates/chromo4715/geom.xtbopt.xyz,/scratch/jaggbow/mol_xtb_coordinates/chromo4715/mmff.xyz,/scratch/jaggbow/mol_xtb_coordinates/chromo4715/basic.xyz,1,,,,,,
1785,chromo2855,COc1ccc(-c2ccc(C=Cc3ccncn3)cc2)cc1,3.3443,1.1545999999999998,3.671085960950827,0.9089742627667681,/scratch/jaggbow/mol_xtb_coordinates/chromo2855/geom.xtbopt.xyz,/scratch/jaggbow/mol_xtb_coordinates/chromo2855/mmff.xyz,/scratch/jaggbow/mol_xtb_coordinates/chromo2855/basic.xyz,1,,,,,,
1786,chromo2693,COc1cc2c(cc1-c1ccccc1)Cc1c3c(c4c(c1-2)-c1cc(OC)c(-c2ccccc2)cc1C4)C(=O)N(CCC(C)C)C3=O,2.8338,0.6680000000000001,2.0379036339001098,0.15715629655177688,/scratch/jaggbow/mol_xtb_coordinates/chromo2693/geom.xtbopt.xyz,/scratch/jaggbow/mol_xtb_coordinates/chromo2693/mmff.xyz,/scratch/jaggbow/mol_xtb_coordinates/chromo2693/basic.xyz,0,,,,,,
1787,chromo4554,c1ccc(N(c2ccccc2)c2ccc(-n3ccc4cc(-c5cccc6c5-c5ccccc5C6(c5ccccc5)c5ccccc5)ccc43)cc2)cc1,3.7724,0.7975000000000003,4.277402958530623,0.6111222778435645,/scratch/jaggbow/mol_xtb_coordinates/chromo4554/geom.xtbopt.xyz,/scratch/jaggbow/mol_xtb_coordinates/chromo4554/mmff.xyz,/scratch/jaggbow/mol_xtb_coordinates/chromo4554/basic.xyz,0,,,,,,
1788,chromo0273,CCCCn1c(-c2ccc(-c3nnc(-c4ccc(-c5nc6ccccc6n5CCCC)cc4)o3)cc2)nc2ccccc21,3.3239,0.7841,2.8216734476645966,0.2707791619213718,/scratch/jaggbow/mol_xtb_coordinates/chromo0273/geom.xtbopt.xyz,/scratch/jaggbow/mol_xtb_coordinates/chromo0273/mmff.xyz,/scratch/jaggbow/mol_xtb_coordinates/chromo0273/basic.xyz,0,,,,,,
1789,chromo2508,CN(C)c1ccc(C#Cc2nc(-c3ccccc3)nc3ccccc23)cc1,3.0727,0.8846000000000003,3.0313166786574888,0.3230278882062879,/scratch/jaggbow/mol_xtb_coordinates/chromo2508/geom.xtbopt.xyz,/scratch/jaggbow/mol_xtb_coordinates/chromo2508/mmff.xyz,/scratch/jaggbow/mol_xtb_coordinates/chromo2508/basic.xyz,0,,,,,,
1790,chromo2608,CC(C)(C)c1ccc2c(c1)c1cc(C(C)(C)C)ccc1n2-c1ccc(C#Cc2cccc(C#Cc3ccc(-n4c5ccc(C(C)(C)C)cc5c5cc(C(C)(C)C)ccc54)cc3)c2)cc1,3.1658,0.7458999999999998,4.158790459187926,0.5089618079192756,/scratch/jaggbow/mol_xtb_coordinates/chromo2608/geom.xtbopt.xyz,/scratch/jaggbow/mol_xtb_coordinates/chromo2608/mmff.xyz,/scratch/jaggbow/mol_xtb_coordinates/chromo2608/basic.xyz,1,,,,,,
1791,chromo4934,Cc1cc(C)c(B(c2ccc(N3c4ccccc4Oc4ccccc43)cc2)c2c(C)cc(C)cc2C)c(C)c1,2.194,0.0120999999999997,3.7691518818261964,0.39712553835616105,/scratch/jaggbow/mol_xtb_coordinates/chromo4934/geom.xtbopt.xyz,/scratch/jaggbow/mol_xtb_coordinates/chromo4934/mmff.xyz,/scratch/jaggbow/mol_xtb_coordinates/chromo4934/basic.xyz,0,,,,,,
1792,chromo2529,CCN(CC)c1ccc2n1[B-](F)(F)[N+]1=CC(C=CC(=O)OC(C)(C)C)=CC1=C2c1c(C)cc(C)cc1C,2.7229,1.3010000000000002,3.8196840246593866,1.6353851614989314,/scratch/jaggbow/mol_xtb_coordinates/chromo2529/geom.xtbopt.xyz,/scratch/jaggbow/mol_xtb_coordinates/chromo2529/mmff.xyz,/scratch/jaggbow/mol_xtb_coordinates/chromo2529/basic.xyz,1,,,,,,
1793,chromo2429,COc1ccc(-c2cc3c(ccc(=O)n3C)s2)cc1,3.4028,1.2304,2.7686279398309104,0.7985459500865979,/scratch/jaggbow/mol_xtb_coordinates/chromo2429/geom.xtbopt.xyz,/scratch/jaggbow/mol_xtb_coordinates/chromo2429/mmff.xyz,/scratch/jaggbow/mol_xtb_coordinates/chromo2429/basic.xyz,1,,,,,,
1794,chromo4175,Nc1nc2ccc([N+](=O)[O-])cc2s1,3.7777,0.9491,3.5790908175757448,0.7600014744703157,/scratch/jaggbow/mol_xtb_coordinates/chromo4175/geom.xtbopt.xyz,/scratch/jaggbow/mol_xtb_coordinates/chromo4175/mmff.xyz,/scratch/jaggbow/mol_xtb_coordinates/chromo4175/basic.xyz,1,,,,,,
1795,chromo0300,Cc1cccc(C)c1C=Cc1nc(N2CCOCC2)c2c([n+]1[O-])CCCC2,3.0531,1.2087,2.1129761568076084,0.587331105817726,/scratch/jaggbow/mol_xtb_coordinates/chromo0300/geom.xtbopt.xyz,/scratch/jaggbow/mol_xtb_coordinates/chromo0300/mmff.xyz,/scratch/jaggbow/mol_xtb_coordinates/chromo0300/basic.xyz,0,,,,,,
1796,chromo4760,N#CC(=Cc1ccc(C=Cc2ccc(N(c3ccccc3)c3ccccc3)cc2)s1)C(=O)O,2.2413,0.8542999999999998,2.1680115398097177,0.7731104052824382,/scratch/jaggbow/mol_xtb_coordinates/chromo4760/geom.xtbopt.xyz,/scratch/jaggbow/mol_xtb_coordinates/chromo4760/mmff.xyz,/scratch/jaggbow/mol_xtb_coordinates/chromo4760/basic.xyz,0,,,,,,
1797,chromo0322,CCOC(=O)N=c1oc2cc(N(CC)CC)ccc2cc1C#N,3.3113,1.1776,4.1516809972188335,1.220905934620387,/scratch/jaggbow/mol_xtb_coordinates/chromo0322/geom.xtbopt.xyz,/scratch/jaggbow/mol_xtb_coordinates/chromo0322/mmff.xyz,/scratch/jaggbow/mol_xtb_coordinates/chromo0322/basic.xyz,1,,,,,,
1798,chromo0433,Cc1cc(O)c(C(=O)C=Cc2ccc(Cl)cc2Cl)c(=O)o1,3.4401,1.1580000000000004,3.27706367974502,0.6561125734256396,/scratch/jaggbow/mol_xtb_coordinates/chromo0433/geom.xtbopt.xyz,/scratch/jaggbow/mol_xtb_coordinates/chromo0433/mmff.xyz,/scratch/jaggbow/mol_xtb_coordinates/chromo0433/basic.xyz,0,,,,,,
1799,chromo0493,CC(=O)Nc1ccc(S(=O)(=O)O)c(N=Nc2c(O)c3ccccc3n(C)c2=O)c1,2.7442,0.7821000000000002,1.4988385946026732,-0.0391717168171077,/scratch/jaggbow/mol_xtb_coordinates/chromo0493/geom.xtbopt.xyz,/scratch/jaggbow/mol_xtb_coordinates/chromo0493/mmff.xyz,/scratch/jaggbow/mol_xtb_coordinates/chromo0493/basic.xyz,0,,,,,,
1800,chromo0117,O=Cc1ccc(N(c2ccc(C=O)cc2)c2ccc(-c3ccc4c(c3)C(=O)c3ccccc3C4=O)cc2)cc1,2.4618,0.2029,4.021797634729215,0.46767797305411607,/scratch/jaggbow/mol_xtb_coordinates/chromo0117/geom.xtbopt.xyz,/scratch/jaggbow/mol_xtb_coordinates/chromo0117/mmff.xyz,/scratch/jaggbow/mol_xtb_coordinates/chromo0117/basic.xyz,0,,,,,,
1801,chromo0679,Cc1cn2cc(-c3ccc(C#N)cc3)[n-][n+]2c1,3.0971,0.5636000000000001,2.5577176398038763,0.3763299855569826,/scratch/jaggbow/mol_xtb_coordinates/chromo0679/geom.xtbopt.xyz,/scratch/jaggbow/mol_xtb_coordinates/chromo0679/mmff.xyz,/scratch/jaggbow/mol_xtb_coordinates/chromo0679/basic.xyz,0,,,,,,
1802,chromo1670,CC1=C(c2ccc(N(C)C)cc2)C(C)=[N+]2C1=C(c1c(-c3ccccn3)nc3ccccn13)c1c(C)cc(C)n1[B-]2(F)F,2.1242,0.7618,1.6792245303779998,0.9616885204415643,/scratch/jaggbow/mol_xtb_coordinates/chromo1670/geom.xtbopt.xyz,/scratch/jaggbow/mol_xtb_coordinates/chromo1670/mmff.xyz,/scratch/jaggbow/mol_xtb_coordinates/chromo1670/basic.xyz,1,,,,,,
1803,chromo2364,CN(C)c1ccc(C2=Nc3sc4ccccc4[n+]3[B-](F)(F)O2)cc1,3.322,0.8248000000000002,4.767925829574608,1.1442301920561753,/scratch/jaggbow/mol_xtb_coordinates/chromo2364/geom.xtbopt.xyz,/scratch/jaggbow/mol_xtb_coordinates/chromo2364/mmff.xyz,/scratch/jaggbow/mol_xtb_coordinates/chromo2364/basic.xyz,0,,,,,,
1804,chromo2286,c1ccc(N(c2ccccc2)c2ccc3ccc4c(N(c5ccccc5)c5ccccc5)ccc5ccc2c3c54)cc1,2.7264,0.8549,1.4865807591005193,0.24469144238694746,/scratch/jaggbow/mol_xtb_coordinates/chromo2286/geom.xtbopt.xyz,/scratch/jaggbow/mol_xtb_coordinates/chromo2286/mmff.xyz,/scratch/jaggbow/mol_xtb_coordinates/chromo2286/basic.xyz,1,,,,,,
1805,chromo2551,CC(C)(C)c1ccc(C2=C(Br)C3=C(c4ccccc4)c4c(Br)c(-c5ccc(C(C)(C)C)cc5)c(-c5ccc(C(C)(C)C)cc5)n4[B-](F)(F)[N+]3=C2c2ccc(C(C)(C)C)cc2)cc1,2.3404,0.9467,3.7598347456159633,1.3242579218083612,/scratch/jaggbow/mol_xtb_coordinates/chromo2551/geom.xtbopt.xyz,/scratch/jaggbow/mol_xtb_coordinates/chromo2551/mmff.xyz,/scratch/jaggbow/mol_xtb_coordinates/chromo2551/basic.xyz,1,,,,,,
1806,chromo0794,C1#Cc2ccccc2OCc2ccccc2COc2ccccc21,3.9518,1.2970000000000002,4.781674041589184,0.8516665303832999,/scratch/jaggbow/mol_xtb_coordinates/chromo0794/geom.xtbopt.xyz,/scratch/jaggbow/mol_xtb_coordinates/chromo0794/mmff.xyz,/scratch/jaggbow/mol_xtb_coordinates/chromo0794/basic.xyz,0,,,,,,
1807,chromo3161,COc1cc(C=Cc2nc3ccccc3s2)c(OC)cc1C=Cc1nc(C)nc(C)n1,2.73,1.0903,2.5949782816489906,0.6901549627639879,/scratch/jaggbow/mol_xtb_coordinates/chromo3161/geom.xtbopt.xyz,/scratch/jaggbow/mol_xtb_coordinates/chromo3161/mmff.xyz,/scratch/jaggbow/mol_xtb_coordinates/chromo3161/basic.xyz,1,,,,,,
1808,chromo4100,CCCCc1ccc(C#Cc2ccc3nc4ccc(C#Cc5ccc(CCCC)cc5)cn4c(=O)c3c2)cc1,2.9245,0.9446,4.073723571119551,1.0393076299437327,/scratch/jaggbow/mol_xtb_coordinates/chromo4100/geom.xtbopt.xyz,/scratch/jaggbow/mol_xtb_coordinates/chromo4100/mmff.xyz,/scratch/jaggbow/mol_xtb_coordinates/chromo4100/basic.xyz,0,,,,,,
1809,chromo4632,CC(C)(C)c1ccc(-c2cc(-c3ccc(-c4cc(-c5ccc(C(C)(C)C)cc5)c(C(=O)NC5CCCCC5)s4)s3)sc2C(=O)NC2CCCCC2)cc1,2.9555,1.1565,4.130691229895948,1.1626838540151523,/scratch/jaggbow/mol_xtb_coordinates/chromo4632/geom.xtbopt.xyz,/scratch/jaggbow/mol_xtb_coordinates/chromo4632/mmff.xyz,/scratch/jaggbow/mol_xtb_coordinates/chromo4632/basic.xyz,1,,,,,,
1810,chromo3724,CCn1c2ccccc2c2cc(-c3cc(-c4ccc5c(c4)c4ccccc4n5CC)nc(N4CCCCC4)n3)ccc21,3.5127,0.6041000000000003,4.247559783522578,0.6627327925534306,/scratch/jaggbow/mol_xtb_coordinates/chromo3724/geom.xtbopt.xyz,/scratch/jaggbow/mol_xtb_coordinates/chromo3724/mmff.xyz,/scratch/jaggbow/mol_xtb_coordinates/chromo3724/basic.xyz,1,,,,,,
1811,chromo0310,[O-][n+]1c(C=CC=Cc2ccccc2)nc(N2CCOCC2)c2c1CCCC2,2.816,1.3186999999999998,3.8549028438611046,1.170614568801551,/scratch/jaggbow/mol_xtb_coordinates/chromo0310/geom.xtbopt.xyz,/scratch/jaggbow/mol_xtb_coordinates/chromo0310/mmff.xyz,/scratch/jaggbow/mol_xtb_coordinates/chromo0310/basic.xyz,0,,,,,,
1812,chromo3209,Nc1cccc2c1C(=O)c1ccccc1C2=O,2.75,0.8141,2.3004539103192054,0.8443856727485792,/scratch/jaggbow/mol_xtb_coordinates/chromo3209/geom.xtbopt.xyz,/scratch/jaggbow/mol_xtb_coordinates/chromo3209/mmff.xyz,/scratch/jaggbow/mol_xtb_coordinates/chromo3209/basic.xyz,0,,,,,,
1813,chromo4671,CCOC(=O)C(C#N)=C(C=Cc1ccc(N(c2ccccc2)c2ccc(C=CC(=C(C#N)C(=O)OCC)c3ccccc3)cc2)cc1)c1ccccc1,2.3609,0.7430000000000001,1.920924105557388,0.42102454006774315,/scratch/jaggbow/mol_xtb_coordinates/chromo4671/geom.xtbopt.xyz,/scratch/jaggbow/mol_xtb_coordinates/chromo4671/mmff.xyz,/scratch/jaggbow/mol_xtb_coordinates/chromo4671/basic.xyz,1,,,,,,
1814,chromo2970,COc1cc2c(cc1C=C(C#N)C#N)c1ccccc1n2C,3.1372,0.9872,3.1005584502869743,0.6468293335340936,/scratch/jaggbow/mol_xtb_coordinates/chromo2970/geom.xtbopt.xyz,/scratch/jaggbow/mol_xtb_coordinates/chromo2970/mmff.xyz,/scratch/jaggbow/mol_xtb_coordinates/chromo2970/basic.xyz,1,,,,,,
1815,chromo4816,c1ccc(N2N=C(c3cccc4ccccc34)CC2c2ccc3ccc4cccc5ccc2c3c45)cc1,2.6967,0.7096999999999998,4.70909612846539,1.0149427223104641,/scratch/jaggbow/mol_xtb_coordinates/chromo4816/geom.xtbopt.xyz,/scratch/jaggbow/mol_xtb_coordinates/chromo4816/mmff.xyz,/scratch/jaggbow/mol_xtb_coordinates/chromo4816/basic.xyz,1,,,,,,
1816,chromo0938,COC(=O)C(Cc1ccc2oc(-c3ccc(N(C)C)cc3)nc2c1)NC(=O)OC(C)(C)C,3.8391,1.1374,3.8712313038527326,0.8974144289663419,/scratch/jaggbow/mol_xtb_coordinates/chromo0938/geom.xtbopt.xyz,/scratch/jaggbow/mol_xtb_coordinates/chromo0938/mmff.xyz,/scratch/jaggbow/mol_xtb_coordinates/chromo0938/basic.xyz,0,,,,,,
1817,chromo4821,F[B-]1(F)N2C=CN=CC2=[N+]2[N+]1=Cc1c(-c3ccccc3)cc(-c3ccccc3)n1[B-]2(F)F,2.7751,0.8765000000000001,3.4068975354263293,1.1094228238472046,/scratch/jaggbow/mol_xtb_coordinates/chromo4821/geom.xtbopt.xyz,/scratch/jaggbow/mol_xtb_coordinates/chromo4821/mmff.xyz,/scratch/jaggbow/mol_xtb_coordinates/chromo4821/basic.xyz,0,,,,,,
1818,chromo4363,O=S(=O)(c1ccccc1)c1ccc(-c2ccc3c(c2)c2cc(-c4ccc(S(=O)(=O)c5ccccc5)cc4)ccc2n3-c2ccccc2)cc1,3.635,0.6952999999999996,2.4965693594623817,0.093237250923484,/scratch/jaggbow/mol_xtb_coordinates/chromo4363/geom.xtbopt.xyz,/scratch/jaggbow/mol_xtb_coordinates/chromo4363/mmff.xyz,/scratch/jaggbow/mol_xtb_coordinates/chromo4363/basic.xyz,1,,,,,,
1819,chromo4905,c1ccc2c(-c3c4ccccc4c(-c4ccc(-n5c6ccccc6c6ccccc65)cc4)c4ccccc34)cccc2c1,3.1316,1.3986,2.4327059558953246,0.7782402997465402,/scratch/jaggbow/mol_xtb_coordinates/chromo4905/geom.xtbopt.xyz,/scratch/jaggbow/mol_xtb_coordinates/chromo4905/mmff.xyz,/scratch/jaggbow/mol_xtb_coordinates/chromo4905/basic.xyz,1,,,,,,
1820,chromo2016,CC(C)(C)c1ccc2c(c1)c1cc(C(C)(C)C)ccc1n2-c1cc(N2c3ccccc3C(c3ccccc3)(c3ccccc3)c3ccccc32)cc(-n2c3ccc(C(C)(C)C)cc3c3cc(C(C)(C)C)ccc32)c1C#N,2.8678,0.1924000000000001,5.1599875264721184,0.6593589868361471,/scratch/jaggbow/mol_xtb_coordinates/chromo2016/geom.xtbopt.xyz,/scratch/jaggbow/mol_xtb_coordinates/chromo2016/mmff.xyz,/scratch/jaggbow/mol_xtb_coordinates/chromo2016/basic.xyz,1,,,,,,
1821,chromo3484,CCOC(=O)c1c(-c2cc3cc4c(cc3oc2=O)OC(C)(C)CC4)nn(-c2cccc(Cl)c2)c1C(=O)OCC,3.7186,1.1947,2.36649816733536,0.5398509289762139,/scratch/jaggbow/mol_xtb_coordinates/chromo3484/geom.xtbopt.xyz,/scratch/jaggbow/mol_xtb_coordinates/chromo3484/mmff.xyz,/scratch/jaggbow/mol_xtb_coordinates/chromo3484/basic.xyz,0,,,,,,
1822,chromo0312,[O-][n+]1c(C=Cc2cc3cccc4c5cccc6cccc(c(c2)c34)c65)nc(N2CCOCC2)c2c1CCCC2,2.6398,1.2214,3.6390549581098375,1.0190604622421942,/scratch/jaggbow/mol_xtb_coordinates/chromo0312/geom.xtbopt.xyz,/scratch/jaggbow/mol_xtb_coordinates/chromo0312/mmff.xyz,/scratch/jaggbow/mol_xtb_coordinates/chromo0312/basic.xyz,0,,,,,,
1823,chromo3820,CCCCn1c2ccccc2c2ccc(C#Cc3ccc4ccc5cccc6ccc3c4c56)cc21,2.9509,1.1351999999999998,3.5433181548509323,0.9883176733527202,/scratch/jaggbow/mol_xtb_coordinates/chromo3820/geom.xtbopt.xyz,/scratch/jaggbow/mol_xtb_coordinates/chromo3820/mmff.xyz,/scratch/jaggbow/mol_xtb_coordinates/chromo3820/basic.xyz,1,,,,,,
1824,chromo0304,COc1cc(C=Cc2nc(N3CCOCC3)c3c([n+]2[O-])CCCC3)cc(OC)c1OC,2.9833,1.2372,3.841859738541381,1.0930752223890383,/scratch/jaggbow/mol_xtb_coordinates/chromo0304/geom.xtbopt.xyz,/scratch/jaggbow/mol_xtb_coordinates/chromo0304/mmff.xyz,/scratch/jaggbow/mol_xtb_coordinates/chromo0304/basic.xyz,0,,,,,,
1825,chromo2149,N#Cc1ccc(-n2c(-c3ccc(-c4ccc(N(c5ccccc5)c5ccccc5)cc4)s3)nc3c4ccccc4c4ccccc4c32)c2ccccc12,2.0699,0.0211999999999998,5.24959469202069,1.0924425219485603,/scratch/jaggbow/mol_xtb_coordinates/chromo2149/geom.xtbopt.xyz,/scratch/jaggbow/mol_xtb_coordinates/chromo2149/mmff.xyz,/scratch/jaggbow/mol_xtb_coordinates/chromo2149/basic.xyz,1,,,,,,
1826,chromo3732,CCn1c2ccccc2c2cc(C#Cc3cc(C#Cc4ccc5c(c4)c4ccccc4n5CC)nc(OC)n3)ccc21,3.1822,0.6122000000000001,3.1757121209539014,0.30257531713577585,/scratch/jaggbow/mol_xtb_coordinates/chromo3732/geom.xtbopt.xyz,/scratch/jaggbow/mol_xtb_coordinates/chromo3732/mmff.xyz,/scratch/jaggbow/mol_xtb_coordinates/chromo3732/basic.xyz,1,,,,,,
1827,chromo2310,Cc1ccccc1-c1c2cccc3c(-c4ccc(C(C)(C)C)cc4)cc4c(-c5ccccc5C)c5cccc6c(-c7ccc(C(C)(C)C)cc7)cc1c(c65)c4c32,2.706,1.3892,1.9058932723565682,0.8088767220878101,/scratch/jaggbow/mol_xtb_coordinates/chromo2310/geom.xtbopt.xyz,/scratch/jaggbow/mol_xtb_coordinates/chromo2310/mmff.xyz,/scratch/jaggbow/mol_xtb_coordinates/chromo2310/basic.xyz,0,,,,,,
1828,chromo2431,COc1ccc(-c2cc3c(s2)c(-c2ccccc2)cc(=O)n3C)cc1,3.3323,1.1736,2.018743578054599,0.5665460812550489,/scratch/jaggbow/mol_xtb_coordinates/chromo2431/geom.xtbopt.xyz,/scratch/jaggbow/mol_xtb_coordinates/chromo2431/mmff.xyz,/scratch/jaggbow/mol_xtb_coordinates/chromo2431/basic.xyz,1,,,,,,
1829,chromo0121,COc1ccc(N(c2ccc(OC)cc2)c2ccc(-c3ccc4c(c3)C(=O)c3ccccc3C4=O)cc2)cc1,1.9122,0.1738999999999999,1.6078986982882615,0.00905123759497617,/scratch/jaggbow/mol_xtb_coordinates/chromo0121/geom.xtbopt.xyz,/scratch/jaggbow/mol_xtb_coordinates/chromo0121/mmff.xyz,/scratch/jaggbow/mol_xtb_coordinates/chromo0121/basic.xyz,0,,,,,,
1830,chromo6224,CCCCN(CCCC)c1ccc(C#Cc2cc(C#Cc3c(F)c(F)c(F)c(F)c3F)c(C#Cc3ccc(N(CCCC)CCCC)cc3)cc2C#Cc2c(F)c(F)c(F)c(F)c2F)cc1,2.1833,0.4774,4.180857969246495,0.6768507083327283,/scratch/jaggbow/mol_xtb_coordinates/chromo6224/geom.xtbopt.xyz,/scratch/jaggbow/mol_xtb_coordinates/chromo6224/mmff.xyz,/scratch/jaggbow/mol_xtb_coordinates/chromo6224/basic.xyz,1,,,,,,
1831,chromo4499,c1ccc(-c2cc(-c3ccc(N(c4ccccc4)c4ccccc4)cc3)cc(-c3ccccc3)n2)cc1,3.3879,0.6398999999999999,6.574613238296211,1.157572791674882,/scratch/jaggbow/mol_xtb_coordinates/chromo4499/geom.xtbopt.xyz,/scratch/jaggbow/mol_xtb_coordinates/chromo4499/mmff.xyz,/scratch/jaggbow/mol_xtb_coordinates/chromo4499/basic.xyz,1,,,,,,
1832,chromo6182,C1=C(c2ccccc2)SC23C1=C(c1ccccc1)C(c1ccccc12)c1ccccc13,3.0944,1.3430999999999995,2.775167163638428,0.907708337490021,/scratch/jaggbow/mol_xtb_coordinates/chromo6182/geom.xtbopt.xyz,/scratch/jaggbow/mol_xtb_coordinates/chromo6182/mmff.xyz,/scratch/jaggbow/mol_xtb_coordinates/chromo6182/basic.xyz,0,,,,,,
1833,chromo1113,F[B-]1(F)n2c(-c3cccs3)cc(-c3cccs3)c2N=C2C(c3cccs3)=CC(c3cccs3)=[N+]21,1.9457,1.2399,1.837257653311905,1.0992430591776965,/scratch/jaggbow/mol_xtb_coordinates/chromo1113/geom.xtbopt.xyz,/scratch/jaggbow/mol_xtb_coordinates/chromo1113/mmff.xyz,/scratch/jaggbow/mol_xtb_coordinates/chromo1113/basic.xyz,0,,,,,,
1834,chromo0318,COc1ccc2cc(C#N)c(=N)oc2c1,3.6012,1.338,4.838961235211979,1.266453015065062,/scratch/jaggbow/mol_xtb_coordinates/chromo0318/geom.xtbopt.xyz,/scratch/jaggbow/mol_xtb_coordinates/chromo0318/mmff.xyz,/scratch/jaggbow/mol_xtb_coordinates/chromo0318/basic.xyz,1,,,,,,
1835,chromo3735,CCn1c2ccccc2c2cc(C#Cc3cc(C#Cc4ccc5c(c4)c4ccccc4n5CC)nc(C#N)n3)ccc21,3.0046,0.5623,3.6194048682053297,0.42443699076173214,/scratch/jaggbow/mol_xtb_coordinates/chromo3735/geom.xtbopt.xyz,/scratch/jaggbow/mol_xtb_coordinates/chromo3735/mmff.xyz,/scratch/jaggbow/mol_xtb_coordinates/chromo3735/basic.xyz,1,,,,,,
1836,chromo0023,CCC(=O)c1ccc2cc(N(C)C)ccc2c1,3.5523,1.101,2.222607596095493,0.48874984026763374,/scratch/jaggbow/mol_xtb_coordinates/chromo0023/geom.xtbopt.xyz,/scratch/jaggbow/mol_xtb_coordinates/chromo0023/mmff.xyz,/scratch/jaggbow/mol_xtb_coordinates/chromo0023/basic.xyz,1,,,,,,
1837,chromo0680,N#Cc1ccc(-c2cn3cc(C#N)c[n+]3[n-]2)cc1,3.3676,0.6701999999999999,2.439458320967937,0.4287491638952669,/scratch/jaggbow/mol_xtb_coordinates/chromo0680/geom.xtbopt.xyz,/scratch/jaggbow/mol_xtb_coordinates/chromo0680/mmff.xyz,/scratch/jaggbow/mol_xtb_coordinates/chromo0680/basic.xyz,0,,,,,,
1838,chromo3078,CN(C)c1ccc(C#Cc2ccc3c(N(C)C)cc(-c4ccccc4)cc3c2)cc1,3.3365,1.0753,2.4403981879949015,0.45681690481462944,/scratch/jaggbow/mol_xtb_coordinates/chromo3078/geom.xtbopt.xyz,/scratch/jaggbow/mol_xtb_coordinates/chromo3078/mmff.xyz,/scratch/jaggbow/mol_xtb_coordinates/chromo3078/basic.xyz,1,,,,,,
1839,chromo2167,O=P(c1ccccc1)(c1ccccc1)n1c2ccccc2c2cc(-n3c4ccccc4c4ccccc43)ccc21,3.5882,0.4348000000000001,3.659166711262758,0.4687992682425327,/scratch/jaggbow/mol_xtb_coordinates/chromo2167/geom.xtbopt.xyz,/scratch/jaggbow/mol_xtb_coordinates/chromo2167/mmff.xyz,/scratch/jaggbow/mol_xtb_coordinates/chromo2167/basic.xyz,1,,,,,,
1840,chromo1219,O=c1c2cc(Cl)ccc2nc2n1[B-](F)(F)[n+]1ccccc1-2,3.0123,0.7611000000000003,2.2060288446342877,0.3354621701952827,/scratch/jaggbow/mol_xtb_coordinates/chromo1219/geom.xtbopt.xyz,/scratch/jaggbow/mol_xtb_coordinates/chromo1219/mmff.xyz,/scratch/jaggbow/mol_xtb_coordinates/chromo1219/basic.xyz,0,,,,,,
1841,chromo5414,O=c1c2ccccc2n(-c2ccc(-c3ccc(-n4c5ccccc5c5ccccc54)cc3)cc2)c2ccccc12,3.524,0.7303000000000002,3.678501349316434,0.9080052851172614,/scratch/jaggbow/mol_xtb_coordinates/chromo5414/geom.xtbopt.xyz,/scratch/jaggbow/mol_xtb_coordinates/chromo5414/mmff.xyz,/scratch/jaggbow/mol_xtb_coordinates/chromo5414/basic.xyz,0,,,,,,
1842,chromo4513,N#CC(=Cc1cn(-c2ccccc2)nc1-c1ccccc1)c1nc2ccccc2s1,3.1521,1.1128999999999998,1.872908938828625,0.4723991211286425,/scratch/jaggbow/mol_xtb_coordinates/chromo4513/geom.xtbopt.xyz,/scratch/jaggbow/mol_xtb_coordinates/chromo4513/mmff.xyz,/scratch/jaggbow/mol_xtb_coordinates/chromo4513/basic.xyz,1,,,,,,
1843,chromo5555,Cc1cc(C)c(C2=[N+]3C(=Cc4c(C)cc(C)n4[B-]3(F)F)c3ccccc32)[nH]1,2.4083,1.2387,2.169780466525882,1.1520869580836754,/scratch/jaggbow/mol_xtb_coordinates/chromo5555/geom.xtbopt.xyz,/scratch/jaggbow/mol_xtb_coordinates/chromo5555/mmff.xyz,/scratch/jaggbow/mol_xtb_coordinates/chromo5555/basic.xyz,0,,,,,,
1844,chromo4167,O=C1c2ccccc2-c2ccc(N3CCOCC3)c3cccc1c23,2.8956,0.9786,3.7159103695394444,0.8925800122530432,/scratch/jaggbow/mol_xtb_coordinates/chromo4167/geom.xtbopt.xyz,/scratch/jaggbow/mol_xtb_coordinates/chromo4167/mmff.xyz,/scratch/jaggbow/mol_xtb_coordinates/chromo4167/basic.xyz,0,,,,,,
1845,chromo3021,Cc1nc2cc(C=Cc3ccc(N(C)C)cc3)ccc2nc1-c1ccccc1,2.8129,0.859,3.1911358676856065,0.80875248808378,/scratch/jaggbow/mol_xtb_coordinates/chromo3021/geom.xtbopt.xyz,/scratch/jaggbow/mol_xtb_coordinates/chromo3021/mmff.xyz,/scratch/jaggbow/mol_xtb_coordinates/chromo3021/basic.xyz,0,,,,,,
1846,chromo5454,Fc1ccc(C2=C(c3ccc(F)cc3)c3cccc4c3c(cc3nc5ccccc5nc34)O2)cc1,2.6298,0.734,3.5355768139597403,0.832649457089667,/scratch/jaggbow/mol_xtb_coordinates/chromo5454/geom.xtbopt.xyz,/scratch/jaggbow/mol_xtb_coordinates/chromo5454/mmff.xyz,/scratch/jaggbow/mol_xtb_coordinates/chromo5454/basic.xyz,0,,,,,,
1847,chromo4892,CC1=CC(C)=[N+]2C1=C(c1ccc(-c3ccc(OS(=O)(=O)c4ccc([N+](=O)[O-])cc4[N+](=O)[O-])cc3)s1)c1c(C)cc(C)n1[B-]2(F)F,1.5949,0.1914,3.0701520383078202,1.4826607719188527,/scratch/jaggbow/mol_xtb_coordinates/chromo4892/geom.xtbopt.xyz,/scratch/jaggbow/mol_xtb_coordinates/chromo4892/mmff.xyz,/scratch/jaggbow/mol_xtb_coordinates/chromo4892/basic.xyz,1,,,,,,
1848,chromo4937,Cc1cc(C)c(B(c2c(C)cc(C)cc2C)c2c(C)cc(-n3c4ccccc4c4cc(N(c5ccccc5)c5ccccc5)ccc43)cc2C)c(C)c1,2.5351,0.068,3.1797645415543636,0.3619508152848923,/scratch/jaggbow/mol_xtb_coordinates/chromo4937/geom.xtbopt.xyz,/scratch/jaggbow/mol_xtb_coordinates/chromo4937/mmff.xyz,/scratch/jaggbow/mol_xtb_coordinates/chromo4937/basic.xyz,1,,,,,,
1849,chromo5557,Cc1c(C2=[N+]3C(=Cc4c(C)c5ccccc5n4[B-]3(F)F)c3ccccc32)[nH]c2ccccc12,2.1707,1.0707,3.9134319521428247,1.3266329404258275,/scratch/jaggbow/mol_xtb_coordinates/chromo5557/geom.xtbopt.xyz,/scratch/jaggbow/mol_xtb_coordinates/chromo5557/mmff.xyz,/scratch/jaggbow/mol_xtb_coordinates/chromo5557/basic.xyz,0,,,,,,
1850,chromo6630,CCCCc1cc2c3c(c1)-c1ccccc1B(c1c(C)cc(C)cc1C)N3B(c1c(C)cc(C)cc1C)c1ccccc1-2,3.3734,0.6041000000000003,3.7823204439934313,0.35098595216912865,/scratch/jaggbow/mol_xtb_coordinates/chromo6630/geom.xtbopt.xyz,/scratch/jaggbow/mol_xtb_coordinates/chromo6630/mmff.xyz,/scratch/jaggbow/mol_xtb_coordinates/chromo6630/basic.xyz,0,,,,,,
1851,chromo3545,COc1ccc(-c2cnc(C=Cc3ccc(C#N)cc3)o2)cc1OC,2.8187,1.0166000000000002,1.7661448381049483,0.5650412503644122,/scratch/jaggbow/mol_xtb_coordinates/chromo3545/geom.xtbopt.xyz,/scratch/jaggbow/mol_xtb_coordinates/chromo3545/mmff.xyz,/scratch/jaggbow/mol_xtb_coordinates/chromo3545/basic.xyz,1,,,,,,
1852,chromo4171,CCN1c2ccc(C=NNc3ccccn3)cc2Sc2cc(-c3ccc(OC)cc3)ccc21,3.1937,0.9563,2.312969390057654,0.30897059462338106,/scratch/jaggbow/mol_xtb_coordinates/chromo4171/geom.xtbopt.xyz,/scratch/jaggbow/mol_xtb_coordinates/chromo4171/mmff.xyz,/scratch/jaggbow/mol_xtb_coordinates/chromo4171/basic.xyz,0,,,,,,
1853,chromo4757,CN(C)c1ccc(C=Cc2ccc(-c3cc(-c4ccccn4)nc(-c4ccccn4)c3)cc2)cc1,3.0062,0.9554,4.13622612111074,1.0750005877769948,/scratch/jaggbow/mol_xtb_coordinates/chromo4757/geom.xtbopt.xyz,/scratch/jaggbow/mol_xtb_coordinates/chromo4757/mmff.xyz,/scratch/jaggbow/mol_xtb_coordinates/chromo4757/basic.xyz,1,,,,,,
1854,chromo4831,CC1(C)c2ccccc2N(c2ccc(-c3nc(-c4ccccn4)n(-c4ccccc4)n3)cc2)c2ccccc21,3.0855,0.0062999999999999,2.939227647267224,0.28509027358967254,/scratch/jaggbow/mol_xtb_coordinates/chromo4831/geom.xtbopt.xyz,/scratch/jaggbow/mol_xtb_coordinates/chromo4831/mmff.xyz,/scratch/jaggbow/mol_xtb_coordinates/chromo4831/basic.xyz,0,,,,,,
1855,chromo0775,COc1ccc(C=Cc2nc(C=Cc3ccc(N(C)C)cc3)cc(C=Cc3ccc(N(c4ccccc4)c4ccccc4)cc3)n2)cc1,2.8036,0.7334999999999998,4.136171309417668,0.8232217383718662,/scratch/jaggbow/mol_xtb_coordinates/chromo0775/geom.xtbopt.xyz,/scratch/jaggbow/mol_xtb_coordinates/chromo0775/mmff.xyz,/scratch/jaggbow/mol_xtb_coordinates/chromo0775/basic.xyz,1,,,,,,
1856,chromo3282,COC1=[N+]2C(=C(c3ccccc3)c3ccc(OC)n3[B-]2(F)F)C=C1,2.9987,1.492,4.089010029508078,1.9121422243606236,/scratch/jaggbow/mol_xtb_coordinates/chromo3282/geom.xtbopt.xyz,/scratch/jaggbow/mol_xtb_coordinates/chromo3282/mmff.xyz,/scratch/jaggbow/mol_xtb_coordinates/chromo3282/basic.xyz,1,,,,,,
1857,chromo4065,COc1cc(OC)cc(-c2nnc(-c3ccc(-c4nnc(-c5cc(OC)cc(OC)c5)o4)cc3)o2)c1,3.4644,0.9848,3.7472414933028086,0.6102214602215948,/scratch/jaggbow/mol_xtb_coordinates/chromo4065/geom.xtbopt.xyz,/scratch/jaggbow/mol_xtb_coordinates/chromo4065/mmff.xyz,/scratch/jaggbow/mol_xtb_coordinates/chromo4065/basic.xyz,1,,,,,,
1858,chromo2988,COc1cc(N(c2ccc(C=C(C#N)C#N)c(OC)c2)c2ccc(C=C(C#N)C#N)c(OC)c2)ccc1C=C(C#N)C#N,2.6968,0.7618,2.395112779386289,0.3604468813333932,/scratch/jaggbow/mol_xtb_coordinates/chromo2988/geom.xtbopt.xyz,/scratch/jaggbow/mol_xtb_coordinates/chromo2988/mmff.xyz,/scratch/jaggbow/mol_xtb_coordinates/chromo2988/basic.xyz,1,,,,,,
1859,chromo2227,O=S1c2ccccc2-c2cc(-c3c4ccccc4cc4ccccc34)ccc21,3.1807,1.4143,3.01668011705467,0.9871107408222051,/scratch/jaggbow/mol_xtb_coordinates/chromo2227/geom.xtbopt.xyz,/scratch/jaggbow/mol_xtb_coordinates/chromo2227/mmff.xyz,/scratch/jaggbow/mol_xtb_coordinates/chromo2227/basic.xyz,0,,,,,,
1860,chromo3542,C(=Cc1cccc2ccccc12)c1ncc(-c2ccccc2)o1,3.1969,1.2538999999999998,2.643929631752698,0.7417833423461018,/scratch/jaggbow/mol_xtb_coordinates/chromo3542/geom.xtbopt.xyz,/scratch/jaggbow/mol_xtb_coordinates/chromo3542/mmff.xyz,/scratch/jaggbow/mol_xtb_coordinates/chromo3542/basic.xyz,1,,,,,,
1861,chromo1461,CCCCCCCCOc1ccc2c3cccc4c(OCCCCCCCC)ccc(c5cccc1c52)c43,2.7784,1.246,2.033262713450472,0.7670540588381469,/scratch/jaggbow/mol_xtb_coordinates/chromo1461/geom.xtbopt.xyz,/scratch/jaggbow/mol_xtb_coordinates/chromo1461/mmff.xyz,/scratch/jaggbow/mol_xtb_coordinates/chromo1461/basic.xyz,0,,,,,,
1862,chromo0279,COc1c2ccccc2c(OC)c2c1c1cc(C)ccc1n2C,3.2192,1.0154999999999998,2.7706048840558957,0.5870120407353429,/scratch/jaggbow/mol_xtb_coordinates/chromo0279/geom.xtbopt.xyz,/scratch/jaggbow/mol_xtb_coordinates/chromo0279/mmff.xyz,/scratch/jaggbow/mol_xtb_coordinates/chromo0279/basic.xyz,0,,,,,,
1863,chromo4215,F[B-]1(F)n2c(c3cccc4cccc2c43)=Nc2ccc3ccccc3[n+]21,2.7485,0.9276,1.353374956739192,0.3580824353408703,/scratch/jaggbow/mol_xtb_coordinates/chromo4215/geom.xtbopt.xyz,/scratch/jaggbow/mol_xtb_coordinates/chromo4215/mmff.xyz,/scratch/jaggbow/mol_xtb_coordinates/chromo4215/basic.xyz,0,,,,,,
1864,chromo3658,O=CC1=Cc2c(-c3ccccc3)oc(-c3ccccc3)c2C=C(C=O)C1,3.2172,1.0095,2.1424667925112706,0.41038442765336997,/scratch/jaggbow/mol_xtb_coordinates/chromo3658/geom.xtbopt.xyz,/scratch/jaggbow/mol_xtb_coordinates/chromo3658/mmff.xyz,/scratch/jaggbow/mol_xtb_coordinates/chromo3658/basic.xyz,0,,,,,,
1865,chromo0267,CCCCn1c(-c2ccc(-c3nnc(-c4ccccc4)o3)cc2)nc(-c2ccccc2)c1-c1ccccc1,3.2012,0.6577999999999999,5.5885317401351795,0.9526101033302121,/scratch/jaggbow/mol_xtb_coordinates/chromo0267/geom.xtbopt.xyz,/scratch/jaggbow/mol_xtb_coordinates/chromo0267/mmff.xyz,/scratch/jaggbow/mol_xtb_coordinates/chromo0267/basic.xyz,0,,,,,,
1866,chromo3026,CCCCN(CCCC)c1ccc(C=Cc2ccc3nc(C=Cc4ccc(N(C)C)cc4)c(-c4ccccc4)nc3c2)cc1,2.486,0.8007000000000002,3.5806794372639033,0.8023061015883116,/scratch/jaggbow/mol_xtb_coordinates/chromo3026/geom.xtbopt.xyz,/scratch/jaggbow/mol_xtb_coordinates/chromo3026/mmff.xyz,/scratch/jaggbow/mol_xtb_coordinates/chromo3026/basic.xyz,0,,,,,,
1867,chromo4763,CCCCCCOc1cc(N(CC)CC)ccc1C=C(C#N)c1ccc(C=CC(=C(C#N)C#N)c2ccc(N(c3ccccc3)c3ccccc3)cc2)s1,2.0946,0.8312999999999997,3.6332670364766573,1.0171799292488437,/scratch/jaggbow/mol_xtb_coordinates/chromo4763/geom.xtbopt.xyz,/scratch/jaggbow/mol_xtb_coordinates/chromo4763/mmff.xyz,/scratch/jaggbow/mol_xtb_coordinates/chromo4763/basic.xyz,1,,,,,,
1868,chromo5652,CCN(CC)c1ccc2c(c1)oc(=O)c1c(C)nc3c(c(-c4ccccc4)nn3C)c12,3.3504,0.875,4.854642593107712,1.0527544050502327,/scratch/jaggbow/mol_xtb_coordinates/chromo5652/geom.xtbopt.xyz,/scratch/jaggbow/mol_xtb_coordinates/chromo5652/mmff.xyz,/scratch/jaggbow/mol_xtb_coordinates/chromo5652/basic.xyz,0,,,,,,
1869,chromo1153,F[B-]1(F)n2c(nc3c4ccccc4c4ccccc4c32)-c2ccc3ccccc3[n+]21,2.3627,0.6061999999999999,3.8523989018533595,0.889316211943625,/scratch/jaggbow/mol_xtb_coordinates/chromo1153/geom.xtbopt.xyz,/scratch/jaggbow/mol_xtb_coordinates/chromo1153/mmff.xyz,/scratch/jaggbow/mol_xtb_coordinates/chromo1153/basic.xyz,0,,,,,,
1870,chromo1041,CCC1=C(C)C2=C(C=Cc3ccc([N+](=O)[O-])cc3)c3c(C)c(CC)c(C=Cc4ccc(OC)cc4)n3[B-](F)(F)[N+]2=C1C=Cc1ccc(OC)cc1,1.6002,0.7469000000000001,1.3575333185131941,0.8157542765031953,/scratch/jaggbow/mol_xtb_coordinates/chromo1041/geom.xtbopt.xyz,/scratch/jaggbow/mol_xtb_coordinates/chromo1041/mmff.xyz,/scratch/jaggbow/mol_xtb_coordinates/chromo1041/basic.xyz,1,,,,,,
1871,chromo2301,CCB1c2ccccc2Nc2ccccc21,3.6027,0.7860999999999998,3.5854066735175403,0.7741550576744919,/scratch/jaggbow/mol_xtb_coordinates/chromo2301/geom.xtbopt.xyz,/scratch/jaggbow/mol_xtb_coordinates/chromo2301/mmff.xyz,/scratch/jaggbow/mol_xtb_coordinates/chromo2301/basic.xyz,0,,,,,,
1872,chromo3289,N#CSC1=CC2=C(c3ccccc3)c3cc(SC#N)c(N4CCOCC4)n3[B-](F)(F)[N+]2=C1N1CCOCC1,2.4199,1.1438,2.08110402572263,1.3478510889486366,/scratch/jaggbow/mol_xtb_coordinates/chromo3289/geom.xtbopt.xyz,/scratch/jaggbow/mol_xtb_coordinates/chromo3289/mmff.xyz,/scratch/jaggbow/mol_xtb_coordinates/chromo3289/basic.xyz,1,,,,,,
1873,chromo4919,CC1(C)c2ccccc2N(c2ccc3c(ccc4nc5ccc6cc(N7c8ccccc8C(C)(C)c8ccccc87)ccc6c5nc43)c2)c2ccccc21,2.2207,0.0036999999999998,2.5780146070813665,0.11358732505087918,/scratch/jaggbow/mol_xtb_coordinates/chromo4919/geom.xtbopt.xyz,/scratch/jaggbow/mol_xtb_coordinates/chromo4919/mmff.xyz,/scratch/jaggbow/mol_xtb_coordinates/chromo4919/basic.xyz,0,,,,,,
1874,chromo2544,COc1cc(C2=CC3=C(c4c(C)cc(C)cc4C)c4cc(-c5cc(OC)c(OC)c(OC)c5)c(-c5cc(OC)c(OC)c(OC)c5)n4[B-](F)(F)[N+]3=C2c2cc(OC)c(OC)c(OC)c2)cc(OC)c1OC,2.1058,0.8190999999999999,3.501381594340586,1.222478848790744,/scratch/jaggbow/mol_xtb_coordinates/chromo2544/geom.xtbopt.xyz,/scratch/jaggbow/mol_xtb_coordinates/chromo2544/mmff.xyz,/scratch/jaggbow/mol_xtb_coordinates/chromo2544/basic.xyz,1,,,,,,
1875,chromo2838,Brc1ccc(C=Cc2ccncn2)cc1,3.7254,1.4289999999999998,3.08622320860978,0.7874814418426026,/scratch/jaggbow/mol_xtb_coordinates/chromo2838/geom.xtbopt.xyz,/scratch/jaggbow/mol_xtb_coordinates/chromo2838/mmff.xyz,/scratch/jaggbow/mol_xtb_coordinates/chromo2838/basic.xyz,1,,,,,,
1876,chromo5105,CC1(C)c2ccccc2N(c2ccc(-c3cc(-c4ccccc4)nc(-c4ccccc4)n3)cc2)c2ccccc21,2.7163,0.0078,4.2439939827637865,0.4437573828531008,/scratch/jaggbow/mol_xtb_coordinates/chromo5105/geom.xtbopt.xyz,/scratch/jaggbow/mol_xtb_coordinates/chromo5105/mmff.xyz,/scratch/jaggbow/mol_xtb_coordinates/chromo5105/basic.xyz,0,,,,,,
1877,chromo3383,O=C1c2cccc3c(-n4c5ccccc5c5ccccc54)ccc(c23)C(=O)N1c1ccccc1,2.5372,0.3527999999999998,2.7262618935249825,0.42284739269486654,/scratch/jaggbow/mol_xtb_coordinates/chromo3383/geom.xtbopt.xyz,/scratch/jaggbow/mol_xtb_coordinates/chromo3383/mmff.xyz,/scratch/jaggbow/mol_xtb_coordinates/chromo3383/basic.xyz,0,,,,,,
1878,chromo3869,Brc1ccc(N(c2ccc(C=Cc3ccncn3)cc2)c2ccc(C=Cc3ccncn3)cc2)cc1,2.7687,0.7479,3.674183879383123,0.6930214493027521,/scratch/jaggbow/mol_xtb_coordinates/chromo3869/geom.xtbopt.xyz,/scratch/jaggbow/mol_xtb_coordinates/chromo3869/mmff.xyz,/scratch/jaggbow/mol_xtb_coordinates/chromo3869/basic.xyz,1,,,,,,
1879,chromo0494,Cn1c(=O)c(N=Nc2cc(S(=O)(=O)O)ccc2C(=O)O)c(O)c2ccccc21,2.4153,0.5995999999999997,1.574052206657783,0.035283509631950774,/scratch/jaggbow/mol_xtb_coordinates/chromo0494/geom.xtbopt.xyz,/scratch/jaggbow/mol_xtb_coordinates/chromo0494/mmff.xyz,/scratch/jaggbow/mol_xtb_coordinates/chromo0494/basic.xyz,0,,,,,,
1880,chromo0874,COc1ccccc1-c1c(-c2ccccc2O)nc(-c2ccc(C(F)(F)F)cc2)n1-c1ccc(C)cc1,3.7905,0.8172000000000001,4.93108237601412,0.8496828939094526,/scratch/jaggbow/mol_xtb_coordinates/chromo0874/geom.xtbopt.xyz,/scratch/jaggbow/mol_xtb_coordinates/chromo0874/mmff.xyz,/scratch/jaggbow/mol_xtb_coordinates/chromo0874/basic.xyz,1,,,,,,
1881,chromo2606,CC(C)(C)c1ccc2c(c1)c1cc(C(C)(C)C)ccc1n2-c1ccc(C#Cc2ccccc2)cc1,3.3052,0.7604000000000002,5.024949133712111,0.7288043459558254,/scratch/jaggbow/mol_xtb_coordinates/chromo2606/geom.xtbopt.xyz,/scratch/jaggbow/mol_xtb_coordinates/chromo2606/mmff.xyz,/scratch/jaggbow/mol_xtb_coordinates/chromo2606/basic.xyz,1,,,,,,
1882,chromo2752,COc1ccc(C=CC2=[O+][B-](F)(F)OC(C=Cc3ccc(OC)cc3)=C2c2ccc(OC)cc2)cc1,2.8289,0.9382,2.663246674991208,0.8144873931678016,/scratch/jaggbow/mol_xtb_coordinates/chromo2752/geom.xtbopt.xyz,/scratch/jaggbow/mol_xtb_coordinates/chromo2752/mmff.xyz,/scratch/jaggbow/mol_xtb_coordinates/chromo2752/basic.xyz,1,,,,,,
1883,chromo3102,Cc1cc2ccccc2c2c1c1ccccc1n2C(=O)OC(C)(C)C,3.8573,1.2553999999999998,3.3481219373392457,0.4884219743886441,/scratch/jaggbow/mol_xtb_coordinates/chromo3102/geom.xtbopt.xyz,/scratch/jaggbow/mol_xtb_coordinates/chromo3102/mmff.xyz,/scratch/jaggbow/mol_xtb_coordinates/chromo3102/basic.xyz,0,,,,,,
1884,chromo5344,CC(C)(C)NC(=O)c1ccc2ccc3cccc4c3c2c1c1c2ccccc2c2ccccc2c41,3.0842,1.2041,4.067902403053285,1.0211368751967802,/scratch/jaggbow/mol_xtb_coordinates/chromo5344/geom.xtbopt.xyz,/scratch/jaggbow/mol_xtb_coordinates/chromo5344/mmff.xyz,/scratch/jaggbow/mol_xtb_coordinates/chromo5344/basic.xyz,0,,,,,,
1885,chromo0428,Cc1cc(O)c(C(=O)C=Cc2ccccc2O)c(=O)o1,3.3696,1.1150000000000002,3.1418132579841958,0.46463631612078704,/scratch/jaggbow/mol_xtb_coordinates/chromo0428/geom.xtbopt.xyz,/scratch/jaggbow/mol_xtb_coordinates/chromo0428/mmff.xyz,/scratch/jaggbow/mol_xtb_coordinates/chromo0428/basic.xyz,0,,,,,,
1886,chromo2268,Cc1cccc2[n+]1[B-](c1ccccc1)(c1ccccc1)c1cccc3c4c5c(cccc5c-2c13)[B-](c1ccccc1)(c1ccccc1)[n+]1c(C)cccc1-4,2.0696,0.8947999999999998,2.203156009323084,0.7510755748804049,/scratch/jaggbow/mol_xtb_coordinates/chromo2268/geom.xtbopt.xyz,/scratch/jaggbow/mol_xtb_coordinates/chromo2268/mmff.xyz,/scratch/jaggbow/mol_xtb_coordinates/chromo2268/basic.xyz,0,,,,,,
1887,chromo3552,COc1ccc(C#Cc2ncc(-c3ccccc3)o2)cc1OC,3.4504,1.186,2.7990166178181903,0.6569045275871612,/scratch/jaggbow/mol_xtb_coordinates/chromo3552/geom.xtbopt.xyz,/scratch/jaggbow/mol_xtb_coordinates/chromo3552/mmff.xyz,/scratch/jaggbow/mol_xtb_coordinates/chromo3552/basic.xyz,1,,,,,,
1888,chromo5646,CCN(CC)c1ccc2c(c1)oc(=O)c1cc3c(-c4ccccc4)nn(C)c3nc12,3.1486,0.7103999999999999,4.3284306767951035,0.9046265074269696,/scratch/jaggbow/mol_xtb_coordinates/chromo5646/geom.xtbopt.xyz,/scratch/jaggbow/mol_xtb_coordinates/chromo5646/mmff.xyz,/scratch/jaggbow/mol_xtb_coordinates/chromo5646/basic.xyz,0,,,,,,
1889,chromo3870,C(=Cc1cnccn1)c1ccc(N(c2ccccc2)c2ccc(C=Cc3cnccn3)cc2)cc1,2.7209,0.7605999999999999,0.8645659597247124,0.017244524875091094,/scratch/jaggbow/mol_xtb_coordinates/chromo3870/geom.xtbopt.xyz,/scratch/jaggbow/mol_xtb_coordinates/chromo3870/mmff.xyz,/scratch/jaggbow/mol_xtb_coordinates/chromo3870/basic.xyz,0,,,,,,
1890,chromo4454,CC(C)(C)c1ccc2c3ccccc3c3cncnc3c2c1,3.8968,0.9865999999999996,3.346909238178169,0.0096195159192628,/scratch/jaggbow/mol_xtb_coordinates/chromo4454/geom.xtbopt.xyz,/scratch/jaggbow/mol_xtb_coordinates/chromo4454/mmff.xyz,/scratch/jaggbow/mol_xtb_coordinates/chromo4454/basic.xyz,0,,,,,,
1891,chromo0782,FC(F)(F)c1ccc(C2=Cc3ccccc3[Si]2(c2ccccc2)c2ccccc2)cc1,3.651,1.3636,3.824970421486803,0.9806514670778091,/scratch/jaggbow/mol_xtb_coordinates/chromo0782/geom.xtbopt.xyz,/scratch/jaggbow/mol_xtb_coordinates/chromo0782/mmff.xyz,/scratch/jaggbow/mol_xtb_coordinates/chromo0782/basic.xyz,0,,,,,,
1892,chromo2790,COc1cc(-c2nc3c4cccnc4c4ncccc4c3[nH]2)c(OC)cc1C=Cc1nc2ccccc2[nH]1,2.8845,1.0076,2.7503389797372075,0.5662127065927208,/scratch/jaggbow/mol_xtb_coordinates/chromo2790/geom.xtbopt.xyz,/scratch/jaggbow/mol_xtb_coordinates/chromo2790/mmff.xyz,/scratch/jaggbow/mol_xtb_coordinates/chromo2790/basic.xyz,0,,,,,,
1893,chromo2023,Cc1cc(C)c(B(c2ccc(-n3c4ccccc4c4ccccc43)cc2)c2c(C)cc(C)cc2C)c(C)c1,3.1188,0.3362999999999996,4.277630772739209,0.5201712961824437,/scratch/jaggbow/mol_xtb_coordinates/chromo2023/geom.xtbopt.xyz,/scratch/jaggbow/mol_xtb_coordinates/chromo2023/mmff.xyz,/scratch/jaggbow/mol_xtb_coordinates/chromo2023/basic.xyz,1,,,,,,
1894,chromo1222,F[B-]1(F)n2cccc2C=C2C=CC=[N+]21,3.1691,1.5835,1.9394797111015079,1.3046019776493867,/scratch/jaggbow/mol_xtb_coordinates/chromo1222/geom.xtbopt.xyz,/scratch/jaggbow/mol_xtb_coordinates/chromo1222/mmff.xyz,/scratch/jaggbow/mol_xtb_coordinates/chromo1222/basic.xyz,1,,,,,,
1895,chromo2230,O=S1c2ccc(-c3c4ccccc4cc4ccccc34)cc2-c2cc(-c3c4ccccc4cc4ccccc34)ccc21,3.156,1.3902,2.8156124174750037,0.9593526945342614,/scratch/jaggbow/mol_xtb_coordinates/chromo2230/geom.xtbopt.xyz,/scratch/jaggbow/mol_xtb_coordinates/chromo2230/mmff.xyz,/scratch/jaggbow/mol_xtb_coordinates/chromo2230/basic.xyz,0,,,,,,
1896,chromo6119,Cc1c(C(=O)c2ccc3c4cccc5cccc(c6cccc2c63)c54)c2ccc3cccc4c5cccc6ccc1c(c65)c2c34,2.3812,0.9526,2.9655986450346674,0.952991990886157,/scratch/jaggbow/mol_xtb_coordinates/chromo6119/geom.xtbopt.xyz,/scratch/jaggbow/mol_xtb_coordinates/chromo6119/mmff.xyz,/scratch/jaggbow/mol_xtb_coordinates/chromo6119/basic.xyz,0,,,,,,
1897,chromo0269,CCCCn1c(-c2ccc(-c3nnc(-c4cccs4)o3)cc2)nc(-c2ccccc2)c1-c1ccccc1,3.1319,0.6875999999999998,2.568588709558381,0.4233964732066586,/scratch/jaggbow/mol_xtb_coordinates/chromo0269/geom.xtbopt.xyz,/scratch/jaggbow/mol_xtb_coordinates/chromo0269/mmff.xyz,/scratch/jaggbow/mol_xtb_coordinates/chromo0269/basic.xyz,0,,,,,,
1898,chromo3409,Cc1ccc(C(=O)C=C2C(=O)Nc3ccccc32)cc1C,3.3283,1.0633,2.4076963410520733,0.38530544669785205,/scratch/jaggbow/mol_xtb_coordinates/chromo3409/geom.xtbopt.xyz,/scratch/jaggbow/mol_xtb_coordinates/chromo3409/mmff.xyz,/scratch/jaggbow/mol_xtb_coordinates/chromo3409/basic.xyz,0,,,,,,
1899,chromo2542,Cc1cc(C)c(C2=C3C=C(c4ccc(C(C)(C)C)cc4)C(c4ccc(C(C)(C)C)cc4)=[N+]3[B-](F)(F)n3c2cc(-c2ccc(C(C)(C)C)cc2)c3-c2ccc(C(C)(C)C)cc2)c(C)c1,2.3451,0.9881,2.977414921206017,1.1386347729945738,/scratch/jaggbow/mol_xtb_coordinates/chromo2542/geom.xtbopt.xyz,/scratch/jaggbow/mol_xtb_coordinates/chromo2542/mmff.xyz,/scratch/jaggbow/mol_xtb_coordinates/chromo2542/basic.xyz,1,,,,,,
1900,chromo0495,Cn1c(=O)c(N=Nc2ccc(S(=O)(=O)O)c3ccccc23)c(O)c2ccccc21,2.5914,0.9191000000000004,2.1680555953115173,0.3009302131682378,/scratch/jaggbow/mol_xtb_coordinates/chromo0495/geom.xtbopt.xyz,/scratch/jaggbow/mol_xtb_coordinates/chromo0495/mmff.xyz,/scratch/jaggbow/mol_xtb_coordinates/chromo0495/basic.xyz,0,,,,,,
1901,chromo4205,F[B-]1(F)OC(c2ccccc2)=Cc2cccc[n+]21,3.5309,1.1243,3.6915708043986744,1.0473844551585925,/scratch/jaggbow/mol_xtb_coordinates/chromo4205/geom.xtbopt.xyz,/scratch/jaggbow/mol_xtb_coordinates/chromo4205/mmff.xyz,/scratch/jaggbow/mol_xtb_coordinates/chromo4205/basic.xyz,0,,,,,,
1902,chromo5261,F[B-]1(F)n2cccc2C(c2ccc(-c3c4ccccc4c(-c4ccccc4)c4ccccc34)cc2)=C2C=CC=[N+]21,2.1656,0.5454999999999999,1.9836836488294298,1.2006126480412311,/scratch/jaggbow/mol_xtb_coordinates/chromo5261/geom.xtbopt.xyz,/scratch/jaggbow/mol_xtb_coordinates/chromo5261/mmff.xyz,/scratch/jaggbow/mol_xtb_coordinates/chromo5261/basic.xyz,1,,,,,,
1903,chromo0195,CN(C)c1ccc(-c2c(C=C3C=Cc4ccccc4N3C)c(=O)c2=O)cc1,2.4637,0.9261999999999996,3.729721130446468,1.341147562919848,/scratch/jaggbow/mol_xtb_coordinates/chromo0195/geom.xtbopt.xyz,/scratch/jaggbow/mol_xtb_coordinates/chromo0195/mmff.xyz,/scratch/jaggbow/mol_xtb_coordinates/chromo0195/basic.xyz,0,,,,,,
1904,chromo0283,COc1c2ccccc2c(OC)c2c1c1c(C)ccc(OC)c1n2C,3.1193,0.9630999999999998,2.0732989038775527,0.4383984147599296,/scratch/jaggbow/mol_xtb_coordinates/chromo0283/geom.xtbopt.xyz,/scratch/jaggbow/mol_xtb_coordinates/chromo0283/mmff.xyz,/scratch/jaggbow/mol_xtb_coordinates/chromo0283/basic.xyz,0,,,,,,
1905,chromo0314,[O-][n+]1c(-c2ccccc2)cc(N2CCOCC2)nc1C=Cc1ccccc1,2.627,0.9129999999999998,3.1923339412840956,0.9117150749975096,/scratch/jaggbow/mol_xtb_coordinates/chromo0314/geom.xtbopt.xyz,/scratch/jaggbow/mol_xtb_coordinates/chromo0314/mmff.xyz,/scratch/jaggbow/mol_xtb_coordinates/chromo0314/basic.xyz,0,,,,,,
1906,chromo2474,N#Cc1nc2c(OCc3ccccc3)nc(N)nc2n1Cc1ccccc1,4.1978,1.3034,5.551634763176258,1.319331334284101,/scratch/jaggbow/mol_xtb_coordinates/chromo2474/geom.xtbopt.xyz,/scratch/jaggbow/mol_xtb_coordinates/chromo2474/mmff.xyz,/scratch/jaggbow/mol_xtb_coordinates/chromo2474/basic.xyz,0,,,,,,
1907,chromo2596,CC(C)(C)c1cc(-c2ccc(-c3cccs3)s2)c2c(c1)c1cc(C(C)(C)C)cc(-c3ccc(-c4cccs4)s3)c1n2-c1ccc(-c2cccs2)s1,3.3325,1.0629,3.282824895114399,0.8252551719603276,/scratch/jaggbow/mol_xtb_coordinates/chromo2596/geom.xtbopt.xyz,/scratch/jaggbow/mol_xtb_coordinates/chromo2596/mmff.xyz,/scratch/jaggbow/mol_xtb_coordinates/chromo2596/basic.xyz,1,,,,,,
1908,chromo2971,CCOC(=O)C(C#N)=Cc1cc2c3ccccc3n(C)c2cc1OC,3.2394,0.9771999999999998,3.582927836654724,0.7676042736612473,/scratch/jaggbow/mol_xtb_coordinates/chromo2971/geom.xtbopt.xyz,/scratch/jaggbow/mol_xtb_coordinates/chromo2971/mmff.xyz,/scratch/jaggbow/mol_xtb_coordinates/chromo2971/basic.xyz,1,,,,,,
1909,chromo2450,Cn1c(=O)cc(C(=O)c2ccccc2)c2sc(-c3ccc(C(F)(F)F)cc3)cc21,2.8639,0.9775,2.67073941276979,0.688393179917971,/scratch/jaggbow/mol_xtb_coordinates/chromo2450/geom.xtbopt.xyz,/scratch/jaggbow/mol_xtb_coordinates/chromo2450/mmff.xyz,/scratch/jaggbow/mol_xtb_coordinates/chromo2450/basic.xyz,1,,,,,,
1910,chromo6080,CCCCCCCCCCCCN(CCCCCCCCCCCC)c1ccc2c(c1)oc(=O)c1c(=O)oc3ccccc3c12,3.0295,0.8456000000000001,5.031608190461572,1.28216267240931,/scratch/jaggbow/mol_xtb_coordinates/chromo6080/geom.xtbopt.xyz,/scratch/jaggbow/mol_xtb_coordinates/chromo6080/mmff.xyz,/scratch/jaggbow/mol_xtb_coordinates/chromo6080/basic.xyz,0,,,,,,
1911,chromo0192,CCCCCCCCn1nnc(-c2ccc(C#Cc3ccc(C#Cc4ccc(-c5nnn(CCCCCCCC)n5)cc4)c4nc5c6ccccc6c6ccccc6c5nc34)cc2)n1,2.4371,0.8472,2.506784274739267,0.4809656549596891,/scratch/jaggbow/mol_xtb_coordinates/chromo0192/geom.xtbopt.xyz,/scratch/jaggbow/mol_xtb_coordinates/chromo0192/mmff.xyz,/scratch/jaggbow/mol_xtb_coordinates/chromo0192/basic.xyz,0,,,,,,
1912,chromo4376,CCCCCc1ccc(C#Cc2cc(C#Cc3ccc(CCCCC)cc3)c3ccc4c(C(=O)c5ccccc5)cc(C#Cc5ccc(CCCCC)cc5)c5ccc2c3c54)cc1,2.3774,0.9472000000000004,3.8948834155659284,0.9717151441058978,/scratch/jaggbow/mol_xtb_coordinates/chromo4376/geom.xtbopt.xyz,/scratch/jaggbow/mol_xtb_coordinates/chromo4376/mmff.xyz,/scratch/jaggbow/mol_xtb_coordinates/chromo4376/basic.xyz,1,,,,,,
1913,chromo2959,CN(CCO)c1ccc(C=CC2=CC(=C(C#N)C#N)CC(C)(C)C2)cc1,2.7205,1.2715999999999998,2.182639671680297,0.9499018912575916,/scratch/jaggbow/mol_xtb_coordinates/chromo2959/geom.xtbopt.xyz,/scratch/jaggbow/mol_xtb_coordinates/chromo2959/mmff.xyz,/scratch/jaggbow/mol_xtb_coordinates/chromo2959/basic.xyz,1,,,,,,
1914,chromo0909,C[Si]1(C)c2cc(-c3ccccc3)ccc2C=Cc2ccc(-c3ccccc3)cc21,3.5528,1.1345999999999998,3.168938555035472,0.45529105617701454,/scratch/jaggbow/mol_xtb_coordinates/chromo0909/geom.xtbopt.xyz,/scratch/jaggbow/mol_xtb_coordinates/chromo0909/mmff.xyz,/scratch/jaggbow/mol_xtb_coordinates/chromo0909/basic.xyz,0,,,,,,
1915,chromo2210,c1ccc(-n2c(-c3cccc4ccccc34)nc3c4cccc5ccc6cccc(c6c54)c32)cc1,3.3233,1.1104000000000005,3.2818312623955634,0.7123243720353001,/scratch/jaggbow/mol_xtb_coordinates/chromo2210/geom.xtbopt.xyz,/scratch/jaggbow/mol_xtb_coordinates/chromo2210/mmff.xyz,/scratch/jaggbow/mol_xtb_coordinates/chromo2210/basic.xyz,0,,,,,,
1916,chromo4669,CCOC(=O)C(C#N)=C(C=Cc1ccc(N(c2ccccc2)c2ccccc2)cc1)c1ccccc1,2.6066,0.9488,3.5728245455306262,0.9880182526603595,/scratch/jaggbow/mol_xtb_coordinates/chromo4669/geom.xtbopt.xyz,/scratch/jaggbow/mol_xtb_coordinates/chromo4669/mmff.xyz,/scratch/jaggbow/mol_xtb_coordinates/chromo4669/basic.xyz,1,,,,,,
1917,chromo5368,c1ccc(-c2cc(-c3ccc(-c4nc(-c5ccccn5)c(-c5ccccn5)[nH]4)cc3)cc(-c3ccccn3)n2)nc1,3.3942,0.9324,3.9529181684489694,0.8360683888211194,/scratch/jaggbow/mol_xtb_coordinates/chromo5368/geom.xtbopt.xyz,/scratch/jaggbow/mol_xtb_coordinates/chromo5368/mmff.xyz,/scratch/jaggbow/mol_xtb_coordinates/chromo5368/basic.xyz,0,,,,,,
1918,chromo2870,CCN(CC)c1ccc2cc(C=CC(O)=CC(C)=O)c(=O)oc2c1,3.0367,1.2231,3.4478772810518983,1.0774061061487916,/scratch/jaggbow/mol_xtb_coordinates/chromo2870/geom.xtbopt.xyz,/scratch/jaggbow/mol_xtb_coordinates/chromo2870/mmff.xyz,/scratch/jaggbow/mol_xtb_coordinates/chromo2870/basic.xyz,1,,,,,,
1919,chromo0060,O=C1c2cccc3cc4ccccc4c(c23)C(=O)N1Cc1ccccn1,2.824,1.2427,3.7099108626759536,1.1788417811421628,/scratch/jaggbow/mol_xtb_coordinates/chromo0060/geom.xtbopt.xyz,/scratch/jaggbow/mol_xtb_coordinates/chromo0060/mmff.xyz,/scratch/jaggbow/mol_xtb_coordinates/chromo0060/basic.xyz,0,,,,,,
1920,chromo1058,Cc1ccc(C2=C3C=c4c(oc5ccccc45)=[N+]3[B-](F)(F)n3c2cc2c4ccccc4oc23)cc1,2.5905,1.1038,2.6498124677868757,1.268960063536503,/scratch/jaggbow/mol_xtb_coordinates/chromo1058/geom.xtbopt.xyz,/scratch/jaggbow/mol_xtb_coordinates/chromo1058/mmff.xyz,/scratch/jaggbow/mol_xtb_coordinates/chromo1058/basic.xyz,0,,,,,,
1921,chromo2609,CC(C)(C)c1ccc2c(c1)c1cc(C(C)(C)C)ccc1n2-c1ccc(C#Cc2ccc(C#Cc3ccc(-n4c5ccc(C(C)(C)C)cc5c5cc(C(C)(C)C)ccc54)cc3)cc2)cc1,2.8531,0.6966000000000001,3.7760855954645214,0.3802192325025752,/scratch/jaggbow/mol_xtb_coordinates/chromo2609/geom.xtbopt.xyz,/scratch/jaggbow/mol_xtb_coordinates/chromo2609/mmff.xyz,/scratch/jaggbow/mol_xtb_coordinates/chromo2609/basic.xyz,1,,,,,,
1922,chromo2849,C(=Cc1cnc2ccccc2n1)c1ccc(N(c2ccccc2)c2ccccc2)cc1,2.6592,0.7966999999999997,2.875003954318798,0.5960386533399187,/scratch/jaggbow/mol_xtb_coordinates/chromo2849/geom.xtbopt.xyz,/scratch/jaggbow/mol_xtb_coordinates/chromo2849/mmff.xyz,/scratch/jaggbow/mol_xtb_coordinates/chromo2849/basic.xyz,0,,,,,,
1923,chromo4631,COc1ccc(CCNC(=O)c2sc(-c3ccc(-c4cc(-c5ccc(C(C)(C)C)cc5)c(C(=O)NCCc5ccc(OC)c(OC)c5)s4)s3)cc2-c2ccc(C(C)(C)C)cc2)cc1OC,2.9644,1.1368,3.967532122227865,1.1088623926354741,/scratch/jaggbow/mol_xtb_coordinates/chromo4631/geom.xtbopt.xyz,/scratch/jaggbow/mol_xtb_coordinates/chromo4631/mmff.xyz,/scratch/jaggbow/mol_xtb_coordinates/chromo4631/basic.xyz,1,,,,,,
1924,chromo3555,FC(F)(F)c1ccc(C#Cc2ncc(-c3ccccc3)o2)cc1,3.4615,1.1991999999999998,2.4575762729430153,0.5994511445784108,/scratch/jaggbow/mol_xtb_coordinates/chromo3555/geom.xtbopt.xyz,/scratch/jaggbow/mol_xtb_coordinates/chromo3555/mmff.xyz,/scratch/jaggbow/mol_xtb_coordinates/chromo3555/basic.xyz,1,,,,,,
1925,chromo0696,CC(C)c1ccc2ccc3cccc4ccc1c2c34,3.6311,1.5528,4.650337066454663,1.1959628865385208,/scratch/jaggbow/mol_xtb_coordinates/chromo0696/geom.xtbopt.xyz,/scratch/jaggbow/mol_xtb_coordinates/chromo0696/mmff.xyz,/scratch/jaggbow/mol_xtb_coordinates/chromo0696/basic.xyz,1,,,,,,
1926,chromo1150,O=C1c2ccccc2C2=Nc3ccc4ccccc4[n+]3[B-](F)(F)N12,3.341,0.8570000000000002,2.739317066602819,0.5748090659936508,/scratch/jaggbow/mol_xtb_coordinates/chromo1150/geom.xtbopt.xyz,/scratch/jaggbow/mol_xtb_coordinates/chromo1150/mmff.xyz,/scratch/jaggbow/mol_xtb_coordinates/chromo1150/basic.xyz,0,,,,,,
1927,chromo4387,COc1ccc(-c2cc3ccc4cc(-c5ccc(OC)cc5)cc5ccc(c2)c3c45)cc1,3.3098,1.1948,3.3000418055265213,0.6967385521732269,/scratch/jaggbow/mol_xtb_coordinates/chromo4387/geom.xtbopt.xyz,/scratch/jaggbow/mol_xtb_coordinates/chromo4387/mmff.xyz,/scratch/jaggbow/mol_xtb_coordinates/chromo4387/basic.xyz,1,,,,,,
1928,chromo5331,C1=Cc2ccc(N(c3ccccc3)c3ccccc3)cc2Cc2cc(N(c3ccccc3)c3ccccc3)ccc21,3.0986,0.7856999999999998,3.717310302818946,0.5266964051284608,/scratch/jaggbow/mol_xtb_coordinates/chromo5331/geom.xtbopt.xyz,/scratch/jaggbow/mol_xtb_coordinates/chromo5331/mmff.xyz,/scratch/jaggbow/mol_xtb_coordinates/chromo5331/basic.xyz,0,,,,,,
1929,chromo1176,Cc1ccc(N2C(c3ccccc3NS(=O)(=O)c3ccc(C)cc3)=NC(c3ccccc3)C2c2ccccc2)cc1,3.9105,0.8514999999999997,3.4655672560110777,0.35234378431918856,/scratch/jaggbow/mol_xtb_coordinates/chromo1176/geom.xtbopt.xyz,/scratch/jaggbow/mol_xtb_coordinates/chromo1176/mmff.xyz,/scratch/jaggbow/mol_xtb_coordinates/chromo1176/basic.xyz,1,,,,,,
1930,chromo2787,C(=Cc1ccc(-c2nc3c4cccnc4c4ncccc4c3[nH]2)cc1)c1ccncc1,3.0874,1.0222000000000002,3.865292957674544,0.7943585897973091,/scratch/jaggbow/mol_xtb_coordinates/chromo2787/geom.xtbopt.xyz,/scratch/jaggbow/mol_xtb_coordinates/chromo2787/mmff.xyz,/scratch/jaggbow/mol_xtb_coordinates/chromo2787/basic.xyz,0,,,,,,
1931,chromo3159,CCN(CC)c1ccc2c(C#N)c(C=C(C#N)c3nc4ccccc4o3)c(=O)oc2c1,2.5455,0.9747,3.37443512271119,0.967267894709469,/scratch/jaggbow/mol_xtb_coordinates/chromo3159/geom.xtbopt.xyz,/scratch/jaggbow/mol_xtb_coordinates/chromo3159/mmff.xyz,/scratch/jaggbow/mol_xtb_coordinates/chromo3159/basic.xyz,1,,,,,,
1932,chromo3493,CCN(CC)c1ccc2cc(-c3csc(NC(C)=O)c3C#N)c(=O)oc2c1,3.2973,1.0951999999999995,3.08937948117661,0.8022477781008097,/scratch/jaggbow/mol_xtb_coordinates/chromo3493/geom.xtbopt.xyz,/scratch/jaggbow/mol_xtb_coordinates/chromo3493/mmff.xyz,/scratch/jaggbow/mol_xtb_coordinates/chromo3493/basic.xyz,1,,,,,,
1933,chromo3726,CCn1c2ccccc2c2cc(-c3cc(-c4ccc5c(c4)c4ccccc4n5CC)nc(C#N)n3)ccc21,3.3661,0.6084999999999998,5.807142932274862,0.9369437757877246,/scratch/jaggbow/mol_xtb_coordinates/chromo3726/geom.xtbopt.xyz,/scratch/jaggbow/mol_xtb_coordinates/chromo3726/mmff.xyz,/scratch/jaggbow/mol_xtb_coordinates/chromo3726/basic.xyz,1,,,,,,
1934,chromo3806,Oc1ccc2ccccc2c1-c1nc2c(c3c1-c1ccccc1CC3)-c1ccccc1CC2,3.2043,0.8010999999999999,2.9558839935683268,0.5339457447655811,/scratch/jaggbow/mol_xtb_coordinates/chromo3806/geom.xtbopt.xyz,/scratch/jaggbow/mol_xtb_coordinates/chromo3806/mmff.xyz,/scratch/jaggbow/mol_xtb_coordinates/chromo3806/basic.xyz,0,,,,,,
1935,chromo4723,O=Cc1ccc(-c2cccc(-c3nc4ccccc4s3)c2O)s1,3.2423,0.9949000000000005,5.218060204463522,1.2874068735815698,/scratch/jaggbow/mol_xtb_coordinates/chromo4723/geom.xtbopt.xyz,/scratch/jaggbow/mol_xtb_coordinates/chromo4723/mmff.xyz,/scratch/jaggbow/mol_xtb_coordinates/chromo4723/basic.xyz,1,,,,,,
1936,chromo0204,Cc1nc(-c2cc(C(F)(F)F)ccc2O)n2c1CCCC2,4.1816,1.1524000000000003,3.231434328061334,0.5033929535195154,/scratch/jaggbow/mol_xtb_coordinates/chromo0204/geom.xtbopt.xyz,/scratch/jaggbow/mol_xtb_coordinates/chromo0204/mmff.xyz,/scratch/jaggbow/mol_xtb_coordinates/chromo0204/basic.xyz,0,,,,,,
1937,chromo0781,C1=C(c2ccccc2)[Si](c2ccccc2)(c2ccccc2)c2ccccc21,3.648,1.3516,3.7169758708992435,0.9645792607163678,/scratch/jaggbow/mol_xtb_coordinates/chromo0781/geom.xtbopt.xyz,/scratch/jaggbow/mol_xtb_coordinates/chromo0781/mmff.xyz,/scratch/jaggbow/mol_xtb_coordinates/chromo0781/basic.xyz,0,,,,,,
1938,chromo1991,CC(C)(C)c1ccc2c(c1)c1cc(C(C)(C)C)ccc1n2-c1ccc(C#Cc2ccc3c4ccc(C#Cc5ccc(C=O)cc5)cc4n(-c4ccc(C(F)(F)F)cc4)c3c2)cc1,2.6905,0.5457000000000001,3.2836130791738842,0.2938616314197118,/scratch/jaggbow/mol_xtb_coordinates/chromo1991/geom.xtbopt.xyz,/scratch/jaggbow/mol_xtb_coordinates/chromo1991/mmff.xyz,/scratch/jaggbow/mol_xtb_coordinates/chromo1991/basic.xyz,1,,,,,,
1939,chromo2300,c1ccc2c(c1)Nc1ccccc1B2c1c2ccccc2cc2ccccc12,2.8107,1.035,4.1537076338379615,1.185333632783056,/scratch/jaggbow/mol_xtb_coordinates/chromo2300/geom.xtbopt.xyz,/scratch/jaggbow/mol_xtb_coordinates/chromo2300/mmff.xyz,/scratch/jaggbow/mol_xtb_coordinates/chromo2300/basic.xyz,0,,,,,,
1940,chromo2218,CC(C)(C)c1ccc(-n2c(-c3ccc(-c4ccc(-c5c(-c6ccccc6)nc6ccccn56)cc4)cc3)nc3c4ccccc4c4ccccc4c32)cc1,3.2803,0.7115999999999998,3.221507742660303,0.46166295877761226,/scratch/jaggbow/mol_xtb_coordinates/chromo2218/geom.xtbopt.xyz,/scratch/jaggbow/mol_xtb_coordinates/chromo2218/mmff.xyz,/scratch/jaggbow/mol_xtb_coordinates/chromo2218/basic.xyz,1,,,,,,
1941,chromo5400,CC(C)(C)c1ccc(-c2nc3c4ccc(-c5ccc6ccc7cccc8ccc5c6c78)cc4c4cc(-c5ccc6ccc7cccc8ccc5c6c78)ccc4c3n2-c2ccc(C(C)(C)C)cc2)cc1,3.0144,0.9786,4.633194081519791,1.202682686022355,/scratch/jaggbow/mol_xtb_coordinates/chromo5400/geom.xtbopt.xyz,/scratch/jaggbow/mol_xtb_coordinates/chromo5400/mmff.xyz,/scratch/jaggbow/mol_xtb_coordinates/chromo5400/basic.xyz,1,,,,,,
1942,chromo3050,Cc1n[nH]c2c1C(c1ccc([N+](=O)[O-])cc1)C(C#N)=C(N)O2,3.3906,0.5871,3.673760275996684,0.45713151211037706,/scratch/jaggbow/mol_xtb_coordinates/chromo3050/geom.xtbopt.xyz,/scratch/jaggbow/mol_xtb_coordinates/chromo3050/mmff.xyz,/scratch/jaggbow/mol_xtb_coordinates/chromo3050/basic.xyz,0,,,,,,
1943,chromo1798,C=Cc1c(C)c2cc3nc(c4c5[nH]c(cc6nc(cc1[nH]2)C(C)=C6CC)c(C)c5C(=O)C4)C(CCC(=O)OC)C3C,2.144,0.8392000000000002,3.1069305370555154,0.605004101562319,/scratch/jaggbow/mol_xtb_coordinates/chromo1798/geom.xtbopt.xyz,/scratch/jaggbow/mol_xtb_coordinates/chromo1798/mmff.xyz,/scratch/jaggbow/mol_xtb_coordinates/chromo1798/basic.xyz,0,,,,,,
1944,chromo2057,CC(C)c1cc(C(C)C)c(B2c3cc(N4c5ccccc5Oc5ccccc54)ccc3N(c3ccccc3)c3ccc(N4c5ccccc5Oc5ccccc54)cc32)c(C(C)C)c1,2.2862,0.0230000000000001,4.2885501360381575,0.7104226491814827,/scratch/jaggbow/mol_xtb_coordinates/chromo2057/geom.xtbopt.xyz,/scratch/jaggbow/mol_xtb_coordinates/chromo2057/mmff.xyz,/scratch/jaggbow/mol_xtb_coordinates/chromo2057/basic.xyz,0,,,,,,
1945,chromo0838,O=P1(c2ccccc2)c2ccccc2-c2sc3ccccc3c21,3.5519,1.1629999999999998,5.4792202809667625,1.3431196246854122,/scratch/jaggbow/mol_xtb_coordinates/chromo0838/geom.xtbopt.xyz,/scratch/jaggbow/mol_xtb_coordinates/chromo0838/mmff.xyz,/scratch/jaggbow/mol_xtb_coordinates/chromo0838/basic.xyz,0,,,,,,
1946,chromo4349,Cc1ccc(N(c2ccc(C)cc2)c2ccc(Oc3nnc(Cl)nn3)cc2)cc1,1.4579,0.1006,3.0204734387517282,0.281189291513792,/scratch/jaggbow/mol_xtb_coordinates/chromo4349/geom.xtbopt.xyz,/scratch/jaggbow/mol_xtb_coordinates/chromo4349/mmff.xyz,/scratch/jaggbow/mol_xtb_coordinates/chromo4349/basic.xyz,1,,,,,,
1947,chromo3211,NCCNc1cccc2c1C(=O)c1ccccc1C2=O,2.5542,0.7473999999999998,1.711225536614111,0.7339523572570297,/scratch/jaggbow/mol_xtb_coordinates/chromo3211/geom.xtbopt.xyz,/scratch/jaggbow/mol_xtb_coordinates/chromo3211/mmff.xyz,/scratch/jaggbow/mol_xtb_coordinates/chromo3211/basic.xyz,0,,,,,,
1948,chromo4066,COc1cc(OC)cc(-c2nnc(-c3cccc(-c4nnc(-c5cc(OC)cc(OC)c5)o4)c3)o2)c1,3.742,1.0371,4.159077835357266,0.6305707604023404,/scratch/jaggbow/mol_xtb_coordinates/chromo4066/geom.xtbopt.xyz,/scratch/jaggbow/mol_xtb_coordinates/chromo4066/mmff.xyz,/scratch/jaggbow/mol_xtb_coordinates/chromo4066/basic.xyz,1,,,,,,
1949,chromo3129,Cc1ccc(-c2c3nc(c(-c4ccco4)c4ccc(s4)c(-c4ccco4)c4nc(c(-c5ccc(C)cc5)c5ccc2s5)C=C4)C=C3)cc1,1.9226,0.7439,2.31234836832481,0.20837335099823023,/scratch/jaggbow/mol_xtb_coordinates/chromo3129/geom.xtbopt.xyz,/scratch/jaggbow/mol_xtb_coordinates/chromo3129/mmff.xyz,/scratch/jaggbow/mol_xtb_coordinates/chromo3129/basic.xyz,0,,,,,,
1950,chromo5447,C(=Cc1ccc(C=Cc2ccc(N(c3ccccc3)c3ccccc3)cc2)cc1)c1ccc(C=Cc2ccc(N(c3ccccc3)c3ccccc3)cc2)cc1,2.4737,0.8348,1.5570031255496,0.13095088014894773,/scratch/jaggbow/mol_xtb_coordinates/chromo5447/geom.xtbopt.xyz,/scratch/jaggbow/mol_xtb_coordinates/chromo5447/mmff.xyz,/scratch/jaggbow/mol_xtb_coordinates/chromo5447/basic.xyz,1,,,,,,
1951,chromo4107,CC(C)CCCCN1CCc2c1ccc1c3c(ccc21)C(=O)CCC3,3.3713,1.0381,4.212549408941526,0.9379536281970254,/scratch/jaggbow/mol_xtb_coordinates/chromo4107/geom.xtbopt.xyz,/scratch/jaggbow/mol_xtb_coordinates/chromo4107/mmff.xyz,/scratch/jaggbow/mol_xtb_coordinates/chromo4107/basic.xyz,0,,,,,,
1952,chromo3019,CN(C)c1ccc(C=Cc2nc3cc(Br)ccc3nc2-c2ccccc2)cc1,2.6959,0.8384,1.9282844076498298,0.5692399810579023,/scratch/jaggbow/mol_xtb_coordinates/chromo3019/geom.xtbopt.xyz,/scratch/jaggbow/mol_xtb_coordinates/chromo3019/mmff.xyz,/scratch/jaggbow/mol_xtb_coordinates/chromo3019/basic.xyz,0,,,,,,
1953,chromo4230,C[Si](c1ccc(-c2nc3ccccc3n2-c2ccccc2)cc1)(c1ccc(-c2nc3ccccc3n2-c2ccccc2)cc1)c1ccc(-c2nc3ccccc3n2-c2ccccc2)cc1,4.0556,1.1068000000000002,4.7600724348258865,0.6057299338854066,/scratch/jaggbow/mol_xtb_coordinates/chromo4230/geom.xtbopt.xyz,/scratch/jaggbow/mol_xtb_coordinates/chromo4230/mmff.xyz,/scratch/jaggbow/mol_xtb_coordinates/chromo4230/basic.xyz,0,,,,,,
1954,chromo5070,CC(C)(C)c1ccc2c(c1)c1cc(C(C)(C)C)ccc1n2-c1cccc(C(=O)c2cccc(-n3c4ccc(C(C)(C)C)cc4c4cc(C(C)(C)C)ccc43)n2)n1,2.453,0.2447999999999996,4.333293140954316,0.378925609719616,/scratch/jaggbow/mol_xtb_coordinates/chromo5070/geom.xtbopt.xyz,/scratch/jaggbow/mol_xtb_coordinates/chromo5070/mmff.xyz,/scratch/jaggbow/mol_xtb_coordinates/chromo5070/basic.xyz,1,,,,,,
1955,chromo2493,CN(C)c1ccc(C=Cc2ncc3ccccc3n2)cc1,2.9054,0.9143,2.875137765103825,0.8173257312849203,/scratch/jaggbow/mol_xtb_coordinates/chromo2493/geom.xtbopt.xyz,/scratch/jaggbow/mol_xtb_coordinates/chromo2493/mmff.xyz,/scratch/jaggbow/mol_xtb_coordinates/chromo2493/basic.xyz,0,,,,,,
1956,chromo1435,CCCCN(CCCC)c1ccc2nc3c4ccccc4c(=O)c(-c4ccccc4)c-3oc2c1,2.561,1.0654,2.3457570158776484,0.9345212604623017,/scratch/jaggbow/mol_xtb_coordinates/chromo1435/geom.xtbopt.xyz,/scratch/jaggbow/mol_xtb_coordinates/chromo1435/mmff.xyz,/scratch/jaggbow/mol_xtb_coordinates/chromo1435/basic.xyz,0,,,,,,
1957,chromo4019,CCCN1c2ccccc2Sc2cc(C3=C4C=CC=[N+]4[B-](F)(F)n4cccc43)ccc21,2.3199,0.6778000000000002,3.7745353300990168,0.9325567090950277,/scratch/jaggbow/mol_xtb_coordinates/chromo4019/geom.xtbopt.xyz,/scratch/jaggbow/mol_xtb_coordinates/chromo4019/mmff.xyz,/scratch/jaggbow/mol_xtb_coordinates/chromo4019/basic.xyz,0,,,,,,
1958,chromo2365,COc1ccc2c(c1)sc1[n+]2[B-](F)(F)OC(c2ccc(N(C)C)cc2)=N1,3.2587,0.7890000000000001,3.4495359798838012,0.8023213863308013,/scratch/jaggbow/mol_xtb_coordinates/chromo2365/geom.xtbopt.xyz,/scratch/jaggbow/mol_xtb_coordinates/chromo2365/mmff.xyz,/scratch/jaggbow/mol_xtb_coordinates/chromo2365/basic.xyz,0,,,,,,
1959,chromo2019,Cc1cc(C)c(B(c2ccccc2N2c3ccccc3Oc3ccccc32)c2c(C)cc(C)cc2C)c(C)c1,2.2798,0.0285999999999999,2.2381898187710014,-0.004689358002240775,/scratch/jaggbow/mol_xtb_coordinates/chromo2019/geom.xtbopt.xyz,/scratch/jaggbow/mol_xtb_coordinates/chromo2019/mmff.xyz,/scratch/jaggbow/mol_xtb_coordinates/chromo2019/basic.xyz,0,,,,,,
1960,chromo2294,C(=Cc1nc(C=Cc2ccccc2)nc(C=Cc2ccccc2)n1)c1ccccc1,3.4416,1.1678000000000002,4.971976274641059,1.1618648626427168,/scratch/jaggbow/mol_xtb_coordinates/chromo2294/geom.xtbopt.xyz,/scratch/jaggbow/mol_xtb_coordinates/chromo2294/mmff.xyz,/scratch/jaggbow/mol_xtb_coordinates/chromo2294/basic.xyz,0,,,,,,
1961,chromo4902,c1ccc2cc(-c3c4ccccc4c(-c4nccc5ccccc45)c4ccccc34)ccc2c1,3.0974,1.3582999999999998,2.6389290803419296,0.8581167408861426,/scratch/jaggbow/mol_xtb_coordinates/chromo4902/geom.xtbopt.xyz,/scratch/jaggbow/mol_xtb_coordinates/chromo4902/mmff.xyz,/scratch/jaggbow/mol_xtb_coordinates/chromo4902/basic.xyz,1,,,,,,
1962,chromo5099,c1ccc(-c2nc(-c3ccccc3)nc(-c3cc(-n4c5ccccc5c5ncccc54)c(-n4c5ccccc5c5ccccc54)c(-n4c5ccccc5c5ncccc54)c3)n2)cc1,2.8366,0.2237999999999997,5.835864337133974,0.8399303939847619,/scratch/jaggbow/mol_xtb_coordinates/chromo5099/geom.xtbopt.xyz,/scratch/jaggbow/mol_xtb_coordinates/chromo5099/mmff.xyz,/scratch/jaggbow/mol_xtb_coordinates/chromo5099/basic.xyz,0,,,,,,
1963,chromo0795,C1#Cc2ccccc2OCc2cccc(c2)COc2ccccc21,3.9486,1.2228,6.380559001892493,1.050929596590524,/scratch/jaggbow/mol_xtb_coordinates/chromo0795/geom.xtbopt.xyz,/scratch/jaggbow/mol_xtb_coordinates/chromo0795/mmff.xyz,/scratch/jaggbow/mol_xtb_coordinates/chromo0795/basic.xyz,0,,,,,,
1964,chromo2535,Cc1csc2[n+]1[B-](F)(F)OC(c1ccc(N(C)C)cc1)=N2,3.4097,0.9025,3.105951168078848,0.8133207051983137,/scratch/jaggbow/mol_xtb_coordinates/chromo2535/geom.xtbopt.xyz,/scratch/jaggbow/mol_xtb_coordinates/chromo2535/mmff.xyz,/scratch/jaggbow/mol_xtb_coordinates/chromo2535/basic.xyz,0,,,,,,
1965,chromo2901,COc1ccc(C=Cc2ccncn2)cc1,3.712,1.4346,3.9541390531856755,1.1094029338274294,/scratch/jaggbow/mol_xtb_coordinates/chromo2901/geom.xtbopt.xyz,/scratch/jaggbow/mol_xtb_coordinates/chromo2901/mmff.xyz,/scratch/jaggbow/mol_xtb_coordinates/chromo2901/basic.xyz,1,,,,,,
1966,chromo2074,Cc1cc(C)c(B(c2c(C)cc(C)cc2C)N2c3ccccc3C(c3ccccc3)(c3ccccc3)c3ccccc32)c(C)c1,3.7703,0.6118000000000001,3.8622274416655697,0.48155345670182426,/scratch/jaggbow/mol_xtb_coordinates/chromo2074/geom.xtbopt.xyz,/scratch/jaggbow/mol_xtb_coordinates/chromo2074/mmff.xyz,/scratch/jaggbow/mol_xtb_coordinates/chromo2074/basic.xyz,0,,,,,,
1967,chromo2427,COC(=O)c1cc(=O)n(C)c2cc(-c3ccccc3OC)sc12,3.0394,1.1594000000000002,3.8425652048591528,1.1619229936421078,/scratch/jaggbow/mol_xtb_coordinates/chromo2427/geom.xtbopt.xyz,/scratch/jaggbow/mol_xtb_coordinates/chromo2427/mmff.xyz,/scratch/jaggbow/mol_xtb_coordinates/chromo2427/basic.xyz,1,,,,,,
1968,chromo1076,F[B-]1(F)n2c(c(-c3ccccc3)c3ccccc32)C(c2ccccc2)=C2C(c3ccccc3)=c3ccccc3=[N+]21,1.8752,0.881,2.1978933533767084,0.8035273072917628,/scratch/jaggbow/mol_xtb_coordinates/chromo1076/geom.xtbopt.xyz,/scratch/jaggbow/mol_xtb_coordinates/chromo1076/mmff.xyz,/scratch/jaggbow/mol_xtb_coordinates/chromo1076/basic.xyz,0,,,,,,
1969,chromo4639,C(=Cc1ccc(-c2ccccc2)cc1)c1ccc(Oc2ccc3ccccc3c2-c2c(Oc3ccc(C=Cc4ccc(-c5ccccc5)cc4)cc3)ccc3ccccc23)cc1,3.1834,0.9918999999999998,4.517551845205245,1.0051128013584594,/scratch/jaggbow/mol_xtb_coordinates/chromo4639/geom.xtbopt.xyz,/scratch/jaggbow/mol_xtb_coordinates/chromo4639/mmff.xyz,/scratch/jaggbow/mol_xtb_coordinates/chromo4639/basic.xyz,1,,,,,,
1970,chromo3535,COc1ccc(-c2cnc(-c3ccccc3)o2)cc1OC,3.594,1.1715999999999998,4.689507184742791,1.162036406557672,/scratch/jaggbow/mol_xtb_coordinates/chromo3535/geom.xtbopt.xyz,/scratch/jaggbow/mol_xtb_coordinates/chromo3535/mmff.xyz,/scratch/jaggbow/mol_xtb_coordinates/chromo3535/basic.xyz,1,,,,,,
1971,chromo2547,Cc1cc(C)c(C2=C3C=c4c(c5ccc(C(C)(C)C)cc5c5cc(C(C)(C)C)ccc45)=[N+]3[B-](F)(F)n3c2cc2c4ccc(C(C)(C)C)cc4c4cc(C(C)(C)C)ccc4c23)c(C)c1,2.0882,0.8796000000000002,3.3759325619232987,1.16879977005806,/scratch/jaggbow/mol_xtb_coordinates/chromo2547/geom.xtbopt.xyz,/scratch/jaggbow/mol_xtb_coordinates/chromo2547/mmff.xyz,/scratch/jaggbow/mol_xtb_coordinates/chromo2547/basic.xyz,0,,,,,,
1972,chromo0254,COc1ccc2c(c1)CCC1=C(C#Cc3cc4ccccc4c4ccccc34)O[B-](F)(F)[O+]=C12,2.8849,0.8953,2.9829738324618256,0.8443865771742526,/scratch/jaggbow/mol_xtb_coordinates/chromo0254/geom.xtbopt.xyz,/scratch/jaggbow/mol_xtb_coordinates/chromo0254/mmff.xyz,/scratch/jaggbow/mol_xtb_coordinates/chromo0254/basic.xyz,0,,,,,,
1973,chromo4096,COc1ccc(C#Cc2ccc3nc4ccc(C#Cc5ccc(OC)cc5)cn4c(=O)c3c2)cc1,2.867,0.9112,2.9358367069901536,0.7659921408616654,/scratch/jaggbow/mol_xtb_coordinates/chromo4096/geom.xtbopt.xyz,/scratch/jaggbow/mol_xtb_coordinates/chromo4096/mmff.xyz,/scratch/jaggbow/mol_xtb_coordinates/chromo4096/basic.xyz,0,,,,,,
1974,chromo1630,Cc1ccc(-c2cc(-c3ccccc3Cl)c3c(N)nc(N4CCCC4)c(C#N)c3n2)cc1,2.9295,0.5947,3.1801176800096007,0.6358722375298702,/scratch/jaggbow/mol_xtb_coordinates/chromo1630/geom.xtbopt.xyz,/scratch/jaggbow/mol_xtb_coordinates/chromo1630/mmff.xyz,/scratch/jaggbow/mol_xtb_coordinates/chromo1630/basic.xyz,0,,,,,,
1975,chromo3723,CCn1c2ccccc2c2cc(-c3cc(-c4ccc5c(c4)c4ccccc4n5CC)nc(OC)n3)ccc21,3.5529,0.6209000000000002,3.567287789106065,0.3591279434864856,/scratch/jaggbow/mol_xtb_coordinates/chromo3723/geom.xtbopt.xyz,/scratch/jaggbow/mol_xtb_coordinates/chromo3723/mmff.xyz,/scratch/jaggbow/mol_xtb_coordinates/chromo3723/basic.xyz,1,,,,,,
1976,chromo5098,N#Cc1cc(-n2c3ccccc3c3ncccc32)c(-n2c3ccccc3c3ncccc32)cc1C#N,2.9807,0.3997999999999999,3.573562395146894,0.3701717257073923,/scratch/jaggbow/mol_xtb_coordinates/chromo5098/geom.xtbopt.xyz,/scratch/jaggbow/mol_xtb_coordinates/chromo5098/mmff.xyz,/scratch/jaggbow/mol_xtb_coordinates/chromo5098/basic.xyz,0,,,,,,
1977,chromo3319,CCCCCCN(c1ccccc1)c1ccc2c(c1)C(CC)(CC)c1cc(C=Cc3ccc(C=C(C#N)C(=O)O)s3)ccc1-2,2.1001,0.7054999999999998,1.7539953089011182,0.6700181250532964,/scratch/jaggbow/mol_xtb_coordinates/chromo3319/geom.xtbopt.xyz,/scratch/jaggbow/mol_xtb_coordinates/chromo3319/mmff.xyz,/scratch/jaggbow/mol_xtb_coordinates/chromo3319/basic.xyz,0,,,,,,
1978,chromo3480,CCOC(=O)c1c(-c2cc3c(ccc4ccccc43)oc2=O)nn(-c2cccc(C)c2)c1C(=O)OCC,3.4925,1.2257000000000002,3.822128931845781,0.9513817897787614,/scratch/jaggbow/mol_xtb_coordinates/chromo3480/geom.xtbopt.xyz,/scratch/jaggbow/mol_xtb_coordinates/chromo3480/mmff.xyz,/scratch/jaggbow/mol_xtb_coordinates/chromo3480/basic.xyz,0,,,,,,
1979,chromo0252,CN(C)c1ccc(C#CC2=C3CCc4ccccc4C3=[O+][B-](F)(F)O2)cc1,2.8494,0.8157000000000001,3.638224721116493,1.0003583168058074,/scratch/jaggbow/mol_xtb_coordinates/chromo0252/geom.xtbopt.xyz,/scratch/jaggbow/mol_xtb_coordinates/chromo0252/mmff.xyz,/scratch/jaggbow/mol_xtb_coordinates/chromo0252/basic.xyz,0,,,,,,
1980,chromo1167,[O-]c1ccccc1-c1[nH+]c2c3ccccc3c3ccccc3c2n1-c1ccccc1,3.6081,0.9143999999999995,5.287232909396745,0.8333607506766105,/scratch/jaggbow/mol_xtb_coordinates/chromo1167/geom.xtbopt.xyz,/scratch/jaggbow/mol_xtb_coordinates/chromo1167/mmff.xyz,/scratch/jaggbow/mol_xtb_coordinates/chromo1167/basic.xyz,0,,,,,,
1981,chromo3141,C(=Cc1ccc(-c2ccc(C=CSC=C3CCCCCC3)cc2)cc1)SC=C1CCCCCC1,3.2973,1.0328,4.158472441675722,0.8351718303615496,/scratch/jaggbow/mol_xtb_coordinates/chromo3141/geom.xtbopt.xyz,/scratch/jaggbow/mol_xtb_coordinates/chromo3141/mmff.xyz,/scratch/jaggbow/mol_xtb_coordinates/chromo3141/basic.xyz,1,,,,,,
1982,chromo2349,COC(=O)c1ccccc1C#Cc1ccccc1NC(C)=O,3.2229,0.8052000000000001,3.6303589457245207,0.5187420660481935,/scratch/jaggbow/mol_xtb_coordinates/chromo2349/geom.xtbopt.xyz,/scratch/jaggbow/mol_xtb_coordinates/chromo2349/mmff.xyz,/scratch/jaggbow/mol_xtb_coordinates/chromo2349/basic.xyz,1,,,,,,
1983,chromo0225,CCCCCCCCCCCCOc1cc2cc(N(C)C)ccc2cc1C#N,3.6484,1.1261,3.2041367608285802,0.6559174181464114,/scratch/jaggbow/mol_xtb_coordinates/chromo0225/geom.xtbopt.xyz,/scratch/jaggbow/mol_xtb_coordinates/chromo0225/mmff.xyz,/scratch/jaggbow/mol_xtb_coordinates/chromo0225/basic.xyz,1,,,,,,
1984,chromo3108,Cc1cc2c3ccccc3sc2c2[nH]c3ccccc3c12,3.7006,0.7774000000000001,2.7304866520309004,0.25803055395396596,/scratch/jaggbow/mol_xtb_coordinates/chromo3108/geom.xtbopt.xyz,/scratch/jaggbow/mol_xtb_coordinates/chromo3108/mmff.xyz,/scratch/jaggbow/mol_xtb_coordinates/chromo3108/basic.xyz,0,,,,,,
1985,chromo4681,C[Si]1(C)O[Si](C)(C)c2cc3c(-c4ccccc4)c4ccccc4nc3cc21,3.1793,1.3485,3.3367380932071287,0.9004796753269683,/scratch/jaggbow/mol_xtb_coordinates/chromo4681/geom.xtbopt.xyz,/scratch/jaggbow/mol_xtb_coordinates/chromo4681/mmff.xyz,/scratch/jaggbow/mol_xtb_coordinates/chromo4681/basic.xyz,0,,,,,,
1986,chromo0284,COc1c2ccccc2c(OC)c2c1c1cc(Cl)ccc1n2C,3.2048,1.0074,4.450233480776784,1.0086005290168685,/scratch/jaggbow/mol_xtb_coordinates/chromo0284/geom.xtbopt.xyz,/scratch/jaggbow/mol_xtb_coordinates/chromo0284/mmff.xyz,/scratch/jaggbow/mol_xtb_coordinates/chromo0284/basic.xyz,0,,,,,,
1987,chromo3541,N#Cc1ccc(C=Cc2ncc(-c3ccccc3)o2)cc1,3.1574,1.2646,3.2413342966555305,0.9619690694172633,/scratch/jaggbow/mol_xtb_coordinates/chromo3541/geom.xtbopt.xyz,/scratch/jaggbow/mol_xtb_coordinates/chromo3541/mmff.xyz,/scratch/jaggbow/mol_xtb_coordinates/chromo3541/basic.xyz,1,,,,,,
1988,chromo2734,CN(C)c1ccc(C=CC=NN=Cc2ccc3ccc4cccc5ccc2c3c45)cc1,2.6244,1.0561,4.181947020729914,0.963588239352838,/scratch/jaggbow/mol_xtb_coordinates/chromo2734/geom.xtbopt.xyz,/scratch/jaggbow/mol_xtb_coordinates/chromo2734/mmff.xyz,/scratch/jaggbow/mol_xtb_coordinates/chromo2734/basic.xyz,1,,,,,,
1989,chromo1131,CC1=C(C)C(c2c(C)c(C)c3n2[B-](F)(F)[N+]2=C(C)C(C)=C(C)C2=C3)=[N+]2C1=Cc1c(C)c(C)c(C)n1[B-]2(F)F,2.3886,0.9454999999999998,1.7402526415191681,1.0247326465461135,/scratch/jaggbow/mol_xtb_coordinates/chromo1131/geom.xtbopt.xyz,/scratch/jaggbow/mol_xtb_coordinates/chromo1131/mmff.xyz,/scratch/jaggbow/mol_xtb_coordinates/chromo1131/basic.xyz,1,,,,,,
1990,chromo4085,CC(=O)c1ccc(N=Nc2ccc(Nc3ccccc3)cc2)cc1,2.4877,0.7000999999999997,1.616275595293676,0.14367383584717636,/scratch/jaggbow/mol_xtb_coordinates/chromo4085/geom.xtbopt.xyz,/scratch/jaggbow/mol_xtb_coordinates/chromo4085/mmff.xyz,/scratch/jaggbow/mol_xtb_coordinates/chromo4085/basic.xyz,1,,,,,,
1991,chromo2549,COc1cc2c3c(c4cc(OC)c(OC)c(OC)c4c2c(OC)c1OC)=[N+]1C(=C(c2c(C)cc(C)cc2C)c2cc4c5cc(OC)c(OC)c(OC)c5c5c(OC)c(OC)c(OC)cc5c4n2[B-]1(F)F)C=3,1.8045,0.6703999999999999,3.2378234748977657,1.1245136860787193,/scratch/jaggbow/mol_xtb_coordinates/chromo2549/geom.xtbopt.xyz,/scratch/jaggbow/mol_xtb_coordinates/chromo2549/mmff.xyz,/scratch/jaggbow/mol_xtb_coordinates/chromo2549/basic.xyz,0,,,,,,
1992,chromo1033,CC1=C2C=CC(c3ccccc3)=[N+]2[B-](F)(F)n2c1ccc2-c1ccccc1,2.6026,1.1626,2.1041632783448123,1.1061596073383604,/scratch/jaggbow/mol_xtb_coordinates/chromo1033/geom.xtbopt.xyz,/scratch/jaggbow/mol_xtb_coordinates/chromo1033/mmff.xyz,/scratch/jaggbow/mol_xtb_coordinates/chromo1033/basic.xyz,1,,,,,,
1993,chromo3000,c1cnc(-c2c3ccccc3c(-c3cncnc3)c3ccccc23)nc1,3.0716,1.3651000000000002,2.4393970753337033,0.8597598892314482,/scratch/jaggbow/mol_xtb_coordinates/chromo3000/geom.xtbopt.xyz,/scratch/jaggbow/mol_xtb_coordinates/chromo3000/mmff.xyz,/scratch/jaggbow/mol_xtb_coordinates/chromo3000/basic.xyz,1,,,,,,
1994,chromo2313,O=P1(c2ccccc2)C(c2cc(C(F)(F)F)cc(C(F)(F)F)c2)=Cc2c3ccc4cccc5ccc(c6cc(-c7ccccc7)n1c26)c3c45,2.6578,1.1191,2.171614182130389,0.6827874412542805,/scratch/jaggbow/mol_xtb_coordinates/chromo2313/geom.xtbopt.xyz,/scratch/jaggbow/mol_xtb_coordinates/chromo2313/mmff.xyz,/scratch/jaggbow/mol_xtb_coordinates/chromo2313/basic.xyz,0,,,,,,
1995,chromo3123,Cc1ccc(-c2c3nc(c(-c4ccc(C)cc4)c4ccc(s4)c(-c4ccco4)c4nc(c(-c5ccc(C)cc5)c5ccc2[nH]5)C=C4)C=C3)cc1,2.0113,0.7660999999999998,2.3104558604831373,0.1920484667173548,/scratch/jaggbow/mol_xtb_coordinates/chromo3123/geom.xtbopt.xyz,/scratch/jaggbow/mol_xtb_coordinates/chromo3123/mmff.xyz,/scratch/jaggbow/mol_xtb_coordinates/chromo3123/basic.xyz,0,,,,,,
1996,chromo4624,CC(C)(C)c1ccc(-c2cc(-c3ccc(-c4cc(-c5ccc(C(C)(C)C)cc5)c(C(=O)N5CCOCC5)s4)s3)sc2C(=O)N2CCOCC2)cc1,3.0827,1.2074,2.0284877249112943,0.6254523423987541,/scratch/jaggbow/mol_xtb_coordinates/chromo4624/geom.xtbopt.xyz,/scratch/jaggbow/mol_xtb_coordinates/chromo4624/mmff.xyz,/scratch/jaggbow/mol_xtb_coordinates/chromo4624/basic.xyz,1,,,,,,
1997,chromo1627,Cc1ccc(-c2cc(-c3ccccc3)c3c(N)nc(N4CCCC4)c(C#N)c3n2)cc1,2.9016,0.5740000000000003,2.797586866295004,0.5394488911805371,/scratch/jaggbow/mol_xtb_coordinates/chromo1627/geom.xtbopt.xyz,/scratch/jaggbow/mol_xtb_coordinates/chromo1627/mmff.xyz,/scratch/jaggbow/mol_xtb_coordinates/chromo1627/basic.xyz,0,,,,,,
1998,chromo5401,c1ccc(N2c3ccccc3C3(c4ccccc4-c4ccccc43)c3ccccc32)cc1,3.593,0.5476000000000001,2.960704109978732,0.3709500026623959,/scratch/jaggbow/mol_xtb_coordinates/chromo5401/geom.xtbopt.xyz,/scratch/jaggbow/mol_xtb_coordinates/chromo5401/mmff.xyz,/scratch/jaggbow/mol_xtb_coordinates/chromo5401/basic.xyz,0,,,,,,
1999,chromo0507,CC(C)c1cccc(C(C)C)c1N1C(=O)c2cccc3c(Oc4ccc(Cl)cc4)ccc(c23)C1=O,3.366,1.0724,5.0064551217890205,1.2389957720575646,/scratch/jaggbow/mol_xtb_coordinates/chromo0507/geom.xtbopt.xyz,/scratch/jaggbow/mol_xtb_coordinates/chromo0507/mmff.xyz,/scratch/jaggbow/mol_xtb_coordinates/chromo0507/basic.xyz,0,,,,,,
2000,chromo0912,C[Si]1(C)c2cc(-c3cccs3)ccc2C=Cc2ccc(-c3cccs3)cc21,3.2674,1.0621,4.836766668814401,1.0196324391845808,/scratch/jaggbow/mol_xtb_coordinates/chromo0912/geom.xtbopt.xyz,/scratch/jaggbow/mol_xtb_coordinates/chromo0912/mmff.xyz,/scratch/jaggbow/mol_xtb_coordinates/chromo0912/basic.xyz,0,,,,,,
2001,chromo2612,O=Cc1ccc2c(c1)c1ccccc1n2-c1ccc(-c2ccc(-n3c4ccccc4c4cc(C=O)ccc43)cc2)cc1,3.5607,0.6305000000000001,5.155590933912689,0.8304290328672965,/scratch/jaggbow/mol_xtb_coordinates/chromo2612/geom.xtbopt.xyz,/scratch/jaggbow/mol_xtb_coordinates/chromo2612/mmff.xyz,/scratch/jaggbow/mol_xtb_coordinates/chromo2612/basic.xyz,1,,,,,,
2002,chromo3553,N#Cc1ccc(C#Cc2ncc(-c3ccccc3)o2)cc1,3.283,1.1122999999999998,4.3172498569062325,1.0464063323874662,/scratch/jaggbow/mol_xtb_coordinates/chromo3553/geom.xtbopt.xyz,/scratch/jaggbow/mol_xtb_coordinates/chromo3553/mmff.xyz,/scratch/jaggbow/mol_xtb_coordinates/chromo3553/basic.xyz,1,,,,,,
2003,chromo4697,Fc1ccccc1-c1c2cc(Cl)ccc2nc2cc3ccccc3cc12,2.4312,1.2642,2.575619830318064,0.9518122297011373,/scratch/jaggbow/mol_xtb_coordinates/chromo4697/geom.xtbopt.xyz,/scratch/jaggbow/mol_xtb_coordinates/chromo4697/mmff.xyz,/scratch/jaggbow/mol_xtb_coordinates/chromo4697/basic.xyz,0,,,,,,
2004,chromo3736,CCn1c2ccccc2c2cc(C=Cc3cc(C=Cc4ccc5c(c4)c4ccccc4n5CC)ncn3)ccc21,3.0063,0.7986,4.2934325731222875,0.820671070653471,/scratch/jaggbow/mol_xtb_coordinates/chromo3736/geom.xtbopt.xyz,/scratch/jaggbow/mol_xtb_coordinates/chromo3736/mmff.xyz,/scratch/jaggbow/mol_xtb_coordinates/chromo3736/basic.xyz,1,,,,,,
2005,chromo0771,COc1ccc2cc(C=Cc3nc(C=Cc4ccc(N(c5ccccc5)c5ccccc5)cc4)cc(C=Cc4ccc(N(c5ccccc5)c5ccccc5)cc4)n3)ccc2c1,2.6876,0.6564000000000001,2.1772669782151004,0.29944452678062583,/scratch/jaggbow/mol_xtb_coordinates/chromo0771/geom.xtbopt.xyz,/scratch/jaggbow/mol_xtb_coordinates/chromo0771/mmff.xyz,/scratch/jaggbow/mol_xtb_coordinates/chromo0771/basic.xyz,1,,,,,,
2006,chromo3712,C1=C(c2ccccc2)C(c2ccccc2)C(c2ccccc2)=C1,3.35,1.4949,2.50451468201413,0.8653482452335648,/scratch/jaggbow/mol_xtb_coordinates/chromo3712/geom.xtbopt.xyz,/scratch/jaggbow/mol_xtb_coordinates/chromo3712/mmff.xyz,/scratch/jaggbow/mol_xtb_coordinates/chromo3712/basic.xyz,0,,,,,,
2007,chromo4584,Cc1ccc(-c2c3nc(c(-c4ccc(C)cc4)c4ccc([nH]4)c(-c4ccc(OC(=O)C(C)c5ccc(CC(C)C)cc5)cc4)c4nc(c(-c5ccc(C)cc5)c5ccc2[nH]5)C=C4)C=C3)cc1,2.1303,0.7803,2.1066379146809187,0.19734845729868947,/scratch/jaggbow/mol_xtb_coordinates/chromo4584/geom.xtbopt.xyz,/scratch/jaggbow/mol_xtb_coordinates/chromo4584/mmff.xyz,/scratch/jaggbow/mol_xtb_coordinates/chromo4584/basic.xyz,0,,,,,,
2008,chromo4583,Cc1ccc(-c2c3nc(c(-c4ccc(C)cc4)c4ccc([nH]4)c(-c4ccc(OC(=O)C(C)c5ccccc5)cc4)c4nc(c(-c5ccc(C)cc5)c5ccc2[nH]5)C=C4)C=C3)cc1,2.1306,0.7803999999999998,1.737803335565785,0.10604128176980397,/scratch/jaggbow/mol_xtb_coordinates/chromo4583/geom.xtbopt.xyz,/scratch/jaggbow/mol_xtb_coordinates/chromo4583/mmff.xyz,/scratch/jaggbow/mol_xtb_coordinates/chromo4583/basic.xyz,0,,,,,,
2009,chromo5090,O=C(c1ccncc1)c1ccc(-n2c3ccccc3c3cc(-n4c5ccccc5c5ccccc54)ccc32)cc1,2.6384,0.0976999999999996,4.744785523508787,0.6971816367983554,/scratch/jaggbow/mol_xtb_coordinates/chromo5090/geom.xtbopt.xyz,/scratch/jaggbow/mol_xtb_coordinates/chromo5090/mmff.xyz,/scratch/jaggbow/mol_xtb_coordinates/chromo5090/basic.xyz,1,,,,,,
2010,chromo0258,F[B-]1(F)OC(C=Cc2ccccc2)=CC(c2ccccc2)=[O+]1,3.3462,1.1868,3.0729260500899462,0.9769022594488029,/scratch/jaggbow/mol_xtb_coordinates/chromo0258/geom.xtbopt.xyz,/scratch/jaggbow/mol_xtb_coordinates/chromo0258/mmff.xyz,/scratch/jaggbow/mol_xtb_coordinates/chromo0258/basic.xyz,0,,,,,,
2011,chromo4243,C#Cc1ccc(-c2nc(-c3ccc(C#C)s3)nc(-c3ccc(C#C)s3)n2)s1,3.251,1.0410999999999997,3.8289508472397173,0.8909573853383048,/scratch/jaggbow/mol_xtb_coordinates/chromo4243/geom.xtbopt.xyz,/scratch/jaggbow/mol_xtb_coordinates/chromo4243/mmff.xyz,/scratch/jaggbow/mol_xtb_coordinates/chromo4243/basic.xyz,0,,,,,,
2012,chromo2070,CC1(C)c2ccccc2N(c2ccc(-c3nnc(-c4ccccc4O)o3)cc2)c2ccccc21,2.6833,0.0099,4.939924480066967,0.5306099877960551,/scratch/jaggbow/mol_xtb_coordinates/chromo2070/geom.xtbopt.xyz,/scratch/jaggbow/mol_xtb_coordinates/chromo2070/mmff.xyz,/scratch/jaggbow/mol_xtb_coordinates/chromo2070/basic.xyz,0,,,,,,
2013,chromo0404,Fc1ccc(-c2ccc(-c3cc(-c4ccccn4)nc(-c4ccccn4)c3)cc2)c(F)c1,3.9616,1.0974,5.59398220333653,0.8749496408342579,/scratch/jaggbow/mol_xtb_coordinates/chromo0404/geom.xtbopt.xyz,/scratch/jaggbow/mol_xtb_coordinates/chromo0404/mmff.xyz,/scratch/jaggbow/mol_xtb_coordinates/chromo0404/basic.xyz,1,,,,,,
2014,chromo1812,CCN(CC)c1ccc2cc(C#N)c(=NC(=O)c3ccc(C)cc3)oc2c1,3.2586,1.1069999999999998,4.24793742523843,1.208362038324126,/scratch/jaggbow/mol_xtb_coordinates/chromo1812/geom.xtbopt.xyz,/scratch/jaggbow/mol_xtb_coordinates/chromo1812/mmff.xyz,/scratch/jaggbow/mol_xtb_coordinates/chromo1812/basic.xyz,1,,,,,,
2015,chromo2360,CC1(C)Nc2ccccc2-c2[nH]c3ccccc3c(=O)c21,3.1536,0.7182,1.9404005969803377,0.2994748171120894,/scratch/jaggbow/mol_xtb_coordinates/chromo2360/geom.xtbopt.xyz,/scratch/jaggbow/mol_xtb_coordinates/chromo2360/mmff.xyz,/scratch/jaggbow/mol_xtb_coordinates/chromo2360/basic.xyz,0,,,,,,
2016,chromo2276,CCCCn1c2c(-c3ccc(N(c4ccccc4)c4ccccc4)cc3)cc(C#N)cc2c2cc(C#N)cc(-c3ccc(N(c4ccccc4)c4ccccc4)cc3)c21,3.3633,0.5184000000000002,4.540539940284089,0.5166461849448928,/scratch/jaggbow/mol_xtb_coordinates/chromo2276/geom.xtbopt.xyz,/scratch/jaggbow/mol_xtb_coordinates/chromo2276/mmff.xyz,/scratch/jaggbow/mol_xtb_coordinates/chromo2276/basic.xyz,1,,,,,,
2017,chromo3073,CN(C)c1cc(-c2ccc(C#Cc3ccccc3)cc2)cc2ccccc12,3.3778,1.0167000000000002,1.7844401161583183,0.31693299028579963,/scratch/jaggbow/mol_xtb_coordinates/chromo3073/geom.xtbopt.xyz,/scratch/jaggbow/mol_xtb_coordinates/chromo3073/mmff.xyz,/scratch/jaggbow/mol_xtb_coordinates/chromo3073/basic.xyz,1,,,,,,
2018,chromo1172,Oc1ccccc1C1=NC2c3cccc4cccc(c34)C2N1c1ccccc1,3.9672,1.2792,4.732146728425881,0.9524903729002842,/scratch/jaggbow/mol_xtb_coordinates/chromo1172/geom.xtbopt.xyz,/scratch/jaggbow/mol_xtb_coordinates/chromo1172/mmff.xyz,/scratch/jaggbow/mol_xtb_coordinates/chromo1172/basic.xyz,0,,,,,,
2019,chromo0422,Cc1ccc(-c2nc(C=Cc3ccc(Cl)cc3)c(C=Cc3ccc(Cl)cc3)[nH]2)cc1,2.9531,1.2564,2.8649404715075764,0.8961407672966853,/scratch/jaggbow/mol_xtb_coordinates/chromo0422/geom.xtbopt.xyz,/scratch/jaggbow/mol_xtb_coordinates/chromo0422/mmff.xyz,/scratch/jaggbow/mol_xtb_coordinates/chromo0422/basic.xyz,1,,,,,,
2020,chromo2112,COc1ccc(-c2nnc(-c3cc(-n4c5ccccc5c5ccccc54)c(-n4c5ccccc5c5ccccc54)cc3-c3nnc(-c4ccc(OC)cc4)o3)o2)cc1,2.9298,0.4053,2.9624410573795856,0.15920151875843866,/scratch/jaggbow/mol_xtb_coordinates/chromo2112/geom.xtbopt.xyz,/scratch/jaggbow/mol_xtb_coordinates/chromo2112/mmff.xyz,/scratch/jaggbow/mol_xtb_coordinates/chromo2112/basic.xyz,1,,,,,,
2021,chromo0200,Cc1nc(-c2ccccc2O)n2c1CCCC2,4.1911,1.1367999999999996,7.186221231051836,1.460817093722551,/scratch/jaggbow/mol_xtb_coordinates/chromo0200/geom.xtbopt.xyz,/scratch/jaggbow/mol_xtb_coordinates/chromo0200/mmff.xyz,/scratch/jaggbow/mol_xtb_coordinates/chromo0200/basic.xyz,0,,,,,,
2022,chromo0757,COc1ccc(C=Cc2cc(C=Cc3ccc(OC)cc3)nc(C=Cc3ccccc3)n2)cc1,3.16,0.9756,3.5596476910337467,0.7187258946483032,/scratch/jaggbow/mol_xtb_coordinates/chromo0757/geom.xtbopt.xyz,/scratch/jaggbow/mol_xtb_coordinates/chromo0757/mmff.xyz,/scratch/jaggbow/mol_xtb_coordinates/chromo0757/basic.xyz,1,,,,,,
2023,chromo2145,N#Cc1cccc(-c2cccc(-c3nc(-c4cccc(-c5cccc(C#N)c5)c4)nc(-c4cccc(-c5cccc(C#N)c5)c4)n3)c2)c1,3.8239,0.8994,4.640089541715082,0.2621512583497075,/scratch/jaggbow/mol_xtb_coordinates/chromo2145/geom.xtbopt.xyz,/scratch/jaggbow/mol_xtb_coordinates/chromo2145/mmff.xyz,/scratch/jaggbow/mol_xtb_coordinates/chromo2145/basic.xyz,1,,,,,,
2024,chromo2829,CCOC(=O)c1ccc(C2=Cc3ccccc3P2(=O)c2ccccc2)cc1,3.49,1.2957,4.0888068484714015,1.063583862222322,/scratch/jaggbow/mol_xtb_coordinates/chromo2829/geom.xtbopt.xyz,/scratch/jaggbow/mol_xtb_coordinates/chromo2829/mmff.xyz,/scratch/jaggbow/mol_xtb_coordinates/chromo2829/basic.xyz,0,,,,,,
2025,chromo3698,COc1ccc(C#Cc2nc(C#Cc3ccc(OC)cc3)c(C#Cc3ccc(OC)cc3)c(C#Cc3ccc(OC)cc3)c2C#Cc2ccc(OC)cc2)cc1,2.7401,0.8447,5.7010209524358135,1.1382985191311734,/scratch/jaggbow/mol_xtb_coordinates/chromo3698/geom.xtbopt.xyz,/scratch/jaggbow/mol_xtb_coordinates/chromo3698/mmff.xyz,/scratch/jaggbow/mol_xtb_coordinates/chromo3698/basic.xyz,1,,,,,,
2026,chromo1040,CCC1=C(C)C2=C(C=CSc3ccccc3)c3c(C)c(CC)c(C)n3[B-](F)(F)[N+]2=C1C,2.7769,1.3103,2.907781684783018,1.2826614945483434,/scratch/jaggbow/mol_xtb_coordinates/chromo1040/geom.xtbopt.xyz,/scratch/jaggbow/mol_xtb_coordinates/chromo1040/mmff.xyz,/scratch/jaggbow/mol_xtb_coordinates/chromo1040/basic.xyz,1,,,,,,
2027,chromo5088,O=C(c1ccncc1)c1ccc(-n2c3ccccc3c3ccccc32)cc1,2.9684,0.3380999999999998,4.700268958129058,0.7205242330304408,/scratch/jaggbow/mol_xtb_coordinates/chromo5088/geom.xtbopt.xyz,/scratch/jaggbow/mol_xtb_coordinates/chromo5088/mmff.xyz,/scratch/jaggbow/mol_xtb_coordinates/chromo5088/basic.xyz,1,,,,,,
2028,chromo1892,CCCCCCCCCCCCCCCCCCN1C(=O)c2cccc3c(OCCN(C)C)ccc(c23)C1=O,3.4247,1.1258,4.458168190628506,1.1357401205636672,/scratch/jaggbow/mol_xtb_coordinates/chromo1892/geom.xtbopt.xyz,/scratch/jaggbow/mol_xtb_coordinates/chromo1892/mmff.xyz,/scratch/jaggbow/mol_xtb_coordinates/chromo1892/basic.xyz,0,,,,,,
2029,chromo4353,Clc1nnc(ON=Cc2ccc(N(c3ccccc3)c3ccccc3)cc2)nn1,2.0462,0.6199999999999999,2.4486313874298733,0.13261326936242285,/scratch/jaggbow/mol_xtb_coordinates/chromo4353/geom.xtbopt.xyz,/scratch/jaggbow/mol_xtb_coordinates/chromo4353/mmff.xyz,/scratch/jaggbow/mol_xtb_coordinates/chromo4353/basic.xyz,0,,,,,,
2030,chromo1489,CCCCN1c2ccccc2Sc2cc(C=CC3=Nc4ccc5ccccc5c4C3(C)C)ccc21,2.8129,1.0978,1.8250051142515682,0.38406579044027767,/scratch/jaggbow/mol_xtb_coordinates/chromo1489/geom.xtbopt.xyz,/scratch/jaggbow/mol_xtb_coordinates/chromo1489/mmff.xyz,/scratch/jaggbow/mol_xtb_coordinates/chromo1489/basic.xyz,0,,,,,,
2031,chromo3733,CCn1c2ccccc2c2cc(C#Cc3cc(C#Cc4ccc5c(c4)c4ccccc4n5CC)nc(N4CCCCC4)n3)ccc21,3.1197,0.5993999999999997,5.456300443602881,1.012601638042052,/scratch/jaggbow/mol_xtb_coordinates/chromo3733/geom.xtbopt.xyz,/scratch/jaggbow/mol_xtb_coordinates/chromo3733/mmff.xyz,/scratch/jaggbow/mol_xtb_coordinates/chromo3733/basic.xyz,1,,,,,,
2032,chromo3728,CCn1c2ccccc2c2cc(-c3cc(-c4ccc5c(c4)c4ccccc4n5CC)nc(-c4ccc(OC)cc4)n3)ccc21,3.5632,0.7136,5.372997813887929,0.8221224506005131,/scratch/jaggbow/mol_xtb_coordinates/chromo3728/geom.xtbopt.xyz,/scratch/jaggbow/mol_xtb_coordinates/chromo3728/mmff.xyz,/scratch/jaggbow/mol_xtb_coordinates/chromo3728/basic.xyz,1,,,,,,
2033,chromo4987,N#Cc1c(-n2c3ccccc3c3ccccc32)c(-n2c3ccccc3c3ccccc32)cc(-n2c3ccccc3c3ccccc32)c1-n1c2ccccc2c2ccccc21,2.8141,0.1364999999999998,2.820872564957397,0.11503425986846186,/scratch/jaggbow/mol_xtb_coordinates/chromo4987/geom.xtbopt.xyz,/scratch/jaggbow/mol_xtb_coordinates/chromo4987/mmff.xyz,/scratch/jaggbow/mol_xtb_coordinates/chromo4987/basic.xyz,1,,,,,,
2034,chromo0423,CCCCc1cc(C=O)c2ccc3c(CCCC)cc(N4CCCCC4)c4ccc1c2c34,2.8734,1.1333000000000002,2.6888362424058787,0.7837990428391585,/scratch/jaggbow/mol_xtb_coordinates/chromo0423/geom.xtbopt.xyz,/scratch/jaggbow/mol_xtb_coordinates/chromo0423/mmff.xyz,/scratch/jaggbow/mol_xtb_coordinates/chromo0423/basic.xyz,1,,,,,,
2035,chromo1158,Cc1ccc(N=C2C3=c4[nH]c5ccccc5c4=[N+](c4ccc(C)cc4)[B-](F)(F)N3c3ccccc32)cc1,1.9893,1.1066,2.882322839299784,1.400985166039902,/scratch/jaggbow/mol_xtb_coordinates/chromo1158/geom.xtbopt.xyz,/scratch/jaggbow/mol_xtb_coordinates/chromo1158/mmff.xyz,/scratch/jaggbow/mol_xtb_coordinates/chromo1158/basic.xyz,0,,,,,,
2036,chromo4726,COc1cccc(-n2c(-c3ccccc3)nc(C)c2C)c1,3.987,0.9622000000000002,4.752639410531789,0.8034761429123622,/scratch/jaggbow/mol_xtb_coordinates/chromo4726/geom.xtbopt.xyz,/scratch/jaggbow/mol_xtb_coordinates/chromo4726/mmff.xyz,/scratch/jaggbow/mol_xtb_coordinates/chromo4726/basic.xyz,1,,,,,,
2037,chromo2299,FC(F)(F)c1ccc(B2c3ccccc3Nc3ccccc32)c(C(F)(F)F)c1,3.5421,0.7967,3.627931589127453,0.7812060956208491,/scratch/jaggbow/mol_xtb_coordinates/chromo2299/geom.xtbopt.xyz,/scratch/jaggbow/mol_xtb_coordinates/chromo2299/mmff.xyz,/scratch/jaggbow/mol_xtb_coordinates/chromo2299/basic.xyz,0,,,,,,
2038,chromo4634,CCCCNC(=O)c1sc(-c2ccc(-c3cc(-c4ccc(C(C)(C)C)cc4)c(C(=O)NCCCC)s3)s2)cc1-c1ccc(C(C)(C)C)cc1,2.9635,1.1618999999999997,3.078602219953571,0.9000279605390761,/scratch/jaggbow/mol_xtb_coordinates/chromo4634/geom.xtbopt.xyz,/scratch/jaggbow/mol_xtb_coordinates/chromo4634/mmff.xyz,/scratch/jaggbow/mol_xtb_coordinates/chromo4634/basic.xyz,0,,,,,,
2039,chromo3452,CCOC(=O)c1c(-c2c(Cl)c3ccccc3oc2=O)nn(-c2cccc(Cl)c2)c1C(=O)OCC,3.8902,1.2087,3.3041991797827643,0.7210779416446292,/scratch/jaggbow/mol_xtb_coordinates/chromo3452/geom.xtbopt.xyz,/scratch/jaggbow/mol_xtb_coordinates/chromo3452/mmff.xyz,/scratch/jaggbow/mol_xtb_coordinates/chromo3452/basic.xyz,1,,,,,,
2040,chromo3583,F[B-]1(F)n2c(nc(-c3ccccc3)c2-c2ccccc2)-c2cccc[n+]21,2.653,0.6143999999999998,2.5639213613517744,0.6106310842323246,/scratch/jaggbow/mol_xtb_coordinates/chromo3583/geom.xtbopt.xyz,/scratch/jaggbow/mol_xtb_coordinates/chromo3583/mmff.xyz,/scratch/jaggbow/mol_xtb_coordinates/chromo3583/basic.xyz,0,,,,,,
2041,chromo0489,Cn1c(=O)c(N=Nc2ccc(Nc3ccccc3)c(S(=O)(=O)O)c2)c(O)c2ccccc21,2.741,0.9792,4.040055068844476,0.8750904318477908,/scratch/jaggbow/mol_xtb_coordinates/chromo0489/geom.xtbopt.xyz,/scratch/jaggbow/mol_xtb_coordinates/chromo0489/mmff.xyz,/scratch/jaggbow/mol_xtb_coordinates/chromo0489/basic.xyz,0,,,,,,
2042,chromo2536,CCOC(=O)c1csc2[n+]1[B-](F)(F)OC(c1ccc(N(C)C)cc1)=N2,3.3947,0.8632999999999997,4.306062591284719,1.085818568717253,/scratch/jaggbow/mol_xtb_coordinates/chromo2536/geom.xtbopt.xyz,/scratch/jaggbow/mol_xtb_coordinates/chromo2536/mmff.xyz,/scratch/jaggbow/mol_xtb_coordinates/chromo2536/basic.xyz,0,,,,,,
2043,chromo5458,CC1=C(c2ccccc2)Oc2cc3nc4ccccc4nc3c3cccc1c23,2.6111,0.7407999999999999,2.3846655697962897,0.581796535761018,/scratch/jaggbow/mol_xtb_coordinates/chromo5458/geom.xtbopt.xyz,/scratch/jaggbow/mol_xtb_coordinates/chromo5458/mmff.xyz,/scratch/jaggbow/mol_xtb_coordinates/chromo5458/basic.xyz,0,,,,,,
2044,chromo1183,Cc1ccc(-n2c(-c3cccc4cc[n-]c34)[nH+]c3c4ccccc4c4ccccc4c32)cc1,3.5143,0.9514,3.3696606348887665,0.5376564515967318,/scratch/jaggbow/mol_xtb_coordinates/chromo1183/geom.xtbopt.xyz,/scratch/jaggbow/mol_xtb_coordinates/chromo1183/mmff.xyz,/scratch/jaggbow/mol_xtb_coordinates/chromo1183/basic.xyz,0,,,,,,
2045,chromo3725,CCn1c2ccccc2c2cc(-c3cc(-c4ccc5c(c4)c4ccccc4n5CC)nc(S(C)(=O)=O)n3)ccc21,3.3478,0.5638000000000001,4.168920255129613,0.5254797002943571,/scratch/jaggbow/mol_xtb_coordinates/chromo3725/geom.xtbopt.xyz,/scratch/jaggbow/mol_xtb_coordinates/chromo3725/mmff.xyz,/scratch/jaggbow/mol_xtb_coordinates/chromo3725/basic.xyz,1,,,,,,
2046,chromo2339,CC(C)(C)c1ccc(-c2c3c(c(-c4ccccc4)c4cc5ccccc5cc24)Cc2c(c(-c4ccccc4)c4cc5ccccc5cc4c2-c2ccc(C(C)(C)C)cc2)C3)cc1,3.0779,1.2743,5.402396140858446,1.5663504362111595,/scratch/jaggbow/mol_xtb_coordinates/chromo2339/geom.xtbopt.xyz,/scratch/jaggbow/mol_xtb_coordinates/chromo2339/mmff.xyz,/scratch/jaggbow/mol_xtb_coordinates/chromo2339/basic.xyz,0,,,,,,
2047,chromo2617,CC(C)(C)c1ccc2c(c1)c1cc(C(C)(C)C)ccc1n2-c1ccc(C#Cc2ccc(C=C(C#N)C#N)cc2)cc1,2.1613,0.3621000000000003,4.588567302513764,1.0238418633334612,/scratch/jaggbow/mol_xtb_coordinates/chromo2617/geom.xtbopt.xyz,/scratch/jaggbow/mol_xtb_coordinates/chromo2617/mmff.xyz,/scratch/jaggbow/mol_xtb_coordinates/chromo2617/basic.xyz,1,,,,,,
2048,chromo0526,N#CC(=Cc1ccncc1)c1nc(-c2ccccc2)cs1,2.8985,1.0299999999999998,3.880556343671055,1.104258429314406,/scratch/jaggbow/mol_xtb_coordinates/chromo0526/geom.xtbopt.xyz,/scratch/jaggbow/mol_xtb_coordinates/chromo0526/mmff.xyz,/scratch/jaggbow/mol_xtb_coordinates/chromo0526/basic.xyz,0,,,,,,
2049,chromo2298,FC(F)(F)c1ccccc1B1c2ccccc2Nc2ccccc21,3.567,0.7938000000000001,5.132780076538639,1.1573468492197079,/scratch/jaggbow/mol_xtb_coordinates/chromo2298/geom.xtbopt.xyz,/scratch/jaggbow/mol_xtb_coordinates/chromo2298/mmff.xyz,/scratch/jaggbow/mol_xtb_coordinates/chromo2298/basic.xyz,0,,,,,,
2050,chromo2843,C(=Cc1ccncn1)c1ccc(-c2ccco2)cc1,3.2888,1.2579000000000002,2.9126791973129973,0.7813222667131587,/scratch/jaggbow/mol_xtb_coordinates/chromo2843/geom.xtbopt.xyz,/scratch/jaggbow/mol_xtb_coordinates/chromo2843/mmff.xyz,/scratch/jaggbow/mol_xtb_coordinates/chromo2843/basic.xyz,0,,,,,,
2051,chromo1901,COC(=O)C(Cc1ccc2oc(-c3c4ccccc4cc4ccccc34)nc2c1)NC(=O)OC(C)(C)C,3.0157,1.3230999999999995,3.9690975200281247,1.1898538391850786,/scratch/jaggbow/mol_xtb_coordinates/chromo1901/geom.xtbopt.xyz,/scratch/jaggbow/mol_xtb_coordinates/chromo1901/mmff.xyz,/scratch/jaggbow/mol_xtb_coordinates/chromo1901/basic.xyz,1,,,,,,
2052,chromo2043,O=P(c1ccccc1)(c1ccccc1)c1cccc(-c2nc3ccccc3n2-c2cccc(P(=O)(c3ccccc3)c3ccccc3)c2)c1,4.0884,1.142,3.259394474553303,0.19525515747272082,/scratch/jaggbow/mol_xtb_coordinates/chromo2043/geom.xtbopt.xyz,/scratch/jaggbow/mol_xtb_coordinates/chromo2043/mmff.xyz,/scratch/jaggbow/mol_xtb_coordinates/chromo2043/basic.xyz,0,,,,,,
2053,chromo5523,CCCCOc1ccc(C=CC=CC=Cc2ccc([N+](=O)[O-])cc2)cc1,2.5911,1.201,1.7129889829813583,0.7557818060110144,/scratch/jaggbow/mol_xtb_coordinates/chromo5523/geom.xtbopt.xyz,/scratch/jaggbow/mol_xtb_coordinates/chromo5523/mmff.xyz,/scratch/jaggbow/mol_xtb_coordinates/chromo5523/basic.xyz,1,,,,,,
2054,chromo4893,CC1=CC(C)=[N+]2C1=C(c1ccc(-c3ccc(O)cc3)s1)c1c(C)cc(C)n1[B-]2(F)F,2.6528,1.2362,2.223164147845174,1.2156740703992992,/scratch/jaggbow/mol_xtb_coordinates/chromo4893/geom.xtbopt.xyz,/scratch/jaggbow/mol_xtb_coordinates/chromo4893/mmff.xyz,/scratch/jaggbow/mol_xtb_coordinates/chromo4893/basic.xyz,1,,,,,,
2055,chromo0303,CCOc1ccc(C=Cc2nc(N3CCOCC3)c3c([n+]2[O-])CCCC3)cc1,3.0059,1.2373,2.2968716030592438,0.6846929901494311,/scratch/jaggbow/mol_xtb_coordinates/chromo0303/geom.xtbopt.xyz,/scratch/jaggbow/mol_xtb_coordinates/chromo0303/mmff.xyz,/scratch/jaggbow/mol_xtb_coordinates/chromo0303/basic.xyz,0,,,,,,
2056,chromo2479,CNc1ncc2nc(C(=O)OC)n(Cc3ccccc3)c2n1,3.6933,1.1082999999999998,4.052653643303707,1.0189325705049528,/scratch/jaggbow/mol_xtb_coordinates/chromo2479/geom.xtbopt.xyz,/scratch/jaggbow/mol_xtb_coordinates/chromo2479/mmff.xyz,/scratch/jaggbow/mol_xtb_coordinates/chromo2479/basic.xyz,0,,,,,,
2057,chromo2844,Clc1ccc(C=Cc2cnc3ccccc3n2)cc1,3.3194,1.2788999999999997,2.9260641031790393,0.47377423648301475,/scratch/jaggbow/mol_xtb_coordinates/chromo2844/geom.xtbopt.xyz,/scratch/jaggbow/mol_xtb_coordinates/chromo2844/mmff.xyz,/scratch/jaggbow/mol_xtb_coordinates/chromo2844/basic.xyz,0,,,,,,
2058,chromo0928,C[Si](C)(C)[Si](c1ccc(-c2ccc(-c3ccc(-c4ccc([Si]([Si](C)(C)C)([Si](C)(C)C)[Si](C)(C)C)s4)s3)s2)s1)([Si](C)(C)C)[Si](C)(C)C,2.6838,1.0477,0.2762908690459862,0.23221672975398355,/scratch/jaggbow/mol_xtb_coordinates/chromo0928/geom.xtbopt.xyz,/scratch/jaggbow/mol_xtb_coordinates/chromo0928/mmff.xyz,/scratch/jaggbow/mol_xtb_coordinates/chromo0928/basic.xyz,0,,,,,,
2059,chromo4174,COc1ccc2nc(N)sc2c1,4.2718,0.9362999999999996,2.9511333905648955,0.39138829409798553,/scratch/jaggbow/mol_xtb_coordinates/chromo4174/geom.xtbopt.xyz,/scratch/jaggbow/mol_xtb_coordinates/chromo4174/mmff.xyz,/scratch/jaggbow/mol_xtb_coordinates/chromo4174/basic.xyz,1,,,,,,
2060,chromo4600,CC(=O)c1ccc(-c2cc3c(ccc4sccc43)s2)cc1,3.3609,1.0318,4.92301759059629,1.1724880279158527,/scratch/jaggbow/mol_xtb_coordinates/chromo4600/geom.xtbopt.xyz,/scratch/jaggbow/mol_xtb_coordinates/chromo4600/mmff.xyz,/scratch/jaggbow/mol_xtb_coordinates/chromo4600/basic.xyz,0,,,,,,
2061,chromo2424,COC(=O)c1cc(=O)n(C)c2cc(-c3ccccc3)sc12,3.1071,1.1906,5.217871460466219,1.5095369464844701,/scratch/jaggbow/mol_xtb_coordinates/chromo2424/geom.xtbopt.xyz,/scratch/jaggbow/mol_xtb_coordinates/chromo2424/mmff.xyz,/scratch/jaggbow/mol_xtb_coordinates/chromo2424/basic.xyz,1,,,,,,
2062,chromo3164,COc1cc(C=Cc2nc3ccccc3o2)c(OC)cc1C=Cc1nc(C)nc(C=Cc2cc(OC)c(C=Cc3nc4ccccc4o3)cc2OC)n1,2.596,0.9344,2.1781531730755668,0.525145284670001,/scratch/jaggbow/mol_xtb_coordinates/chromo3164/geom.xtbopt.xyz,/scratch/jaggbow/mol_xtb_coordinates/chromo3164/mmff.xyz,/scratch/jaggbow/mol_xtb_coordinates/chromo3164/basic.xyz,0,,,,,,
2063,chromo3382,O=C1c2cccc3c(-n4c5ccccc5c5ccccc54)ccc(c23)C(=O)N1C1CCCCC1,2.5346,0.3571,3.1554888722580317,0.5299384532208254,/scratch/jaggbow/mol_xtb_coordinates/chromo3382/geom.xtbopt.xyz,/scratch/jaggbow/mol_xtb_coordinates/chromo3382/mmff.xyz,/scratch/jaggbow/mol_xtb_coordinates/chromo3382/basic.xyz,0,,,,,,
2064,chromo5976,CCn1c2sccc2c2c3nsnc3c3c4ccsc4n(CC)c3c21,2.8092,0.7014,4.145257294719723,0.7842294241531463,/scratch/jaggbow/mol_xtb_coordinates/chromo5976/geom.xtbopt.xyz,/scratch/jaggbow/mol_xtb_coordinates/chromo5976/mmff.xyz,/scratch/jaggbow/mol_xtb_coordinates/chromo5976/basic.xyz,0,,,,,,
2065,chromo2440,COC(=O)c1cc(=O)n(C)c2cc(-c3cccc(N(C)C)c3)sc12,2.8784,0.9694,3.177808284285764,1.00896223735976,/scratch/jaggbow/mol_xtb_coordinates/chromo2440/geom.xtbopt.xyz,/scratch/jaggbow/mol_xtb_coordinates/chromo2440/mmff.xyz,/scratch/jaggbow/mol_xtb_coordinates/chromo2440/basic.xyz,1,,,,,,
2066,chromo4512,N#CC(C#N)=C(C=Cc1cn(-c2ccccc2)nc1-c1ccccc1)c1ccccc1,3.063,1.2657000000000005,2.607778531522549,0.890391702702915,/scratch/jaggbow/mol_xtb_coordinates/chromo4512/geom.xtbopt.xyz,/scratch/jaggbow/mol_xtb_coordinates/chromo4512/mmff.xyz,/scratch/jaggbow/mol_xtb_coordinates/chromo4512/basic.xyz,0,,,,,,
2067,chromo0778,C(=Cc1ccnc(C=Cc2ccc(N(c3ccccc3)c3ccccc3)cc2)n1)c1ccc(N(c2ccccc2)c2ccccc2)cc1,2.8341,0.7748999999999997,2.2208580464282144,0.2675977419957154,/scratch/jaggbow/mol_xtb_coordinates/chromo0778/geom.xtbopt.xyz,/scratch/jaggbow/mol_xtb_coordinates/chromo0778/mmff.xyz,/scratch/jaggbow/mol_xtb_coordinates/chromo0778/basic.xyz,0,,,,,,
2068,chromo2352,CNC(=O)C(C)NC(=O)c1cccc2c1C#Cc1c(N)cccc1OCCCO2,3.2032,0.7143999999999999,2.99706077510256,0.4245085558610745,/scratch/jaggbow/mol_xtb_coordinates/chromo2352/geom.xtbopt.xyz,/scratch/jaggbow/mol_xtb_coordinates/chromo2352/mmff.xyz,/scratch/jaggbow/mol_xtb_coordinates/chromo2352/basic.xyz,0,,,,,,
2069,chromo2986,COc1cc(N(c2ccccc2)c2ccccc2)ccc1C=C(C#N)C#N,3.0366,1.0619,1.3063978562364258,0.3383568651440206,/scratch/jaggbow/mol_xtb_coordinates/chromo2986/geom.xtbopt.xyz,/scratch/jaggbow/mol_xtb_coordinates/chromo2986/mmff.xyz,/scratch/jaggbow/mol_xtb_coordinates/chromo2986/basic.xyz,1,,,,,,
2070,chromo5466,c1ccc(C2=C(c3ccccc3)c3cccc4c3c(cc3nc5c(-c6ccccc6)ccc(-c6ccccc6)c5nc34)O2)cc1,2.5439,0.7267999999999999,3.170282363035261,0.7152389959952608,/scratch/jaggbow/mol_xtb_coordinates/chromo5466/geom.xtbopt.xyz,/scratch/jaggbow/mol_xtb_coordinates/chromo5466/mmff.xyz,/scratch/jaggbow/mol_xtb_coordinates/chromo5466/basic.xyz,0,,,,,,
2071,chromo2788,C(=Cc1nc2ccccc2[nH]1)c1ccc(-c2nc3c4cccnc4c4ncccc4c3[nH]2)cc1,3.007,1.0438,1.7067868568129332,0.27402182391569785,/scratch/jaggbow/mol_xtb_coordinates/chromo2788/geom.xtbopt.xyz,/scratch/jaggbow/mol_xtb_coordinates/chromo2788/mmff.xyz,/scratch/jaggbow/mol_xtb_coordinates/chromo2788/basic.xyz,0,,,,,,
2072,chromo4578,c1cncc(-c2ccc(-c3c4ccccc4c(-c4ccc(-c5cccnc5)cc4)c4ccccc34)cc2)c1,3.1145,1.3872,3.24385821607668,1.004139103726677,/scratch/jaggbow/mol_xtb_coordinates/chromo4578/geom.xtbopt.xyz,/scratch/jaggbow/mol_xtb_coordinates/chromo4578/mmff.xyz,/scratch/jaggbow/mol_xtb_coordinates/chromo4578/basic.xyz,1,,,,,,
2073,chromo5408,c1ccc(N(c2ccccc2)c2ccc(-c3ccc4c(c3)C3(c5ccccc5Sc5ccccc53)c3cc(-c5ccc(N(c6ccccc6)c6ccccc6)cc5)ccc3-4)cc2)cc1,3.0827,0.6189,3.1774254697698066,0.2647930327124559,/scratch/jaggbow/mol_xtb_coordinates/chromo5408/geom.xtbopt.xyz,/scratch/jaggbow/mol_xtb_coordinates/chromo5408/mmff.xyz,/scratch/jaggbow/mol_xtb_coordinates/chromo5408/basic.xyz,0,,,,,,
2074,chromo2836,S=P1(c2ccccc2)C(c2ccccc2)=Cc2cc3ccccc3cc21,3.2315,1.0118,4.283610201792583,0.8676187590857517,/scratch/jaggbow/mol_xtb_coordinates/chromo2836/geom.xtbopt.xyz,/scratch/jaggbow/mol_xtb_coordinates/chromo2836/mmff.xyz,/scratch/jaggbow/mol_xtb_coordinates/chromo2836/basic.xyz,0,,,,,,
2075,chromo3492,CCN(CC)c1ccc2cc(-c3csc(N)c3C#N)c(=O)oc2c1,3.3027,1.1359000000000004,1.7911221720119397,0.5322375414133635,/scratch/jaggbow/mol_xtb_coordinates/chromo3492/geom.xtbopt.xyz,/scratch/jaggbow/mol_xtb_coordinates/chromo3492/mmff.xyz,/scratch/jaggbow/mol_xtb_coordinates/chromo3492/basic.xyz,1,,,,,,
2076,chromo3561,CN(C)c1ccc(C=Cc2cnc(C#Cc3ccc(C#N)cc3)o2)cc1,2.5239,0.8109999999999997,3.9283467722093843,1.0827620949002037,/scratch/jaggbow/mol_xtb_coordinates/chromo3561/geom.xtbopt.xyz,/scratch/jaggbow/mol_xtb_coordinates/chromo3561/mmff.xyz,/scratch/jaggbow/mol_xtb_coordinates/chromo3561/basic.xyz,1,,,,,,
2077,chromo3582,CCn1c2ccc(C=Cc3ccc4c(c3)c3cc(-c5nc6ccccc6s5)ccc3n4CC)cc2c2cc(-c3nc4ccccc4s3)ccc21,3.0889,0.8641000000000001,3.7467934393550646,0.6193701604183389,/scratch/jaggbow/mol_xtb_coordinates/chromo3582/geom.xtbopt.xyz,/scratch/jaggbow/mol_xtb_coordinates/chromo3582/mmff.xyz,/scratch/jaggbow/mol_xtb_coordinates/chromo3582/basic.xyz,1,,,,,,
2078,chromo6342,COC(=O)c1[nH]c(-c2ccc(OC)cc2)c2nnc3ccc(OC)cc3c12,3.0986,0.9867,3.3418946603166764,0.8390284941634392,/scratch/jaggbow/mol_xtb_coordinates/chromo6342/geom.xtbopt.xyz,/scratch/jaggbow/mol_xtb_coordinates/chromo6342/mmff.xyz,/scratch/jaggbow/mol_xtb_coordinates/chromo6342/basic.xyz,0,,,,,,
2079,chromo2600,N#CC(C#N)=Cc1ccc2c(c1)[nH]c1c3ccccc3ccc21,2.6817,0.6667000000000001,1.9627024612640869,0.23840944088215926,/scratch/jaggbow/mol_xtb_coordinates/chromo2600/geom.xtbopt.xyz,/scratch/jaggbow/mol_xtb_coordinates/chromo2600/mmff.xyz,/scratch/jaggbow/mol_xtb_coordinates/chromo2600/basic.xyz,0,,,,,,
2080,chromo3106,Cc1cc2cc(C)c3c4ccccc4[nH]c3c2s1,3.8682,0.9560999999999996,5.388774952302158,0.859406437695756,/scratch/jaggbow/mol_xtb_coordinates/chromo3106/geom.xtbopt.xyz,/scratch/jaggbow/mol_xtb_coordinates/chromo3106/mmff.xyz,/scratch/jaggbow/mol_xtb_coordinates/chromo3106/basic.xyz,0,,,,,,
2081,chromo4689,C[Si]1(C)O[Si](C)(C)c2cc3nc4ccc([N+](=O)[O-])cc4c(-c4ccccc4)c3cc2[Si](C)(C)O1,2.9091,1.0904,3.0014903880989166,0.7129374191335354,/scratch/jaggbow/mol_xtb_coordinates/chromo4689/geom.xtbopt.xyz,/scratch/jaggbow/mol_xtb_coordinates/chromo4689/mmff.xyz,/scratch/jaggbow/mol_xtb_coordinates/chromo4689/basic.xyz,0,,,,,,
2082,chromo2548,COc1ccc2c(c1)c1c(c3cc(OC)ccc32)=[N+]2C(=C(c3c(C)cc(C)cc3C)c3cc4c5cc(OC)ccc5c5ccc(OC)cc5c4n3[B-]2(F)F)C=1,1.7688,0.5343,2.1952246829260376,0.8320724292967442,/scratch/jaggbow/mol_xtb_coordinates/chromo2548/geom.xtbopt.xyz,/scratch/jaggbow/mol_xtb_coordinates/chromo2548/mmff.xyz,/scratch/jaggbow/mol_xtb_coordinates/chromo2548/basic.xyz,0,,,,,,
2083,chromo2585,Cn1cc(-c2nc3ccccc3nc2C#Cc2ccc(C#N)cc2)c2ccccc21,2.6582,0.3746,3.6636518544994616,0.5322610364060806,/scratch/jaggbow/mol_xtb_coordinates/chromo2585/geom.xtbopt.xyz,/scratch/jaggbow/mol_xtb_coordinates/chromo2585/mmff.xyz,/scratch/jaggbow/mol_xtb_coordinates/chromo2585/basic.xyz,0,,,,,,
2084,chromo4818,c1ccc(N2N=C(c3ccc4ccc5cccc6ccc3c4c56)CC2c2ccc3ccc4cccc5ccc2c3c45)cc1,2.626,0.9558,3.660951773976544,1.0717480895806095,/scratch/jaggbow/mol_xtb_coordinates/chromo4818/geom.xtbopt.xyz,/scratch/jaggbow/mol_xtb_coordinates/chromo4818/mmff.xyz,/scratch/jaggbow/mol_xtb_coordinates/chromo4818/basic.xyz,1,,,,,,
2085,chromo3278,F[B-]1(F)n2cccc2C(c2ccccc2)=C2C=CC(N3CCOCC3)=[N+]21,2.8691,1.471,3.7887380848006895,1.7615680158907545,/scratch/jaggbow/mol_xtb_coordinates/chromo3278/geom.xtbopt.xyz,/scratch/jaggbow/mol_xtb_coordinates/chromo3278/mmff.xyz,/scratch/jaggbow/mol_xtb_coordinates/chromo3278/basic.xyz,1,,,,,,
2086,chromo1151,O=C1c2cc3ccccc3cc2C2=Nc3cccc[n+]3[B-](F)(F)N12,3.3558,0.8205999999999998,4.878216380080975,1.0597544735648192,/scratch/jaggbow/mol_xtb_coordinates/chromo1151/geom.xtbopt.xyz,/scratch/jaggbow/mol_xtb_coordinates/chromo1151/mmff.xyz,/scratch/jaggbow/mol_xtb_coordinates/chromo1151/basic.xyz,0,,,,,,
2087,chromo5406,O=S1(=O)c2ccccc2C2(c3cc(-c4ccc(-n5c6ccccc6c6ccccc65)cc4)ccc3-c3ccc(-c4ccc(-n5c6ccccc6c6ccccc65)cc4)cc32)c2ccccc21,3.1305,0.5821000000000001,3.395243038800833,0.2979643057051682,/scratch/jaggbow/mol_xtb_coordinates/chromo5406/geom.xtbopt.xyz,/scratch/jaggbow/mol_xtb_coordinates/chromo5406/mmff.xyz,/scratch/jaggbow/mol_xtb_coordinates/chromo5406/basic.xyz,0,,,,,,
2088,chromo3139,C(=Cc1ccc(-c2ccc(C=CSC=C3CCCC3)cc2)cc1)SC=C1CCCC1,3.3122,1.0425999999999995,5.538430068043703,1.1923565645890535,/scratch/jaggbow/mol_xtb_coordinates/chromo3139/geom.xtbopt.xyz,/scratch/jaggbow/mol_xtb_coordinates/chromo3139/mmff.xyz,/scratch/jaggbow/mol_xtb_coordinates/chromo3139/basic.xyz,1,,,,,,
2089,chromo0774,FC(F)(F)c1ccc(C=Cc2nc(C=Cc3ccc(N(c4ccccc4)c4ccccc4)cc3)cc(C=Cc3ccc(N(c4ccccc4)c4ccccc4)cc3)n2)cc1,2.6399,0.6189999999999998,2.146415315604988,0.29923546752605684,/scratch/jaggbow/mol_xtb_coordinates/chromo0774/geom.xtbopt.xyz,/scratch/jaggbow/mol_xtb_coordinates/chromo0774/mmff.xyz,/scratch/jaggbow/mol_xtb_coordinates/chromo0774/basic.xyz,1,,,,,,
2090,chromo3241,COc1cc(C=CC2=[O+][B-](F)(F)OC(C=Cc3ccc(OS(=O)(=O)c4ccc(C)cc4)c(OC)c3)=C2)ccc1O,2.7516,0.8876999999999999,3.331571070308638,0.9009676244606597,/scratch/jaggbow/mol_xtb_coordinates/chromo3241/geom.xtbopt.xyz,/scratch/jaggbow/mol_xtb_coordinates/chromo3241/mmff.xyz,/scratch/jaggbow/mol_xtb_coordinates/chromo3241/basic.xyz,1,,,,,,
2091,chromo2742,C(#Cc1ccccc1)c1ccccc1,4.1653,1.4879000000000002,6.1196858241751055,0.800000120566641,/scratch/jaggbow/mol_xtb_coordinates/chromo2742/geom.xtbopt.xyz,/scratch/jaggbow/mol_xtb_coordinates/chromo2742/mmff.xyz,/scratch/jaggbow/mol_xtb_coordinates/chromo2742/basic.xyz,1,,,,,,
2092,chromo3464,COC(=O)c1c(-c2cc3ccccc3oc2=O)nn(-c2cccc(Cl)c2)c1C(=O)OC,3.8663,1.2618,5.185779968701023,1.2078111180831554,/scratch/jaggbow/mol_xtb_coordinates/chromo3464/geom.xtbopt.xyz,/scratch/jaggbow/mol_xtb_coordinates/chromo3464/mmff.xyz,/scratch/jaggbow/mol_xtb_coordinates/chromo3464/basic.xyz,1,,,,,,
2093,chromo4068,O=c1oc2ccccc2cc1-c1ccc(-c2ccc(-c3cc4ccccc4oc3=O)cc2)cc1,3.2234,0.9400999999999996,3.6755450110030474,0.7529765996977839,/scratch/jaggbow/mol_xtb_coordinates/chromo4068/geom.xtbopt.xyz,/scratch/jaggbow/mol_xtb_coordinates/chromo4068/mmff.xyz,/scratch/jaggbow/mol_xtb_coordinates/chromo4068/basic.xyz,1,,,,,,
2094,chromo4370,O=c1c2ccccc2nc2ccc(-c3ccc(N(c4ccccc4)c4ccccc4)cc3)cn12,2.937,0.819,3.368907629255355,0.9030083009358559,/scratch/jaggbow/mol_xtb_coordinates/chromo4370/geom.xtbopt.xyz,/scratch/jaggbow/mol_xtb_coordinates/chromo4370/mmff.xyz,/scratch/jaggbow/mol_xtb_coordinates/chromo4370/basic.xyz,0,,,,,,
2095,chromo4601,COc1ccc(-c2cc3c(ccc4sc(C=Cc5cccs5)cc43)s2)cc1,2.9995,1.2581999999999998,3.465504123340301,1.0471298265350621,/scratch/jaggbow/mol_xtb_coordinates/chromo4601/geom.xtbopt.xyz,/scratch/jaggbow/mol_xtb_coordinates/chromo4601/mmff.xyz,/scratch/jaggbow/mol_xtb_coordinates/chromo4601/basic.xyz,0,,,,,,
2096,chromo4823,COc1ccc2c(c1)CCc1c(-c3ccccc3)c3n(c1-2)[B-](F)(F)[N+]1=C2C=NC=CN2[B-](F)(F)[N+]1=C3,2.537,0.8030999999999999,1.064983472309656,0.5520704361241813,/scratch/jaggbow/mol_xtb_coordinates/chromo4823/geom.xtbopt.xyz,/scratch/jaggbow/mol_xtb_coordinates/chromo4823/mmff.xyz,/scratch/jaggbow/mol_xtb_coordinates/chromo4823/basic.xyz,0,,,,,,
2097,chromo2587,COc1ccc(C#Cc2nc3ccccc3nc2-c2csc(OC)c2)cc1,2.9578,0.6310000000000002,3.2337226182595065,0.20320762247683388,/scratch/jaggbow/mol_xtb_coordinates/chromo2587/geom.xtbopt.xyz,/scratch/jaggbow/mol_xtb_coordinates/chromo2587/mmff.xyz,/scratch/jaggbow/mol_xtb_coordinates/chromo2587/basic.xyz,0,,,,,,
2098,chromo2783,Cc1ccc(Sc2ccc3ccc4cccc5ccc2c3c45)cc1,3.1803,1.1353999999999995,2.911893854969201,0.7115548050942808,/scratch/jaggbow/mol_xtb_coordinates/chromo2783/geom.xtbopt.xyz,/scratch/jaggbow/mol_xtb_coordinates/chromo2783/mmff.xyz,/scratch/jaggbow/mol_xtb_coordinates/chromo2783/basic.xyz,1,,,,,,
2099,chromo0500,O=C(c1ccc(N(c2ccccc2)c2ccccc2)cc1)C1C(c2cccs2)CC(O)(c2ccccn2)CC1(O)c1ccccn1,3.3466,0.831,3.498008797326746,0.5454830534542449,/scratch/jaggbow/mol_xtb_coordinates/chromo0500/geom.xtbopt.xyz,/scratch/jaggbow/mol_xtb_coordinates/chromo0500/mmff.xyz,/scratch/jaggbow/mol_xtb_coordinates/chromo0500/basic.xyz,1,,,,,,
2100,chromo0755,C(=Cc1cc(C=Cc2ccc(N(c3ccccc3)c3ccccc3)cc2)ncn1)c1ccc(N(c2ccccc2)c2ccccc2)cc1,2.6675,0.6173000000000002,4.300457721539284,0.8318510308072783,/scratch/jaggbow/mol_xtb_coordinates/chromo0755/geom.xtbopt.xyz,/scratch/jaggbow/mol_xtb_coordinates/chromo0755/mmff.xyz,/scratch/jaggbow/mol_xtb_coordinates/chromo0755/basic.xyz,0,,,,,,
2101,chromo1226,CC1=C2C=CC(C)=[N+]2[B-](F)(F)n2cccc21,3.1066,1.4767,2.4699471968594544,1.3768500619420894,/scratch/jaggbow/mol_xtb_coordinates/chromo1226/geom.xtbopt.xyz,/scratch/jaggbow/mol_xtb_coordinates/chromo1226/mmff.xyz,/scratch/jaggbow/mol_xtb_coordinates/chromo1226/basic.xyz,1,,,,,,
2102,chromo2883,CCCCn1c2ccccc2c2ccc3c4cc(-c5ccc(C(F)(F)F)cc5)ccc4n(CCCC)c3c21,3.5421,0.6581999999999999,4.531691240777158,0.7134858932047168,/scratch/jaggbow/mol_xtb_coordinates/chromo2883/geom.xtbopt.xyz,/scratch/jaggbow/mol_xtb_coordinates/chromo2883/mmff.xyz,/scratch/jaggbow/mol_xtb_coordinates/chromo2883/basic.xyz,0,,,,,,
2103,chromo0201,Cc1ccc(O)c(-c2nc(C)c3n2CCCC3)c1,4.1212,1.13,2.7391799000643,0.3427892227008489,/scratch/jaggbow/mol_xtb_coordinates/chromo0201/geom.xtbopt.xyz,/scratch/jaggbow/mol_xtb_coordinates/chromo0201/mmff.xyz,/scratch/jaggbow/mol_xtb_coordinates/chromo0201/basic.xyz,0,,,,,,
2104,chromo3065,CC1=NC(=Cc2ccccc2N(C)C)C(=O)N1C,3.0532,1.2172999999999998,0.8584976606733623,0.4267185963550127,/scratch/jaggbow/mol_xtb_coordinates/chromo3065/geom.xtbopt.xyz,/scratch/jaggbow/mol_xtb_coordinates/chromo3065/mmff.xyz,/scratch/jaggbow/mol_xtb_coordinates/chromo3065/basic.xyz,0,,,,,,
2105,chromo5259,Cc1c2ccccc2c(C2=C3C=CC=[N+]3[B-](F)(F)n3cccc32)c2ccccc12,2.0325,0.4401000000000001,1.273569645091516,0.8662065829782576,/scratch/jaggbow/mol_xtb_coordinates/chromo5259/geom.xtbopt.xyz,/scratch/jaggbow/mol_xtb_coordinates/chromo5259/mmff.xyz,/scratch/jaggbow/mol_xtb_coordinates/chromo5259/basic.xyz,1,,,,,,
2106,chromo4604,COc1ccc(-c2cc3c(ccc4sc5ccc6sc(-c7ccc(C(C)=O)cc7)cc6c5c43)s2)cc1,2.8548,0.6133000000000002,3.2141577611079253,0.5516226182451067,/scratch/jaggbow/mol_xtb_coordinates/chromo4604/geom.xtbopt.xyz,/scratch/jaggbow/mol_xtb_coordinates/chromo4604/mmff.xyz,/scratch/jaggbow/mol_xtb_coordinates/chromo4604/basic.xyz,0,,,,,,
2107,chromo0429,Cc1cc(O)c(C(=O)C=Cc2ccc(O)c(O)c2)c(=O)o1,3.2452,1.0922,2.2968494640520785,0.5108278310359545,/scratch/jaggbow/mol_xtb_coordinates/chromo0429/geom.xtbopt.xyz,/scratch/jaggbow/mol_xtb_coordinates/chromo0429/mmff.xyz,/scratch/jaggbow/mol_xtb_coordinates/chromo0429/basic.xyz,0,,,,,,
2108,chromo5263,CC1=[N+]2C(=C(c3c4ccccc4c(-c4ccccc4)c4ccccc34)c3ccc(C)n3[B-]2(F)F)C=C1,2.1868,0.6888999999999998,2.749194205273512,1.422880200076035,/scratch/jaggbow/mol_xtb_coordinates/chromo5263/geom.xtbopt.xyz,/scratch/jaggbow/mol_xtb_coordinates/chromo5263/mmff.xyz,/scratch/jaggbow/mol_xtb_coordinates/chromo5263/basic.xyz,1,,,,,,
2109,chromo2703,N#Cc1ccc(C#Cc2ccc3ccc4ccc(C#Cc5ccc(C#N)cc5)c5ccc2c3c45)cc1,2.62,1.0102000000000002,3.380457710604789,0.9609512341072001,/scratch/jaggbow/mol_xtb_coordinates/chromo2703/geom.xtbopt.xyz,/scratch/jaggbow/mol_xtb_coordinates/chromo2703/mmff.xyz,/scratch/jaggbow/mol_xtb_coordinates/chromo2703/basic.xyz,1,,,,,,
2110,chromo6356,COc1ccc(N2c3c(sc4ccccc34)Sc3sc4ccccc4c32)cc1,3.3212,0.5146000000000002,2.7356919041443053,0.6729027621047088,/scratch/jaggbow/mol_xtb_coordinates/chromo6356/geom.xtbopt.xyz,/scratch/jaggbow/mol_xtb_coordinates/chromo6356/mmff.xyz,/scratch/jaggbow/mol_xtb_coordinates/chromo6356/basic.xyz,0,,,,,,
2111,chromo1810,CCN(CC)c1ccc2cc(C#N)c(=NC(=O)C(C)C)oc2c1,3.266,1.1211000000000002,4.375367469402433,1.2659286530082257,/scratch/jaggbow/mol_xtb_coordinates/chromo1810/geom.xtbopt.xyz,/scratch/jaggbow/mol_xtb_coordinates/chromo1810/mmff.xyz,/scratch/jaggbow/mol_xtb_coordinates/chromo1810/basic.xyz,1,,,,,,
2112,chromo4098,Cc1ccc(C#Cc2ccc3nc4ccc(C#Cc5ccc(C)cc5)cn4c(=O)c3c2)cc1,2.9246,0.9453999999999998,3.726680794002114,0.9553689328074877,/scratch/jaggbow/mol_xtb_coordinates/chromo4098/geom.xtbopt.xyz,/scratch/jaggbow/mol_xtb_coordinates/chromo4098/mmff.xyz,/scratch/jaggbow/mol_xtb_coordinates/chromo4098/basic.xyz,0,,,,,,
2113,chromo1796,CCC1=C(C)c2cc3[nH]c(cc4nc(c5c6[nH]c(cc1n2)c(C)c6C(=O)C5)C(CCC(=O)OC)C4C)c(C)c3C=C(C)[N+](=O)[O-],2.0319,0.7710999999999999,0.829968597447277,0.10580653022807424,/scratch/jaggbow/mol_xtb_coordinates/chromo1796/geom.xtbopt.xyz,/scratch/jaggbow/mol_xtb_coordinates/chromo1796/mmff.xyz,/scratch/jaggbow/mol_xtb_coordinates/chromo1796/basic.xyz,0,,,,,,
2114,chromo3138,C(=Cc1ccc(C=CSC=C(c2ccccc2)c2ccccc2)cc1)SC=C(c1ccccc1)c1ccccc1,3.0618,0.9587,3.221987687699246,0.5786899637284354,/scratch/jaggbow/mol_xtb_coordinates/chromo3138/geom.xtbopt.xyz,/scratch/jaggbow/mol_xtb_coordinates/chromo3138/mmff.xyz,/scratch/jaggbow/mol_xtb_coordinates/chromo3138/basic.xyz,1,,,,,,
2115,chromo3701,C(#Cc1nc(C#Cc2cccs2)c(C#Cc2cccs2)c(C#Cc2cccs2)c1C#Cc1cccs1)c1cccs1,2.5561,0.8684999999999998,3.590522227029113,0.7477695561905421,/scratch/jaggbow/mol_xtb_coordinates/chromo3701/geom.xtbopt.xyz,/scratch/jaggbow/mol_xtb_coordinates/chromo3701/mmff.xyz,/scratch/jaggbow/mol_xtb_coordinates/chromo3701/basic.xyz,0,,,,,,
2116,chromo4585,Cc1ccc(-c2c3nc(c(-c4ccc(C)cc4)c4ccc([nH]4)c(-c4ccc(OC(=O)C(C)c5ccc(Oc6ccccc6)cc5)cc4)c4nc(c(-c5ccc(C)cc5)c5ccc2[nH]5)C=C4)C=C3)cc1,2.1304,0.7800999999999998,3.20152916500187,0.46981830480857767,/scratch/jaggbow/mol_xtb_coordinates/chromo4585/geom.xtbopt.xyz,/scratch/jaggbow/mol_xtb_coordinates/chromo4585/mmff.xyz,/scratch/jaggbow/mol_xtb_coordinates/chromo4585/basic.xyz,0,,,,,,
2117,chromo0783,COc1ccc(C2=Cc3ccccc3[Si]2(c2ccccc2)c2ccccc2)cc1,3.4678,1.2454999999999998,3.163834381877219,0.8355407644429169,/scratch/jaggbow/mol_xtb_coordinates/chromo0783/geom.xtbopt.xyz,/scratch/jaggbow/mol_xtb_coordinates/chromo0783/mmff.xyz,/scratch/jaggbow/mol_xtb_coordinates/chromo0783/basic.xyz,0,,,,,,
2118,chromo2045,O=P(c1ccccc1)(c1ccccc1)c1ccc(-c2nc3ccccc3n2-c2cccc(P(=O)(c3ccccc3)c3ccccc3)c2)cc1,3.9956,1.0821999999999998,5.961833859665005,0.8702611040784438,/scratch/jaggbow/mol_xtb_coordinates/chromo2045/geom.xtbopt.xyz,/scratch/jaggbow/mol_xtb_coordinates/chromo2045/mmff.xyz,/scratch/jaggbow/mol_xtb_coordinates/chromo2045/basic.xyz,0,,,,,,
2119,chromo4547,Fc1ccc(-c2nc3n(c2-c2ccncc2)CCS3)cc1,3.6045,0.8847999999999998,5.691558570849803,1.1557525844556609,/scratch/jaggbow/mol_xtb_coordinates/chromo4547/geom.xtbopt.xyz,/scratch/jaggbow/mol_xtb_coordinates/chromo4547/mmff.xyz,/scratch/jaggbow/mol_xtb_coordinates/chromo4547/basic.xyz,0,,,,,,
2120,chromo5106,Cc1ccccc1-c1cc(-c2ccccc2)nc(-c2ccc(N3c4ccccc4C(C)(C)c4ccccc43)cc2)n1,2.8117,0.0079000000000002,3.2507426319115442,0.18042141740047252,/scratch/jaggbow/mol_xtb_coordinates/chromo5106/geom.xtbopt.xyz,/scratch/jaggbow/mol_xtb_coordinates/chromo5106/mmff.xyz,/scratch/jaggbow/mol_xtb_coordinates/chromo5106/basic.xyz,0,,,,,,
2121,chromo2796,O=C1C(=CC=Cc2cc3c4c(c2)CCCN4CCC3)CCC1=CC=Cc1cc2c3c(c1)CCCN3CCC2,2.4298,0.8933000000000002,2.915840778644342,0.8046644250960547,/scratch/jaggbow/mol_xtb_coordinates/chromo2796/geom.xtbopt.xyz,/scratch/jaggbow/mol_xtb_coordinates/chromo2796/mmff.xyz,/scratch/jaggbow/mol_xtb_coordinates/chromo2796/basic.xyz,0,,,,,,
2122,chromo6263,COc1ccc(C#Cc2c3cc4cc(C)sc4cc3c(C#Cc3ccc(OC)cc3)c3cc4cc(C)sc4cc23)cc1,2.0229,1.0849,2.1042281591267367,0.8350702279514078,/scratch/jaggbow/mol_xtb_coordinates/chromo6263/geom.xtbopt.xyz,/scratch/jaggbow/mol_xtb_coordinates/chromo6263/mmff.xyz,/scratch/jaggbow/mol_xtb_coordinates/chromo6263/basic.xyz,0,,,,,,
2123,chromo3356,CN(C)c1ccc(C#Cc2cc(C#Cc3ccc(N(C)C)cc3)c3ccc4c(C#Cc5ccc(N(C)C)cc5)cc(C#Cc5ccc(N(C)C)cc5)c5ccc2c3c54)cc1,2.1925,0.8593999999999999,3.6446264404463844,0.8766379796820256,/scratch/jaggbow/mol_xtb_coordinates/chromo3356/geom.xtbopt.xyz,/scratch/jaggbow/mol_xtb_coordinates/chromo3356/mmff.xyz,/scratch/jaggbow/mol_xtb_coordinates/chromo3356/basic.xyz,1,,,,,,
2124,chromo2948,O=C(NN=Cc1ccccc1O)c1ccccc1O,3.5481,0.9065,4.351727003316396,0.9813930292984681,/scratch/jaggbow/mol_xtb_coordinates/chromo2948/geom.xtbopt.xyz,/scratch/jaggbow/mol_xtb_coordinates/chromo2948/mmff.xyz,/scratch/jaggbow/mol_xtb_coordinates/chromo2948/basic.xyz,1,,,,,,
2125,chromo2789,C(=Cc1nc2ccccc2s1)c1ccc(-c2nc3c4cccnc4c4ncccc4c3[nH]2)cc1,2.9289,0.9968,3.4704381373856164,0.7506218467623943,/scratch/jaggbow/mol_xtb_coordinates/chromo2789/geom.xtbopt.xyz,/scratch/jaggbow/mol_xtb_coordinates/chromo2789/mmff.xyz,/scratch/jaggbow/mol_xtb_coordinates/chromo2789/basic.xyz,0,,,,,,
2126,chromo2477,CN(C)c1nc(N(C)C)c2nc(C#N)n(Cc3ccccc3)c2n1,3.8251,1.1323,4.245796064184314,1.0739137307883069,/scratch/jaggbow/mol_xtb_coordinates/chromo2477/geom.xtbopt.xyz,/scratch/jaggbow/mol_xtb_coordinates/chromo2477/mmff.xyz,/scratch/jaggbow/mol_xtb_coordinates/chromo2477/basic.xyz,0,,,,,,
2127,chromo2992,N#Cc1ncc(-c2c3ccccc3c(-c3cnc(C#N)nc3)c3ccccc23)cn1,2.9619,1.2555,3.2156106758629353,1.0436777338966996,/scratch/jaggbow/mol_xtb_coordinates/chromo2992/geom.xtbopt.xyz,/scratch/jaggbow/mol_xtb_coordinates/chromo2992/mmff.xyz,/scratch/jaggbow/mol_xtb_coordinates/chromo2992/basic.xyz,1,,,,,,
2128,chromo5111,CCCCN1C(=O)c2ccc3c4ccc5c6c(cc(-c7ccc(C(=C(c8ccccc8)c8ccccc8)c8ccccc8)cc7)c(c7ccc(c2c37)C1=O)c64)C(=O)N(CCCC)C5=O,1.7961,0.5923,2.299485622794655,0.8315680547849241,/scratch/jaggbow/mol_xtb_coordinates/chromo5111/geom.xtbopt.xyz,/scratch/jaggbow/mol_xtb_coordinates/chromo5111/mmff.xyz,/scratch/jaggbow/mol_xtb_coordinates/chromo5111/basic.xyz,0,,,,,,
2129,chromo5462,CCCCC1=C(CCCC)c2cccc3c2c(cc2nc4ccccc4nc23)O1,2.6135,0.7449000000000001,2.543114398791907,0.6140288807254066,/scratch/jaggbow/mol_xtb_coordinates/chromo5462/geom.xtbopt.xyz,/scratch/jaggbow/mol_xtb_coordinates/chromo5462/mmff.xyz,/scratch/jaggbow/mol_xtb_coordinates/chromo5462/basic.xyz,0,,,,,,
2130,chromo0521,N#CC(=Cc1ccc(C#N)cc1)c1nc(-c2ccccc2)cs1,2.7676,0.9938999999999998,0.5519796107153794,0.28540247585197487,/scratch/jaggbow/mol_xtb_coordinates/chromo0521/geom.xtbopt.xyz,/scratch/jaggbow/mol_xtb_coordinates/chromo0521/mmff.xyz,/scratch/jaggbow/mol_xtb_coordinates/chromo0521/basic.xyz,1,,,,,,
2131,chromo3128,Cc1ccc(-c2c3nc(c(-c4ccc(C)cc4)c4ccc(s4)c(-c4ccco4)c4nc(c(-c5ccc(C)cc5)c5ccc2s5)C=C4)C=C3)cc1,1.9625,0.7543,1.2089751806569877,-0.08424727359354367,/scratch/jaggbow/mol_xtb_coordinates/chromo3128/geom.xtbopt.xyz,/scratch/jaggbow/mol_xtb_coordinates/chromo3128/mmff.xyz,/scratch/jaggbow/mol_xtb_coordinates/chromo3128/basic.xyz,0,,,,,,
2132,chromo3284,N#CSc1ccc2n1[B-](F)(F)[N+]1=C(N3CCOCC3)C=CC1=C2c1ccccc1,2.8318,1.4175,3.537583859451243,1.6702924694227947,/scratch/jaggbow/mol_xtb_coordinates/chromo3284/geom.xtbopt.xyz,/scratch/jaggbow/mol_xtb_coordinates/chromo3284/mmff.xyz,/scratch/jaggbow/mol_xtb_coordinates/chromo3284/basic.xyz,1,,,,,,
2133,chromo2169,O=P(c1ccccc1)(c1ccccc1)n1c2ccccc2c2cc(-n3c4ccccc4c4cc(-n5c6ccccc6c6cc(-n7c8ccccc8c8ccccc87)ccc65)ccc43)ccc21,3.5494,0.3952,4.494439283697129,0.6384259308361504,/scratch/jaggbow/mol_xtb_coordinates/chromo2169/geom.xtbopt.xyz,/scratch/jaggbow/mol_xtb_coordinates/chromo2169/mmff.xyz,/scratch/jaggbow/mol_xtb_coordinates/chromo2169/basic.xyz,1,,,,,,
2134,chromo3291,COC1=[N+]2C(=C(c3ccccc3)c3cc(SC#N)c(OC)n3[B-]2(F)F)C=C1SC#N,2.8344,1.3117,3.8913731833036787,1.7448931831539625,/scratch/jaggbow/mol_xtb_coordinates/chromo3291/geom.xtbopt.xyz,/scratch/jaggbow/mol_xtb_coordinates/chromo3291/mmff.xyz,/scratch/jaggbow/mol_xtb_coordinates/chromo3291/basic.xyz,1,,,,,,
2135,chromo2109,Cc1nnc(-c2cc(-n3c4ccccc4c4ccccc43)c(-n3c4ccccc4c4ccccc43)cc2-c2nnc(C)o2)o1,2.9672,0.3574999999999999,3.7083174420203115,0.40373023953288073,/scratch/jaggbow/mol_xtb_coordinates/chromo2109/geom.xtbopt.xyz,/scratch/jaggbow/mol_xtb_coordinates/chromo2109/mmff.xyz,/scratch/jaggbow/mol_xtb_coordinates/chromo2109/basic.xyz,1,,,,,,
2136,chromo1204,CCOC(=O)C1=C(C)NC2=C(C(=O)c3ccccc32)C1c1ccc(N(C)C)cc1,2.2331,0.4632999999999998,1.8436605406057032,0.6349721297316702,/scratch/jaggbow/mol_xtb_coordinates/chromo1204/geom.xtbopt.xyz,/scratch/jaggbow/mol_xtb_coordinates/chromo1204/mmff.xyz,/scratch/jaggbow/mol_xtb_coordinates/chromo1204/basic.xyz,0,,,,,,
2137,chromo2202,CC(C)(C)c1ccc(-c2c(-c3ccc(N(c4ccccc4)c4ccccc4)cc3)cc(-c3ccc(N(c4ccccc4)c4ccccc4)cc3)c(-c3ccc(C(C)(C)C)cc3)c2-c2ccc(C(C)(C)C)cc2)cc1,3.532,0.6480000000000001,4.950735497083299,0.7607223591673002,/scratch/jaggbow/mol_xtb_coordinates/chromo2202/geom.xtbopt.xyz,/scratch/jaggbow/mol_xtb_coordinates/chromo2202/mmff.xyz,/scratch/jaggbow/mol_xtb_coordinates/chromo2202/basic.xyz,1,,,,,,
2138,chromo2408,CCN(CC)c1ccc(C=NCCN=Cc2ccc(N(CC)CC)cc2O)c(O)c1,3.7609,0.997,3.759819293950753,0.8200741422379728,/scratch/jaggbow/mol_xtb_coordinates/chromo2408/geom.xtbopt.xyz,/scratch/jaggbow/mol_xtb_coordinates/chromo2408/mmff.xyz,/scratch/jaggbow/mol_xtb_coordinates/chromo2408/basic.xyz,1,,,,,,
2139,chromo2950,O=C(NN=Cc1ccccc1O)c1cc2ccccc2cc1O,3.3821,0.8106,4.204068169439012,0.8574574470080893,/scratch/jaggbow/mol_xtb_coordinates/chromo2950/geom.xtbopt.xyz,/scratch/jaggbow/mol_xtb_coordinates/chromo2950/mmff.xyz,/scratch/jaggbow/mol_xtb_coordinates/chromo2950/basic.xyz,1,,,,,,
2140,chromo3469,COC(=O)c1c(-c2cc3ccccc3oc2=O)nn(-c2ccc(Br)cc2)c1C(=O)OC,3.8382,1.233,1.359661515316422,0.2370106491806987,/scratch/jaggbow/mol_xtb_coordinates/chromo3469/geom.xtbopt.xyz,/scratch/jaggbow/mol_xtb_coordinates/chromo3469/mmff.xyz,/scratch/jaggbow/mol_xtb_coordinates/chromo3469/basic.xyz,1,,,,,,
2141,chromo4217,F[B-]1(F)n2c(c3cccc4cccc2c43)=Nc2sc3ccccc3[n+]21,2.8186,0.9555,3.4996623317843243,0.9007908574345292,/scratch/jaggbow/mol_xtb_coordinates/chromo4217/geom.xtbopt.xyz,/scratch/jaggbow/mol_xtb_coordinates/chromo4217/mmff.xyz,/scratch/jaggbow/mol_xtb_coordinates/chromo4217/basic.xyz,0,,,,,,
2142,chromo0337,c1ccc2c(c1)CCc1c-2cnc2c1-c1ccccc1CC2,4.2344,1.2858999999999998,3.7978262305836967,0.546601625090885,/scratch/jaggbow/mol_xtb_coordinates/chromo0337/geom.xtbopt.xyz,/scratch/jaggbow/mol_xtb_coordinates/chromo0337/mmff.xyz,/scratch/jaggbow/mol_xtb_coordinates/chromo0337/basic.xyz,0,,,,,,
2143,chromo0930,C[Si](C)(C)[Si](c1cc2sc([Si]([Si](C)(C)C)([Si](C)(C)C)[Si](C)(C)C)cc2s1)([Si](C)(C)C)[Si](C)(C)C,4.0191,1.3462,4.587664742315856,1.193866743622862,/scratch/jaggbow/mol_xtb_coordinates/chromo0930/geom.xtbopt.xyz,/scratch/jaggbow/mol_xtb_coordinates/chromo0930/mmff.xyz,/scratch/jaggbow/mol_xtb_coordinates/chromo0930/basic.xyz,0,,,,,,
2144,chromo2528,CCCCNc1ccc2n1[B-](F)(F)[N+]1=CC(C=CC(=O)OC(C)(C)C)=CC1=C2c1c(C)cc(C)cc1C,2.7318,1.3007999999999995,3.020066596537322,1.4623787279230884,/scratch/jaggbow/mol_xtb_coordinates/chromo2528/geom.xtbopt.xyz,/scratch/jaggbow/mol_xtb_coordinates/chromo2528/mmff.xyz,/scratch/jaggbow/mol_xtb_coordinates/chromo2528/basic.xyz,1,,,,,,
2145,chromo0309,COc1ccc(Nc2nc(C=Cc3ccccc3)[n+]([O-])c3c2CCCC3)cc1,2.6675,1.0103,2.0471099542250557,0.6505785878837587,/scratch/jaggbow/mol_xtb_coordinates/chromo0309/geom.xtbopt.xyz,/scratch/jaggbow/mol_xtb_coordinates/chromo0309/mmff.xyz,/scratch/jaggbow/mol_xtb_coordinates/chromo0309/basic.xyz,0,,,,,,
2146,chromo0498,Cc1ccc(C2CC(O)(c3ccccn3)CC(O)(c3ccccn3)C2C(=O)c2ccc(N(c3ccccc3)c3ccccc3)cc2)cc1,3.3525,0.8239000000000001,5.064657865955728,0.9868602677009297,/scratch/jaggbow/mol_xtb_coordinates/chromo0498/geom.xtbopt.xyz,/scratch/jaggbow/mol_xtb_coordinates/chromo0498/mmff.xyz,/scratch/jaggbow/mol_xtb_coordinates/chromo0498/basic.xyz,1,,,,,,
2147,chromo0798,O=S1(=O)C2=C(c3ccccc31)C1(c3ccccc32)c2ccccc2-c2sc3ccccc3c21,2.9269,0.7989999999999999,2.8420013506678696,0.7029819174246209,/scratch/jaggbow/mol_xtb_coordinates/chromo0798/geom.xtbopt.xyz,/scratch/jaggbow/mol_xtb_coordinates/chromo0798/mmff.xyz,/scratch/jaggbow/mol_xtb_coordinates/chromo0798/basic.xyz,0,,,,,,
2148,chromo4458,COc1cc2c3sc4ccccc4c3c3cncnc3c2c(OC)c1OC,3.5397,0.9752,4.18535326658404,0.7020950244817088,/scratch/jaggbow/mol_xtb_coordinates/chromo4458/geom.xtbopt.xyz,/scratch/jaggbow/mol_xtb_coordinates/chromo4458/mmff.xyz,/scratch/jaggbow/mol_xtb_coordinates/chromo4458/basic.xyz,0,,,,,,
2149,chromo4688,C[Si]1(C)O[Si](C)(C)c2cc3nc4ccc(Cl)cc4c(-c4ccccc4)c3cc2[Si](C)(C)O1,3.1658,1.3122,3.6110872610837985,0.942086759391218,/scratch/jaggbow/mol_xtb_coordinates/chromo4688/geom.xtbopt.xyz,/scratch/jaggbow/mol_xtb_coordinates/chromo4688/mmff.xyz,/scratch/jaggbow/mol_xtb_coordinates/chromo4688/basic.xyz,0,,,,,,
2150,chromo1713,Cc1cccc2nc(-c3ccc(-c4cc(=O)cc(-c5ccccc5)o4)cc3)c(NC3CCCCC3)n12,3.1315,0.6812999999999998,2.725235489912312,0.4801358298114236,/scratch/jaggbow/mol_xtb_coordinates/chromo1713/geom.xtbopt.xyz,/scratch/jaggbow/mol_xtb_coordinates/chromo1713/mmff.xyz,/scratch/jaggbow/mol_xtb_coordinates/chromo1713/basic.xyz,0,,,,,,
2151,chromo6230,CCCCN(CCCC)c1ccc(C#Cc2cc(C#Cc3ccc([N+](=O)[O-])cc3)c(C#Cc3ccc(N(CCCC)CCCC)cc3)cc2C#Cc2ccc([N+](=O)[O-])cc2)cc1,1.8001,0.2536,2.0362606527040867,0.0720790262271831,/scratch/jaggbow/mol_xtb_coordinates/chromo6230/geom.xtbopt.xyz,/scratch/jaggbow/mol_xtb_coordinates/chromo6230/mmff.xyz,/scratch/jaggbow/mol_xtb_coordinates/chromo6230/basic.xyz,1,,,,,,
2152,chromo4556,c1ccc(N(c2ccccc2)c2ccc(-n3ccc4cc(-c5ccc6c(c5)C(c5ccccc5)(c5ccccc5)c5ccccc5-6)ccc43)cc2)cc1,3.658,0.8607,3.6355548612724213,0.4350171115695771,/scratch/jaggbow/mol_xtb_coordinates/chromo4556/geom.xtbopt.xyz,/scratch/jaggbow/mol_xtb_coordinates/chromo4556/mmff.xyz,/scratch/jaggbow/mol_xtb_coordinates/chromo4556/basic.xyz,0,,,,,,
2153,chromo4606,C(=Cc1ccc(-c2cccc3ccccc23)s1)c1ccc(-c2cccc3ccccc23)s1,2.8308,1.1965,3.4770478699010603,1.003474267968888,/scratch/jaggbow/mol_xtb_coordinates/chromo4606/geom.xtbopt.xyz,/scratch/jaggbow/mol_xtb_coordinates/chromo4606/mmff.xyz,/scratch/jaggbow/mol_xtb_coordinates/chromo4606/basic.xyz,1,,,,,,
2154,chromo1228,CC1=CC(C)=[N+]2C1=Cc1c(C)cc(C)n1[B-]2(F)F,3.029,1.5666,2.061212043947316,1.302199853444765,/scratch/jaggbow/mol_xtb_coordinates/chromo1228/geom.xtbopt.xyz,/scratch/jaggbow/mol_xtb_coordinates/chromo1228/mmff.xyz,/scratch/jaggbow/mol_xtb_coordinates/chromo1228/basic.xyz,1,,,,,,
2155,chromo2133,c1ccc(-n2c3ccccc3c3cc(-c4cccc(-n5c6ccccc6c6c7sc8ccccc8c7ccc65)c4)ccc32)cc1,3.8043,0.8327,2.425194404866763,0.0815937809672006,/scratch/jaggbow/mol_xtb_coordinates/chromo2133/geom.xtbopt.xyz,/scratch/jaggbow/mol_xtb_coordinates/chromo2133/mmff.xyz,/scratch/jaggbow/mol_xtb_coordinates/chromo2133/basic.xyz,0,,,,,,
2156,chromo3058,CC(C)(C)c1ccc(-c2ccc(-c3ccc(C(C)(C)C)cc3)c3nsnc23)cc1,2.8221,0.985,3.9782381128509736,0.9830812077276593,/scratch/jaggbow/mol_xtb_coordinates/chromo3058/geom.xtbopt.xyz,/scratch/jaggbow/mol_xtb_coordinates/chromo3058/mmff.xyz,/scratch/jaggbow/mol_xtb_coordinates/chromo3058/basic.xyz,0,,,,,,
2157,chromo3115,Cc1cc2[nH]c3ccccc3c2c2[nH]c3ccccc3c12,3.84,0.8582000000000001,4.017684959748813,0.4320594205170925,/scratch/jaggbow/mol_xtb_coordinates/chromo3115/geom.xtbopt.xyz,/scratch/jaggbow/mol_xtb_coordinates/chromo3115/mmff.xyz,/scratch/jaggbow/mol_xtb_coordinates/chromo3115/basic.xyz,0,,,,,,
2158,chromo4901,c1ccc(-c2c3ccccc3c(-c3ccc4ccccc4c3)c3ccccc23)nc1,3.1155,1.3914,3.1370374692476597,1.0024328079009175,/scratch/jaggbow/mol_xtb_coordinates/chromo4901/geom.xtbopt.xyz,/scratch/jaggbow/mol_xtb_coordinates/chromo4901/mmff.xyz,/scratch/jaggbow/mol_xtb_coordinates/chromo4901/basic.xyz,1,,,,,,
2159,chromo2351,COC(=O)c1cccc2c1C#Cc1c(NC(C)=O)cccc1OCCCO2,3.2443,0.8218000000000001,4.327779299070032,0.7131825376198635,/scratch/jaggbow/mol_xtb_coordinates/chromo2351/geom.xtbopt.xyz,/scratch/jaggbow/mol_xtb_coordinates/chromo2351/mmff.xyz,/scratch/jaggbow/mol_xtb_coordinates/chromo2351/basic.xyz,0,,,,,,
2160,chromo5243,CN(C)c1ccc(C=Cc2nc3ccc(N(C)C)cc3oc2=O)cc1,2.5979,1.1179,3.3103861088209787,1.0930427051742062,/scratch/jaggbow/mol_xtb_coordinates/chromo5243/geom.xtbopt.xyz,/scratch/jaggbow/mol_xtb_coordinates/chromo5243/mmff.xyz,/scratch/jaggbow/mol_xtb_coordinates/chromo5243/basic.xyz,0,,,,,,
2161,chromo5358,CC(C)(C)c1ccc(-n2c(-c3ccc(-c4ccc(N(c5ccccc5)c5ccccc5)cc4)s3)nc3c4ccccc4c4ccccc4c32)cc1,2.9257,0.8268999999999997,3.1966143112418233,0.5901139694746961,/scratch/jaggbow/mol_xtb_coordinates/chromo5358/geom.xtbopt.xyz,/scratch/jaggbow/mol_xtb_coordinates/chromo5358/mmff.xyz,/scratch/jaggbow/mol_xtb_coordinates/chromo5358/basic.xyz,1,,,,,,
2162,chromo1663,CC1=C(Br)C(C)=[N+]2C1=C(c1c(-c3ccccn3)nc3ccccn13)c1c(C)c(Br)c(C)n1[B-]2(F)F,2.3823,0.9699999999999998,1.3144501683348226,0.9485151594051853,/scratch/jaggbow/mol_xtb_coordinates/chromo1663/geom.xtbopt.xyz,/scratch/jaggbow/mol_xtb_coordinates/chromo1663/mmff.xyz,/scratch/jaggbow/mol_xtb_coordinates/chromo1663/basic.xyz,1,,,,,,
2163,chromo2527,CCOCCOCCOC(=O)C=CC1=CC2=C(c3c(C)cc(C)cc3C)c3cc(C=CC(=O)OCCOCCOCC)cn3[B-](F)(F)[N+]2=C1,2.5123,0.9832000000000004,4.467998935693538,1.4962994643496543,/scratch/jaggbow/mol_xtb_coordinates/chromo2527/geom.xtbopt.xyz,/scratch/jaggbow/mol_xtb_coordinates/chromo2527/mmff.xyz,/scratch/jaggbow/mol_xtb_coordinates/chromo2527/basic.xyz,1,,,,,,
2164,chromo2525,Cc1cc(C)c(C2=C3C=C(C=CC(=O)OCc4ccccc4)C=[N+]3[B-](F)(F)n3cc(C=CC(=O)OCc4ccccc4)cc32)c(C)c1,2.5142,0.9851000000000004,2.8569290649402945,1.1239312434924111,/scratch/jaggbow/mol_xtb_coordinates/chromo2525/geom.xtbopt.xyz,/scratch/jaggbow/mol_xtb_coordinates/chromo2525/mmff.xyz,/scratch/jaggbow/mol_xtb_coordinates/chromo2525/basic.xyz,1,,,,,,
2165,chromo2972,COc1cc2c(cc1C=C(C#N)c1nc3ccccc3s1)c1ccccc1n2C,2.9968,1.0592,4.51614761151453,1.0325468894371284,/scratch/jaggbow/mol_xtb_coordinates/chromo2972/geom.xtbopt.xyz,/scratch/jaggbow/mol_xtb_coordinates/chromo2972/mmff.xyz,/scratch/jaggbow/mol_xtb_coordinates/chromo2972/basic.xyz,1,,,,,,
2166,chromo3024,CCCCN(CCCC)c1ccc(C=Cc2ccc3nc(-c4ccccc4)c(C=Cc4ccc(N(C)C)cc4)nc3c2)cc1,2.5804,0.6917,1.4013794756770876,0.1648849560516043,/scratch/jaggbow/mol_xtb_coordinates/chromo3024/geom.xtbopt.xyz,/scratch/jaggbow/mol_xtb_coordinates/chromo3024/mmff.xyz,/scratch/jaggbow/mol_xtb_coordinates/chromo3024/basic.xyz,0,,,,,,
2167,chromo6180,CN(C)c1ccc(C2=CC3=C(c4ccc(C=C(C#N)C#N)cc4)C4c5ccccc5C3(S2)c2ccccc24)cc1,2.1402,0.7413000000000001,3.224988203897102,0.9033806401228789,/scratch/jaggbow/mol_xtb_coordinates/chromo6180/geom.xtbopt.xyz,/scratch/jaggbow/mol_xtb_coordinates/chromo6180/mmff.xyz,/scratch/jaggbow/mol_xtb_coordinates/chromo6180/basic.xyz,0,,,,,,
2168,chromo1168,COc1ccccc1-c1nc2c3cccnc3c3ncccc3c2n1-c1ccccc1,3.7445,0.8595999999999999,3.1773778478997365,0.27398500355176314,/scratch/jaggbow/mol_xtb_coordinates/chromo1168/geom.xtbopt.xyz,/scratch/jaggbow/mol_xtb_coordinates/chromo1168/mmff.xyz,/scratch/jaggbow/mol_xtb_coordinates/chromo1168/basic.xyz,0,,,,,,
2169,chromo6078,Nc1ccc2c(c1)oc(=O)c1c(=O)oc3ccccc3c12,3.3516,1.0202999999999998,4.204916567338232,1.0729051357515966,/scratch/jaggbow/mol_xtb_coordinates/chromo6078/geom.xtbopt.xyz,/scratch/jaggbow/mol_xtb_coordinates/chromo6078/mmff.xyz,/scratch/jaggbow/mol_xtb_coordinates/chromo6078/basic.xyz,0,,,,,,
2170,chromo1629,COc1cc(-c2cc(-c3ccc(C)cc3)nc3c(C#N)c(N4CCCC4)nc(N)c23)cc(OC)c1OC,2.9167,0.5782000000000003,2.6897744709185383,0.500905624021035,/scratch/jaggbow/mol_xtb_coordinates/chromo1629/geom.xtbopt.xyz,/scratch/jaggbow/mol_xtb_coordinates/chromo1629/mmff.xyz,/scratch/jaggbow/mol_xtb_coordinates/chromo1629/basic.xyz,0,,,,,,
2171,chromo3075,CC(=O)c1ccc(C#Cc2ccc(-c3cc(N(C)C)c4ccccc4c3)cc2)cc1,3.0262,0.7640999999999996,3.23557120602601,0.6861570327313761,/scratch/jaggbow/mol_xtb_coordinates/chromo3075/geom.xtbopt.xyz,/scratch/jaggbow/mol_xtb_coordinates/chromo3075/mmff.xyz,/scratch/jaggbow/mol_xtb_coordinates/chromo3075/basic.xyz,1,,,,,,
2172,chromo3465,CCOC(=O)c1c(-c2cc3ccccc3oc2=O)nn(-c2cccc(F)c2)c1C(=O)OCC,3.9551,1.3222999999999998,4.90019923231036,1.0893810912456825,/scratch/jaggbow/mol_xtb_coordinates/chromo3465/geom.xtbopt.xyz,/scratch/jaggbow/mol_xtb_coordinates/chromo3465/mmff.xyz,/scratch/jaggbow/mol_xtb_coordinates/chromo3465/basic.xyz,1,,,,,,
2173,chromo5398,CC(C)(C)c1ccc(-c2nc3c4ccc(-c5cc6ccccc6c6ccccc56)cc4c4cc(-c5cc6ccccc6c6ccccc56)ccc4c3n2-c2ccc(C(C)(C)C)cc2)cc1,3.4078,0.8664000000000001,4.684096018732359,0.6580345048717131,/scratch/jaggbow/mol_xtb_coordinates/chromo5398/geom.xtbopt.xyz,/scratch/jaggbow/mol_xtb_coordinates/chromo5398/mmff.xyz,/scratch/jaggbow/mol_xtb_coordinates/chromo5398/basic.xyz,1,,,,,,
2174,chromo0924,C[Si](C)(C)[Si](c1ccc(-c2ccc([Si]([Si](C)(C)C)([Si](C)(C)C)[Si](C)(C)C)s2)s1)([Si](C)(C)C)[Si](C)(C)C,3.4716,1.2967,3.2259320715413633,1.0030042889660078,/scratch/jaggbow/mol_xtb_coordinates/chromo0924/geom.xtbopt.xyz,/scratch/jaggbow/mol_xtb_coordinates/chromo0924/mmff.xyz,/scratch/jaggbow/mol_xtb_coordinates/chromo0924/basic.xyz,0,,,,,,
2175,chromo1367,CC(=O)O[B-]1(OC(C)=O)OC(C=Cc2ccccc2)=CC(C=Cc2ccccc2)=[O+]1,2.9735,1.044,3.9226830438907294,1.143537807145709,/scratch/jaggbow/mol_xtb_coordinates/chromo1367/geom.xtbopt.xyz,/scratch/jaggbow/mol_xtb_coordinates/chromo1367/mmff.xyz,/scratch/jaggbow/mol_xtb_coordinates/chromo1367/basic.xyz,0,,,,,,
2176,chromo4627,CC(C)(C)c1ccc(-c2cc(-c3ccc(-c4cc(-c5ccc(C(C)(C)C)cc5)c(C(=O)N5CCCC5)s4)s3)sc2C(=O)N2CCCC2)cc1,2.9927,1.2022000000000002,2.026178945410925,0.6142377652492192,/scratch/jaggbow/mol_xtb_coordinates/chromo4627/geom.xtbopt.xyz,/scratch/jaggbow/mol_xtb_coordinates/chromo4627/mmff.xyz,/scratch/jaggbow/mol_xtb_coordinates/chromo4627/basic.xyz,1,,,,,,
2177,chromo0054,COc1ccccc1-c1nc(-c2ccccc2)c2ccccn12,3.3217,1.0168999999999997,2.854867340195906,0.539810284846445,/scratch/jaggbow/mol_xtb_coordinates/chromo0054/geom.xtbopt.xyz,/scratch/jaggbow/mol_xtb_coordinates/chromo0054/mmff.xyz,/scratch/jaggbow/mol_xtb_coordinates/chromo0054/basic.xyz,0,,,,,,
2178,chromo1149,O=C1c2ccccc2C2=Nc3cccc[n+]3[B-](F)(F)N12,3.4276,0.7761,4.10036638934129,0.9029839228559664,/scratch/jaggbow/mol_xtb_coordinates/chromo1149/geom.xtbopt.xyz,/scratch/jaggbow/mol_xtb_coordinates/chromo1149/mmff.xyz,/scratch/jaggbow/mol_xtb_coordinates/chromo1149/basic.xyz,0,,,,,,
2179,chromo4625,O=C(c1sc(-c2ccc(-c3cc(-c4cccs4)c(C(=O)N4CCOCC4)s3)s2)cc1-c1cccs1)N1CCOCC1,3.1006,1.1907,3.5608738622191094,0.9927415320162873,/scratch/jaggbow/mol_xtb_coordinates/chromo4625/geom.xtbopt.xyz,/scratch/jaggbow/mol_xtb_coordinates/chromo4625/mmff.xyz,/scratch/jaggbow/mol_xtb_coordinates/chromo4625/basic.xyz,0,,,,,,
2180,chromo5071,CC(C)(C)c1ccc2c(c1)c1cc(C(C)(C)C)ccc1n2-c1ccc(C(=O)c2ccc(-n3c4ccc(C(C)(C)C)cc4c4cc(C(C)(C)C)ccc43)nc2)cn1,2.9293,0.3527,2.6205474038121066,0.23820463961419128,/scratch/jaggbow/mol_xtb_coordinates/chromo5071/geom.xtbopt.xyz,/scratch/jaggbow/mol_xtb_coordinates/chromo5071/mmff.xyz,/scratch/jaggbow/mol_xtb_coordinates/chromo5071/basic.xyz,1,,,,,,
2181,chromo0197,CCCN1C(=Cc2c(-c3ccc(N(C)C)cc3)c(=O)c2=O)C=Cc2ccccc21,2.4425,0.9566,1.7646878889573725,0.7048248618019908,/scratch/jaggbow/mol_xtb_coordinates/chromo0197/geom.xtbopt.xyz,/scratch/jaggbow/mol_xtb_coordinates/chromo0197/mmff.xyz,/scratch/jaggbow/mol_xtb_coordinates/chromo0197/basic.xyz,0,,,,,,
2182,chromo2807,CCN(CC)c1ccc2cc(-c3nc4cc(C(=O)Nc5ccccc5)ccc4o3)c(=O)oc2c1,3.1307,1.0326,3.201220544404811,0.8888859917950369,/scratch/jaggbow/mol_xtb_coordinates/chromo2807/geom.xtbopt.xyz,/scratch/jaggbow/mol_xtb_coordinates/chromo2807/mmff.xyz,/scratch/jaggbow/mol_xtb_coordinates/chromo2807/basic.xyz,1,,,,,,
2183,chromo2588,c1csc(-n2c3ccccc3c3ccccc32)c1,4.0341,0.8517999999999994,2.9961309063374886,0.3052341781546518,/scratch/jaggbow/mol_xtb_coordinates/chromo2588/geom.xtbopt.xyz,/scratch/jaggbow/mol_xtb_coordinates/chromo2588/mmff.xyz,/scratch/jaggbow/mol_xtb_coordinates/chromo2588/basic.xyz,1,,,,,,
2184,chromo4225,OCCSc1cccc2[n+]1[B-](F)(F)n1c(c3cccc4cccc1c43)=N2,2.7939,0.9491999999999998,2.8920362915865656,0.7403759238424027,/scratch/jaggbow/mol_xtb_coordinates/chromo4225/geom.xtbopt.xyz,/scratch/jaggbow/mol_xtb_coordinates/chromo4225/mmff.xyz,/scratch/jaggbow/mol_xtb_coordinates/chromo4225/basic.xyz,0,,,,,,
2185,chromo0997,COC(=O)CCC1=CC(C#Cc2cccs2)=[N+]2C1=Cc1c(CCC(=O)OC)cc(C#Cc3cccs3)n1[B-]2(F)F,2.1724,1.0729000000000002,0.343405898515424,0.5020251295902071,/scratch/jaggbow/mol_xtb_coordinates/chromo0997/geom.xtbopt.xyz,/scratch/jaggbow/mol_xtb_coordinates/chromo0997/mmff.xyz,/scratch/jaggbow/mol_xtb_coordinates/chromo0997/basic.xyz,1,,,,,,
2186,chromo3299,CCCCCCN1C(=O)c2cccc3c(-c4ccc(-c5cc(-c6ccc(C)cc6)nn5-c5ccccc5)s4)ccc(c23)C1=O,2.7707,0.7092,1.9548152646897698,0.358768753807081,/scratch/jaggbow/mol_xtb_coordinates/chromo3299/geom.xtbopt.xyz,/scratch/jaggbow/mol_xtb_coordinates/chromo3299/mmff.xyz,/scratch/jaggbow/mol_xtb_coordinates/chromo3299/basic.xyz,0,,,,,,
2187,chromo4582,Cc1cc(C)c(-c2c3ccccc3c3ccc4cc5c(-c6c(C)cc(C)cc6C)c6ccccc6c6ccc7cc2c3c4c7c56)c(C)c1,1.914,1.3332,1.1873163361341847,0.7961403464649395,/scratch/jaggbow/mol_xtb_coordinates/chromo4582/geom.xtbopt.xyz,/scratch/jaggbow/mol_xtb_coordinates/chromo4582/mmff.xyz,/scratch/jaggbow/mol_xtb_coordinates/chromo4582/basic.xyz,0,,,,,,
2188,chromo0339,COc1ccc(-c2nc3c(c4c2-c2ccccc2CC4)-c2ccccc2CC3)cc1,3.6857,0.9812000000000004,2.1433995464280557,0.14124555184501453,/scratch/jaggbow/mol_xtb_coordinates/chromo0339/geom.xtbopt.xyz,/scratch/jaggbow/mol_xtb_coordinates/chromo0339/mmff.xyz,/scratch/jaggbow/mol_xtb_coordinates/chromo0339/basic.xyz,0,,,,,,
2189,chromo2449,Cn1c(=O)cc(C(=O)c2ccccc2)c2sc(-c3ccc(OC(F)(F)F)cc3)cc21,2.8493,0.9612,2.5831650114834543,0.6426984635304889,/scratch/jaggbow/mol_xtb_coordinates/chromo2449/geom.xtbopt.xyz,/scratch/jaggbow/mol_xtb_coordinates/chromo2449/mmff.xyz,/scratch/jaggbow/mol_xtb_coordinates/chromo2449/basic.xyz,1,,,,,,
2190,chromo3380,CCN(CC)c1ccc2cc(C=CC(=O)c3cc4ccc(N(CC)CC)cc4oc3=O)c(=O)oc2c1,2.6904,0.9453999999999998,3.7502255061431247,0.9897073934685088,/scratch/jaggbow/mol_xtb_coordinates/chromo3380/geom.xtbopt.xyz,/scratch/jaggbow/mol_xtb_coordinates/chromo3380/mmff.xyz,/scratch/jaggbow/mol_xtb_coordinates/chromo3380/basic.xyz,1,,,,,,
2191,chromo0490,Cn1c(=O)c(N=Nc2ccc(N=Nc3ccc(S(=O)(=O)O)cc3)cc2)c(O)c2ccccc21,2.3363,0.754,2.0070195213312143,0.27271810800438323,/scratch/jaggbow/mol_xtb_coordinates/chromo0490/geom.xtbopt.xyz,/scratch/jaggbow/mol_xtb_coordinates/chromo0490/mmff.xyz,/scratch/jaggbow/mol_xtb_coordinates/chromo0490/basic.xyz,0,,,,,,
2192,chromo1522,CCCCCCCCCCCCN1C(=O)c2c(c3ccc4cc(-c5ccc(C(F)(F)F)cc5)c(OC)cc4c3c3c2ccc2cc(-c4ccc(C(F)(F)F)cc4)c(OC)cc23)C1=O,2.5711,0.5472000000000001,3.0907412003079666,0.4050314963358652,/scratch/jaggbow/mol_xtb_coordinates/chromo1522/geom.xtbopt.xyz,/scratch/jaggbow/mol_xtb_coordinates/chromo1522/mmff.xyz,/scratch/jaggbow/mol_xtb_coordinates/chromo1522/basic.xyz,0,,,,,,
2193,chromo3547,CN(C)c1cccc(C=Cc2ncc(-c3ccc(OCc4ccccc4)c(OCc4ccccc4)c3)o2)c1,3.1609,1.1808999999999998,2.605385593753164,0.4977203090441574,/scratch/jaggbow/mol_xtb_coordinates/chromo3547/geom.xtbopt.xyz,/scratch/jaggbow/mol_xtb_coordinates/chromo3547/mmff.xyz,/scratch/jaggbow/mol_xtb_coordinates/chromo3547/basic.xyz,1,,,,,,
2194,chromo4936,Cc1cc(C)c(B(c2c(C)cc(C)cc2C)c2c(C)cc(-n3c4ccc(N(c5ccccc5)c5ccccc5)cc4c4cc(N(c5ccccc5)c5ccccc5)ccc43)cc2C)c(C)c1,2.445,0.0772999999999997,2.940512851961128,0.3484712557250586,/scratch/jaggbow/mol_xtb_coordinates/chromo4936/geom.xtbopt.xyz,/scratch/jaggbow/mol_xtb_coordinates/chromo4936/mmff.xyz,/scratch/jaggbow/mol_xtb_coordinates/chromo4936/basic.xyz,1,,,,,,
2195,chromo5332,CC(C)(C)NC(=O)c1cccc2ccc3c4ccccc4c4ccccc4c3c12,3.5067,1.1926,2.930630214932512,0.46673412504461387,/scratch/jaggbow/mol_xtb_coordinates/chromo5332/geom.xtbopt.xyz,/scratch/jaggbow/mol_xtb_coordinates/chromo5332/mmff.xyz,/scratch/jaggbow/mol_xtb_coordinates/chromo5332/basic.xyz,0,,,,,,
2196,chromo5977,CCn1c2ccccc2c2c3nsnc3c3c4ccccc4n(CC)c3c21,2.903,0.8481000000000001,3.470060956636395,0.7506835955244778,/scratch/jaggbow/mol_xtb_coordinates/chromo5977/geom.xtbopt.xyz,/scratch/jaggbow/mol_xtb_coordinates/chromo5977/mmff.xyz,/scratch/jaggbow/mol_xtb_coordinates/chromo5977/basic.xyz,0,,,,,,
2197,chromo1190,COc1ccc(C#Cc2ccc(C#N)cc2)cc1,3.4856,0.6151999999999997,5.614147730632525,0.8836027514660909,/scratch/jaggbow/mol_xtb_coordinates/chromo1190/geom.xtbopt.xyz,/scratch/jaggbow/mol_xtb_coordinates/chromo1190/mmff.xyz,/scratch/jaggbow/mol_xtb_coordinates/chromo1190/basic.xyz,1,,,,,,
2198,chromo1438,CCCCN(CCCC)c1ccc2nc3c4ccccc4c(=O)c(-c4ccc5c(c4)C(CCCC)(CCCC)c4ccccc4-5)c-3oc2c1,2.2349,0.7973000000000001,2.912326077555295,1.1303190081217107,/scratch/jaggbow/mol_xtb_coordinates/chromo1438/geom.xtbopt.xyz,/scratch/jaggbow/mol_xtb_coordinates/chromo1438/mmff.xyz,/scratch/jaggbow/mol_xtb_coordinates/chromo1438/basic.xyz,0,,,,,,
2199,chromo2488,CC(C)CCCC(C)CCN1C(=O)c2ccc3c(-c4ccccc4)c4c5ccc6c7c(ccc(c(-c8ccccc8)c4c4ccc(c2c34)C1=O)c75)C(=O)N(CCC(C)CCCC(C)C)C6=O,1.9422,1.1812,4.005170215880286,1.4533758027705066,/scratch/jaggbow/mol_xtb_coordinates/chromo2488/geom.xtbopt.xyz,/scratch/jaggbow/mol_xtb_coordinates/chromo2488/mmff.xyz,/scratch/jaggbow/mol_xtb_coordinates/chromo2488/basic.xyz,0,,,,,,
2200,chromo3516,CCCCn1c2ccc3ccc4ccccc4c3c2c2c3c(ccc4ccccc43)ccc21,3.1612,0.7244000000000002,4.04458069802228,0.45587343965313254,/scratch/jaggbow/mol_xtb_coordinates/chromo3516/geom.xtbopt.xyz,/scratch/jaggbow/mol_xtb_coordinates/chromo3516/mmff.xyz,/scratch/jaggbow/mol_xtb_coordinates/chromo2488/mmff.xyz,0,,,,,,
2201,chromo2840,CN(C)c1ccc(C=Cc2ccncn2)cc1,3.3527,1.2077,2.425514252841172,0.7912343115933965,/scratch/jaggbow/mol_xtb_coordinates/chromo2840/geom.xtbopt.xyz,/scratch/jaggbow/mol_xtb_coordinates/chromo2840/mmff.xyz,/scratch/jaggbow/mol_xtb_coordinates/chromo2840/basic.xyz,1,,,,,,
2202,chromo3099,Cc1cc2ccccc2c2c1c1ccccc1n2-c1ccc(N(c2ccccc2)c2ccccc2)cc1,3.7308,1.052,3.51498201556424,0.4589771373687055,/scratch/jaggbow/mol_xtb_coordinates/chromo3099/geom.xtbopt.xyz,/scratch/jaggbow/mol_xtb_coordinates/chromo3099/mmff.xyz,/scratch/jaggbow/mol_xtb_coordinates/chromo3099/basic.xyz,0,,,,,,
2203,chromo0202,COc1ccc(O)c(-c2nc(C)c3n2CCCC3)c1,3.8861,0.9832999999999998,5.234216101513525,1.0413505825494616,/scratch/jaggbow/mol_xtb_coordinates/chromo0202/geom.xtbopt.xyz,/scratch/jaggbow/mol_xtb_coordinates/chromo0202/mmff.xyz,/scratch/jaggbow/mol_xtb_coordinates/chromo0202/basic.xyz,0,,,,,,
2204,chromo2229,c1ccc2c(-c3ccc4sc5ccc(-c6c7ccccc7cc7ccccc67)cc5c4c3)c3ccccc3cc2c1,3.1801,1.4136,5.545568710971352,1.630778101385299,/scratch/jaggbow/mol_xtb_coordinates/chromo2229/geom.xtbopt.xyz,/scratch/jaggbow/mol_xtb_coordinates/chromo2229/mmff.xyz,/scratch/jaggbow/mol_xtb_coordinates/chromo2229/basic.xyz,1,,,,,,
2205,chromo3130,Cc1ccc(-c2c3nc(c(-c4ccco4)c4ccc(s4)c(-c4ccco4)c4nc(c(-c5ccco5)c5ccc2s5)C=C4)C=C3)cc1,1.8874,0.7334,3.0615941095809913,0.4054581375934876,/scratch/jaggbow/mol_xtb_coordinates/chromo3130/geom.xtbopt.xyz,/scratch/jaggbow/mol_xtb_coordinates/chromo3130/mmff.xyz,/scratch/jaggbow/mol_xtb_coordinates/chromo3130/basic.xyz,0,,,,,,
2206,chromo1019,CCOC(=O)C=CC1=[N+]2C(=C(c3c(C)cc(C)cc3C)c3ccc(C=CC(=O)OCC)n3[B-]2(F)F)C=C1,2.4987,1.3204,3.2193468547660706,1.3837218141981888,/scratch/jaggbow/mol_xtb_coordinates/chromo1019/geom.xtbopt.xyz,/scratch/jaggbow/mol_xtb_coordinates/chromo1019/mmff.xyz,/scratch/jaggbow/mol_xtb_coordinates/chromo1019/basic.xyz,1,,,,,,
2207,chromo4024,C(=Cc1cnccn1)c1ccc2nccnc2c1,3.4455,1.3097,2.940753616745381,0.5141077646480081,/scratch/jaggbow/mol_xtb_coordinates/chromo4024/geom.xtbopt.xyz,/scratch/jaggbow/mol_xtb_coordinates/chromo4024/mmff.xyz,/scratch/jaggbow/mol_xtb_coordinates/chromo4024/basic.xyz,0,,,,,,
2208,chromo0999,COC(=O)CCC1=CC(C#Cc2ccc(OC)cc2)=[N+]2C1=Cc1c(CCC(=O)OC)cc(C#Cc3ccc(OC)cc3)n1[B-]2(F)F,2.1578,1.0172,1.9530602276682152,0.9193722069127002,/scratch/jaggbow/mol_xtb_coordinates/chromo0999/geom.xtbopt.xyz,/scratch/jaggbow/mol_xtb_coordinates/chromo0999/mmff.xyz,/scratch/jaggbow/mol_xtb_coordinates/chromo0999/basic.xyz,1,,,,,,
2209,chromo2180,Cc1ccc(N(c2ccc(C)cc2)c2ccc(-c3ccc(-c4ccc(N(c5ccc(C)cc5)c5ccc(C)cc5)cc4)c4nsnc34)cc2)cc1,2.0697,0.4855,6.026678748431783,1.2444643841369833,/scratch/jaggbow/mol_xtb_coordinates/chromo2180/geom.xtbopt.xyz,/scratch/jaggbow/mol_xtb_coordinates/chromo2180/mmff.xyz,/scratch/jaggbow/mol_xtb_coordinates/chromo2180/basic.xyz,0,,,,,,
2210,chromo2846,CSc1ccc(C=Cc2cnc3ccccc3n2)cc1,3.0616,1.0936,4.324102336563869,0.9924732345070413,/scratch/jaggbow/mol_xtb_coordinates/chromo2846/geom.xtbopt.xyz,/scratch/jaggbow/mol_xtb_coordinates/chromo2846/mmff.xyz,/scratch/jaggbow/mol_xtb_coordinates/chromo2846/basic.xyz,0,,,,,,
2211,chromo3176,O=C1c2cccn2[B-](F)(F)[n+]2ccccc21,2.7951,0.8179000000000001,3.699548113081253,1.079712710930838,/scratch/jaggbow/mol_xtb_coordinates/chromo3176/geom.xtbopt.xyz,/scratch/jaggbow/mol_xtb_coordinates/chromo3176/mmff.xyz,/scratch/jaggbow/mol_xtb_coordinates/chromo3176/basic.xyz,0,,,,,,
2212,chromo5439,c1cc2c3c(c1)ccc1[n+]3[B-]3(Oc4cccc5ccc6[n+](c45)[B-](O2)(O3)n2c-6cc3c4ccccc4c4ccccc4c32)n2c-1cc1c3ccccc3c3ccccc3c12,2.4001,0.5479,3.141613974172529,0.7207045597294996,/scratch/jaggbow/mol_xtb_coordinates/chromo5439/geom.xtbopt.xyz,/scratch/jaggbow/mol_xtb_coordinates/chromo5439/mmff.xyz,/scratch/jaggbow/mol_xtb_coordinates/chromo5439/basic.xyz,0,,,,,,
2213,chromo1433,CCCCN(CCCC)c1ccc2nc3c4ccccc4c(=O)cc-3oc2c1,2.798,1.1637,3.005862631930273,1.1678671285808264,/scratch/jaggbow/mol_xtb_coordinates/chromo1433/geom.xtbopt.xyz,/scratch/jaggbow/mol_xtb_coordinates/chromo1433/mmff.xyz,/scratch/jaggbow/mol_xtb_coordinates/chromo1433/basic.xyz,0,,,,,,
2214,chromo2886,CCCCn1c2ccc(-c3ccc(OC)cc3)cc2c2ccc3c4cc(-c5ccc(OC)cc5)ccc4n(CCCC)c3c21,3.4891,0.6128,3.351964633755906,0.4037376750375792,/scratch/jaggbow/mol_xtb_coordinates/chromo2886/geom.xtbopt.xyz,/scratch/jaggbow/mol_xtb_coordinates/chromo2886/mmff.xyz,/scratch/jaggbow/mol_xtb_coordinates/chromo2886/basic.xyz,0,,,,,,
2215,chromo3296,CCc1c(C)c2n(c1C)[B-](F)(F)[N+]1=C(NCc3ccc(OC)cc3)C=CC1=C2C,2.8639,1.4454,0.7666857705284502,1.002794623530962,/scratch/jaggbow/mol_xtb_coordinates/chromo3296/geom.xtbopt.xyz,/scratch/jaggbow/mol_xtb_coordinates/chromo3296/mmff.xyz,/scratch/jaggbow/mol_xtb_coordinates/chromo3296/basic.xyz,1,,,,,,
2216,chromo3407,O=C1Nc2ccccc2C1=CC(=O)c1ccc(O)cc1,3.3297,1.0648,4.824897360849965,0.9808423933686525,/scratch/jaggbow/mol_xtb_coordinates/chromo3407/geom.xtbopt.xyz,/scratch/jaggbow/mol_xtb_coordinates/chromo3407/mmff.xyz,/scratch/jaggbow/mol_xtb_coordinates/chromo3407/basic.xyz,0,,,,,,
2217,chromo3557,C(#Cc1ncc(-c2ccccc2)o1)c1ccco1,3.5379,1.3358,3.143399533953785,0.811735049888071,/scratch/jaggbow/mol_xtb_coordinates/chromo3557/geom.xtbopt.xyz,/scratch/jaggbow/mol_xtb_coordinates/chromo3557/mmff.xyz,/scratch/jaggbow/mol_xtb_coordinates/chromo3557/basic.xyz,0,,,,,,
2218,chromo3585,CC1=CC(C)=[N+]2C1=C(c1ccc3cccnc3n1)c1c(C)cc(C)n1[B-]2(F)F,2.6445,1.1522,3.925915196154531,1.7194585556814468,/scratch/jaggbow/mol_xtb_coordinates/chromo3585/geom.xtbopt.xyz,/scratch/jaggbow/mol_xtb_coordinates/chromo3585/mmff.xyz,/scratch/jaggbow/mol_xtb_coordinates/chromo3585/basic.xyz,1,,,,,,
2219,chromo3777,CCCCCCCCCCCCC(CCCCCCCCCC)Cn1c2cc(C=C(C#N)C#N)c3cccc4c5cccc6c(C=C(C#N)C#N)cc1c(c65)c2c34,2.1797,0.9126,2.359118703672267,0.7046144666504348,/scratch/jaggbow/mol_xtb_coordinates/chromo3777/geom.xtbopt.xyz,/scratch/jaggbow/mol_xtb_coordinates/chromo3777/mmff.xyz,/scratch/jaggbow/mol_xtb_coordinates/chromo3777/basic.xyz,0,,,,,,
2220,chromo4113,CCCCCCc1ccc(-n2c3[n+](c4c5ccccc5c5ccccc5c42)[B-](C)(C)c2cc(N(c4ccccc4)c4ccccc4)ccc2-3)cc1,3.1666,0.6450999999999998,3.362579335902089,0.455556736593095,/scratch/jaggbow/mol_xtb_coordinates/chromo4113/geom.xtbopt.xyz,/scratch/jaggbow/mol_xtb_coordinates/chromo4113/mmff.xyz,/scratch/jaggbow/mol_xtb_coordinates/chromo4113/basic.xyz,0,,,,,,
2221,chromo4151,CCC1(CC)c2cc(C=Cc3ccc(C=Cc4ccc5c(c4)C(CC)(CC)c4cc(N6c7ccccc7Sc7ccccc76)ccc4-5)cc3)ccc2-c2ccc(N3c4ccccc4Sc4ccccc43)cc21,2.526,0.7813999999999999,2.4564230875712565,0.19517027052584401,/scratch/jaggbow/mol_xtb_coordinates/chromo4151/geom.xtbopt.xyz,/scratch/jaggbow/mol_xtb_coordinates/chromo4151/mmff.xyz,/scratch/jaggbow/mol_xtb_coordinates/chromo4151/basic.xyz,0,,,,,,
2222,chromo4220,N#CC1=c2c3cccc4cccc(c43)n2[B-](F)(F)[n+]2ccccc21,2.6713,1.0186,2.890292385756836,0.9109642329003154,/scratch/jaggbow/mol_xtb_coordinates/chromo4220/geom.xtbopt.xyz,/scratch/jaggbow/mol_xtb_coordinates/chromo4220/mmff.xyz,/scratch/jaggbow/mol_xtb_coordinates/chromo4220/basic.xyz,0,,,,,,
2223,chromo4389,CCC(C)COc1ccc(C2=C3C(C)=CC(C)=[N+]3[B-](F)(F)n3c(C)cc(C)c32)cc1,3.0314,1.51,1.4360043910620746,1.0609809213219843,/scratch/jaggbow/mol_xtb_coordinates/chromo4389/geom.xtbopt.xyz,/scratch/jaggbow/mol_xtb_coordinates/chromo4389/mmff.xyz,/scratch/jaggbow/mol_xtb_coordinates/chromo4389/basic.xyz,1,,,,,,
2224,chromo4492,Cc1cc(C2=C(c3cc(C)sc3C)S(=O)(=O)c3ccccc32)c(C)s1,3.2689,0.9756,3.195420342623788,0.6073426080854539,/scratch/jaggbow/mol_xtb_coordinates/chromo4492/geom.xtbopt.xyz,/scratch/jaggbow/mol_xtb_coordinates/chromo4492/mmff.xyz,/scratch/jaggbow/mol_xtb_coordinates/chromo4492/basic.xyz,0,,,,,,
2225,chromo4579,c1cncc(-c2ccc(-c3c4ccccc4c(-c4ccc(-c5cccnc5)cc4)c4cc(-c5cccnc5)ccc34)cc2)c1,3.029,1.3369,2.5849793956235905,0.8093387476889069,/scratch/jaggbow/mol_xtb_coordinates/chromo4579/geom.xtbopt.xyz,/scratch/jaggbow/mol_xtb_coordinates/chromo4579/mmff.xyz,/scratch/jaggbow/mol_xtb_coordinates/chromo4579/basic.xyz,1,,,,,,
2226,chromo4596,COc1ccc(-c2cc3c(ccc4sccc43)s2)cc1,3.7363,1.2414999999999998,2.8812748831738513,0.6534123663608055,/scratch/jaggbow/mol_xtb_coordinates/chromo4596/geom.xtbopt.xyz,/scratch/jaggbow/mol_xtb_coordinates/chromo4596/mmff.xyz,/scratch/jaggbow/mol_xtb_coordinates/chromo4596/basic.xyz,0,,,,,,
2227,chromo4701,F[B-]1(F)OC(c2ccccc2)=Nc2sc(-c3ccccc3)n[n+]21,3.6466,0.9331999999999998,2.5609307131262122,0.496680090370665,/scratch/jaggbow/mol_xtb_coordinates/chromo4701/geom.xtbopt.xyz,/scratch/jaggbow/mol_xtb_coordinates/chromo4701/mmff.xyz,/scratch/jaggbow/mol_xtb_coordinates/chromo4701/basic.xyz,0,,,,,,
2228,chromo4712,N#CC(C#N)=Cc1ccc(-c2ccc(O)c(-c3nc4ccccc4s3)c2)s1,2.8582,1.1388,3.1328076815878467,1.0953074506478433,/scratch/jaggbow/mol_xtb_coordinates/chromo4712/geom.xtbopt.xyz,/scratch/jaggbow/mol_xtb_coordinates/chromo4712/mmff.xyz,/scratch/jaggbow/mol_xtb_coordinates/chromo4712/basic.xyz,1,,,,,,
2229,chromo4766,COc1ccccc1C1=[N+]2C(=C(c3ccccc3)c3c4c(c(-c5ccccc5OC)n3[B-]2(F)F)C2CCC4CC2)C2=C1C1CCC2CC1,2.6047,1.1472999999999998,2.0583457883118395,0.9445238959589682,/scratch/jaggbow/mol_xtb_coordinates/chromo4766/geom.xtbopt.xyz,/scratch/jaggbow/mol_xtb_coordinates/chromo4766/mmff.xyz,/scratch/jaggbow/mol_xtb_coordinates/chromo4766/basic.xyz,0,,,,,,
2230,chromo4825,Cc1ccc(C(C#N)=Cc2cc(C=C(C#N)c3ccc(C)cc3)c(-c3ccc(N(c4ccccc4)c4ccccc4)cc3)cc2-c2ccc(N(c3ccccc3)c3ccccc3)cc2)cc1,2.7666,0.6461999999999999,4.408925538730026,0.6431952345639729,/scratch/jaggbow/mol_xtb_coordinates/chromo4825/geom.xtbopt.xyz,/scratch/jaggbow/mol_xtb_coordinates/chromo4825/mmff.xyz,/scratch/jaggbow/mol_xtb_coordinates/chromo4825/basic.xyz,1,,,,,,
2231,chromo5357,CC(C)(C)c1ccc(-n2c(-c3ccc(-c4ccc(N(c5ccccc5)c5ccccc5)cc4)cc3)nc3c4ccccc4c4ccccc4c32)cc1,3.2452,0.6888000000000001,3.716023624993345,0.3603067575641659,/scratch/jaggbow/mol_xtb_coordinates/chromo5357/geom.xtbopt.xyz,/scratch/jaggbow/mol_xtb_coordinates/chromo5357/mmff.xyz,/scratch/jaggbow/mol_xtb_coordinates/chromo5357/basic.xyz,1,,,,,,
2232,chromo4111,CCCCCCc1ccc(-n2c3[n+](c4c5ccccc5c5ccccc5c42)[B-](C)(C)c2ccc4ccccc4c2-3)cc1,3.3528,0.98,2.4315207115779645,0.45816270944923626,/scratch/jaggbow/mol_xtb_coordinates/chromo4111/geom.xtbopt.xyz,/scratch/jaggbow/mol_xtb_coordinates/chromo4111/mmff.xyz,/scratch/jaggbow/mol_xtb_coordinates/chromo4111/basic.xyz,0,,,,,,
2233,chromo5339,Cc1ccc(-c2ccc(C(=O)NC(C)(C)C)c3c2ccc2c4ccccc4c4ccccc4c23)cc1,3.3854,1.1251000000000002,3.048020103238067,0.541482303759503,/scratch/jaggbow/mol_xtb_coordinates/chromo5339/geom.xtbopt.xyz,/scratch/jaggbow/mol_xtb_coordinates/chromo5339/mmff.xyz,/scratch/jaggbow/mol_xtb_coordinates/chromo5339/basic.xyz,0,,,,,,
2234,chromo3705,Fc1ccc(C#Cc2c(C#Cc3ccc(F)cc3)c(C#Cc3ccc(F)cc3)c(C#Cc3ccc(F)cc3)c(C#Cc3ccc(F)cc3)c2C#Cc2ccc(F)cc2)cc1,2.6479,0.8232999999999999,2.0252355389599455,0.06496764988359716,/scratch/jaggbow/mol_xtb_coordinates/chromo3705/geom.xtbopt.xyz,/scratch/jaggbow/mol_xtb_coordinates/chromo3705/mmff.xyz,/scratch/jaggbow/mol_xtb_coordinates/chromo3705/basic.xyz,1,,,,,,
2235,chromo3805,F[B-]1(F)Oc2ccccc2-c2c3c(c4c([n+]21)CCc1ccccc1-4)CCc1ccccc1-3,3.2874,0.7570999999999999,3.0715740939401885,0.5065301893848585,/scratch/jaggbow/mol_xtb_coordinates/chromo3805/geom.xtbopt.xyz,/scratch/jaggbow/mol_xtb_coordinates/chromo3805/mmff.xyz,/scratch/jaggbow/mol_xtb_coordinates/chromo3805/basic.xyz,0,,,,,,
2236,chromo3734,CCn1c2ccccc2c2cc(C#Cc3cc(C#Cc4ccc5c(c4)c4ccccc4n5CC)nc(S(C)(=O)=O)n3)ccc21,2.9704,0.5241000000000002,5.527703964853986,0.867642323974685,/scratch/jaggbow/mol_xtb_coordinates/chromo3734/geom.xtbopt.xyz,/scratch/jaggbow/mol_xtb_coordinates/chromo3734/mmff.xyz,/scratch/jaggbow/mol_xtb_coordinates/chromo3734/basic.xyz,1,,,,,,
2237,chromo1451,F[B-]1(F)OC(c2ccccc2)=Cc2ccc3ccccc3[n+]21,3.2098,1.0017999999999998,4.225506273429495,1.1481905674154969,/scratch/jaggbow/mol_xtb_coordinates/chromo1451/geom.xtbopt.xyz,/scratch/jaggbow/mol_xtb_coordinates/chromo1451/mmff.xyz,/scratch/jaggbow/mol_xtb_coordinates/chromo1451/basic.xyz,0,,,,,,
2238,chromo3376,COc1ccc2ccccc2c1C1=CC(c2ccccc2)=C(c2ccccc2)C1,3.2849,1.2287,2.6429956253042675,0.7349876348215273,/scratch/jaggbow/mol_xtb_coordinates/chromo3376/geom.xtbopt.xyz,/scratch/jaggbow/mol_xtb_coordinates/chromo3376/mmff.xyz,/scratch/jaggbow/mol_xtb_coordinates/chromo3376/basic.xyz,1,,,,,,
2239,chromo4812,CCN(CC)c1ccc2cc(-c3nc4c5ccccc5c5ccccc5c4n3-c3ccc(C(C)(C)C)cc3)c(=O)oc2c1,2.982,0.7169000000000003,5.434550322245163,1.3259058507446724,/scratch/jaggbow/mol_xtb_coordinates/chromo4812/geom.xtbopt.xyz,/scratch/jaggbow/mol_xtb_coordinates/chromo4812/mmff.xyz,/scratch/jaggbow/mol_xtb_coordinates/chromo4812/basic.xyz,1,,,,,,
2240,chromo3302,CCCCCCN1C(=O)c2cccc3c(-c4ccc(-c5cc(-c6ccccc6)n(-c6ccccc6)n5)s4)ccc(c23)C1=O,2.809,0.7956000000000003,1.5731146238414802,0.29742630176603513,/scratch/jaggbow/mol_xtb_coordinates/chromo3302/geom.xtbopt.xyz,/scratch/jaggbow/mol_xtb_coordinates/chromo3302/mmff.xyz,/scratch/jaggbow/mol_xtb_coordinates/chromo3302/basic.xyz,0,,,,,,
2241,chromo4751,CCCCC(CC)Cn1c2ccc(C(=C(C#N)C#N)c3ccccc3)cc2c2c(-c3ccc(Br)cc3)c3c(c(-c4ccc(Br)cc4)c21)c1cc(C(=C(C#N)C#N)c2ccccc2)ccc1n3CC(CC)CCCC,2.6836,0.4941000000000004,3.3914328528596176,0.5839960123522694,/scratch/jaggbow/mol_xtb_coordinates/chromo4751/geom.xtbopt.xyz,/scratch/jaggbow/mol_xtb_coordinates/chromo4751/mmff.xyz,/scratch/jaggbow/mol_xtb_coordinates/chromo4751/basic.xyz,0,,,,,,
2242,chromo2080,O=P(c1ccccc1)(c1ccccc1)c1ccc(N2c3ccccc3Oc3ccccc32)cc1,2.8805,0.0788999999999999,3.400523833340845,0.42298714572880003,/scratch/jaggbow/mol_xtb_coordinates/chromo2080/geom.xtbopt.xyz,/scratch/jaggbow/mol_xtb_coordinates/chromo2080/mmff.xyz,/scratch/jaggbow/mol_xtb_coordinates/chromo2080/basic.xyz,0,,,,,,
2243,chromo2306,c1ccc(-c2cc3cc4cccc5c(-c6ccccc6)cc6cc7cccc2c7c3c6c45)cc1,2.8,1.4420999999999995,5.721349865719661,1.8524758404606079,/scratch/jaggbow/mol_xtb_coordinates/chromo2306/geom.xtbopt.xyz,/scratch/jaggbow/mol_xtb_coordinates/chromo2306/mmff.xyz,/scratch/jaggbow/mol_xtb_coordinates/chromo2306/basic.xyz,0,,,,,,
2244,chromo2207,CC(C)(C)c1ccc(-c2c(-c3cccc(-n4c5ccccc5c5ccccc54)c3)c(C#N)c(-c3cccc(-n4c5ccccc5c5ccccc54)c3)c(-c3ccc(C(C)(C)C)cc3)c2-c2ccc(C(C)(C)C)cc2)cc1,3.3469,0.2598000000000002,4.277046565689449,0.5284969067615678,/scratch/jaggbow/mol_xtb_coordinates/chromo2207/geom.xtbopt.xyz,/scratch/jaggbow/mol_xtb_coordinates/chromo2207/mmff.xyz,/scratch/jaggbow/mol_xtb_coordinates/chromo2207/basic.xyz,1,,,,,,
2245,chromo4519,CCN1c2ccc(C3=CC(c4ccccc4)=[O+][B-](F)(F)O3)cc2Sc2cc(C3=CC(c4ccccc4)=[O+][B-](F)(F)O3)ccc21,2.572,0.3740000000000001,2.2179899487726726,0.3914945818447739,/scratch/jaggbow/mol_xtb_coordinates/chromo4519/geom.xtbopt.xyz,/scratch/jaggbow/mol_xtb_coordinates/chromo4519/mmff.xyz,/scratch/jaggbow/mol_xtb_coordinates/chromo4519/basic.xyz,0,,,,,,
2246,chromo2232,c1ccc2nc3cccc(-c4ccc(-n5c6ccccc6c6ccccc65)cc4)c3cc2c1,2.9232,1.0378,3.7513294935787633,1.002252437261026,/scratch/jaggbow/mol_xtb_coordinates/chromo2232/geom.xtbopt.xyz,/scratch/jaggbow/mol_xtb_coordinates/chromo2232/mmff.xyz,/scratch/jaggbow/mol_xtb_coordinates/chromo2232/basic.xyz,0,,,,,,
2247,chromo0856,CCCCCCOc1ccc(C#Cc2ccc(C#CC#Cc3ccc(C#Cc4ccc(OCCCCCC)c(OCCCCCC)c4)c4nsnc34)c3nsnc23)cc1OCCCCCC,2.028,0.8400000000000001,2.6078251207467114,0.5767987310087277,/scratch/jaggbow/mol_xtb_coordinates/chromo0856/geom.xtbopt.xyz,/scratch/jaggbow/mol_xtb_coordinates/chromo0856/mmff.xyz,/scratch/jaggbow/mol_xtb_coordinates/chromo0856/basic.xyz,0,,,,,,
2248,chromo6655,CCCCOc1c(C#N)cc2cc(C#N)c(OCCCC)c3c4c(OCCCC)c(C#N)cc5cc(C#N)c(OCCCC)c(c1c23)c54,2.733,1.1096,2.716955928477903,0.8356053417157359,/scratch/jaggbow/mol_xtb_coordinates/chromo6655/geom.xtbopt.xyz,/scratch/jaggbow/mol_xtb_coordinates/chromo6655/mmff.xyz,/scratch/jaggbow/mol_xtb_coordinates/chromo6655/basic.xyz,0,,,,,,
2249,chromo2833,CN(C)c1ccc(C2=Cc3ccccc3P2(=O)c2ccccc2)cc1,3.0529,1.0315000000000003,4.934910140756613,1.3580730201048723,/scratch/jaggbow/mol_xtb_coordinates/chromo2833/geom.xtbopt.xyz,/scratch/jaggbow/mol_xtb_coordinates/chromo2833/mmff.xyz,/scratch/jaggbow/mol_xtb_coordinates/chromo2833/basic.xyz,0,,,,,,
2250,chromo3459,CCOC(=O)c1c(-c2cc3ccccc3oc2=O)nn(-c2cccc(C)c2)c1C(=O)OCC,3.8186,1.2172999999999998,2.8663714760091934,0.6173533436471458,/scratch/jaggbow/mol_xtb_coordinates/chromo3459/geom.xtbopt.xyz,/scratch/jaggbow/mol_xtb_coordinates/chromo3459/mmff.xyz,/scratch/jaggbow/mol_xtb_coordinates/chromo3459/basic.xyz,1,,,,,,
2251,chromo1227,CC1=CC(C)=[N+]2C1=C(C)c1cccn1[B-]2(F)F,3.1373,1.4885000000000002,3.972463736839259,1.7233581869441388,/scratch/jaggbow/mol_xtb_coordinates/chromo1227/geom.xtbopt.xyz,/scratch/jaggbow/mol_xtb_coordinates/chromo1227/mmff.xyz,/scratch/jaggbow/mol_xtb_coordinates/chromo1227/basic.xyz,1,,,,,,
2252,chromo3242,COc1cc(C=CC2=CC(C=Cc3ccc(OS(=O)(=O)c4ccc(C)cc4)c(OC)c3)=[O+][B-](F)(F)O2)ccc1OS(=O)(=O)c1ccc(C)cc1,2.7989,0.8837000000000002,2.663312463898584,0.6788199976208955,/scratch/jaggbow/mol_xtb_coordinates/chromo3242/geom.xtbopt.xyz,/scratch/jaggbow/mol_xtb_coordinates/chromo3242/mmff.xyz,/scratch/jaggbow/mol_xtb_coordinates/chromo3242/basic.xyz,1,,,,,,
2253,chromo4099,CCCc1ccc(C#Cc2ccc3nc4ccc(C#Cc5ccc(CCC)cc5)cn4c(=O)c3c2)cc1,2.9251,0.9449,3.63873641254079,0.9347397256387122,/scratch/jaggbow/mol_xtb_coordinates/chromo4099/geom.xtbopt.xyz,/scratch/jaggbow/mol_xtb_coordinates/chromo4099/mmff.xyz,/scratch/jaggbow/mol_xtb_coordinates/chromo4099/basic.xyz,0,,,,,,
2254,chromo3706,C(#Cc1c(C#Cc2cccs2)c(C#Cc2cccs2)c(C#Cc2cccs2)c(C#Cc2cccs2)c1C#Cc1cccs1)c1cccs1,2.388,0.7965,2.57745539867727,0.3922584603701307,/scratch/jaggbow/mol_xtb_coordinates/chromo3706/geom.xtbopt.xyz,/scratch/jaggbow/mol_xtb_coordinates/chromo3706/mmff.xyz,/scratch/jaggbow/mol_xtb_coordinates/chromo3706/basic.xyz,0,,,,,,
2255,chromo2135,O=P1(c2ccccc2)c2cccc3ccc4ccc1n4c23,3.1551,0.8125,2.6177404244676756,0.416992766145195,/scratch/jaggbow/mol_xtb_coordinates/chromo2135/geom.xtbopt.xyz,/scratch/jaggbow/mol_xtb_coordinates/chromo2135/mmff.xyz,/scratch/jaggbow/mol_xtb_coordinates/chromo2135/basic.xyz,0,,,,,,
2256,chromo2616,CC(C)(C)c1ccc2c(c1)c1cc(C(C)(C)C)ccc1n2-c1ccc(C#Cc2ccc(C=O)cc2)cc1,2.7873,0.5165000000000002,3.119296686124147,0.25663537033578054,/scratch/jaggbow/mol_xtb_coordinates/chromo2616/geom.xtbopt.xyz,/scratch/jaggbow/mol_xtb_coordinates/chromo2616/mmff.xyz,/scratch/jaggbow/mol_xtb_coordinates/chromo2616/basic.xyz,1,,,,,,
2257,chromo4106,CN(C)c1ccc2c3c(ccc2c1)C(=O)CCC3,3.565,1.0981,1.6509969980526438,0.3130987983740954,/scratch/jaggbow/mol_xtb_coordinates/chromo4106/geom.xtbopt.xyz,/scratch/jaggbow/mol_xtb_coordinates/chromo4106/mmff.xyz,/scratch/jaggbow/mol_xtb_coordinates/chromo4106/basic.xyz,0,,,,,,
2258,chromo4069,CCN(CC)c1ccc2cc(-c3ccc(-c4ccc(-c5cc6ccccc6oc5=O)cc4)cc3)c(=O)oc2c1,2.9001,0.7150000000000003,4.361429351643615,1.108696119671377,/scratch/jaggbow/mol_xtb_coordinates/chromo4069/geom.xtbopt.xyz,/scratch/jaggbow/mol_xtb_coordinates/chromo4069/mmff.xyz,/scratch/jaggbow/mol_xtb_coordinates/chromo4069/basic.xyz,1,,,,,,
2259,chromo0854,CN(C)CCNc1ccc([N+](=O)[O-])cc1[N+](=O)[O-],3.2602,0.6584000000000003,1.4569417065576926,0.3543841552504493,/scratch/jaggbow/mol_xtb_coordinates/chromo0854/geom.xtbopt.xyz,/scratch/jaggbow/mol_xtb_coordinates/chromo0854/mmff.xyz,/scratch/jaggbow/mol_xtb_coordinates/chromo0854/basic.xyz,1,,,,,,
2260,chromo1170,[O-]c1ccccc1-c1[nH+]c2c3cccnc3c3ncccc3c2n1-c1ccccc1,3.5285,0.8094000000000001,3.4387363901443555,0.4196285119885508,/scratch/jaggbow/mol_xtb_coordinates/chromo1170/geom.xtbopt.xyz,/scratch/jaggbow/mol_xtb_coordinates/chromo1170/mmff.xyz,/scratch/jaggbow/mol_xtb_coordinates/chromo1170/basic.xyz,0,,,,,,
2261,chromo2990,Clc1ncc(-c2c3ccccc3c(-c3cnc(Cl)nc3)c3ccccc23)cn1,3.1048,1.3869,2.6091078605157287,0.9002790212570961,/scratch/jaggbow/mol_xtb_coordinates/chromo2990/geom.xtbopt.xyz,/scratch/jaggbow/mol_xtb_coordinates/chromo2990/mmff.xyz,/scratch/jaggbow/mol_xtb_coordinates/chromo2990/basic.xyz,1,,,,,,
2262,chromo3287,CCCSc1ccc2n1[B-](F)(F)[N+]1=C(SC#N)C=CC1=C2c1ccccc1,2.4679,0.9976000000000004,4.898421679133829,1.9882713030052965,/scratch/jaggbow/mol_xtb_coordinates/chromo3287/geom.xtbopt.xyz,/scratch/jaggbow/mol_xtb_coordinates/chromo3287/mmff.xyz,/scratch/jaggbow/mol_xtb_coordinates/chromo3287/basic.xyz,1,,,,,,
2263,chromo3413,O=C1Nc2ccccc2C1=CC(=O)c1ccc(Cl)cc1Cl,3.2808,1.0434,2.5151156251968274,0.4413848327465131,/scratch/jaggbow/mol_xtb_coordinates/chromo3413/geom.xtbopt.xyz,/scratch/jaggbow/mol_xtb_coordinates/chromo3413/mmff.xyz,/scratch/jaggbow/mol_xtb_coordinates/chromo3413/basic.xyz,0,,,,,,
2264,chromo0107,CCN(CC)c1ccc2nc3c4ccccc4c(=O)cc-3oc2c1,2.7481,1.2389,3.8003222030108907,1.38127726107506,/scratch/jaggbow/mol_xtb_coordinates/chromo0107/geom.xtbopt.xyz,/scratch/jaggbow/mol_xtb_coordinates/chromo0107/mmff.xyz,/scratch/jaggbow/mol_xtb_coordinates/chromo0107/basic.xyz,0,,,,,,
2265,chromo0196,CCN1C(=Cc2c(-c3ccc(N(C)C)cc3)c(=O)c2=O)C=Cc2ccccc21,2.4541,0.9648,3.185123414985891,1.0596708836927282,/scratch/jaggbow/mol_xtb_coordinates/chromo0196/geom.xtbopt.xyz,/scratch/jaggbow/mol_xtb_coordinates/chromo0196/mmff.xyz,/scratch/jaggbow/mol_xtb_coordinates/chromo0196/basic.xyz,0,,,,,,
2266,chromo1200,O=Cc1cc(C=O)c2ccc3c(N4CCCCC4)cc(N4CCCCC4)c4ccc1c2c43,2.5951,0.9896,3.796616864004861,1.1299704052603863,/scratch/jaggbow/mol_xtb_coordinates/chromo1200/geom.xtbopt.xyz,/scratch/jaggbow/mol_xtb_coordinates/chromo1200/mmff.xyz,/scratch/jaggbow/mol_xtb_coordinates/chromo1200/basic.xyz,1,,,,,,
2267,chromo0502,COc1ccc(C2CC(O)(c3ccccn3)CC(O)(c3ccccn3)C2C(=O)c2ccc(N(c3ccccc3)c3ccccc3)cc2)cc1,3.3349,0.8054000000000001,0.9576471389221277,-0.0007852223498667765,/scratch/jaggbow/mol_xtb_coordinates/chromo0502/geom.xtbopt.xyz,/scratch/jaggbow/mol_xtb_coordinates/chromo0502/mmff.xyz,/scratch/jaggbow/mol_xtb_coordinates/chromo0502/basic.xyz,1,,,,,,
2268,chromo0568,N#Cc1ccc(-c2nc(-c3ccccc3)c3ccccn23)cc1,3.1906,0.9329,4.124576826944111,0.835137278569146,/scratch/jaggbow/mol_xtb_coordinates/chromo0568/geom.xtbopt.xyz,/scratch/jaggbow/mol_xtb_coordinates/chromo0568/mmff.xyz,/scratch/jaggbow/mol_xtb_coordinates/chromo0568/basic.xyz,0,,,,,,
2269,chromo0692,CCCCc1ccc2ccc3c(CCCC)ccc4ccc1c2c43,3.5388,1.5054000000000003,1.4483540228541867,0.3907636232713485,/scratch/jaggbow/mol_xtb_coordinates/chromo0692/geom.xtbopt.xyz,/scratch/jaggbow/mol_xtb_coordinates/chromo0692/mmff.xyz,/scratch/jaggbow/mol_xtb_coordinates/chromo0692/basic.xyz,1,,,,,,
2270,chromo2539,CN(C)c1ccc(C2=Nc3scc(-c4ccc(C#N)cc4)[n+]3[B-](F)(F)O2)cc1,3.3249,0.8693,0.849169067777023,0.21870777499346206,/scratch/jaggbow/mol_xtb_coordinates/chromo2539/geom.xtbopt.xyz,/scratch/jaggbow/mol_xtb_coordinates/chromo2539/mmff.xyz,/scratch/jaggbow/mol_xtb_coordinates/chromo2539/basic.xyz,0,,,,,,
2271,chromo1095,CC1=CC(C)=[N+]2C1=Cc1c3ccccc3c(C#Cc3ccsc3)n1[B-]2(F)F,2.419,1.3362,3.5938245817349386,1.5595082492426984,/scratch/jaggbow/mol_xtb_coordinates/chromo1095/geom.xtbopt.xyz,/scratch/jaggbow/mol_xtb_coordinates/chromo1095/mmff.xyz,/scratch/jaggbow/mol_xtb_coordinates/chromo1095/basic.xyz,0,,,,,,
2272,chromo2545,COc1ccc(C2=CC3=C(c4c(C)cc(C)cc4C)c4cc(-c5ccc(OC)cc5)c(-c5ccc(OC)cc5)n4[B-](F)(F)[N+]3=C2c2ccc(OC)cc2)cc1,2.2119,0.9141,1.5176325219017612,0.7685104874967048,/scratch/jaggbow/mol_xtb_coordinates/chromo2545/geom.xtbopt.xyz,/scratch/jaggbow/mol_xtb_coordinates/chromo2545/mmff.xyz,/scratch/jaggbow/mol_xtb_coordinates/chromo2545/basic.xyz,1,,,,,,
2273,chromo2110,c1ccc(-c2nnc(-c3cc(-n4c5ccccc5c5ccccc54)c(-n4c5ccccc5c5ccccc54)cc3-c3nnc(-c4ccccc4)o3)o2)cc1,2.8634,0.3456999999999999,2.2871977702814412,0.018513680208515182,/scratch/jaggbow/mol_xtb_coordinates/chromo2110/geom.xtbopt.xyz,/scratch/jaggbow/mol_xtb_coordinates/chromo2110/mmff.xyz,/scratch/jaggbow/mol_xtb_coordinates/chromo2110/basic.xyz,1,,,,,,
2274,chromo2605,C(#Cc1ccc(-n2c3ccccc3c3ccccc32)cc1)c1ccccc1,3.3931,0.8308,2.78097188512758,0.20566672612750325,/scratch/jaggbow/mol_xtb_coordinates/chromo2605/geom.xtbopt.xyz,/scratch/jaggbow/mol_xtb_coordinates/chromo2605/mmff.xyz,/scratch/jaggbow/mol_xtb_coordinates/chromo2605/basic.xyz,1,,,,,,
2275,chromo0419,COc1ccc(C=Cc2nc(-c3ccc(C)cc3)[nH]c2C=Cc2ccc(OC)cc2)cc1,2.9381,1.2211999999999998,2.0612068911862127,0.5956950725320836,/scratch/jaggbow/mol_xtb_coordinates/chromo0419/geom.xtbopt.xyz,/scratch/jaggbow/mol_xtb_coordinates/chromo0419/mmff.xyz,/scratch/jaggbow/mol_xtb_coordinates/chromo0419/basic.xyz,1,,,,,,
2276,chromo1326,CCOC(=O)CCCCCn1c2ccc(N)cc2c(=O)c2cc3c(cc21)c(=O)c1cc(N)ccc1n3CCCCCC(=O)OCC,2.3493,0.6452,2.9720145223639984,0.9864032642196431,/scratch/jaggbow/mol_xtb_coordinates/chromo1326/geom.xtbopt.xyz,/scratch/jaggbow/mol_xtb_coordinates/chromo1326/mmff.xyz,/scratch/jaggbow/mol_xtb_coordinates/chromo1326/basic.xyz,0,,,,,,
2277,chromo2494,C(=Cc1ncc2ccccc2n1)c1ccc(N(c2ccccc2)c2ccccc2)cc1,2.7414,0.786,2.686059928604064,0.5392416599014038,/scratch/jaggbow/mol_xtb_coordinates/chromo2494/geom.xtbopt.xyz,/scratch/jaggbow/mol_xtb_coordinates/chromo2494/mmff.xyz,/scratch/jaggbow/mol_xtb_coordinates/chromo2494/basic.xyz,0,,,,,,
2278,chromo2890,CC1=C(Cc2ccccc2)C(C)=[N+]2C1=C(C)c1c(C)c(-c3csc(N4CCOCC4)n3)c(C)n1[B-]2(F)F,2.5348,0.9917000000000002,1.3560168428606088,0.7514893246908236,/scratch/jaggbow/mol_xtb_coordinates/chromo2890/geom.xtbopt.xyz,/scratch/jaggbow/mol_xtb_coordinates/chromo2890/mmff.xyz,/scratch/jaggbow/mol_xtb_coordinates/chromo2890/basic.xyz,1,,,,,,
2279,chromo2434,COc1ccc(-c2cc3c(s2)c(C(=O)c2ccccc2)cc(=O)n3Cc2ccccc2)cc1,2.709,0.8433000000000002,5.4903595892396275,1.3215250644579348,/scratch/jaggbow/mol_xtb_coordinates/chromo2434/geom.xtbopt.xyz,/scratch/jaggbow/mol_xtb_coordinates/chromo2434/mmff.xyz,/scratch/jaggbow/mol_xtb_coordinates/chromo2434/basic.xyz,1,,,,,,
2280,chromo1068,COC(=O)c1ccc(C2=C3C=c4sc(-c5cccs5)cc4=[N+]3[B-](F)(F)n3c2cc2sc(-c4cccs4)cc23)cc1,2.1117,1.156,2.571669694507598,1.2368029657447235,/scratch/jaggbow/mol_xtb_coordinates/chromo1068/geom.xtbopt.xyz,/scratch/jaggbow/mol_xtb_coordinates/chromo1068/mmff.xyz,/scratch/jaggbow/mol_xtb_coordinates/chromo1068/basic.xyz,0,,,,,,
2281,chromo2589,CC(C)(C)c1ccc2c(c1)c1cc(C(C)(C)C)ccc1n2-c1cccs1,3.9535,0.8077000000000001,4.767896356070301,0.7183320281876557,/scratch/jaggbow/mol_xtb_coordinates/chromo2589/geom.xtbopt.xyz,/scratch/jaggbow/mol_xtb_coordinates/chromo2589/mmff.xyz,/scratch/jaggbow/mol_xtb_coordinates/chromo2589/basic.xyz,1,,,,,,
2282,chromo4637,COc1ccc2cc(C(C)C(=O)O)ccc2c1,4.1358,1.3539,3.1814726939595923,0.5997141264776779,/scratch/jaggbow/mol_xtb_coordinates/chromo4637/geom.xtbopt.xyz,/scratch/jaggbow/mol_xtb_coordinates/chromo4637/mmff.xyz,/scratch/jaggbow/mol_xtb_coordinates/chromo4637/basic.xyz,1,,,,,,
2283,chromo2435,COC(=O)c1cc(=O)n(C)c2cc(-c3ccc(Oc4ccccc4)cc3)sc12,3.0355,1.1436,4.834029788132712,1.4035232259126866,/scratch/jaggbow/mol_xtb_coordinates/chromo2435/geom.xtbopt.xyz,/scratch/jaggbow/mol_xtb_coordinates/chromo2435/mmff.xyz,/scratch/jaggbow/mol_xtb_coordinates/chromo2435/basic.xyz,1,,,,,,
2284,chromo2340,CC(C)(C)c1ccc(-c2c3c(c(-c4ccc(C(C)(C)C)cc4)c4cc5ccccc5cc24)Cc2c(c(-c4ccc(C(C)(C)C)cc4)c4cc5ccccc5cc4c2-c2ccc(C(C)(C)C)cc2)C3)cc1,3.0751,1.2746,3.3430526687132414,1.0666415078363949,/scratch/jaggbow/mol_xtb_coordinates/chromo2340/geom.xtbopt.xyz,/scratch/jaggbow/mol_xtb_coordinates/chromo2340/mmff.xyz,/scratch/jaggbow/mol_xtb_coordinates/chromo2340/basic.xyz,0,,,,,,
2285,chromo3059,Cc1cc(-c2ccc(N(c3ccccc3)c3ccccc3)cc2)c2nsnc2c1-c1ccc(N(c2ccccc2)c2ccccc2)cc1,2.269,0.4980000000000002,5.601608270868283,1.117568860853107,/scratch/jaggbow/mol_xtb_coordinates/chromo3059/geom.xtbopt.xyz,/scratch/jaggbow/mol_xtb_coordinates/chromo3059/mmff.xyz,/scratch/jaggbow/mol_xtb_coordinates/chromo3059/basic.xyz,0,,,,,,
2286,chromo2599,N#CC(C#N)=Cc1ccc2c(c1)[nH]c1c3ccccc3sc21,2.7596,0.8427999999999998,1.8024151671740387,0.38166504048180505,/scratch/jaggbow/mol_xtb_coordinates/chromo2599/geom.xtbopt.xyz,/scratch/jaggbow/mol_xtb_coordinates/chromo2599/mmff.xyz,/scratch/jaggbow/mol_xtb_coordinates/chromo2599/basic.xyz,0,,,,,,
2287,chromo0118,Nc1ccc(-c2ccc3c(c2)C(=O)c2ccccc2C3=O)cc1,2.5296,0.3708,2.2685084356804004,0.11937151960691436,/scratch/jaggbow/mol_xtb_coordinates/chromo0118/geom.xtbopt.xyz,/scratch/jaggbow/mol_xtb_coordinates/chromo0118/mmff.xyz,/scratch/jaggbow/mol_xtb_coordinates/chromo0118/basic.xyz,0,,,,,,
2288,chromo2035,Cc1nn(-c2ccccc2)c2c1c(=O)oc1ccc(-n3c4ccccc4c4ccccc43)cc12,3.2778,0.2738,5.5092127929289685,0.8425712347171377,/scratch/jaggbow/mol_xtb_coordinates/chromo2035/geom.xtbopt.xyz,/scratch/jaggbow/mol_xtb_coordinates/chromo2035/mmff.xyz,/scratch/jaggbow/mol_xtb_coordinates/chromo2035/basic.xyz,0,,,,,,
2289,chromo3514,CCCCn1c2ccc(-c3ccc4c(c3)c3c5c(ccc6ccccc65)ccc3n4CCCC)cc2c2c3c(ccc4ccccc43)ccc21,3.2845,0.6821000000000002,3.3970645282241847,0.352672984289594,/scratch/jaggbow/mol_xtb_coordinates/chromo3514/geom.xtbopt.xyz,/scratch/jaggbow/mol_xtb_coordinates/chromo3514/mmff.xyz,/scratch/jaggbow/mol_xtb_coordinates/chromo3514/basic.xyz,0,,,,,,
2290,chromo3101,Cc1cc2ccccc2c2c1c1ccccc1n2-c1ncccn1,3.2988,0.7357999999999998,3.678880000531625,0.5885749857221833,/scratch/jaggbow/mol_xtb_coordinates/chromo3101/geom.xtbopt.xyz,/scratch/jaggbow/mol_xtb_coordinates/chromo3101/mmff.xyz,/scratch/jaggbow/mol_xtb_coordinates/chromo3101/basic.xyz,0,,,,,,
2291,chromo3120,Cc1ccc(-c2c3nc(c(-c4ccco4)c4ccc([nH]4)c(-c4ccco4)c4nc(c(-c5ccco5)c5ccc2[nH]5)C=C4)C=C3)cc1,2.03,0.7526999999999997,2.6957375553143,0.4622891861267982,/scratch/jaggbow/mol_xtb_coordinates/chromo3120/geom.xtbopt.xyz,/scratch/jaggbow/mol_xtb_coordinates/chromo3120/mmff.xyz,/scratch/jaggbow/mol_xtb_coordinates/chromo3120/basic.xyz,0,,,,,,
2292,chromo0274,CCCCn1c(-c2ccc(-c3nnc(-c4ccc(-c5nc(-c6ccccc6)c(-c6ccccc6)n5CCCC)cc4)o3)cc2)nc(-c2ccccc2)c1-c1ccccc1,3.0314,0.5792999999999999,4.706344705503,0.6672330728697045,/scratch/jaggbow/mol_xtb_coordinates/chromo0274/geom.xtbopt.xyz,/scratch/jaggbow/mol_xtb_coordinates/chromo0274/mmff.xyz,/scratch/jaggbow/mol_xtb_coordinates/chromo0274/basic.xyz,0,,,,,,
2293,chromo2329,O=C1NC(=O)c2c1c1c3ccccc3[nH]c1c1[nH]c3ccccc3c21,3.0259,0.5895999999999999,2.746772832934768,0.4616323712511856,/scratch/jaggbow/mol_xtb_coordinates/chromo2329/geom.xtbopt.xyz,/scratch/jaggbow/mol_xtb_coordinates/chromo2329/mmff.xyz,/scratch/jaggbow/mol_xtb_coordinates/chromo2329/basic.xyz,0,,,,,,
2294,chromo1173,Cc1ccc(N2C(c3ccccc3N(C)C)=NC(c3ccccc3)C2c2ccccc2)cc1,4.0527,0.8066999999999998,5.895156445643776,0.9465590899912402,/scratch/jaggbow/mol_xtb_coordinates/chromo1173/geom.xtbopt.xyz,/scratch/jaggbow/mol_xtb_coordinates/chromo1173/mmff.xyz,/scratch/jaggbow/mol_xtb_coordinates/chromo1173/basic.xyz,1,,,,,,
2295,chromo2267,Cc1cccc(-c2c3ccccc3cc3ccccc23)n1,3.1808,1.4229,3.537543417488601,1.1433461454900338,/scratch/jaggbow/mol_xtb_coordinates/chromo2267/geom.xtbopt.xyz,/scratch/jaggbow/mol_xtb_coordinates/chromo2267/mmff.xyz,/scratch/jaggbow/mol_xtb_coordinates/chromo2267/basic.xyz,1,,,,,,
2296,chromo2504,CN(C)c1ccc(-c2nc(-c3ccc(N(C)C)cc3)c3ccccc3n2)cc1,3.0225,0.6419999999999999,3.011962011097976,0.3430139457757069,/scratch/jaggbow/mol_xtb_coordinates/chromo2504/geom.xtbopt.xyz,/scratch/jaggbow/mol_xtb_coordinates/chromo2504/mmff.xyz,/scratch/jaggbow/mol_xtb_coordinates/chromo2504/basic.xyz,0,,,,,,
2297,chromo0426,COc1cccc(C=CC(=O)c2c(O)cc(C)oc2=O)c1,3.3092,1.0385,3.8621889598212094,0.8234520513174766,/scratch/jaggbow/mol_xtb_coordinates/chromo0426/geom.xtbopt.xyz,/scratch/jaggbow/mol_xtb_coordinates/chromo0426/mmff.xyz,/scratch/jaggbow/mol_xtb_coordinates/chromo0426/basic.xyz,1,,,,,,
2298,chromo0776,COc1ccc(C=Cc2cc(C=Cc3ccc(N(c4ccccc4)c4ccccc4)cc3)nc(C=Cc3ccc(N(C)C)cc3)n2)cc1,2.6516,0.5754000000000001,2.3851399171688237,0.42208755667073683,/scratch/jaggbow/mol_xtb_coordinates/chromo0776/geom.xtbopt.xyz,/scratch/jaggbow/mol_xtb_coordinates/chromo0776/mmff.xyz,/scratch/jaggbow/mol_xtb_coordinates/chromo0776/basic.xyz,1,,,,,,
2299,chromo1481,[C-]#[N+]c1ccc(-c2ccc(N(C)C)cc2)cc1,3.7561,0.9543,5.26943590905014,1.1006743612905057,/scratch/jaggbow/mol_xtb_coordinates/chromo1481/geom.xtbopt.xyz,/scratch/jaggbow/mol_xtb_coordinates/chromo1481/mmff.xyz,/scratch/jaggbow/mol_xtb_coordinates/chromo1481/basic.xyz,1,,,,,,
2300,chromo2183,c1ccc(-n2c(-c3ccc(-c4c5ccccc5c(-c5cccc(-n6c7ccccc7c7ccccc76)c5)c5ccccc45)cc3)nc3c4ccccc4c4ccccc4c32)cc1,3.0804,1.3484,5.217320998469325,1.506638329766853,/scratch/jaggbow/mol_xtb_coordinates/chromo2183/geom.xtbopt.xyz,/scratch/jaggbow/mol_xtb_coordinates/chromo2183/mmff.xyz,/scratch/jaggbow/mol_xtb_coordinates/chromo2183/basic.xyz,1,,,,,,
2301,chromo3112,Cc1cc2c3ccccc3oc2c2c1c1ccccc1n2-c1ccc(C#N)cc1,3.4362,0.5118999999999998,1.0205905056836921,-0.20664225487859333,/scratch/jaggbow/mol_xtb_coordinates/chromo3112/geom.xtbopt.xyz,/scratch/jaggbow/mol_xtb_coordinates/chromo3112/mmff.xyz,/scratch/jaggbow/mol_xtb_coordinates/chromo3112/basic.xyz,0,,,,,,
2302,chromo0222,C1=Cc2nc1c(-c1cccs1)c1ccc([nH]1)c(-c1cccs1)c1nc(c(-c3cccs3)c3ccc([nH]3)c2-c2cccs2)C=C1,2.1525,0.7581999999999998,1.0392057658838683,0.031190403841178493,/scratch/jaggbow/mol_xtb_coordinates/chromo0222/geom.xtbopt.xyz,/scratch/jaggbow/mol_xtb_coordinates/chromo0222/mmff.xyz,/scratch/jaggbow/mol_xtb_coordinates/chromo0222/basic.xyz,0,,,,,,
2303,chromo3133,C(=Cc1ccc(C=CSC=C2CCCCC2)cc1)SC=C1CCCCC1,3.4253,1.2563,2.4271416651441413,0.5886980166497635,/scratch/jaggbow/mol_xtb_coordinates/chromo3133/geom.xtbopt.xyz,/scratch/jaggbow/mol_xtb_coordinates/chromo3133/mmff.xyz,/scratch/jaggbow/mol_xtb_coordinates/chromo3133/basic.xyz,1,,,,,,
2304,chromo1994,CC(C)(C)c1ccc2c(c1)c1cc(C(C)(C)C)ccc1n2-c1ccc(C#Cc2ccc3c4ccc(C#Cc5ccc(-n6c7ccc(C(C)(C)C)cc7c7cc(C(C)(C)C)ccc76)cc5)cc4n(-c4ccc(C(F)(F)F)cc4)c3c2)cc1,2.8487,0.6411000000000002,5.403654930829546,0.8158493366151033,/scratch/jaggbow/mol_xtb_coordinates/chromo1994/geom.xtbopt.xyz,/scratch/jaggbow/mol_xtb_coordinates/chromo1994/mmff.xyz,/scratch/jaggbow/mol_xtb_coordinates/chromo1994/basic.xyz,1,,,,,,
2305,chromo2582,COc1ccc(N(c2ccc(OC)cc2)c2cc3ccc4cc(B(c5c(C)cc(C)cc5C)c5c(C)cc(C)cc5C)cc5ccc(c2)c3c45)cc1,2.7787,0.6546000000000003,2.724948860540083,0.17212227363365093,/scratch/jaggbow/mol_xtb_coordinates/chromo2582/geom.xtbopt.xyz,/scratch/jaggbow/mol_xtb_coordinates/chromo2582/mmff.xyz,/scratch/jaggbow/mol_xtb_coordinates/chromo2582/basic.xyz,1,,,,,,
2306,chromo3107,Cc1cc2cc(C)c3c4ccccc4[nH]c3c2o1,4.0515,0.9916999999999998,3.526541929158816,0.34736696020086555,/scratch/jaggbow/mol_xtb_coordinates/chromo3107/geom.xtbopt.xyz,/scratch/jaggbow/mol_xtb_coordinates/chromo3107/mmff.xyz,/scratch/jaggbow/mol_xtb_coordinates/chromo3107/basic.xyz,0,,,,,,
2307,chromo2209,c1ccc(-n2c(-c3cccc4ccccc34)nc3c4ccccc4c4ccccc4c32)cc1,3.5092,0.9686,3.7891376775178816,0.5814598203953577,/scratch/jaggbow/mol_xtb_coordinates/chromo2209/geom.xtbopt.xyz,/scratch/jaggbow/mol_xtb_coordinates/chromo2209/mmff.xyz,/scratch/jaggbow/mol_xtb_coordinates/chromo2209/basic.xyz,1,,,,,,
2308,chromo1123,F[B-]1(F)n2c(c3ccccc3c2-c2ccccc2)N=C2c3ccccc3C(c3ccccc3)=[N+]21,2.0984,1.4023,1.8040144798183553,1.2650453987579717,/scratch/jaggbow/mol_xtb_coordinates/chromo1123/geom.xtbopt.xyz,/scratch/jaggbow/mol_xtb_coordinates/chromo1123/mmff.xyz,/scratch/jaggbow/mol_xtb_coordinates/chromo1123/basic.xyz,0,,,,,,
2309,chromo1830,CN1C(=CC2=C([O-])C(=CC3=[N+](C)c4ccccc4C3(C)C)C2=O)C(C)(C)c2cc(Cl)ccc21,2.2682,1.3278000000000003,0.856780907193563,1.090911334390244,/scratch/jaggbow/mol_xtb_coordinates/chromo1830/geom.xtbopt.xyz,/scratch/jaggbow/mol_xtb_coordinates/chromo1830/mmff.xyz,/scratch/jaggbow/mol_xtb_coordinates/chromo1830/basic.xyz,0,,,,,,
2310,chromo3027,CCCCN(CCCC)c1ccc(C=Cc2ccc3nc(C=Cc4ccc(N(C)C)cc4)c(=O)n(CCC)c3c2)cc1,2.4013,0.9251,3.867586546721258,0.9964046452408838,/scratch/jaggbow/mol_xtb_coordinates/chromo3027/geom.xtbopt.xyz,/scratch/jaggbow/mol_xtb_coordinates/chromo3027/mmff.xyz,/scratch/jaggbow/mol_xtb_coordinates/chromo3027/basic.xyz,0,,,,,,
2311,chromo0406,COc1ccc(-c2ccc(-c3cc(-c4ccccn4)nc(-c4ccccn4)c3)cc2)cc1,3.7452,0.9221,3.051626800845954,0.21566096324684714,/scratch/jaggbow/mol_xtb_coordinates/chromo0406/geom.xtbopt.xyz,/scratch/jaggbow/mol_xtb_coordinates/chromo0406/mmff.xyz,/scratch/jaggbow/mol_xtb_coordinates/chromo0406/basic.xyz,1,,,,,,
2312,chromo3093,COc1ccc2c(c1)cc(C)c1c3ccccc3[nH]c21,3.8404,1.0829,4.324384893846586,0.7504865570267881,/scratch/jaggbow/mol_xtb_coordinates/chromo3093/geom.xtbopt.xyz,/scratch/jaggbow/mol_xtb_coordinates/chromo3093/mmff.xyz,/scratch/jaggbow/mol_xtb_coordinates/chromo3093/basic.xyz,0,,,,,,
2313,chromo2946,CCOc1cc2c(cc1C=CC1=CC(=C(C#N)C#N)CC(C)(C)C1)c1ccccc1n2CC,2.6661,1.2092,2.1809988231830832,0.8791022463386817,/scratch/jaggbow/mol_xtb_coordinates/chromo2946/geom.xtbopt.xyz,/scratch/jaggbow/mol_xtb_coordinates/chromo2946/mmff.xyz,/scratch/jaggbow/mol_xtb_coordinates/chromo2946/basic.xyz,1,,,,,,
2314,chromo2394,C(C#Cc1ccc2ccc3cccc4ccc1c2c34)#Cc1cccc2ccccc12,3.0815,1.2462000000000002,3.810282653158851,1.0647112141427197,/scratch/jaggbow/mol_xtb_coordinates/chromo2394/geom.xtbopt.xyz,/scratch/jaggbow/mol_xtb_coordinates/chromo2394/mmff.xyz,/scratch/jaggbow/mol_xtb_coordinates/chromo2394/basic.xyz,1,,,,,,
