,molecule_id,SMILES,vs1_gt,vdelta_gt,vs1_xtb_gt,vdelta_xtb_gt,xtb_coordinates_path,mmff_coordinates_path,basic_coordinates_path,target_core,vs1,vdelta,vs1_xtb,vdelta_xtb,vs1_labeling,vdelta_labeling
0,chromo0061,O=C1c2cccc3c(NCc4ccccn4)c4ccccc4c(c23)C(=O)N1Cc1ccccn1,2.6098,1.0983999999999998,2.5998,0.9373,/scratch/jaggbow/mol_xtb_coordinates/chromo0061/geom.xtbopt.xyz,/scratch/jaggbow/mol_xtb_coordinates/chromo0061/mmff.xyz,/scratch/jaggbow/mol_xtb_coordinates/chromo0061/basic.xyz,0,,,,,,
1,chromo1785,CCCCC(CC)COc1ccc2nc(-c3ccc(-c4ccccc4)s3)sc2c1,3.2583,1.1488,3.5052,0.9019999999999996,/scratch/jaggbow/mol_xtb_coordinates/chromo1785/geom.xtbopt.xyz,/scratch/jaggbow/mol_xtb_coordinates/chromo1785/mmff.xyz,/scratch/jaggbow/mol_xtb_coordinates/chromo1785/basic.xyz,1,,,,,,
2,chromo2478,COC(=O)c1nc2cnc(N)nc2n1Cc1ccccc1,3.9213,1.1989999999999998,4.0542,1.017,/scratch/jaggbow/mol_xtb_coordinates/chromo2478/geom.xtbopt.xyz,/scratch/jaggbow/mol_xtb_coordinates/chromo2478/mmff.xyz,/scratch/jaggbow/mol_xtb_coordinates/chromo2478/basic.xyz,0,,,,,,
3,chromo2292,C(=Cc1nc(C=Cc2ccc(-n3c4ccccc4c4ccccc43)cc2)nc(C=Cc2ccc(-n3c4ccccc4c4ccccc43)cc2)n1)c1ccc(-n2c3ccccc3c3ccccc32)cc1,2.7996,0.6441999999999997,3.6701,0.6083000000000003,/scratch/jaggbow/mol_xtb_coordinates/chromo2292/geom.xtbopt.xyz,/scratch/jaggbow/mol_xtb_coordinates/chromo2292/mmff.xyz,/scratch/jaggbow/mol_xtb_coordinates/chromo2292/basic.xyz,1,,,,,,
4,chromo3114,Cc1cc2oc3ccccc3c2c2[nH]c3ccccc3c12,3.9446,0.9703,3.8946,0.4205000000000001,/scratch/jaggbow/mol_xtb_coordinates/chromo3114/geom.xtbopt.xyz,/scratch/jaggbow/mol_xtb_coordinates/chromo3114/mmff.xyz,/scratch/jaggbow/mol_xtb_coordinates/chromo3114/basic.xyz,0,,,,,,
5,chromo2794,CN(C)c1ccc(C=CC=C2CCC(=CC=Cc3ccc(N(C)C)cc3)C2=O)cc1,2.5354,0.9497,2.9582,0.8086000000000002,/scratch/jaggbow/mol_xtb_coordinates/chromo2794/geom.xtbopt.xyz,/scratch/jaggbow/mol_xtb_coordinates/chromo2794/mmff.xyz,/scratch/jaggbow/mol_xtb_coordinates/chromo2794/basic.xyz,1,,,,,,
6,chromo4894,CC1=C(c2ccccc2)C(C)=[N+]2C1=C(c1ccccc1)c1c(C)c(-c3ccccc3)c(C)n1[B-]2(F)F,2.7568,1.2712,2.7147,1.2284000000000002,/scratch/jaggbow/mol_xtb_coordinates/chromo4894/geom.xtbopt.xyz,/scratch/jaggbow/mol_xtb_coordinates/chromo4894/mmff.xyz,/scratch/jaggbow/mol_xtb_coordinates/chromo4894/basic.xyz,1,,,,,,
7,chromo0425,Cc1cc(O)c(C(=O)C=Cc2ccccc2)c(=O)o1,3.5291,1.1954000000000002,3.5219,0.7322000000000002,/scratch/jaggbow/mol_xtb_coordinates/chromo0425/geom.xtbopt.xyz,/scratch/jaggbow/mol_xtb_coordinates/chromo0425/mmff.xyz,/scratch/jaggbow/mol_xtb_coordinates/chromo0425/basic.xyz,0,,,,,,
8,chromo5493,CCC1=C(C)C2=Cc3c4ccccc4c4n3[B-](C)(Oc3ccccc3-4)[N+]2=C1C,2.3308,1.0783,2.2907,0.9828,/scratch/jaggbow/mol_xtb_coordinates/chromo5493/geom.xtbopt.xyz,/scratch/jaggbow/mol_xtb_coordinates/chromo5493/mmff.xyz,/scratch/jaggbow/mol_xtb_coordinates/chromo5493/basic.xyz,0,,,,,,
9,chromo5562,Cc1cc(C)n2c1C=C1c3ccccc3C(c3cccn3C)=[N+]1[B-]2(F)F,2.4872,1.2626000000000002,2.6187,1.2545,/scratch/jaggbow/mol_xtb_coordinates/chromo5562/geom.xtbopt.xyz,/scratch/jaggbow/mol_xtb_coordinates/chromo5562/mmff.xyz,/scratch/jaggbow/mol_xtb_coordinates/chromo5562/basic.xyz,0,,,,,,
10,chromo6769,CC(C)[Si](C#Cc1c2cc3ccccc3cc2c(C#Cc2ccc(F)cc2)c2cc3ccccc3cc12)(C(C)C)C(C)C,1.703,1.3408,2.1553,1.0676,/scratch/jaggbow/mol_xtb_coordinates/chromo6769/geom.xtbopt.xyz,/scratch/jaggbow/mol_xtb_coordinates/chromo6769/mmff.xyz,/scratch/jaggbow/mol_xtb_coordinates/chromo6769/basic.xyz,0,,,,,,
11,chromo3303,CCCCCCN1C(=O)c2cccc3c(-c4ccc(-c5cc(-c6ccc(C)cc6)n(-c6ccccc6)n5)s4)ccc(c23)C1=O,2.7946,0.7814999999999999,3.053,0.6675,/scratch/jaggbow/mol_xtb_coordinates/chromo3303/geom.xtbopt.xyz,/scratch/jaggbow/mol_xtb_coordinates/chromo3303/mmff.xyz,/scratch/jaggbow/mol_xtb_coordinates/chromo3303/basic.xyz,0,,,,,,
12,chromo5899,CCN(CC)c1ccc([N+]2=Cc3ccc4c5c(ccc4c3O[B-]2(c2c(F)c(F)c(F)c(F)c2F)c2c(F)c(F)c(F)c(F)c2F)C=[N+](c2ccc(N(CC)CC)cc2)[B-](c2c(F)c(F)c(F)c(F)c2F)(c2c(F)c(F)c(F)c(F)c2F)O5)cc1,2.0999,0.6057999999999999,2.4799,0.6489000000000003,/scratch/jaggbow/mol_xtb_coordinates/chromo5899/geom.xtbopt.xyz,/scratch/jaggbow/mol_xtb_coordinates/chromo5899/mmff.xyz,/scratch/jaggbow/mol_xtb_coordinates/chromo5899/basic.xyz,0,,,,,,
13,chromo2136,S=P1(c2ccccc2)c2cccc3ccc4ccc1n4c23,3.1246,0.7883,3.3369,0.5869,/scratch/jaggbow/mol_xtb_coordinates/chromo2136/geom.xtbopt.xyz,/scratch/jaggbow/mol_xtb_coordinates/chromo2136/mmff.xyz,/scratch/jaggbow/mol_xtb_coordinates/chromo2136/basic.xyz,0,,,,,,
14,chromo2235,O=S(=O)(c1ccc(-c2ccc(-c3nc4c5ccccc5c5ccccc5c4n3-c3ccccc3)cc2)cc1)c1ccc(-c2ccc(-c3nc4c5ccccc5c5ccccc5c4n3-c3ccccc3)cc2)cc1,3.1339,0.5748000000000002,3.8753,0.4168000000000003,/scratch/jaggbow/mol_xtb_coordinates/chromo2235/geom.xtbopt.xyz,/scratch/jaggbow/mol_xtb_coordinates/chromo2235/mmff.xyz,/scratch/jaggbow/mol_xtb_coordinates/chromo2235/basic.xyz,1,,,,,,
15,chromo4021,CCCN1c2ccccc2Sc2cc(C#CC3=C4C=CC=[N+]4[B-](F)(F)n4cccc43)ccc21,2.2617,0.8037999999999998,2.5068,0.8157000000000001,/scratch/jaggbow/mol_xtb_coordinates/chromo4021/geom.xtbopt.xyz,/scratch/jaggbow/mol_xtb_coordinates/chromo4021/mmff.xyz,/scratch/jaggbow/mol_xtb_coordinates/chromo4021/basic.xyz,0,,,,,,
16,chromo0800,CC1(C)c2ccccc2-c2sc3ccccc3c21,3.9592,1.4173,3.9113,0.9606000000000005,/scratch/jaggbow/mol_xtb_coordinates/chromo0800/geom.xtbopt.xyz,/scratch/jaggbow/mol_xtb_coordinates/chromo0800/mmff.xyz,/scratch/jaggbow/mol_xtb_coordinates/chromo0800/basic.xyz,0,,,,,,
17,chromo6534,CN(C)c1ccc(-c2nc3nc4ccccc4nc3n2-c2ccccc2)cc1,3.224,0.8769,3.2535,0.4158999999999997,/scratch/jaggbow/mol_xtb_coordinates/chromo6534/geom.xtbopt.xyz,/scratch/jaggbow/mol_xtb_coordinates/chromo6534/mmff.xyz,/scratch/jaggbow/mol_xtb_coordinates/chromo6534/basic.xyz,0,,,,,,
18,chromo1152,O=C1c2cc3ccccc3cc2C2=Nc3ccc4ccccc4[n+]3[B-](F)(F)N12,3.1924,0.7385000000000002,3.3991,0.7056,/scratch/jaggbow/mol_xtb_coordinates/chromo1152/geom.xtbopt.xyz,/scratch/jaggbow/mol_xtb_coordinates/chromo1152/mmff.xyz,/scratch/jaggbow/mol_xtb_coordinates/chromo1152/basic.xyz,0,,,,,,
19,chromo3066,CC1=NC(=Cc2ccc(N(C)C)cc2)C(=O)N1C,3.2763,1.4896,3.2611,1.3382999999999998,/scratch/jaggbow/mol_xtb_coordinates/chromo3066/geom.xtbopt.xyz,/scratch/jaggbow/mol_xtb_coordinates/chromo3066/mmff.xyz,/scratch/jaggbow/mol_xtb_coordinates/chromo3066/basic.xyz,0,,,,,,
20,chromo3143,CC1CCC(=CSC=Cc2ccc(-c3ccc(C=CSC=C4CCC(C)CC4)cc3)cc2)CC1,3.3328,1.0417,3.815,0.7656000000000001,/scratch/jaggbow/mol_xtb_coordinates/chromo3143/geom.xtbopt.xyz,/scratch/jaggbow/mol_xtb_coordinates/chromo3143/mmff.xyz,/scratch/jaggbow/mol_xtb_coordinates/chromo3143/basic.xyz,0,,,,,,
21,chromo2274,CCCCn1c2ccc(C#N)cc2c2cc(C#N)ccc21,3.9341,0.8592999999999997,3.8928,0.3637999999999999,/scratch/jaggbow/mol_xtb_coordinates/chromo2274/geom.xtbopt.xyz,/scratch/jaggbow/mol_xtb_coordinates/chromo2274/mmff.xyz,/scratch/jaggbow/mol_xtb_coordinates/chromo2274/basic.xyz,1,,,,,,
22,chromo4686,Cc1ccc2nc3cc4c(cc3c(-c3ccccc3)c2c1)[Si](C)(C)O[Si](C)(C)O[Si]4(C)C,3.2027,1.3161,3.3656,0.8825000000000003,/scratch/jaggbow/mol_xtb_coordinates/chromo4686/geom.xtbopt.xyz,/scratch/jaggbow/mol_xtb_coordinates/chromo4686/mmff.xyz,/scratch/jaggbow/mol_xtb_coordinates/chromo4686/basic.xyz,0,,,,,,
23,chromo5342,CC(C)(C)NC(=O)c1ccc(-c2cc3ccccc3s2)c2ccc3c4ccccc4c4ccccc4c3c12,3.2333,1.0492999999999997,3.5071,0.7054999999999998,/scratch/jaggbow/mol_xtb_coordinates/chromo5342/geom.xtbopt.xyz,/scratch/jaggbow/mol_xtb_coordinates/chromo5342/mmff.xyz,/scratch/jaggbow/mol_xtb_coordinates/chromo5342/basic.xyz,0,,,,,,
24,chromo5561,Cc1cc(C)n2c1C=C1c3ccccc3C(c3ccc[nH]3)=[N+]1[B-]2(F)F,2.4767,1.302,2.6585,1.3171000000000002,/scratch/jaggbow/mol_xtb_coordinates/chromo5561/geom.xtbopt.xyz,/scratch/jaggbow/mol_xtb_coordinates/chromo5561/mmff.xyz,/scratch/jaggbow/mol_xtb_coordinates/chromo5561/basic.xyz,0,,,,,,
25,chromo2214,Cc1ccc([B-]2(c3ccc(C)cc3)n3nc(C(F)(F)F)cc3-c3c4ccccc4cc[n+]32)cc1,2.7902,0.3904000000000001,3.6391,0.8729,/scratch/jaggbow/mol_xtb_coordinates/chromo2214/geom.xtbopt.xyz,/scratch/jaggbow/mol_xtb_coordinates/chromo2214/mmff.xyz,/scratch/jaggbow/mol_xtb_coordinates/chromo2214/basic.xyz,0,,,,,,
26,chromo3404,CC(=O)c1nc(-c2ccc(N(C)C)cc2)oc1C,3.7982,1.04,4.0156,0.9841000000000002,/scratch/jaggbow/mol_xtb_coordinates/chromo3404/geom.xtbopt.xyz,/scratch/jaggbow/mol_xtb_coordinates/chromo3404/mmff.xyz,/scratch/jaggbow/mol_xtb_coordinates/chromo3404/basic.xyz,0,,,,,,
27,chromo5074,c1ccc(-c2nc(-c3ccccc3)nc(-c3ccc(-n4c5ccccc5c5cc6c7ccccc7n7c8ccccc8c(c54)c67)cc3)n2)cc1,2.8045,0.1901000000000001,3.6169,0.3716999999999997,/scratch/jaggbow/mol_xtb_coordinates/chromo5074/geom.xtbopt.xyz,/scratch/jaggbow/mol_xtb_coordinates/chromo5074/mmff.xyz,/scratch/jaggbow/mol_xtb_coordinates/chromo5074/basic.xyz,0,,,,,,
28,chromo5621,COc1cccc(-c2c3ccccc3c3n2[B-](F)(F)[N+]2=Cc4c5ccccc5c(-c5cccc(OC)c5)n4[B-](F)(F)[N+]2=C3)c1,2.4367,0.9059,2.5448,1.0016,/scratch/jaggbow/mol_xtb_coordinates/chromo5621/geom.xtbopt.xyz,/scratch/jaggbow/mol_xtb_coordinates/chromo5621/mmff.xyz,/scratch/jaggbow/mol_xtb_coordinates/chromo5621/basic.xyz,0,,,,,,
29,chromo5765,N#Cc1c(C=Cc2ccc(N(c3ccccc3)c3ccccc3)cc2)cc(-c2cccs2)cc1N1CCCCC1,2.8076,0.8041,3.0091,0.4340000000000001,/scratch/jaggbow/mol_xtb_coordinates/chromo5765/geom.xtbopt.xyz,/scratch/jaggbow/mol_xtb_coordinates/chromo5765/mmff.xyz,/scratch/jaggbow/mol_xtb_coordinates/chromo5765/basic.xyz,1,,,,,,
30,chromo0539,COc1ccc(-c2csc(C(C#N)=NNc3ccc(C#N)cc3)n2)cc1,2.8581,0.8724999999999998,3.3848,1.0778,/scratch/jaggbow/mol_xtb_coordinates/chromo0539/geom.xtbopt.xyz,/scratch/jaggbow/mol_xtb_coordinates/chromo0539/mmff.xyz,/scratch/jaggbow/mol_xtb_coordinates/chromo0539/basic.xyz,1,,,,,,
31,chromo0411,O=[N+]([O-])c1ccc(-c2nc(C=Cc3ccccc3)c(C=Cc3ccccc3)[nH]2)cc1,2.376,0.6968999999999999,3.2045,0.8338000000000001,/scratch/jaggbow/mol_xtb_coordinates/chromo0411/geom.xtbopt.xyz,/scratch/jaggbow/mol_xtb_coordinates/chromo0411/mmff.xyz,/scratch/jaggbow/mol_xtb_coordinates/chromo0411/basic.xyz,1,,,,,,
32,chromo3731,CCn1c2ccccc2c2cc(C#Cc3cc(C#Cc4ccc5c(c4)c4ccccc4n5CC)nc(SC)n3)ccc21,3.1357,0.5983999999999998,3.8828,0.4729000000000001,/scratch/jaggbow/mol_xtb_coordinates/chromo3731/geom.xtbopt.xyz,/scratch/jaggbow/mol_xtb_coordinates/chromo3731/mmff.xyz,/scratch/jaggbow/mol_xtb_coordinates/chromo3731/basic.xyz,1,,,,,,
33,chromo3109,Cc1cc2c3ccccc3oc2c2[nH]c3ccccc3c12,3.8129,0.8300999999999998,3.8111,0.4975,/scratch/jaggbow/mol_xtb_coordinates/chromo3109/geom.xtbopt.xyz,/scratch/jaggbow/mol_xtb_coordinates/chromo3109/mmff.xyz,/scratch/jaggbow/mol_xtb_coordinates/chromo3109/basic.xyz,0,,,,,,
34,chromo1093,COc1ccc(C#Cc2c3ccccc3c3n2[B-](F)(F)[N+]2=C(C)C=C(C)C2=C3)cc1,2.3715,1.2872,2.7072,1.3142999999999998,/scratch/jaggbow/mol_xtb_coordinates/chromo1093/geom.xtbopt.xyz,/scratch/jaggbow/mol_xtb_coordinates/chromo1093/mmff.xyz,/scratch/jaggbow/mol_xtb_coordinates/chromo1093/basic.xyz,0,,,,,,
35,chromo2226,c1ccc2c(-c3ccc4sc5ccccc5c4c3)c3ccccc3cc2c1,3.1891,1.4249999999999998,3.4028,1.0941,/scratch/jaggbow/mol_xtb_coordinates/chromo2226/geom.xtbopt.xyz,/scratch/jaggbow/mol_xtb_coordinates/chromo2226/mmff.xyz,/scratch/jaggbow/mol_xtb_coordinates/chromo2226/basic.xyz,1,,,,,,
36,chromo2445,CCN(CC)c1ccc(-c2cc3c(s2)c(C(=O)OC)cc(=O)n3C)cc1,2.7947,0.9812000000000004,3.0629,0.9716,/scratch/jaggbow/mol_xtb_coordinates/chromo2445/geom.xtbopt.xyz,/scratch/jaggbow/mol_xtb_coordinates/chromo2445/mmff.xyz,/scratch/jaggbow/mol_xtb_coordinates/chromo2445/basic.xyz,1,,,,,,
37,chromo0499,O=C(c1ccc(N(c2ccccc2)c2ccccc2)cc1)C1C(c2ccccc2)CC(O)(c2ccccn2)CC1(O)c1ccccn1,3.3336,0.8138000000000001,3.5973,0.5214000000000003,/scratch/jaggbow/mol_xtb_coordinates/chromo0499/geom.xtbopt.xyz,/scratch/jaggbow/mol_xtb_coordinates/chromo0499/mmff.xyz,/scratch/jaggbow/mol_xtb_coordinates/chromo0499/basic.xyz,1,,,,,,
38,chromo4207,Cc1cccc(C)c1N1C(c2ccccc2)=Cc2ccc3ccccc3[n+]2[B-]1(F)F,3.1038,0.9934000000000004,2.8714,0.8725,/scratch/jaggbow/mol_xtb_coordinates/chromo4207/geom.xtbopt.xyz,/scratch/jaggbow/mol_xtb_coordinates/chromo4207/mmff.xyz,/scratch/jaggbow/mol_xtb_coordinates/chromo4207/basic.xyz,0,,,,,,
39,chromo2534,CN(C)c1ccc(C2=Nc3scc[n+]3[B-](F)(F)O2)cc1,3.41,0.8997000000000002,3.5037,0.9225,/scratch/jaggbow/mol_xtb_coordinates/chromo2534/geom.xtbopt.xyz,/scratch/jaggbow/mol_xtb_coordinates/chromo2534/mmff.xyz,/scratch/jaggbow/mol_xtb_coordinates/chromo2534/basic.xyz,0,,,,,,
40,chromo6109,CC(C)[Si](C#Cc1c2ccccc2c(C#C[Si](C(C)C)(C(C)C)C(C)C)c2nc3ccccc3nc12)(C(C)C)C(C)C,1.9785,1.1225,2.2205,0.8608,/scratch/jaggbow/mol_xtb_coordinates/chromo6109/geom.xtbopt.xyz,/scratch/jaggbow/mol_xtb_coordinates/chromo6109/mmff.xyz,/scratch/jaggbow/mol_xtb_coordinates/chromo6109/basic.xyz,0,,,,,,
41,chromo4067,COc1cc(OC)cc(-c2nnc(-c3cc(-c4nnc(-c5cc(OC)cc(OC)c5)o4)cc(-c4nnc(-c5cc(OC)cc(OC)c5)o4)c3)o2)c1,3.5467,0.9627,4.1768,0.7048999999999999,/scratch/jaggbow/mol_xtb_coordinates/chromo4067/geom.xtbopt.xyz,/scratch/jaggbow/mol_xtb_coordinates/chromo4067/mmff.xyz,/scratch/jaggbow/mol_xtb_coordinates/chromo4067/basic.xyz,1,,,,,,
42,chromo2367,CN(C)c1ccc(C2=Nc3sc4cc(Cl)ccc4[n+]3[B-](F)(F)O2)cc1,3.2696,0.8121,3.3961,0.8082000000000003,/scratch/jaggbow/mol_xtb_coordinates/chromo2367/geom.xtbopt.xyz,/scratch/jaggbow/mol_xtb_coordinates/chromo2367/mmff.xyz,/scratch/jaggbow/mol_xtb_coordinates/chromo2367/basic.xyz,0,,,,,,
43,chromo3072,CN(C)c1cc(-c2ccccc2)cc2ccccc12,3.7324,1.2202000000000002,3.6765,0.7799999999999998,/scratch/jaggbow/mol_xtb_coordinates/chromo3072/geom.xtbopt.xyz,/scratch/jaggbow/mol_xtb_coordinates/chromo3072/mmff.xyz,/scratch/jaggbow/mol_xtb_coordinates/chromo3072/basic.xyz,1,,,,,,
44,chromo4629,O=C(NCc1ccccc1)c1sc(-c2ccc(-c3cc(C4CC4)c(C(=O)NCc4ccccc4)s3)s2)cc1C1CC1,2.9857,1.1684,3.1971,0.9362,/scratch/jaggbow/mol_xtb_coordinates/chromo4629/geom.xtbopt.xyz,/scratch/jaggbow/mol_xtb_coordinates/chromo4629/mmff.xyz,/scratch/jaggbow/mol_xtb_coordinates/chromo4629/basic.xyz,1,,,,,,
45,chromo6345,COC(=O)c1[nH]c(-c2ccccc2)c2nnc3c4ccccc4oc3c12,3.1826,1.2253999999999998,3.1564,0.9902000000000002,/scratch/jaggbow/mol_xtb_coordinates/chromo6345/geom.xtbopt.xyz,/scratch/jaggbow/mol_xtb_coordinates/chromo6345/mmff.xyz,/scratch/jaggbow/mol_xtb_coordinates/chromo6345/basic.xyz,0,,,,,,
46,chromo0996,Cc1ccc(C2=C3C=CC(C#Cc4ccccc4)=[N+]3[B-](F)(F)n3c(C#Cc4ccccc4)ccc32)cc1,2.2191,1.0468000000000002,2.583,1.0954000000000002,/scratch/jaggbow/mol_xtb_coordinates/chromo0996/geom.xtbopt.xyz,/scratch/jaggbow/mol_xtb_coordinates/chromo0996/mmff.xyz,/scratch/jaggbow/mol_xtb_coordinates/chromo0996/basic.xyz,1,,,,,,
47,chromo0501,O=C(c1ccc(N(c2ccccc2)c2ccccc2)cc1)C1C(c2ccc(F)cc2)CC(O)(c2ccccn2)CC1(O)c1ccccn1,3.1883,0.706,3.4308,0.6316000000000002,/scratch/jaggbow/mol_xtb_coordinates/chromo0501/geom.xtbopt.xyz,/scratch/jaggbow/mol_xtb_coordinates/chromo0501/mmff.xyz,/scratch/jaggbow/mol_xtb_coordinates/chromo0501/basic.xyz,1,,,,,,
48,chromo4152,CCC1(CC)c2cc(C=Cc3cc(Br)c(C=Cc4ccc5c(c4)C(CC)(CC)c4cc(N6c7ccccc7Sc7ccccc76)ccc4-5)cc3Br)ccc2-c2ccc(N3c4ccccc4Sc4ccccc43)cc21,2.3475,0.5699000000000001,3.1807,0.54,/scratch/jaggbow/mol_xtb_coordinates/chromo4152/geom.xtbopt.xyz,/scratch/jaggbow/mol_xtb_coordinates/chromo4152/mmff.xyz,/scratch/jaggbow/mol_xtb_coordinates/chromo4152/basic.xyz,0,,,,,,
49,chromo4169,CCN1c2ccc(C=NNc3ccccn3)cc2Sc2cc(-c3ccc(C#N)cc3)ccc21,3.029,0.7915999999999999,2.921,0.4285999999999998,/scratch/jaggbow/mol_xtb_coordinates/chromo4169/geom.xtbopt.xyz,/scratch/jaggbow/mol_xtb_coordinates/chromo4169/mmff.xyz,/scratch/jaggbow/mol_xtb_coordinates/chromo4169/basic.xyz,0,,,,,,
50,chromo3326,CCc1ccc(C=Nc2cc(C(C)C)c(O)cc2C)cc1,3.4114,0.9977,3.3955,0.4619,/scratch/jaggbow/mol_xtb_coordinates/chromo3326/geom.xtbopt.xyz,/scratch/jaggbow/mol_xtb_coordinates/chromo3326/mmff.xyz,/scratch/jaggbow/mol_xtb_coordinates/chromo3326/basic.xyz,1,,,,,,
51,chromo5513,CC(C)[Si]1(C(C)C)c2cc(C=C(C#N)C#N)ccc2-c2ccc(N(C)C)cc21,2.6366,0.8204,3.1736,0.8635000000000002,/scratch/jaggbow/mol_xtb_coordinates/chromo5513/geom.xtbopt.xyz,/scratch/jaggbow/mol_xtb_coordinates/chromo5513/mmff.xyz,/scratch/jaggbow/mol_xtb_coordinates/chromo5513/basic.xyz,0,,,,,,
52,chromo6518,COc1ccc(O)c(-c2[nH]c(=O)n3c2-c2ccccc2C3=O)c1,3.1344,1.1806,3.0976,0.9558,/scratch/jaggbow/mol_xtb_coordinates/chromo6518/geom.xtbopt.xyz,/scratch/jaggbow/mol_xtb_coordinates/chromo6518/mmff.xyz,/scratch/jaggbow/mol_xtb_coordinates/chromo6518/basic.xyz,0,,,,,,
53,chromo1632,COc1ccc(-c2cc(-c3ccc(OC)cc3)c3c(N)nc(N4CCCC4)c(C#N)c3n2)cc1,2.9417,0.5827999999999998,3.0402,0.5911,/scratch/jaggbow/mol_xtb_coordinates/chromo1632/geom.xtbopt.xyz,/scratch/jaggbow/mol_xtb_coordinates/chromo1632/mmff.xyz,/scratch/jaggbow/mol_xtb_coordinates/chromo1632/basic.xyz,0,,,,,,
54,chromo6777,CCCCCCCC(CCCCCCC)N1C(=O)c2c(Br)cc3c4cc(Br)c5c6c(c(Br)cc(c7cc(Br)c(c2c37)C1=O)c64)C(=O)N(C(CCCCCCC)CCCCCCC)C5=O,2.4932,1.088,2.8676,0.9386,/scratch/jaggbow/mol_xtb_coordinates/chromo6777/geom.xtbopt.xyz,/scratch/jaggbow/mol_xtb_coordinates/chromo6777/mmff.xyz,/scratch/jaggbow/mol_xtb_coordinates/chromo6777/basic.xyz,0,,,,,,
55,chromo3410,COc1ccc(C(=O)C=C2C(=O)Nc3ccccc32)cc1,3.3287,1.0630000000000002,2.6669,0.4445000000000001,/scratch/jaggbow/mol_xtb_coordinates/chromo3410/geom.xtbopt.xyz,/scratch/jaggbow/mol_xtb_coordinates/chromo3410/mmff.xyz,/scratch/jaggbow/mol_xtb_coordinates/chromo3410/basic.xyz,0,,,,,,
56,chromo1218,O=c1c2cc(F)ccc2nc2n1[B-](F)(F)[n+]1ccccc1-2,3.015,0.7723,3.7094,0.7166999999999999,/scratch/jaggbow/mol_xtb_coordinates/chromo1218/geom.xtbopt.xyz,/scratch/jaggbow/mol_xtb_coordinates/chromo1218/mmff.xyz,/scratch/jaggbow/mol_xtb_coordinates/chromo1218/basic.xyz,0,,,,,,
57,chromo1536,Cc1ccc(C(=O)NN2C3=C(CC4=C2CCCC4=O)C(=O)CCC3)cc1,3.4139,0.9558,3.0855,0.7861000000000002,/scratch/jaggbow/mol_xtb_coordinates/chromo1536/geom.xtbopt.xyz,/scratch/jaggbow/mol_xtb_coordinates/chromo1536/mmff.xyz,/scratch/jaggbow/mol_xtb_coordinates/chromo1536/basic.xyz,0,,,,,,
58,chromo0505,CC(C)c1cccc(C(C)C)c1N1C(=O)c2cccc3c(Oc4ccc(C(C)(C)c5ccccc5)cc4)ccc(c23)C1=O,3.4354,1.1458,3.4744,0.8498000000000001,/scratch/jaggbow/mol_xtb_coordinates/chromo0505/geom.xtbopt.xyz,/scratch/jaggbow/mol_xtb_coordinates/chromo0505/mmff.xyz,/scratch/jaggbow/mol_xtb_coordinates/chromo0505/basic.xyz,0,,,,,,
59,chromo2613,N#CC(C#N)=Cc1ccc2c(c1)c1ccccc1n2-c1cc2ccccc2c2ccccc12,3.1709,0.995,3.4652,0.8461999999999996,/scratch/jaggbow/mol_xtb_coordinates/chromo2613/geom.xtbopt.xyz,/scratch/jaggbow/mol_xtb_coordinates/chromo2613/mmff.xyz,/scratch/jaggbow/mol_xtb_coordinates/chromo2613/basic.xyz,1,,,,,,
60,chromo4906,c1ccc2cc(-c3c4ccccc4c(-c4ccc(-c5ccc(-n6c7ccccc7c7ccccc76)cc5)cc4)c4ccccc34)ccc2c1,3.1282,1.396,3.2795,0.9948,/scratch/jaggbow/mol_xtb_coordinates/chromo4906/geom.xtbopt.xyz,/scratch/jaggbow/mol_xtb_coordinates/chromo4906/mmff.xyz,/scratch/jaggbow/mol_xtb_coordinates/chromo4906/basic.xyz,1,,,,,,
61,chromo6274,COc1ccc(-c2cccc3ncc(-c4ccccc4)n23)cc1,3.6343,1.035,3.7212,0.6067,/scratch/jaggbow/mol_xtb_coordinates/chromo6274/geom.xtbopt.xyz,/scratch/jaggbow/mol_xtb_coordinates/chromo6274/mmff.xyz,/scratch/jaggbow/mol_xtb_coordinates/chromo6274/basic.xyz,0,,,,,,
62,chromo6175,CN(C)c1ccc(C2=CC3=C(c4ccc([N+](=O)[O-])cc4)C4c5ccccc5C3(S2)c2ccccc24)cc1,2.3932,0.8078000000000003,2.8003,0.8374999999999999,/scratch/jaggbow/mol_xtb_coordinates/chromo6175/geom.xtbopt.xyz,/scratch/jaggbow/mol_xtb_coordinates/chromo6175/mmff.xyz,/scratch/jaggbow/mol_xtb_coordinates/chromo6175/basic.xyz,0,,,,,,
63,chromo0408,CCCCCCC1(CCCCCC)c2ccccc2-c2ccc(-c3ccc(-c4cc(-c5ccccn5)nc(-c5ccccn5)c4)cc3)cc21,3.6138,0.9211999999999998,4.3518,0.6806999999999999,/scratch/jaggbow/mol_xtb_coordinates/chromo0408/geom.xtbopt.xyz,/scratch/jaggbow/mol_xtb_coordinates/chromo0408/mmff.xyz,/scratch/jaggbow/mol_xtb_coordinates/chromo0408/basic.xyz,0,,,,,,
64,chromo4054,Cc1c(C)c(-c2ccc(-c3cccnc3)cc2)c(C)c(C)c1B(c1c(C)c(C)c(-c2ccc(-c3cccnc3)cc2)c(C)c1C)c1c(C)c(C)c(-c2ccc(-c3cccnc3)cc2)c(C)c1C,3.6915,0.5329000000000002,4.083,0.2274000000000002,/scratch/jaggbow/mol_xtb_coordinates/chromo4054/geom.xtbopt.xyz,/scratch/jaggbow/mol_xtb_coordinates/chromo4054/mmff.xyz,/scratch/jaggbow/mol_xtb_coordinates/chromo4054/basic.xyz,1,,,,,,
65,chromo5921,CN(C)c1ccc(-c2cc(-c3ccc(C(F)(F)F)cc3)nn2C)cc1,4.0485,0.9661,4.0162,0.5599000000000003,/scratch/jaggbow/mol_xtb_coordinates/chromo5921/geom.xtbopt.xyz,/scratch/jaggbow/mol_xtb_coordinates/chromo5921/mmff.xyz,/scratch/jaggbow/mol_xtb_coordinates/chromo5921/basic.xyz,1,,,,,,
66,chromo0969,COC(=O)C(Cc1ccc2oc(-c3ccc4c(c3)c3ccccc3n4-c3ccccc3)nc2c1)NC(=O)OC(C)(C)C,3.7492,0.9635000000000002,3.8325,0.5465,/scratch/jaggbow/mol_xtb_coordinates/chromo0969/geom.xtbopt.xyz,/scratch/jaggbow/mol_xtb_coordinates/chromo0969/mmff.xyz,/scratch/jaggbow/mol_xtb_coordinates/chromo0969/basic.xyz,1,,,,,,
67,chromo2746,COc1ccc(C=CC2=[O+][B-](F)(F)OC(C=Cc3ccc(OC)cc3)=C2c2ccccc2)cc1,2.8309,0.9310000000000004,2.9673,0.8855,/scratch/jaggbow/mol_xtb_coordinates/chromo2746/geom.xtbopt.xyz,/scratch/jaggbow/mol_xtb_coordinates/chromo2746/mmff.xyz,/scratch/jaggbow/mol_xtb_coordinates/chromo2746/basic.xyz,1,,,,,,
68,chromo6753,O=c1c2cccc3cccc(c32)c2nc3ccccc3n12,2.9725,0.9798000000000002,3.2755,0.7241,/scratch/jaggbow/mol_xtb_coordinates/chromo6753/geom.xtbopt.xyz,/scratch/jaggbow/mol_xtb_coordinates/chromo6753/mmff.xyz,/scratch/jaggbow/mol_xtb_coordinates/chromo6753/basic.xyz,0,,,,,,
69,chromo2437,COC(=O)c1cc(=O)n(C)c2cc(-c3ccc4c(c3)OCCO4)sc12,3.0229,1.1338,3.0375,0.9692000000000004,/scratch/jaggbow/mol_xtb_coordinates/chromo2437/geom.xtbopt.xyz,/scratch/jaggbow/mol_xtb_coordinates/chromo2437/mmff.xyz,/scratch/jaggbow/mol_xtb_coordinates/chromo2437/basic.xyz,1,,,,,,
70,chromo5569,CCc1c(C)c2n(c1C)[B-](F)(F)[N+]1=C(c3ccc[nH]3)c3ccccc3C1=C2C,2.4244,1.2035999999999998,2.5453,1.2265,/scratch/jaggbow/mol_xtb_coordinates/chromo5569/geom.xtbopt.xyz,/scratch/jaggbow/mol_xtb_coordinates/chromo5569/mmff.xyz,/scratch/jaggbow/mol_xtb_coordinates/chromo5569/basic.xyz,0,,,,,,
71,chromo4758,C(=Cc1ccc(N(c2ccccc2)c2ccccc2)cc1)c1ccc(-c2cc(-c3ccccn3)nc(-c3ccccn3)c2)cc1,2.8646,0.8508,3.3837,0.6519000000000004,/scratch/jaggbow/mol_xtb_coordinates/chromo4758/geom.xtbopt.xyz,/scratch/jaggbow/mol_xtb_coordinates/chromo4758/mmff.xyz,/scratch/jaggbow/mol_xtb_coordinates/chromo4758/basic.xyz,1,,,,,,
72,chromo0065,O=C1NC(=O)c2ccc(N3CCCCC3)c3cccc1c23,3.1971,1.0204,3.6833,0.8813,/scratch/jaggbow/mol_xtb_coordinates/chromo0065/geom.xtbopt.xyz,/scratch/jaggbow/mol_xtb_coordinates/chromo0065/mmff.xyz,/scratch/jaggbow/mol_xtb_coordinates/chromo0065/basic.xyz,0,,,,,,
73,chromo3414,O=C1Nc2ccccc2C1=CC(=O)c1ccc([N+](=O)[O-])cc1,2.9381,0.7572999999999999,3.0219,0.4718,/scratch/jaggbow/mol_xtb_coordinates/chromo3414/geom.xtbopt.xyz,/scratch/jaggbow/mol_xtb_coordinates/chromo3414/mmff.xyz,/scratch/jaggbow/mol_xtb_coordinates/chromo3414/basic.xyz,0,,,,,,
74,chromo4074,CC1=CC(c2ccc3cc(N(C)C)ccc3c2)=[O+][B-](F)(F)O1,2.9992,0.8104,3.0903,0.8433000000000002,/scratch/jaggbow/mol_xtb_coordinates/chromo4074/geom.xtbopt.xyz,/scratch/jaggbow/mol_xtb_coordinates/chromo4074/mmff.xyz,/scratch/jaggbow/mol_xtb_coordinates/chromo4074/basic.xyz,1,,,,,,
75,chromo6269,COc1ccc(C#Cc2c3cc4ccccc4cc3c(C#Cc3ccc(OC)cc3)c3cc4sc(C)cc4cc23)cc1,1.8018,1.1449,2.3031,0.9773,/scratch/jaggbow/mol_xtb_coordinates/chromo6269/geom.xtbopt.xyz,/scratch/jaggbow/mol_xtb_coordinates/chromo6269/mmff.xyz,/scratch/jaggbow/mol_xtb_coordinates/chromo6269/basic.xyz,0,,,,,,
76,chromo1174,Cc1ccc(N2C(c3ccccc3N)=NC(c3ccccc3)C2c2ccccc2)cc1,3.9405,0.8946000000000001,3.7584,0.5491000000000001,/scratch/jaggbow/mol_xtb_coordinates/chromo1174/geom.xtbopt.xyz,/scratch/jaggbow/mol_xtb_coordinates/chromo1174/mmff.xyz,/scratch/jaggbow/mol_xtb_coordinates/chromo1174/basic.xyz,1,,,,,,
77,chromo4178,COc1ccc2nc(N=Nc3ccc(N(C)C)cc3)sc2c1,2.6232,1.0195000000000003,2.123,0.5859000000000003,/scratch/jaggbow/mol_xtb_coordinates/chromo4178/geom.xtbopt.xyz,/scratch/jaggbow/mol_xtb_coordinates/chromo4178/mmff.xyz,/scratch/jaggbow/mol_xtb_coordinates/chromo4178/basic.xyz,1,,,,,,
78,chromo2361,CC1(C)Nc2cc(Cl)ccc2-c2[nH]c3ccccc3c(=O)c21,3.191,0.7603,3.0187,0.5646,/scratch/jaggbow/mol_xtb_coordinates/chromo2361/geom.xtbopt.xyz,/scratch/jaggbow/mol_xtb_coordinates/chromo2361/mmff.xyz,/scratch/jaggbow/mol_xtb_coordinates/chromo2361/basic.xyz,0,,,,,,
79,chromo4708,O=Cc1ccc(-c2ccc(O)c(-c3nc4ccccc4s3)c2)o1,3.2452,0.9432,3.7046,0.9895,/scratch/jaggbow/mol_xtb_coordinates/chromo4708/geom.xtbopt.xyz,/scratch/jaggbow/mol_xtb_coordinates/chromo4708/mmff.xyz,/scratch/jaggbow/mol_xtb_coordinates/chromo4708/basic.xyz,1,,,,,,
80,chromo6642,CCCCCCOc1cc(C=C(C#N)C#N)c(OCCCCCC)cc1C=C(C#N)C#N,2.4304,0.9542000000000002,2.6339,0.5940000000000003,/scratch/jaggbow/mol_xtb_coordinates/chromo6642/geom.xtbopt.xyz,/scratch/jaggbow/mol_xtb_coordinates/chromo6642/mmff.xyz,/scratch/jaggbow/mol_xtb_coordinates/chromo6642/basic.xyz,1,,,,,,
81,chromo2182,Cc1ccc(N(c2ccc(C)cc2)c2ccc(-c3c4ccccc4c(-c4ccc(N(c5ccc(C)cc5)c5ccc(C)cc5)cc4)c4nsnc34)cc2)cc1,1.8061,0.788,2.7759,0.9223,/scratch/jaggbow/mol_xtb_coordinates/chromo2182/geom.xtbopt.xyz,/scratch/jaggbow/mol_xtb_coordinates/chromo2182/mmff.xyz,/scratch/jaggbow/mol_xtb_coordinates/chromo2182/basic.xyz,0,,,,,,
82,chromo3655,COc1c2ccccc2c(-c2ccccc2)c2ccccc12,3.1238,1.4091000000000002,3.3326,1.0999,/scratch/jaggbow/mol_xtb_coordinates/chromo3655/geom.xtbopt.xyz,/scratch/jaggbow/mol_xtb_coordinates/chromo3655/mmff.xyz,/scratch/jaggbow/mol_xtb_coordinates/chromo3655/basic.xyz,1,,,,,,
83,chromo3415,O=C(C=Cc1ccc(O)c(O)c1)OC(Cc1ccc(O)c(O)c1)C(=O)O,3.9004,1.4667,3.9723,1.0337,/scratch/jaggbow/mol_xtb_coordinates/chromo3415/geom.xtbopt.xyz,/scratch/jaggbow/mol_xtb_coordinates/chromo3415/mmff.xyz,/scratch/jaggbow/mol_xtb_coordinates/chromo3415/basic.xyz,1,,,,,,
84,chromo2960,Cc1ccc(C#Cc2ccc3ccc4cccc5ccc2c3c45)cc1,3.1105,1.2722,3.689,1.0526,/scratch/jaggbow/mol_xtb_coordinates/chromo2960/geom.xtbopt.xyz,/scratch/jaggbow/mol_xtb_coordinates/chromo2960/mmff.xyz,/scratch/jaggbow/mol_xtb_coordinates/chromo2960/basic.xyz,1,,,,,,
85,chromo2521,CCCCCCCCCCCCCCCCCCOC(=O)C=CC1=CC2=C(c3c(C)cc(C)cc3C)c3cccn3[B-](F)(F)[N+]2=C1,2.7439,1.1619,2.7597,1.1867,/scratch/jaggbow/mol_xtb_coordinates/chromo2521/geom.xtbopt.xyz,/scratch/jaggbow/mol_xtb_coordinates/chromo2521/mmff.xyz,/scratch/jaggbow/mol_xtb_coordinates/chromo2521/basic.xyz,1,,,,,,
86,chromo3377,COc1ccc(C2=CC(c3ccccc3)=C(c3ccccc3)C2)c2ccccc12,3.1771,1.2382999999999995,3.2543,0.9169,/scratch/jaggbow/mol_xtb_coordinates/chromo3377/geom.xtbopt.xyz,/scratch/jaggbow/mol_xtb_coordinates/chromo3377/mmff.xyz,/scratch/jaggbow/mol_xtb_coordinates/chromo3377/basic.xyz,1,,,,,,
87,chromo0700,CC(C)c1ccc2ccc3c(C(C)C)ccc4ccc1c2c43,3.5507,1.5169,3.6616,0.9527,/scratch/jaggbow/mol_xtb_coordinates/chromo0700/geom.xtbopt.xyz,/scratch/jaggbow/mol_xtb_coordinates/chromo0700/mmff.xyz,/scratch/jaggbow/mol_xtb_coordinates/chromo0700/basic.xyz,1,,,,,,
88,chromo0780,C[Si]1(C)C(c2ccccc2)=Cc2ccccc21,3.6697,1.4813,4.6155,1.0459,/scratch/jaggbow/mol_xtb_coordinates/chromo0780/geom.xtbopt.xyz,/scratch/jaggbow/mol_xtb_coordinates/chromo0780/mmff.xyz,/scratch/jaggbow/mol_xtb_coordinates/chromo0780/basic.xyz,0,,,,,,
89,chromo6482,COc1ccc(N(c2ccc(OC)cc2)c2cc(N(c3ccc(OC)cc3)c3ccc(OC)cc3)c3ccc4cc(C(C)(C)C)cc5ccc2c3c54)cc1,2.6063,0.7937000000000001,2.829,0.6055000000000001,/scratch/jaggbow/mol_xtb_coordinates/chromo6482/geom.xtbopt.xyz,/scratch/jaggbow/mol_xtb_coordinates/chromo6482/mmff.xyz,/scratch/jaggbow/mol_xtb_coordinates/chromo6482/basic.xyz,1,,,,,,
90,chromo4829,c1ccc(-n2nc(-c3ccc(N4c5ccccc5Sc5ccccc54)cc3)nc2-c2ccccn2)cc1,3.0005,0.0591000000000003,3.1111,0.3572999999999999,/scratch/jaggbow/mol_xtb_coordinates/chromo4829/geom.xtbopt.xyz,/scratch/jaggbow/mol_xtb_coordinates/chromo4829/mmff.xyz,/scratch/jaggbow/mol_xtb_coordinates/chromo4829/basic.xyz,0,,,,,,
91,chromo2560,CCOC(=O)C1c2ccccc2C(=O)N1c1ccc(OC)cc1,3.7093,0.6461999999999999,3.9185,0.6339999999999999,/scratch/jaggbow/mol_xtb_coordinates/chromo2560/geom.xtbopt.xyz,/scratch/jaggbow/mol_xtb_coordinates/chromo2560/mmff.xyz,/scratch/jaggbow/mol_xtb_coordinates/chromo2560/basic.xyz,0,,,,,,
92,chromo0793,COc1ccccc1C#Cc1ccccc1OC,3.8216,1.2806000000000002,4.1729,0.7515000000000001,/scratch/jaggbow/mol_xtb_coordinates/chromo0793/geom.xtbopt.xyz,/scratch/jaggbow/mol_xtb_coordinates/chromo0793/mmff.xyz,/scratch/jaggbow/mol_xtb_coordinates/chromo0793/basic.xyz,1,,,,,,
93,chromo2097,c1ccc(-n2c3ccccc3c3cc([Si](c4ccccc4)(c4ccccc4)c4ccc5c(c4)c4ccccc4n5-c4ccccc4)ccc32)cc1,3.9656,0.8020999999999998,3.8713,0.4599999999999999,/scratch/jaggbow/mol_xtb_coordinates/chromo2097/geom.xtbopt.xyz,/scratch/jaggbow/mol_xtb_coordinates/chromo2097/mmff.xyz,/scratch/jaggbow/mol_xtb_coordinates/chromo2097/basic.xyz,1,,,,,,
94,chromo3258,CC1=[N+]2C(=c3c4c5ccccc5cc5cccc(c6cc(C)n(c36)[B-]2(F)F)c54)C=C1,2.0127,1.0535,2.1313,0.9012,/scratch/jaggbow/mol_xtb_coordinates/chromo3258/geom.xtbopt.xyz,/scratch/jaggbow/mol_xtb_coordinates/chromo3258/mmff.xyz,/scratch/jaggbow/mol_xtb_coordinates/chromo3258/basic.xyz,0,,,,,,
95,chromo5918,COc1ccc(-c2cc(-c3ccc(C(F)(F)F)cc3)nn2C)cc1,4.5021,1.3760000000000003,4.6367,0.8145000000000002,/scratch/jaggbow/mol_xtb_coordinates/chromo5918/geom.xtbopt.xyz,/scratch/jaggbow/mol_xtb_coordinates/chromo5918/mmff.xyz,/scratch/jaggbow/mol_xtb_coordinates/chromo5918/basic.xyz,1,,,,,,
96,chromo6240,CCC(CC)COC1=CC2=C3c4cc(OCC(CC)CC)c(-c5cccs5)n4[B-](F)(F)[n+]4nnn(c43)[B-](F)(F)[N+]2=C1c1cccs1,1.9581,1.3689,2.2738,1.7455,/scratch/jaggbow/mol_xtb_coordinates/chromo6240/geom.xtbopt.xyz,/scratch/jaggbow/mol_xtb_coordinates/chromo6240/mmff.xyz,/scratch/jaggbow/mol_xtb_coordinates/chromo6240/basic.xyz,0,,,,,,
97,chromo4995,CC(C)(C)c1ccc2c(c1)c1cc(C(C)(C)C)ccc1n2-c1ccccc1-c1nc(-c2ccccc2-n2c3ccc(C(C)(C)C)cc3c3cc(C(C)(C)C)ccc32)nc(-c2ccccc2P(=O)(c2ccccc2)c2ccccc2)n1,2.5931,0.0571000000000001,3.6462,0.2721,/scratch/jaggbow/mol_xtb_coordinates/chromo4995/geom.xtbopt.xyz,/scratch/jaggbow/mol_xtb_coordinates/chromo4995/mmff.xyz,/scratch/jaggbow/mol_xtb_coordinates/chromo4995/basic.xyz,1,,,,,,
98,chromo1531,CCCCCCCCCCCCN1C(=O)c2c(c3ccc4cc(-c5cccs5)c(OC)cc4c3c3c2ccc2cc(-c4cccs4)c(OC)cc23)C1=O,2.5024,0.6144000000000003,2.8234,0.3836999999999997,/scratch/jaggbow/mol_xtb_coordinates/chromo1531/geom.xtbopt.xyz,/scratch/jaggbow/mol_xtb_coordinates/chromo1531/mmff.xyz,/scratch/jaggbow/mol_xtb_coordinates/chromo1531/basic.xyz,0,,,,,,
99,chromo4580,c1cncc(-c2ccc(-c3c4ccc(-c5cccnc5)cc4c(-c4ccc(-c5cccnc5)cc4)c4ccc(-c5cccnc5)cc34)cc2)c1,2.9221,1.2702,3.1588,0.9316999999999998,/scratch/jaggbow/mol_xtb_coordinates/chromo4580/geom.xtbopt.xyz,/scratch/jaggbow/mol_xtb_coordinates/chromo4580/mmff.xyz,/scratch/jaggbow/mol_xtb_coordinates/chromo4580/basic.xyz,1,,,,,,
100,chromo0932,C[Si](C)(C)[Si](c1cc2sc3cc([Si]([Si](C)(C)C)([Si](C)(C)C)[Si](C)(C)C)sc3c2s1)([Si](C)(C)C)[Si](C)(C)C,3.6635,1.2382,3.3847,0.6135999999999999,/scratch/jaggbow/mol_xtb_coordinates/chromo0932/geom.xtbopt.xyz,/scratch/jaggbow/mol_xtb_coordinates/chromo0932/mmff.xyz,/scratch/jaggbow/mol_xtb_coordinates/chromo0932/basic.xyz,0,,,,,,
101,chromo6370,Clc1ccc(N2c3sc4ccccc4c3Sc3c2sc2ccccc32)cc1,3.0028,0.6171000000000002,2.245,0.5083000000000002,/scratch/jaggbow/mol_xtb_coordinates/chromo6370/geom.xtbopt.xyz,/scratch/jaggbow/mol_xtb_coordinates/chromo6370/mmff.xyz,/scratch/jaggbow/mol_xtb_coordinates/chromo6370/basic.xyz,0,,,,,,
102,chromo6238,CCC(CC)COC1=CC2=C3c4cc(OCC(CC)CC)c(-c5ccccc5)n4[B-](F)(F)[n+]4nnn(c43)[B-](F)(F)[N+]2=C1c1ccccc1,2.1322,1.3738,2.3727,1.3386,/scratch/jaggbow/mol_xtb_coordinates/chromo6238/geom.xtbopt.xyz,/scratch/jaggbow/mol_xtb_coordinates/chromo6238/mmff.xyz,/scratch/jaggbow/mol_xtb_coordinates/chromo6238/basic.xyz,0,,,,,,
103,chromo2481,COC(=O)c1nc2c(OCc3ccccc3)nc(N)nc2n1Cc1ccccc1,4.0226,1.1512999999999995,4.1228,0.948,/scratch/jaggbow/mol_xtb_coordinates/chromo2481/geom.xtbopt.xyz,/scratch/jaggbow/mol_xtb_coordinates/chromo2481/mmff.xyz,/scratch/jaggbow/mol_xtb_coordinates/chromo2481/basic.xyz,0,,,,,,
104,chromo6272,COc1ccc(C#Cc2c3cc4ccccc4cc3c(C#Cc3ccc(OC)cc3)c3cc4ccccc4cc23)cc1,1.5899,1.2695,2.1847,1.0664999999999998,/scratch/jaggbow/mol_xtb_coordinates/chromo6272/geom.xtbopt.xyz,/scratch/jaggbow/mol_xtb_coordinates/chromo6272/mmff.xyz,/scratch/jaggbow/mol_xtb_coordinates/chromo6272/basic.xyz,0,,,,,,
105,chromo1132,CC1=CC(C)=[N+]2C1=Cc1c(C)c(C3=C(C)C4=Cc5c(C)cc(C)n5[B-](F)(F)[N+]4=C3C)c(C)n1[B-]2(F)F,2.4387,0.9951,2.6987,1.2778,/scratch/jaggbow/mol_xtb_coordinates/chromo1132/geom.xtbopt.xyz,/scratch/jaggbow/mol_xtb_coordinates/chromo1132/mmff.xyz,/scratch/jaggbow/mol_xtb_coordinates/chromo1132/basic.xyz,1,,,,,,
106,chromo3868,CSc1nccc(C=Cc2ccc(N(c3ccccc3)c3ccc(C=Cc4ccnc(SC)n4)cc3)cc2)n1,2.7139,0.7155000000000002,3.2007,0.5722999999999998,/scratch/jaggbow/mol_xtb_coordinates/chromo3868/geom.xtbopt.xyz,/scratch/jaggbow/mol_xtb_coordinates/chromo3868/mmff.xyz,/scratch/jaggbow/mol_xtb_coordinates/chromo3868/basic.xyz,0,,,,,,
107,chromo1143,O=C1C2=C(O[B-](F)(F)[n+]3c2ccc2ccccc23)c2cccc3c(N4CCOCC4)ccc1c23,2.8683,0.8443,2.7861,0.7450999999999999,/scratch/jaggbow/mol_xtb_coordinates/chromo1143/geom.xtbopt.xyz,/scratch/jaggbow/mol_xtb_coordinates/chromo1143/mmff.xyz,/scratch/jaggbow/mol_xtb_coordinates/chromo1143/basic.xyz,0,,,,,,
108,chromo0720,CN(C)c1ccc2cc3c(cc2c1)OCCN=C3,3.5637,1.1563999999999997,3.4024,0.7765,/scratch/jaggbow/mol_xtb_coordinates/chromo0720/geom.xtbopt.xyz,/scratch/jaggbow/mol_xtb_coordinates/chromo0720/mmff.xyz,/scratch/jaggbow/mol_xtb_coordinates/chromo0720/basic.xyz,0,,,,,,
109,chromo2442,COC(=O)c1cc(=O)n(Cc2ccccc2)c2cc(-c3ccc(N(C)C)cc3)sc12,2.8084,0.9675999999999998,3.0183,0.9724,/scratch/jaggbow/mol_xtb_coordinates/chromo2442/geom.xtbopt.xyz,/scratch/jaggbow/mol_xtb_coordinates/chromo2442/mmff.xyz,/scratch/jaggbow/mol_xtb_coordinates/chromo2442/basic.xyz,1,,,,,,
110,chromo4170,CCN1c2ccc(C=NNc3ccccn3)cc2Sc2cc(-c3cccc4ccccc34)ccc21,3.2079,0.9684,3.004,0.4782000000000002,/scratch/jaggbow/mol_xtb_coordinates/chromo4170/geom.xtbopt.xyz,/scratch/jaggbow/mol_xtb_coordinates/chromo4170/mmff.xyz,/scratch/jaggbow/mol_xtb_coordinates/chromo4170/basic.xyz,0,,,,,,
111,chromo4824,COc1ccc2cc(-c3cc(-c4ccccc4)c4n3[B-](F)(F)[N+]3=C5C=NC=CN5[B-](F)(F)[N+]3=C4)ccc2c1,2.4969,0.6861000000000002,2.9889,1.0127000000000002,/scratch/jaggbow/mol_xtb_coordinates/chromo4824/geom.xtbopt.xyz,/scratch/jaggbow/mol_xtb_coordinates/chromo4824/mmff.xyz,/scratch/jaggbow/mol_xtb_coordinates/chromo4824/basic.xyz,0,,,,,,
112,chromo2215,Cc1ccccc1[B-]1(c2ccccc2C)n2nc(C(F)(F)F)cc2-c2c3ccccc3cc[n+]21,2.6739,0.2810000000000001,3.6755,0.8647,/scratch/jaggbow/mol_xtb_coordinates/chromo2215/geom.xtbopt.xyz,/scratch/jaggbow/mol_xtb_coordinates/chromo2215/mmff.xyz,/scratch/jaggbow/mol_xtb_coordinates/chromo2215/basic.xyz,0,,,,,,
113,chromo1189,COc1ccc(C#Cc2ccc(C#N)cc2)cc1OC,3.4364,1.088,4.3673,0.6805000000000003,/scratch/jaggbow/mol_xtb_coordinates/chromo1189/geom.xtbopt.xyz,/scratch/jaggbow/mol_xtb_coordinates/chromo1189/mmff.xyz,/scratch/jaggbow/mol_xtb_coordinates/chromo1189/basic.xyz,1,,,,,,
114,chromo5470,COc1ccc(C2=C(c3ccc(OC)cc3)c3cccc4c5c(cc(c34)O2)=NC2C=C(Br)C(Br)=CC2N=5)cc1,2.3496,0.8726,2.3964,0.6823999999999999,/scratch/jaggbow/mol_xtb_coordinates/chromo5470/geom.xtbopt.xyz,/scratch/jaggbow/mol_xtb_coordinates/chromo5470/mmff.xyz,/scratch/jaggbow/mol_xtb_coordinates/chromo5470/basic.xyz,0,,,,,,
115,chromo1789,CCCCC(CC)COc1ccc2nc(-c3ccc(-c4c(C)noc4C)s3)sc2c1,3.342,1.1719,3.5444,0.957,/scratch/jaggbow/mol_xtb_coordinates/chromo1789/geom.xtbopt.xyz,/scratch/jaggbow/mol_xtb_coordinates/chromo1789/mmff.xyz,/scratch/jaggbow/mol_xtb_coordinates/chromo1789/basic.xyz,1,,,,,,
116,chromo5980,c1cc2c([nH]c3c4[nH]c5sccc5c4c4nsnc4c23)s1,2.9294,0.7183999999999999,3.5608,0.6768999999999998,/scratch/jaggbow/mol_xtb_coordinates/chromo5980/geom.xtbopt.xyz,/scratch/jaggbow/mol_xtb_coordinates/chromo5980/mmff.xyz,/scratch/jaggbow/mol_xtb_coordinates/chromo5980/basic.xyz,0,,,,,,
117,chromo0248,F[B-]1(F)OC(C#Cc2ccccc2)=C2CCc3ccccc3C2=[O+]1,3.2163,1.0789999999999995,3.2793,1.0299,/scratch/jaggbow/mol_xtb_coordinates/chromo0248/geom.xtbopt.xyz,/scratch/jaggbow/mol_xtb_coordinates/chromo0248/mmff.xyz,/scratch/jaggbow/mol_xtb_coordinates/chromo0248/basic.xyz,0,,,,,,
118,chromo0299,[O-][n+]1c(C=Cc2ccccc2)nc(N2CCOCC2)c2c1CCCC2,2.9943,1.2343,2.7913,0.8257000000000001,/scratch/jaggbow/mol_xtb_coordinates/chromo0299/geom.xtbopt.xyz,/scratch/jaggbow/mol_xtb_coordinates/chromo0299/mmff.xyz,/scratch/jaggbow/mol_xtb_coordinates/chromo0299/basic.xyz,0,,,,,,
119,chromo3454,CCOC(=O)c1c(-c2c(Cl)c3cc(C)ccc3oc2=O)nn(-c2ccccc2)c1C(=O)OCC,3.8089,1.1612,3.9312,0.8595999999999999,/scratch/jaggbow/mol_xtb_coordinates/chromo3454/geom.xtbopt.xyz,/scratch/jaggbow/mol_xtb_coordinates/chromo3454/mmff.xyz,/scratch/jaggbow/mol_xtb_coordinates/chromo3454/basic.xyz,1,,,,,,
120,chromo5373,Cc1ccc(N(c2ccccc2)c2ccc3ccc4c(N(c5ccccc5)c5ccc(C)cc5)ccc5ccc2c3c54)cc1,2.6864,0.8235999999999999,2.8092,0.5651000000000002,/scratch/jaggbow/mol_xtb_coordinates/chromo5373/geom.xtbopt.xyz,/scratch/jaggbow/mol_xtb_coordinates/chromo5373/mmff.xyz,/scratch/jaggbow/mol_xtb_coordinates/chromo5373/basic.xyz,1,,,,,,
121,chromo5512,CC(C)[Si]1(C(C)C)c2cc(C=O)ccc2-c2ccc(N(C)C)cc21,3.2485,0.8895,3.5944,0.8618999999999999,/scratch/jaggbow/mol_xtb_coordinates/chromo5512/geom.xtbopt.xyz,/scratch/jaggbow/mol_xtb_coordinates/chromo5512/mmff.xyz,/scratch/jaggbow/mol_xtb_coordinates/chromo5512/basic.xyz,0,,,,,,
122,chromo3131,C1=Cc2nc1c(-c1ccco1)c1ccc(s1)c(-c1ccco1)c1nc(c(-c3ccco3)c3ccc(s3)c2-c2ccco2)C=C1,1.8456,0.7343,2.0173,0.1599000000000001,/scratch/jaggbow/mol_xtb_coordinates/chromo3131/geom.xtbopt.xyz,/scratch/jaggbow/mol_xtb_coordinates/chromo3131/mmff.xyz,/scratch/jaggbow/mol_xtb_coordinates/chromo3131/basic.xyz,0,,,,,,
123,chromo5516,CC(C)[Si]1(C(C)C)c2cc(C=C(C#N)C#N)ccc2-c2ccc(N(c3ccccc3)c3ccccc3)cc21,2.3493,0.5709,3.0829,0.6229,/scratch/jaggbow/mol_xtb_coordinates/chromo5516/geom.xtbopt.xyz,/scratch/jaggbow/mol_xtb_coordinates/chromo5516/mmff.xyz,/scratch/jaggbow/mol_xtb_coordinates/chromo5516/basic.xyz,0,,,,,,
124,chromo0251,COc1ccc(C#CC2=C3CCc4ccccc4C3=[O+][B-](F)(F)O2)cc1,3.1069,0.9838,3.2477,0.9792999999999998,/scratch/jaggbow/mol_xtb_coordinates/chromo0251/geom.xtbopt.xyz,/scratch/jaggbow/mol_xtb_coordinates/chromo0251/mmff.xyz,/scratch/jaggbow/mol_xtb_coordinates/chromo0251/basic.xyz,0,,,,,,
125,chromo1566,COc1cc2[nH]c3c(c2cc1OC)CCCC3=O,3.7621,1.1940000000000004,3.5756,0.8555000000000001,/scratch/jaggbow/mol_xtb_coordinates/chromo1566/geom.xtbopt.xyz,/scratch/jaggbow/mol_xtb_coordinates/chromo1566/mmff.xyz,/scratch/jaggbow/mol_xtb_coordinates/chromo1566/basic.xyz,0,,,,,,
126,chromo1668,COc1ccc(C2=C(C)C3=C(c4c(-c5ccccn5)nc5ccccn45)c4c(C)cc(C)n4[B-](F)(F)[N+]3=C2C)cc1,2.525,1.1344999999999998,2.7274,1.2838999999999998,/scratch/jaggbow/mol_xtb_coordinates/chromo1668/geom.xtbopt.xyz,/scratch/jaggbow/mol_xtb_coordinates/chromo1668/mmff.xyz,/scratch/jaggbow/mol_xtb_coordinates/chromo1668/basic.xyz,1,,,,,,
127,chromo6354,Fc1ccccc1N1c2c(sc3ccccc23)Sc2sc3ccccc3c21,3.3761,0.6710000000000003,2.3995,0.4749000000000001,/scratch/jaggbow/mol_xtb_coordinates/chromo6354/geom.xtbopt.xyz,/scratch/jaggbow/mol_xtb_coordinates/chromo6354/mmff.xyz,/scratch/jaggbow/mol_xtb_coordinates/chromo6354/basic.xyz,0,,,,,,
128,chromo0045,ClP1(Cl)=NP(Cl)(Cl)=NP(Cl)(Oc2ccc3ccc4cccc5ccc2c3c45)=N1,3.1023,1.0091,3.6951,1.0177,/scratch/jaggbow/mol_xtb_coordinates/chromo0045/geom.xtbopt.xyz,/scratch/jaggbow/mol_xtb_coordinates/chromo0045/mmff.xyz,/scratch/jaggbow/mol_xtb_coordinates/chromo0045/basic.xyz,1,,,,,,
129,chromo5465,c1ccc(C2=C(c3ccccc3)c3cccc4c3c(cc3nc5cc(-c6ccccc6)c(-c6ccccc6)cc5nc34)O2)cc1,2.5367,0.6983000000000001,2.8116,0.6340999999999997,/scratch/jaggbow/mol_xtb_coordinates/chromo5465/geom.xtbopt.xyz,/scratch/jaggbow/mol_xtb_coordinates/chromo5465/mmff.xyz,/scratch/jaggbow/mol_xtb_coordinates/chromo5465/basic.xyz,0,,,,,,
130,chromo1087,CC1=[N+]2C(=Cc3c4c(cn3[B-]2(F)F)-c2nc-4c(-c3ccccc3)c3ccc([nH]3)c(-c3ccccc3)c3nc(c(-c4ccccc4)c4ccc([nH]4)c2-c2ccccc2)C=C3)C(C)C1,1.9509,0.7038,2.1941,0.7890000000000001,/scratch/jaggbow/mol_xtb_coordinates/chromo1087/geom.xtbopt.xyz,/scratch/jaggbow/mol_xtb_coordinates/chromo1087/mmff.xyz,/scratch/jaggbow/mol_xtb_coordinates/chromo1087/basic.xyz,0,,,,,,
131,chromo3926,COC(=O)C=Cc1ccc2ccc3cccc4ccc1c2c34,3.1683,1.338,3.576,1.0452,/scratch/jaggbow/mol_xtb_coordinates/chromo3926/geom.xtbopt.xyz,/scratch/jaggbow/mol_xtb_coordinates/chromo3926/mmff.xyz,/scratch/jaggbow/mol_xtb_coordinates/chromo3926/basic.xyz,1,,,,,,
132,chromo1366,CCOC(=O)c1ccc(C2CC(c3cccc4ccccc34)=NN2c2ccc(C#N)cc2)cc1,3.1183,1.1063,3.2186,0.9301999999999996,/scratch/jaggbow/mol_xtb_coordinates/chromo1366/geom.xtbopt.xyz,/scratch/jaggbow/mol_xtb_coordinates/chromo1366/mmff.xyz,/scratch/jaggbow/mol_xtb_coordinates/chromo1366/basic.xyz,1,,,,,,
133,chromo0417,COc1ccc(C=Cc2nc(-c3ccccc3)[nH]c2C=Cc2ccc(OC)cc2)cc1,2.9397,1.2176000000000002,3.3958,0.9226,/scratch/jaggbow/mol_xtb_coordinates/chromo0417/geom.xtbopt.xyz,/scratch/jaggbow/mol_xtb_coordinates/chromo0417/mmff.xyz,/scratch/jaggbow/mol_xtb_coordinates/chromo0417/basic.xyz,1,,,,,,
134,chromo3311,CCn1c2ccccc2c2cc(C=C3C(=O)c4ccccc4S3(=O)=O)ccc21,2.9202,0.7799,3.2775,0.8163,/scratch/jaggbow/mol_xtb_coordinates/chromo3311/geom.xtbopt.xyz,/scratch/jaggbow/mol_xtb_coordinates/chromo3311/mmff.xyz,/scratch/jaggbow/mol_xtb_coordinates/chromo3311/basic.xyz,1,,,,,,
135,chromo1133,CC1=C(C2=C(C)C(C)=[N+]3C2=Cc2cc(C)c(C)n2[B-]3(F)F)C2=Cc3cc(C)c(C)n3[B-](F)(F)[N+]2=C1C,2.3533,0.9424,2.548,1.1228,/scratch/jaggbow/mol_xtb_coordinates/chromo1133/geom.xtbopt.xyz,/scratch/jaggbow/mol_xtb_coordinates/chromo1133/mmff.xyz,/scratch/jaggbow/mol_xtb_coordinates/chromo1133/basic.xyz,1,,,,,,
136,chromo4767,COc1ccccc1C1=[N+]2C(=C(c3ccccc3)c3c4c(c(-c5ccccc5OC)n3[B-]2(F)F)C2C=CC4CC2)C2=C1C1C=CC2CC1,2.5805,1.1259,2.5914,1.0628000000000002,/scratch/jaggbow/mol_xtb_coordinates/chromo4767/geom.xtbopt.xyz,/scratch/jaggbow/mol_xtb_coordinates/chromo4767/mmff.xyz,/scratch/jaggbow/mol_xtb_coordinates/chromo4767/basic.xyz,0,,,,,,
137,chromo1667,CC1=C(c2ccccc2)C(C)=[N+]2C1=C(c1c(-c3ccccn3)nc3ccccn13)c1c(C)c(-c3ccccc3)c(C)n1[B-]2(F)F,2.5006,1.1091,2.671,1.2157999999999998,/scratch/jaggbow/mol_xtb_coordinates/chromo1667/geom.xtbopt.xyz,/scratch/jaggbow/mol_xtb_coordinates/chromo1667/mmff.xyz,/scratch/jaggbow/mol_xtb_coordinates/chromo1667/basic.xyz,1,,,,,,
138,chromo6225,CCCCN(CCCC)c1ccc(C#Cc2cc(C#Cc3ccc(C#N)cc3)c(C#Cc3ccc(C#N)cc3)cc2C#Cc2ccc(N(CCCC)CCCC)cc2)cc1,2.2824,0.5564,3.6351,0.6286999999999998,/scratch/jaggbow/mol_xtb_coordinates/chromo6225/geom.xtbopt.xyz,/scratch/jaggbow/mol_xtb_coordinates/chromo6225/mmff.xyz,/scratch/jaggbow/mol_xtb_coordinates/chromo6225/basic.xyz,1,,,,,,
139,chromo2242,CCn1c2ccccc2c2c(N(c3ccccc3)c3ccccc3)cccc21,3.504,0.5707,3.5931,0.4194,/scratch/jaggbow/mol_xtb_coordinates/chromo2242/geom.xtbopt.xyz,/scratch/jaggbow/mol_xtb_coordinates/chromo2242/mmff.xyz,/scratch/jaggbow/mol_xtb_coordinates/chromo2242/basic.xyz,1,,,,,,
140,chromo4456,c1ccc2c(c1)sc1c3ccccc3c3ncncc3c21,3.5712,0.9637000000000002,3.7142,0.6406000000000001,/scratch/jaggbow/mol_xtb_coordinates/chromo4456/geom.xtbopt.xyz,/scratch/jaggbow/mol_xtb_coordinates/chromo4456/mmff.xyz,/scratch/jaggbow/mol_xtb_coordinates/chromo4456/basic.xyz,0,,,,,,
141,chromo3721,CCn1c2ccccc2c2cc(-c3cc(-c4ccc5c(c4)c4ccccc4n5CC)ncn3)ccc21,3.5613,0.6688000000000001,3.9112,0.4554999999999998,/scratch/jaggbow/mol_xtb_coordinates/chromo3721/geom.xtbopt.xyz,/scratch/jaggbow/mol_xtb_coordinates/chromo3721/mmff.xyz,/scratch/jaggbow/mol_xtb_coordinates/chromo3721/basic.xyz,1,,,,,,
142,chromo4817,c1ccc(N2N=C(c3c4ccccc4cc4ccccc34)CC2c2ccc3ccc4cccc5ccc2c3c45)cc1,2.6375,0.9236000000000002,3.2219,0.9063000000000004,/scratch/jaggbow/mol_xtb_coordinates/chromo4817/geom.xtbopt.xyz,/scratch/jaggbow/mol_xtb_coordinates/chromo4817/mmff.xyz,/scratch/jaggbow/mol_xtb_coordinates/chromo4817/basic.xyz,1,,,,,,
143,chromo1946,O=C(O)c1c2ccccc2nc2ccccc12,3.1056,1.3228,3.4376,0.9980000000000002,/scratch/jaggbow/mol_xtb_coordinates/chromo1946/geom.xtbopt.xyz,/scratch/jaggbow/mol_xtb_coordinates/chromo1946/mmff.xyz,/scratch/jaggbow/mol_xtb_coordinates/chromo1946/basic.xyz,0,,,,,,
144,chromo3110,Cc1cc2c3ccccc3[nH]c2c2[nH]c3ccccc3c12,3.6629,0.6851000000000003,3.6714,0.5237000000000003,/scratch/jaggbow/mol_xtb_coordinates/chromo3110/geom.xtbopt.xyz,/scratch/jaggbow/mol_xtb_coordinates/chromo3110/mmff.xyz,/scratch/jaggbow/mol_xtb_coordinates/chromo3110/basic.xyz,0,,,,,,
145,chromo4690,C[Si]1(C)O[Si](C)(C)c2cc3nc4ccccc4c(-c4ccc(F)cc4)c3cc2[Si](C)(C)O1,3.1943,1.3302,3.3548,0.879,/scratch/jaggbow/mol_xtb_coordinates/chromo4690/geom.xtbopt.xyz,/scratch/jaggbow/mol_xtb_coordinates/chromo4690/mmff.xyz,/scratch/jaggbow/mol_xtb_coordinates/chromo4690/basic.xyz,0,,,,,,
146,chromo0149,C=CCOc1nnc(OCCC(F)(F)C(F)(F)C(F)(F)C(F)(F)C(F)(F)C(F)(F)F)nn1,2.2298,0.7804,1.8488,0.0023999999999999,/scratch/jaggbow/mol_xtb_coordinates/chromo0149/geom.xtbopt.xyz,/scratch/jaggbow/mol_xtb_coordinates/chromo0149/mmff.xyz,/scratch/jaggbow/mol_xtb_coordinates/chromo0149/basic.xyz,0,,,,,,
147,chromo0119,O=C1c2ccccc2C(=O)c2cc(-c3ccc(N(c4ccccc4)c4ccccc4)cc3)ccc21,2.1118,0.1848,3.0059,0.2833000000000001,/scratch/jaggbow/mol_xtb_coordinates/chromo0119/geom.xtbopt.xyz,/scratch/jaggbow/mol_xtb_coordinates/chromo0119/mmff.xyz,/scratch/jaggbow/mol_xtb_coordinates/chromo0119/basic.xyz,0,,,,,,
148,chromo3811,O=[N+]([O-])c1ccc2c(c1)-c1c3c(c4c([n+]1[B-](F)(F)O2)CCc1ccccc1-4)CCc1ccccc1-3,3.3724,0.8030999999999997,3.4876,0.4986999999999999,/scratch/jaggbow/mol_xtb_coordinates/chromo3811/geom.xtbopt.xyz,/scratch/jaggbow/mol_xtb_coordinates/chromo3811/mmff.xyz,/scratch/jaggbow/mol_xtb_coordinates/chromo3811/basic.xyz,0,,,,,,
149,chromo2854,C(=Cc1ccncn1)c1ccc(-c2ccc(N(c3ccccc3)c3ccccc3)cc2)cc1,2.7485,0.6238999999999999,3.6339,0.6442000000000001,/scratch/jaggbow/mol_xtb_coordinates/chromo2854/geom.xtbopt.xyz,/scratch/jaggbow/mol_xtb_coordinates/chromo2854/mmff.xyz,/scratch/jaggbow/mol_xtb_coordinates/chromo2854/basic.xyz,0,,,,,,
150,chromo0271,CCCCn1c(-c2ccc(-c3nnc(-c4ccc5ccccc5c4)o3)cc2)nc2c3ccccc3c3ccccc3c21,3.0548,0.6438000000000001,3.8203,0.585,/scratch/jaggbow/mol_xtb_coordinates/chromo0271/geom.xtbopt.xyz,/scratch/jaggbow/mol_xtb_coordinates/chromo0271/mmff.xyz,/scratch/jaggbow/mol_xtb_coordinates/chromo0271/basic.xyz,1,,,,,,
151,chromo1163,Oc1ccccc1-c1nc2c3ccccc3c3ccccc3c2o1,3.6447,1.1018,3.7338,0.6717,/scratch/jaggbow/mol_xtb_coordinates/chromo1163/geom.xtbopt.xyz,/scratch/jaggbow/mol_xtb_coordinates/chromo1163/mmff.xyz,/scratch/jaggbow/mol_xtb_coordinates/chromo1163/basic.xyz,0,,,,,,
152,chromo2223,COc1cc(OC)cc(C2=[O+][B-](F)(F)OC(c3ccc4ccccc4c3)=C2)c1,3.024,0.6876000000000002,3.1839,0.7416999999999998,/scratch/jaggbow/mol_xtb_coordinates/chromo2223/geom.xtbopt.xyz,/scratch/jaggbow/mol_xtb_coordinates/chromo2223/mmff.xyz,/scratch/jaggbow/mol_xtb_coordinates/chromo2223/basic.xyz,1,,,,,,
153,chromo3017,CCCCCCc1ccc2c3c(ccc2c1)O[B-](c1ccccc1)(c1ccccc1)[N+](c1ccc([N+]2=Cc4c(ccc5cc(CCCCCC)ccc45)O[B-]2(c2ccccc2)c2ccccc2)cc1)=C3,2.743,0.7178,2.853,0.7837000000000001,/scratch/jaggbow/mol_xtb_coordinates/chromo3017/geom.xtbopt.xyz,/scratch/jaggbow/mol_xtb_coordinates/chromo3017/mmff.xyz,/scratch/jaggbow/mol_xtb_coordinates/chromo3017/basic.xyz,0,,,,,,
154,chromo0998,COC(=O)CCC1=CC(C#Cc2ccsc2)=[N+]2C1=Cc1c(CCC(=O)OC)cc(C#Cc3ccsc3)n1[B-]2(F)F,2.2718,1.1162999999999998,2.5529,1.116,/scratch/jaggbow/mol_xtb_coordinates/chromo0998/geom.xtbopt.xyz,/scratch/jaggbow/mol_xtb_coordinates/chromo0998/mmff.xyz,/scratch/jaggbow/mol_xtb_coordinates/chromo0998/basic.xyz,1,,,,,,
155,chromo5394,CC(C)(C)c1ccc(-c2nc3c4ccccc4c4ccccc4c3n2-c2ccc(C(C)(C)C)cc2)cc1,3.7038,0.9765,3.7878,0.3576999999999999,/scratch/jaggbow/mol_xtb_coordinates/chromo5394/geom.xtbopt.xyz,/scratch/jaggbow/mol_xtb_coordinates/chromo5394/mmff.xyz,/scratch/jaggbow/mol_xtb_coordinates/chromo5394/basic.xyz,1,,,,,,
156,chromo6447,Fc1ccc(N(c2ccc(F)cc2)c2ccc3c4cccc5c(N(c6ccc(F)cc6)c6ccc(F)cc6)ccc(c6cccc2c63)c54)cc1,2.3657,0.9576,2.5951,0.6702999999999999,/scratch/jaggbow/mol_xtb_coordinates/chromo6447/geom.xtbopt.xyz,/scratch/jaggbow/mol_xtb_coordinates/chromo6447/mmff.xyz,/scratch/jaggbow/mol_xtb_coordinates/chromo6447/basic.xyz,0,,,,,,
157,chromo0342,O=[N+]([O-])c1ccc(-c2nc3c(c4c2-c2ccccc2CC4)-c2ccccc2CC3)cc1,3.208,0.6418000000000004,3.9308,0.5392999999999999,/scratch/jaggbow/mol_xtb_coordinates/chromo0342/geom.xtbopt.xyz,/scratch/jaggbow/mol_xtb_coordinates/chromo0342/mmff.xyz,/scratch/jaggbow/mol_xtb_coordinates/chromo0342/basic.xyz,0,,,,,,
158,chromo1537,Cc1ccccc1C(=O)NN1C2=C(CC3=C1CC(C)(C)CC3=O)C(=O)CC(C)(C)C2,3.4882,1.0291,3.0574,0.7826,/scratch/jaggbow/mol_xtb_coordinates/chromo1537/geom.xtbopt.xyz,/scratch/jaggbow/mol_xtb_coordinates/chromo1537/mmff.xyz,/scratch/jaggbow/mol_xtb_coordinates/chromo1537/basic.xyz,0,,,,,,
159,chromo6218,CCCCN(CCCC)c1ccc(C#Cc2cc(C#Cc3ccc(C(F)(F)F)cc3)c(C#Cc3ccc(N(CCCC)CCCC)cc3)cc2C#Cc2ccc(C(F)(F)F)cc2)cc1,2.4889,0.6356000000000002,3.5147,0.4897999999999998,/scratch/jaggbow/mol_xtb_coordinates/chromo6218/geom.xtbopt.xyz,/scratch/jaggbow/mol_xtb_coordinates/chromo6218/mmff.xyz,/scratch/jaggbow/mol_xtb_coordinates/chromo6218/basic.xyz,1,,,,,,
160,chromo3354,CN(C)c1ccc(C#Cc2cc(C#Cc3ccc(C(F)(F)F)cc3)c3ccc4c(C#Cc5ccc(N(C)C)cc5)cc(C#Cc5ccc(C(F)(F)F)cc5)c5ccc2c3c45)cc1,2.0955,0.7844,2.9323,0.7076000000000002,/scratch/jaggbow/mol_xtb_coordinates/chromo3354/geom.xtbopt.xyz,/scratch/jaggbow/mol_xtb_coordinates/chromo3354/mmff.xyz,/scratch/jaggbow/mol_xtb_coordinates/chromo3354/basic.xyz,1,,,,,,
161,chromo4228,C[Si](C)(C)c1ccc(-c2nc3ccccc3n2-c2ccccc2)cc1,4.1699,1.1921000000000004,4.3038,0.5118,/scratch/jaggbow/mol_xtb_coordinates/chromo4228/geom.xtbopt.xyz,/scratch/jaggbow/mol_xtb_coordinates/chromo4228/mmff.xyz,/scratch/jaggbow/mol_xtb_coordinates/chromo4228/basic.xyz,0,,,,,,
162,chromo6382,CN(C)c1ccc(C#Cc2cc3ccccc3oc2=O)cc1,2.8817,1.0201,3.4999,0.9385,/scratch/jaggbow/mol_xtb_coordinates/chromo6382/geom.xtbopt.xyz,/scratch/jaggbow/mol_xtb_coordinates/chromo6382/mmff.xyz,/scratch/jaggbow/mol_xtb_coordinates/chromo6382/basic.xyz,1,,,,,,
163,chromo2841,C(=Cc1ccncn1)c1ccc(N2CCCCC2)cc1,3.3571,1.201,3.535,1.0081000000000002,/scratch/jaggbow/mol_xtb_coordinates/chromo2841/geom.xtbopt.xyz,/scratch/jaggbow/mol_xtb_coordinates/chromo2841/mmff.xyz,/scratch/jaggbow/mol_xtb_coordinates/chromo2841/basic.xyz,0,,,,,,
164,chromo1037,CCC1=C(C)C2=C(C)c3c(C)c(CC)c(C)n3[B-](F)(F)[N+]2=C1C,2.9048,1.3698,2.7425,1.3328000000000002,/scratch/jaggbow/mol_xtb_coordinates/chromo1037/geom.xtbopt.xyz,/scratch/jaggbow/mol_xtb_coordinates/chromo1037/mmff.xyz,/scratch/jaggbow/mol_xtb_coordinates/chromo1037/basic.xyz,1,,,,,,
165,chromo2491,CC(C)c1cccc(C(C)C)c1N1C(=O)c2ccc3c(-c4ccc(C(=O)O)cc4)c4c5ccc6c7c(ccc(c(-c8ccc(C(=O)O)cc8)c4c4ccc(c2c34)C1=O)c75)C(=O)N(c1c(C(C)C)cccc1C(C)C)C6=O,1.9621,1.1791999999999998,2.4012,1.0315,/scratch/jaggbow/mol_xtb_coordinates/chromo2491/geom.xtbopt.xyz,/scratch/jaggbow/mol_xtb_coordinates/chromo2491/mmff.xyz,/scratch/jaggbow/mol_xtb_coordinates/chromo2491/basic.xyz,0,,,,,,
166,chromo2537,CN(C)c1ccc(C2=Nc3scc(-c4ccccc4)[n+]3[B-](F)(F)O2)cc1,3.3605,0.8761999999999999,3.447,0.8662999999999998,/scratch/jaggbow/mol_xtb_coordinates/chromo2537/geom.xtbopt.xyz,/scratch/jaggbow/mol_xtb_coordinates/chromo2537/mmff.xyz,/scratch/jaggbow/mol_xtb_coordinates/chromo2537/basic.xyz,0,,,,,,
167,chromo5916,Cn1nc(-c2ccc(C(F)(F)F)cc2)cc1-c1ccccc1,4.5748,1.4409999999999998,4.7214,0.8908,/scratch/jaggbow/mol_xtb_coordinates/chromo5916/geom.xtbopt.xyz,/scratch/jaggbow/mol_xtb_coordinates/chromo5916/mmff.xyz,/scratch/jaggbow/mol_xtb_coordinates/chromo5916/basic.xyz,0,,,,,,
168,chromo2405,CCN(CC)c1ccc(C=Nc2ccccc2N=Cc2ccc(N(CC)CC)cc2O)c(O)c1,3.1803,0.7364999999999999,2.9586,0.2920000000000002,/scratch/jaggbow/mol_xtb_coordinates/chromo2405/geom.xtbopt.xyz,/scratch/jaggbow/mol_xtb_coordinates/chromo2405/mmff.xyz,/scratch/jaggbow/mol_xtb_coordinates/chromo2405/basic.xyz,1,,,,,,
169,chromo1671,CC1=C(c2ccc(N(C)C)cc2)C(C)=[N+]2C1=C(c1c(-c3ccccn3)nc3ccccn13)c1c(C)c(-c3ccc(N(C)C)cc3)c(C)n1[B-]2(F)F,2.1126,0.7907,2.5768,1.1283,/scratch/jaggbow/mol_xtb_coordinates/chromo1671/geom.xtbopt.xyz,/scratch/jaggbow/mol_xtb_coordinates/chromo1671/mmff.xyz,/scratch/jaggbow/mol_xtb_coordinates/chromo1671/basic.xyz,1,,,,,,
170,chromo0939,COC(=O)C(Cc1ccc2oc(-c3ccc(Nc4ccccc4)cc3)nc2c1)NC(=O)OC(C)(C)C,3.6115,0.9954,3.6826,0.6951999999999998,/scratch/jaggbow/mol_xtb_coordinates/chromo0939/geom.xtbopt.xyz,/scratch/jaggbow/mol_xtb_coordinates/chromo0939/mmff.xyz,/scratch/jaggbow/mol_xtb_coordinates/chromo0939/basic.xyz,0,,,,,,
171,chromo1463,COc1ccc2cc(-c3ccc([N+](=O)[O-])cc3)ccc2c1,3.1361,0.6433,3.8826,0.8223000000000003,/scratch/jaggbow/mol_xtb_coordinates/chromo1463/geom.xtbopt.xyz,/scratch/jaggbow/mol_xtb_coordinates/chromo1463/mmff.xyz,/scratch/jaggbow/mol_xtb_coordinates/chromo1463/basic.xyz,1,,,,,,
172,chromo5312,Cc1ccc2c(c1)B(c1c(C(C)C)cc(C(C)C)cc1C(C)C)c1cc(C)cc3c1N2c1ccc(C)cc1B3c1c(C(C)C)cc(C(C)C)cc1C(C)C,2.9207,0.4864000000000001,2.9672,0.4809000000000001,/scratch/jaggbow/mol_xtb_coordinates/chromo5312/geom.xtbopt.xyz,/scratch/jaggbow/mol_xtb_coordinates/chromo5312/mmff.xyz,/scratch/jaggbow/mol_xtb_coordinates/chromo5312/basic.xyz,0,,,,,,
173,chromo4719,Oc1c(-c2ccco2)cccc1-c1nc2ccccc2s1,3.6839,1.0966,3.5837,0.6065,/scratch/jaggbow/mol_xtb_coordinates/chromo4719/geom.xtbopt.xyz,/scratch/jaggbow/mol_xtb_coordinates/chromo4719/mmff.xyz,/scratch/jaggbow/mol_xtb_coordinates/chromo4719/basic.xyz,1,,,,,,
174,chromo4753,c1ccc2c(c1)-c1cc(-n3c4ccccc4c4ccccc43)ccc1C21c2ccccc2-n2c3ccccc3c3cccc1c32,3.6532,0.6610999999999998,3.7392,0.4582999999999999,/scratch/jaggbow/mol_xtb_coordinates/chromo4753/geom.xtbopt.xyz,/scratch/jaggbow/mol_xtb_coordinates/chromo4753/mmff.xyz,/scratch/jaggbow/mol_xtb_coordinates/chromo4753/basic.xyz,0,,,,,,
175,chromo4348,CCCc1ccc(C#Cc2cc(C#Cc3ccc(N(C)C)cc3)c3ccc4c(C#Cc5ccc(N(C)C)cc5)cc(C#Cc5ccc(N(C)C)cc5)c5ccc2c3c54)cc1,2.1942,0.8578999999999999,2.97,0.7167000000000003,/scratch/jaggbow/mol_xtb_coordinates/chromo4348/geom.xtbopt.xyz,/scratch/jaggbow/mol_xtb_coordinates/chromo4348/mmff.xyz,/scratch/jaggbow/mol_xtb_coordinates/chromo4348/basic.xyz,1,,,,,,
176,chromo0537,COc1ccc(-c2csc(C(C#N)=CNc3ccc(C#N)cc3)n2)cc1,3.0723,0.8891999999999998,3.4755,0.9511999999999996,/scratch/jaggbow/mol_xtb_coordinates/chromo0537/geom.xtbopt.xyz,/scratch/jaggbow/mol_xtb_coordinates/chromo0537/mmff.xyz,/scratch/jaggbow/mol_xtb_coordinates/chromo0537/basic.xyz,1,,,,,,
177,chromo4711,O=Cc1ccc(-c2ccc(O)c(-c3nc4ccccc4s3)c2)s1,3.3046,0.9963000000000002,3.6509,0.9963000000000002,/scratch/jaggbow/mol_xtb_coordinates/chromo4711/geom.xtbopt.xyz,/scratch/jaggbow/mol_xtb_coordinates/chromo4711/mmff.xyz,/scratch/jaggbow/mol_xtb_coordinates/chromo4711/basic.xyz,1,,,,,,
178,chromo4546,Cc1cc(C)c(B(c2ccc(-c3nc4c5ccccc5c5ccccc5c4[nH]3)cc2)c2c(C)cc(C)cc2C)c(C)c1,3.0284,0.6431999999999998,3.6017,0.5176000000000003,/scratch/jaggbow/mol_xtb_coordinates/chromo4546/geom.xtbopt.xyz,/scratch/jaggbow/mol_xtb_coordinates/chromo4546/mmff.xyz,/scratch/jaggbow/mol_xtb_coordinates/chromo4546/basic.xyz,0,,,,,,
179,chromo6654,CCCCOc1c(Br)cc2cc(Br)c(OCCCC)c3c4c(OCCCC)c(Br)cc5cc(Br)c(OCCCC)c(c1c23)c54,2.752,1.1339999999999997,2.8085,0.8251999999999999,/scratch/jaggbow/mol_xtb_coordinates/chromo6654/geom.xtbopt.xyz,/scratch/jaggbow/mol_xtb_coordinates/chromo6654/mmff.xyz,/scratch/jaggbow/mol_xtb_coordinates/chromo6654/basic.xyz,0,,,,,,
180,chromo2759,O=[N+]([O-])c1ccc(C#Cc2ccc([N+](=O)[O-])cc2)cc1,3.42,1.0932999999999995,4.2101,0.7300999999999997,/scratch/jaggbow/mol_xtb_coordinates/chromo2759/geom.xtbopt.xyz,/scratch/jaggbow/mol_xtb_coordinates/chromo2759/mmff.xyz,/scratch/jaggbow/mol_xtb_coordinates/chromo2759/basic.xyz,1,,,,,,
181,chromo2837,Clc1ccc(C=Cc2ccncn2)cc1,3.7288,1.427,4.1089,1.0564,/scratch/jaggbow/mol_xtb_coordinates/chromo2837/geom.xtbopt.xyz,/scratch/jaggbow/mol_xtb_coordinates/chromo2837/mmff.xyz,/scratch/jaggbow/mol_xtb_coordinates/chromo2837/basic.xyz,1,,,,,,
182,chromo3729,CCn1c2ccccc2c2cc(-c3cc(-c4ccc5c(c4)c4ccccc4n5CC)nc(-c4ccc(C#N)cc4)n3)ccc21,3.3145,0.5569999999999999,3.9086,0.4529999999999998,/scratch/jaggbow/mol_xtb_coordinates/chromo3729/geom.xtbopt.xyz,/scratch/jaggbow/mol_xtb_coordinates/chromo3729/mmff.xyz,/scratch/jaggbow/mol_xtb_coordinates/chromo3729/basic.xyz,1,,,,,,
183,chromo6344,COC(=O)c1[nH]c(-c2ccccc2)c2nnc3ccsc3c12,3.0735,1.0585,3.2433,1.0202,/scratch/jaggbow/mol_xtb_coordinates/chromo6344/geom.xtbopt.xyz,/scratch/jaggbow/mol_xtb_coordinates/chromo6344/mmff.xyz,/scratch/jaggbow/mol_xtb_coordinates/chromo6344/basic.xyz,0,,,,,,
184,chromo0540,N#CC(=NNc1ccc(C#N)cc1)c1nc(-c2ccccc2)cs1,3.2014,1.1755,3.4262,1.1007000000000002,/scratch/jaggbow/mol_xtb_coordinates/chromo0540/geom.xtbopt.xyz,/scratch/jaggbow/mol_xtb_coordinates/chromo0540/mmff.xyz,/scratch/jaggbow/mol_xtb_coordinates/chromo0540/basic.xyz,1,,,,,,
185,chromo1166,Oc1ccccc1-c1nc2c3ccccc3c3ccccc3c2n1-c1ccccc1,3.6073,0.9141,3.8111,0.3641000000000001,/scratch/jaggbow/mol_xtb_coordinates/chromo1166/geom.xtbopt.xyz,/scratch/jaggbow/mol_xtb_coordinates/chromo1166/mmff.xyz,/scratch/jaggbow/mol_xtb_coordinates/chromo1166/basic.xyz,1,,,,,,
186,chromo3540,COc1ccc(C=Cc2ncc(-c3ccccc3)o2)cc1OC,3.2793,1.3035,3.4807,0.9921000000000002,/scratch/jaggbow/mol_xtb_coordinates/chromo3540/geom.xtbopt.xyz,/scratch/jaggbow/mol_xtb_coordinates/chromo3540/mmff.xyz,/scratch/jaggbow/mol_xtb_coordinates/chromo3540/basic.xyz,1,,,,,,
187,chromo6178,CN(C)c1ccc(C2=CC3=C(c4ccc(C=O)cc4)C4c5ccccc5C3(S2)c2ccccc24)cc1,2.6602,1.0196,2.9906,0.8917999999999999,/scratch/jaggbow/mol_xtb_coordinates/chromo6178/geom.xtbopt.xyz,/scratch/jaggbow/mol_xtb_coordinates/chromo6178/mmff.xyz,/scratch/jaggbow/mol_xtb_coordinates/chromo6178/basic.xyz,0,,,,,,
188,chromo6965,O=c1c2ccc3c4c(ccc(c24)c2nc4c(F)c(F)c(F)c(F)c4n12)c(=O)n1c3nc2c(F)c(F)c(F)c(F)c21,2.4224,0.8459000000000001,3.0152,0.8235000000000001,/scratch/jaggbow/mol_xtb_coordinates/chromo6965/geom.xtbopt.xyz,/scratch/jaggbow/mol_xtb_coordinates/chromo6965/mmff.xyz,/scratch/jaggbow/mol_xtb_coordinates/chromo6965/basic.xyz,0,,,,,,
189,chromo0178,c1cc2ccc3cccc4ccc(c1)c2c34,3.7184,1.5949,3.7791,0.9975,/scratch/jaggbow/mol_xtb_coordinates/chromo0178/geom.xtbopt.xyz,/scratch/jaggbow/mol_xtb_coordinates/chromo0178/mmff.xyz,/scratch/jaggbow/mol_xtb_coordinates/chromo0178/basic.xyz,1,,,,,,
190,chromo2904,CN(C)c1ccc(-c2cc(-c3ccc(N(C)C)cc3)ncn2)cc1,3.4936,0.7288999999999999,3.8144,0.7132000000000001,/scratch/jaggbow/mol_xtb_coordinates/chromo2904/geom.xtbopt.xyz,/scratch/jaggbow/mol_xtb_coordinates/chromo2904/mmff.xyz,/scratch/jaggbow/mol_xtb_coordinates/chromo2904/basic.xyz,1,,,,,,
191,chromo2476,CN(C)c1nc(N)c2nc(C#N)n(Cc3ccccc3)c2n1,3.8748,1.145,3.9518,0.9756999999999998,/scratch/jaggbow/mol_xtb_coordinates/chromo2476/geom.xtbopt.xyz,/scratch/jaggbow/mol_xtb_coordinates/chromo2476/mmff.xyz,/scratch/jaggbow/mol_xtb_coordinates/chromo2476/basic.xyz,0,,,,,,
192,chromo0285,COc1c2ccccc2c(OC)c2c1c1ccc(C(F)(F)F)cc1n2C,3.1796,1.0020000000000002,3.1702,0.6921999999999997,/scratch/jaggbow/mol_xtb_coordinates/chromo0285/geom.xtbopt.xyz,/scratch/jaggbow/mol_xtb_coordinates/chromo0285/mmff.xyz,/scratch/jaggbow/mol_xtb_coordinates/chromo0285/basic.xyz,0,,,,,,
193,chromo0570,c1ccc(-c2nc(-c3c[nH]c4ccccc34)n3ccccc23)cc1,3.1753,0.9579,3.083,0.5998000000000001,/scratch/jaggbow/mol_xtb_coordinates/chromo0570/geom.xtbopt.xyz,/scratch/jaggbow/mol_xtb_coordinates/chromo0570/mmff.xyz,/scratch/jaggbow/mol_xtb_coordinates/chromo0570/basic.xyz,0,,,,,,
194,chromo3126,C1=Cc2nc1c(-c1ccco1)c1ccc([nH]1)c(-c1ccco1)c1nc(c(-c3ccco3)c3ccc(s3)c2-c2ccco2)C=C1,1.914,0.732,2.0596,0.2397,/scratch/jaggbow/mol_xtb_coordinates/chromo3126/geom.xtbopt.xyz,/scratch/jaggbow/mol_xtb_coordinates/chromo3126/mmff.xyz,/scratch/jaggbow/mol_xtb_coordinates/chromo3126/basic.xyz,0,,,,,,
195,chromo5464,Brc1cc2nc3cc4c5c(cccc5c3nc2cc1Br)C(c1ccccc1)=C(c1ccccc1)O4,2.4704,0.6812000000000002,2.796,0.6648999999999998,/scratch/jaggbow/mol_xtb_coordinates/chromo5464/geom.xtbopt.xyz,/scratch/jaggbow/mol_xtb_coordinates/chromo5464/mmff.xyz,/scratch/jaggbow/mol_xtb_coordinates/chromo5464/basic.xyz,0,,,,,,
196,chromo2330,CCCCCCCCCCn1cc(C2=C(c3cn(CCCCCCCCCC)c4ccccc34)C(=O)N(C)C2=O)c2ccccc21,2.4313,0.7960999999999998,1.9951,0.5641,/scratch/jaggbow/mol_xtb_coordinates/chromo2330/geom.xtbopt.xyz,/scratch/jaggbow/mol_xtb_coordinates/chromo2330/mmff.xyz,/scratch/jaggbow/mol_xtb_coordinates/chromo2330/basic.xyz,0,,,,,,
197,chromo6764,Cc1ccc(C#Cc2c3cc4ccccc4cc3c(C#C[Si](C(C)C)(C(C)C)C(C)C)c3cc4ccccc4cc23)cc1,1.6445,1.3042,2.1495,1.0628000000000002,/scratch/jaggbow/mol_xtb_coordinates/chromo6764/geom.xtbopt.xyz,/scratch/jaggbow/mol_xtb_coordinates/chromo6764/mmff.xyz,/scratch/jaggbow/mol_xtb_coordinates/chromo6764/basic.xyz,0,,,,,,
198,chromo1147,CN(C)c1ccc(C2=Nc3ccc4c(C(F)(F)F)cc(C(F)(F)F)nc4[n+]3[B-](F)(F)O2)cc1,2.5395,0.4508000000000001,3.2073,0.8153000000000001,/scratch/jaggbow/mol_xtb_coordinates/chromo1147/geom.xtbopt.xyz,/scratch/jaggbow/mol_xtb_coordinates/chromo1147/mmff.xyz,/scratch/jaggbow/mol_xtb_coordinates/chromo1147/basic.xyz,0,,,,,,
199,chromo3584,F[B-]1(F)n2c(nc3c4ccccc4c4ccccc4c32)-c2cccc[n+]21,2.6093,0.5955000000000004,3.2157,0.7052999999999998,/scratch/jaggbow/mol_xtb_coordinates/chromo3584/geom.xtbopt.xyz,/scratch/jaggbow/mol_xtb_coordinates/chromo3584/mmff.xyz,/scratch/jaggbow/mol_xtb_coordinates/chromo3584/basic.xyz,0,,,,,,
200,chromo5514,CC(C)[Si]1(C(C)C)c2cc(C#N)ccc2-c2ccc(N(c3ccccc3)c3ccccc3)cc21,3.0749,0.7054999999999998,3.4686,0.5392999999999999,/scratch/jaggbow/mol_xtb_coordinates/chromo5514/geom.xtbopt.xyz,/scratch/jaggbow/mol_xtb_coordinates/chromo5514/mmff.xyz,/scratch/jaggbow/mol_xtb_coordinates/chromo5514/basic.xyz,0,,,,,,
201,chromo2184,c1ccc(-n2c(-c3cccc(-c4c5ccccc5c(-c5cccc(-n6c7ccccc7c7ccccc76)c5)c5ccccc45)c3)nc3c4ccccc4c4ccccc4c32)cc1,3.081,1.3463,3.2591,0.9638,/scratch/jaggbow/mol_xtb_coordinates/chromo2184/geom.xtbopt.xyz,/scratch/jaggbow/mol_xtb_coordinates/chromo2184/mmff.xyz,/scratch/jaggbow/mol_xtb_coordinates/chromo2184/basic.xyz,1,,,,,,
202,chromo5940,CC1(C)CC(C=Cc2ccc(-n3ccnc3)cc2)=CC(=C(C#N)C#N)C1,2.9425,1.4337,3.4469,1.3072999999999997,/scratch/jaggbow/mol_xtb_coordinates/chromo5940/geom.xtbopt.xyz,/scratch/jaggbow/mol_xtb_coordinates/chromo5940/mmff.xyz,/scratch/jaggbow/mol_xtb_coordinates/chromo5940/basic.xyz,0,,,,,,
203,chromo4373,COc1ccc(N(c2ccc(OC)cc2)c2ccc(-c3ccc(-c4ccc5nc6ccccc6c(=O)n5c4)cc3)cc2)cc1,2.6987,0.5599000000000003,3.5341,0.9072,/scratch/jaggbow/mol_xtb_coordinates/chromo4373/geom.xtbopt.xyz,/scratch/jaggbow/mol_xtb_coordinates/chromo4373/mmff.xyz,/scratch/jaggbow/mol_xtb_coordinates/chromo4373/basic.xyz,0,,,,,,
204,chromo0689,Cc1cn2cc(-c3ccc([N+](=O)[O-])cc3)[n-][n+]2c1,2.4598,0.3205999999999998,2.8966,0.4789999999999996,/scratch/jaggbow/mol_xtb_coordinates/chromo0689/geom.xtbopt.xyz,/scratch/jaggbow/mol_xtb_coordinates/chromo0689/mmff.xyz,/scratch/jaggbow/mol_xtb_coordinates/chromo0689/basic.xyz,0,,,,,,
205,chromo0759,C(=Cc1nc(C=Cc2ccc(N(c3ccccc3)c3ccccc3)cc2)cc(C=Cc2ccc(N(c3ccccc3)c3ccccc3)cc2)n1)c1ccccc1,2.6796,0.6427,3.279,0.5674999999999999,/scratch/jaggbow/mol_xtb_coordinates/chromo0759/geom.xtbopt.xyz,/scratch/jaggbow/mol_xtb_coordinates/chromo0759/mmff.xyz,/scratch/jaggbow/mol_xtb_coordinates/chromo0759/basic.xyz,0,,,,,,
206,chromo4822,COc1ccc(-c2cc(-c3ccccc3)c3n2[B-](F)(F)[N+]2=C4C=NC=CN4[B-](F)(F)[N+]2=C3)cc1,2.6108,0.7778999999999998,2.9714,1.01,/scratch/jaggbow/mol_xtb_coordinates/chromo4822/geom.xtbopt.xyz,/scratch/jaggbow/mol_xtb_coordinates/chromo4822/mmff.xyz,/scratch/jaggbow/mol_xtb_coordinates/chromo4822/basic.xyz,0,,,,,,
207,chromo3451,CCOC(=O)c1c(-c2c(Cl)c3ccccc3oc2=O)nn(-c2ccc(OC)cc2)c1C(=O)OCC,3.4737,0.7976999999999999,3.9085,0.8513000000000002,/scratch/jaggbow/mol_xtb_coordinates/chromo3451/geom.xtbopt.xyz,/scratch/jaggbow/mol_xtb_coordinates/chromo3451/mmff.xyz,/scratch/jaggbow/mol_xtb_coordinates/chromo3451/basic.xyz,1,,,,,,
208,chromo3023,Cc1ccc2nc(C=Cc3ccc(N(C)C)cc3)c(-c3ccccc3)nc2c1,2.7982,0.8983000000000001,3.3176,0.8820999999999999,/scratch/jaggbow/mol_xtb_coordinates/chromo3023/geom.xtbopt.xyz,/scratch/jaggbow/mol_xtb_coordinates/chromo3023/mmff.xyz,/scratch/jaggbow/mol_xtb_coordinates/chromo3023/basic.xyz,0,,,,,,
209,chromo0525,COc1ccc(-c2csc(C(C#N)=Cc3ccncc3)n2)cc1,2.497,0.7185999999999999,3.2599,0.9234,/scratch/jaggbow/mol_xtb_coordinates/chromo0525/geom.xtbopt.xyz,/scratch/jaggbow/mol_xtb_coordinates/chromo0525/mmff.xyz,/scratch/jaggbow/mol_xtb_coordinates/chromo0525/basic.xyz,1,,,,,,
210,chromo2795,CN(C)c1ccc(C=CC=C2CCC(=Cc3ccc(N(C)C)cc3)C2=O)cc1,2.7057,1.0412,3.0542,0.8567,/scratch/jaggbow/mol_xtb_coordinates/chromo2795/geom.xtbopt.xyz,/scratch/jaggbow/mol_xtb_coordinates/chromo2795/mmff.xyz,/scratch/jaggbow/mol_xtb_coordinates/chromo2795/basic.xyz,1,,,,,,
211,chromo2581,COc1ccc(N(c2ccc(OC)cc2)c2ccc3ccc4c(B(c5c(C)cc(C)cc5C)c5c(C)cc(C)cc5C)ccc5ccc2c3c54)cc1,2.2809,0.5509,2.6311,0.5072999999999999,/scratch/jaggbow/mol_xtb_coordinates/chromo2581/geom.xtbopt.xyz,/scratch/jaggbow/mol_xtb_coordinates/chromo2581/mmff.xyz,/scratch/jaggbow/mol_xtb_coordinates/chromo2581/basic.xyz,1,,,,,,
212,chromo2792,CN(C)c1ccc(C=CC=C2CCCC2=O)cc1,3.1484,1.4227,3.368,1.2228,/scratch/jaggbow/mol_xtb_coordinates/chromo2792/geom.xtbopt.xyz,/scratch/jaggbow/mol_xtb_coordinates/chromo2792/mmff.xyz,/scratch/jaggbow/mol_xtb_coordinates/chromo2792/basic.xyz,1,,,,,,
213,chromo2168,O=P(c1ccccc1)(c1ccccc1)n1c2ccccc2c2cc(-n3c4ccccc4c4cc(-n5c6ccccc6c6ccccc65)ccc43)ccc21,3.5784,0.4337999999999997,3.6956,0.4623000000000004,/scratch/jaggbow/mol_xtb_coordinates/chromo2168/geom.xtbopt.xyz,/scratch/jaggbow/mol_xtb_coordinates/chromo2168/mmff.xyz,/scratch/jaggbow/mol_xtb_coordinates/chromo2168/basic.xyz,1,,,,,,
214,chromo6110,CC(C)[Si](C#Cc1c2cc3ccccc3cc2c(C#C[Si](C(C)C)(C(C)C)C(C)C)c2nc3cc4c(cc3nc12)C1c2ccccc2C4c2ccccc21)(C(C)C)C(C)C,1.6097,1.154,1.9679,0.9284,/scratch/jaggbow/mol_xtb_coordinates/chromo6110/geom.xtbopt.xyz,/scratch/jaggbow/mol_xtb_coordinates/chromo6110/mmff.xyz,/scratch/jaggbow/mol_xtb_coordinates/chromo6110/basic.xyz,0,,,,,,
215,chromo2594,CC(C)(C)c1ccc2c(c1)c1cc(C(C)(C)C)ccc1n2-c1ccc(-c2cccs2)s1,3.3188,0.9889,3.4845,0.8786,/scratch/jaggbow/mol_xtb_coordinates/chromo2594/geom.xtbopt.xyz,/scratch/jaggbow/mol_xtb_coordinates/chromo2594/mmff.xyz,/scratch/jaggbow/mol_xtb_coordinates/chromo2594/basic.xyz,1,,,,,,
216,chromo0432,Cc1cc(O)c(C(=O)C=Cc2ccccc2Cl)c(=O)o1,3.4929,1.1782,3.5764,0.7294999999999998,/scratch/jaggbow/mol_xtb_coordinates/chromo0432/geom.xtbopt.xyz,/scratch/jaggbow/mol_xtb_coordinates/chromo0432/mmff.xyz,/scratch/jaggbow/mol_xtb_coordinates/chromo0432/basic.xyz,0,,,,,,
217,chromo1084,Cc1c2cc3c(-c4ccccc4)c4c(c(-c5ccccc5)c3cc2c2n1[B-](F)(F)[n+]1c(C)c3cc5c(-c6ccccc6)c6c7cccc8cccc(c6c(-c6ccccc6)c5cc3c1=C2c1ccccc1)c87)-c1cccc2cccc-4c12,1.8379,0.9177,2.1989,1.2673,/scratch/jaggbow/mol_xtb_coordinates/chromo1084/geom.xtbopt.xyz,/scratch/jaggbow/mol_xtb_coordinates/chromo1084/mmff.xyz,/scratch/jaggbow/mol_xtb_coordinates/chromo1084/basic.xyz,0,,,,,,
218,chromo2480,COC(=O)c1nc2cnc(N(C)C)nc2n1Cc1ccccc1,3.5845,1.0385,3.7246,0.9423,/scratch/jaggbow/mol_xtb_coordinates/chromo2480/geom.xtbopt.xyz,/scratch/jaggbow/mol_xtb_coordinates/chromo2480/mmff.xyz,/scratch/jaggbow/mol_xtb_coordinates/chromo2480/basic.xyz,0,,,,,,
219,chromo5526,CC1=[N+]2C(=C(c3ccc(C(=C(c4ccccc4)c4ccccc4)c4ccccc4)cc3)c3ccc(C)n3[B-]2(F)F)C=C1,2.6333,1.1077,2.9099,1.4207,/scratch/jaggbow/mol_xtb_coordinates/chromo5526/geom.xtbopt.xyz,/scratch/jaggbow/mol_xtb_coordinates/chromo5526/mmff.xyz,/scratch/jaggbow/mol_xtb_coordinates/chromo5526/basic.xyz,1,,,,,,
220,chromo2307,c1ccc(-c2cc3c(-c4ccccc4)c4cccc5c(-c6ccccc6)cc6c(-c7ccccc7)c7cccc2c7c3c6c54)cc1,2.7222,1.3995,3.1119,1.1408999999999998,/scratch/jaggbow/mol_xtb_coordinates/chromo2307/geom.xtbopt.xyz,/scratch/jaggbow/mol_xtb_coordinates/chromo2307/mmff.xyz,/scratch/jaggbow/mol_xtb_coordinates/chromo2307/basic.xyz,0,,,,,,
221,chromo3476,CCOC(=O)c1c(-c2cc3ccc(OCC=C(C)C)cc3oc2=O)nn(-c2ccccc2)c1C(=O)OCC,3.8163,1.2621000000000002,3.8876,0.9005000000000001,/scratch/jaggbow/mol_xtb_coordinates/chromo3476/geom.xtbopt.xyz,/scratch/jaggbow/mol_xtb_coordinates/chromo3476/mmff.xyz,/scratch/jaggbow/mol_xtb_coordinates/chromo3476/basic.xyz,1,,,,,,
222,chromo6427,COC(=O)C1=C(C(=O)OC)C2(c3ccccc3-c3ccccc32)C(c2ccc(C)cc2)C=C2c3cc(OC)c(OC)cc3CCN21,3.8675,1.1643000000000003,3.5727,0.8538000000000001,/scratch/jaggbow/mol_xtb_coordinates/chromo6427/geom.xtbopt.xyz,/scratch/jaggbow/mol_xtb_coordinates/chromo6427/mmff.xyz,/scratch/jaggbow/mol_xtb_coordinates/chromo6427/basic.xyz,0,,,,,,
223,chromo3062,CC(C)(C)c1ccc(-c2ccc(-c3ccc(N(c4ccccc4)c4ccccc4)cc3)c3nsnc23)cc1,2.2558,0.5589999999999997,3.3665,0.6459999999999999,/scratch/jaggbow/mol_xtb_coordinates/chromo3062/geom.xtbopt.xyz,/scratch/jaggbow/mol_xtb_coordinates/chromo3062/mmff.xyz,/scratch/jaggbow/mol_xtb_coordinates/chromo3062/basic.xyz,0,,,,,,
224,chromo3814,CCCCC(CC)Cn1c2cc(C#N)ccc2c2ccc(C#Cc3ccc4ccc5cccc6ccc3c4c56)cc21,3.2038,1.2568,3.5647,0.9089,/scratch/jaggbow/mol_xtb_coordinates/chromo3814/geom.xtbopt.xyz,/scratch/jaggbow/mol_xtb_coordinates/chromo3814/mmff.xyz,/scratch/jaggbow/mol_xtb_coordinates/chromo3814/basic.xyz,1,,,,,,
225,chromo4684,C[Si]1(C)O[Si](C)(C)c2cc3c(-c4ccc(F)cc4)c4ccccc4nc3cc21,3.1706,1.3446999999999998,3.4908,0.9335,/scratch/jaggbow/mol_xtb_coordinates/chromo4684/geom.xtbopt.xyz,/scratch/jaggbow/mol_xtb_coordinates/chromo4684/mmff.xyz,/scratch/jaggbow/mol_xtb_coordinates/chromo4684/basic.xyz,0,,,,,,
226,chromo4630,CC(C)(C)c1ccc(-c2cc(-c3ccc(-c4cc(-c5ccc(C(C)(C)C)cc5)c(C(=O)NCc5cccs5)s4)s3)sc2C(=O)NCc2cccs2)cc1,2.9081,1.1539,3.2212,0.9194,/scratch/jaggbow/mol_xtb_coordinates/chromo4630/geom.xtbopt.xyz,/scratch/jaggbow/mol_xtb_coordinates/chromo4630/mmff.xyz,/scratch/jaggbow/mol_xtb_coordinates/chromo4630/basic.xyz,1,,,,,,
227,chromo3781,Cc1cc(-c2ccccc2)nc2c1ccc1nc(-c3ccccc3)cn12,3.1162,0.7678000000000003,3.5795,0.6042999999999998,/scratch/jaggbow/mol_xtb_coordinates/chromo3781/geom.xtbopt.xyz,/scratch/jaggbow/mol_xtb_coordinates/chromo3781/mmff.xyz,/scratch/jaggbow/mol_xtb_coordinates/chromo3781/basic.xyz,0,,,,,,
228,chromo6685,c1ccc(B2Nc3cc4c(cc3-c3occc32)NB(c2ccccc2)c2ccoc2-4)cc1,3.3986,0.9042,3.6268,0.5455999999999999,/scratch/jaggbow/mol_xtb_coordinates/chromo6685/geom.xtbopt.xyz,/scratch/jaggbow/mol_xtb_coordinates/chromo6685/mmff.xyz,/scratch/jaggbow/mol_xtb_coordinates/chromo6685/basic.xyz,0,,,,,,
229,chromo4724,N#CC(C#N)=Cc1ccc(-c2cccc(-c3nc4ccccc4s3)c2O)s1,2.9087,1.1996,3.1411,1.0408999999999995,/scratch/jaggbow/mol_xtb_coordinates/chromo4724/geom.xtbopt.xyz,/scratch/jaggbow/mol_xtb_coordinates/chromo4724/mmff.xyz,/scratch/jaggbow/mol_xtb_coordinates/chromo4724/basic.xyz,1,,,,,,
230,chromo3406,O=C1Nc2ccccc2C1=CC(=O)c1ccccc1,3.3038,1.049,2.5954,0.4415,/scratch/jaggbow/mol_xtb_coordinates/chromo3406/geom.xtbopt.xyz,/scratch/jaggbow/mol_xtb_coordinates/chromo3406/mmff.xyz,/scratch/jaggbow/mol_xtb_coordinates/chromo3406/basic.xyz,0,,,,,,
231,chromo1127,F[B-]1(F)n2c(-c3ccccc3)c3ccc4ccccc4c3c2N=C2c3c(ccc4ccccc34)C(c3ccccc3)=[N+]21,1.9924,1.2172,2.432,1.2628,/scratch/jaggbow/mol_xtb_coordinates/chromo1127/geom.xtbopt.xyz,/scratch/jaggbow/mol_xtb_coordinates/chromo1127/mmff.xyz,/scratch/jaggbow/mol_xtb_coordinates/chromo1127/basic.xyz,0,,,,,,
232,chromo3137,CC(C)(C)C1CCC(=CSC=Cc2ccc(C=CSC=C3CCC(C(C)(C)C)CC3)cc2)CC1,3.3819,1.2582999999999998,3.7918,0.9421,/scratch/jaggbow/mol_xtb_coordinates/chromo3137/geom.xtbopt.xyz,/scratch/jaggbow/mol_xtb_coordinates/chromo3137/mmff.xyz,/scratch/jaggbow/mol_xtb_coordinates/chromo3137/basic.xyz,0,,,,,,
233,chromo1092,CC1=CC(C)=[N+]2C1=Cc1c3ccccc3c(C#Cc3ccccc3)n1[B-]2(F)F,2.4041,1.3229000000000002,2.7061,1.3276,/scratch/jaggbow/mol_xtb_coordinates/chromo1092/geom.xtbopt.xyz,/scratch/jaggbow/mol_xtb_coordinates/chromo1092/mmff.xyz,/scratch/jaggbow/mol_xtb_coordinates/chromo1092/basic.xyz,0,,,,,,
234,chromo3812,Oc1ccc(Br)cc1-c1nc2c(c3c1-c1ccccc1CC3)-c1ccccc1CC2,3.3447,0.7938000000000001,3.8895,0.5638000000000001,/scratch/jaggbow/mol_xtb_coordinates/chromo3812/geom.xtbopt.xyz,/scratch/jaggbow/mol_xtb_coordinates/chromo3812/mmff.xyz,/scratch/jaggbow/mol_xtb_coordinates/chromo3812/basic.xyz,0,,,,,,
235,chromo2760,O=C1OC(=O)c2ccc(N(c3ccccc3)c3ccc4ccc5cccc6ccc3c4c56)c3cccc1c23,2.4438,0.5125,2.6869,0.637,/scratch/jaggbow/mol_xtb_coordinates/chromo2760/geom.xtbopt.xyz,/scratch/jaggbow/mol_xtb_coordinates/chromo2760/mmff.xyz,/scratch/jaggbow/mol_xtb_coordinates/chromo2760/basic.xyz,1,,,,,,
236,chromo6114,Cc1c(C(=O)c2ccccc2Cl)c2ccc3cccc4c5cccc6ccc1c(c65)c2c34,3.014,1.0159999999999998,3.3987,0.6282999999999999,/scratch/jaggbow/mol_xtb_coordinates/chromo6114/geom.xtbopt.xyz,/scratch/jaggbow/mol_xtb_coordinates/chromo6114/mmff.xyz,/scratch/jaggbow/mol_xtb_coordinates/chromo6114/basic.xyz,0,,,,,,
237,chromo2056,CC(C)c1cc(C(C)C)c(B2c3cc(N4c5ccccc5C(C)(C)c5ccccc54)ccc3N(c3ccccc3)c3ccc(N4c5ccccc5C(C)(C)c5ccccc54)cc32)c(C(C)C)c1,2.8484,0.5308999999999999,3.3729,0.6238000000000001,/scratch/jaggbow/mol_xtb_coordinates/chromo2056/geom.xtbopt.xyz,/scratch/jaggbow/mol_xtb_coordinates/chromo2056/mmff.xyz,/scratch/jaggbow/mol_xtb_coordinates/chromo2056/basic.xyz,0,,,,,,
238,chromo6682,c1ccc(B2Nc3cc4c(cc3-c3sccc32)NB(c2ccccc2)c2ccsc2-4)cc1,3.2419,0.8975,3.5304,0.5523000000000002,/scratch/jaggbow/mol_xtb_coordinates/chromo6682/geom.xtbopt.xyz,/scratch/jaggbow/mol_xtb_coordinates/chromo6682/mmff.xyz,/scratch/jaggbow/mol_xtb_coordinates/chromo6682/basic.xyz,0,,,,,,
239,chromo1548,CN(C)c1ccc(C=C2CCC(=Cc3ccc(C#N)cc3)C2=O)cc1,2.6639,0.7571999999999999,3.1896,0.8902999999999999,/scratch/jaggbow/mol_xtb_coordinates/chromo1548/geom.xtbopt.xyz,/scratch/jaggbow/mol_xtb_coordinates/chromo1548/mmff.xyz,/scratch/jaggbow/mol_xtb_coordinates/chromo1548/basic.xyz,1,,,,,,
240,chromo1527,CCCCCCCCCCCCN1C(=O)c2c(c3ccc4cc(-c5ccccc5)c(OC)cc4c3c3c2ccc2cc(-c4ccccc4)c(OC)cc23)C1=O,2.5685,0.5650999999999997,2.8302,0.3385000000000002,/scratch/jaggbow/mol_xtb_coordinates/chromo1527/geom.xtbopt.xyz,/scratch/jaggbow/mol_xtb_coordinates/chromo1527/mmff.xyz,/scratch/jaggbow/mol_xtb_coordinates/chromo1527/basic.xyz,0,,,,,,
241,chromo5891,F[B-]1(F)Oc2c(ccc3c4c(ccc23)C=[N+](c2ccccc2)[B-](F)(F)O4)C=[N+]1c1ccccc1,2.5118,0.7888999999999999,2.7121,0.7508999999999999,/scratch/jaggbow/mol_xtb_coordinates/chromo5891/geom.xtbopt.xyz,/scratch/jaggbow/mol_xtb_coordinates/chromo5891/mmff.xyz,/scratch/jaggbow/mol_xtb_coordinates/chromo5891/basic.xyz,0,,,,,,
242,chromo0405,FC(F)(F)c1ccc(-c2ccc(-c3cc(-c4ccccn4)nc(-c4ccccn4)c3)cc2)cc1,3.9445,1.0874,4.415,0.5872000000000002,/scratch/jaggbow/mol_xtb_coordinates/chromo0405/geom.xtbopt.xyz,/scratch/jaggbow/mol_xtb_coordinates/chromo0405/mmff.xyz,/scratch/jaggbow/mol_xtb_coordinates/chromo0405/basic.xyz,1,,,,,,
243,chromo0750,c1ccc(C2(c3ccccc3)c3ccc4ccc5ccccc5c4c3-c3c2ccc2ccc4ccccc4c32)cc1,3.1614,0.9939,3.5064,0.6727000000000003,/scratch/jaggbow/mol_xtb_coordinates/chromo0750/geom.xtbopt.xyz,/scratch/jaggbow/mol_xtb_coordinates/chromo0750/mmff.xyz,/scratch/jaggbow/mol_xtb_coordinates/chromo0750/basic.xyz,0,,,,,,
244,chromo3142,C(=Cc1ccc(-c2ccc(C=CSC=C3CCCCCCC3)cc2)cc1)SC=C1CCCCCCC1,3.2976,1.0208,3.7843,0.7267000000000001,/scratch/jaggbow/mol_xtb_coordinates/chromo3142/geom.xtbopt.xyz,/scratch/jaggbow/mol_xtb_coordinates/chromo3142/mmff.xyz,/scratch/jaggbow/mol_xtb_coordinates/chromo3142/basic.xyz,1,,,,,,
245,chromo0418,COc1ccc(C=Cc2nc(-c3ccc([N+](=O)[O-])cc3)[nH]c2C=Cc2ccc(OC)cc2)cc1,2.1832,0.5829999999999997,3.1053,0.6761000000000004,/scratch/jaggbow/mol_xtb_coordinates/chromo0418/geom.xtbopt.xyz,/scratch/jaggbow/mol_xtb_coordinates/chromo0418/mmff.xyz,/scratch/jaggbow/mol_xtb_coordinates/chromo0418/basic.xyz,1,,,,,,
246,chromo2015,N#Cc1c(-n2c3ccccc3c3ccccc32)cc(N2c3ccccc3C(c3ccccc3)(c3ccccc3)c3ccccc32)cc1-n1c2ccccc2c2ccccc21,2.8359,0.1579999999999999,3.6557,0.2362999999999999,/scratch/jaggbow/mol_xtb_coordinates/chromo2015/geom.xtbopt.xyz,/scratch/jaggbow/mol_xtb_coordinates/chromo2015/mmff.xyz,/scratch/jaggbow/mol_xtb_coordinates/chromo2015/basic.xyz,1,,,,,,
247,chromo6294,CCCCCCn1c(=O)c2c3oc4ccccc4sc3c3c(=O)n(CCCCCC)c(=O)c3c2c1=O,2.8059,0.5543,2.7366,0.6436000000000002,/scratch/jaggbow/mol_xtb_coordinates/chromo6294/geom.xtbopt.xyz,/scratch/jaggbow/mol_xtb_coordinates/chromo6294/mmff.xyz,/scratch/jaggbow/mol_xtb_coordinates/chromo6294/basic.xyz,0,,,,,,
248,chromo5423,O=S1(=O)Nc2ccc3c(c2-c2ccccc21)-c1ccccc1S(=O)(=O)N3,3.4504,0.7037,2.8666,0.5169000000000001,/scratch/jaggbow/mol_xtb_coordinates/chromo5423/geom.xtbopt.xyz,/scratch/jaggbow/mol_xtb_coordinates/chromo5423/mmff.xyz,/scratch/jaggbow/mol_xtb_coordinates/chromo5423/basic.xyz,0,,,,,,
249,chromo6234,CCCCN(CCCC)c1ccc2c(c1)C#CC#Cc1cc(C(F)(F)F)ccc1C#Cc1cc(c3cc1C#Cc1ccc(C(F)(F)F)cc1C#CC#Cc1cc(N(CCCC)CCCC)ccc1C#C3)C#C2,2.3679,0.5647000000000002,3.4021,0.4921999999999999,/scratch/jaggbow/mol_xtb_coordinates/chromo6234/geom.xtbopt.xyz,/scratch/jaggbow/mol_xtb_coordinates/chromo6234/mmff.xyz,/scratch/jaggbow/mol_xtb_coordinates/chromo6234/basic.xyz,0,,,,,,
250,chromo0415,Cc1ccc(C=Cc2nc(-c3cccc([N+](=O)[O-])c3)[nH]c2C=Cc2ccc(C)cc2)cc1,2.0896,0.3424999999999998,3.3987,0.831,/scratch/jaggbow/mol_xtb_coordinates/chromo0415/geom.xtbopt.xyz,/scratch/jaggbow/mol_xtb_coordinates/chromo0415/mmff.xyz,/scratch/jaggbow/mol_xtb_coordinates/chromo0415/basic.xyz,1,,,,,,
251,chromo1225,CC1=CC(C)=[N+]2C1=Cc1cccn1[B-]2(F)F,3.111,1.5788000000000002,2.9888,1.545,/scratch/jaggbow/mol_xtb_coordinates/chromo1225/geom.xtbopt.xyz,/scratch/jaggbow/mol_xtb_coordinates/chromo1225/mmff.xyz,/scratch/jaggbow/mol_xtb_coordinates/chromo1225/basic.xyz,1,,,,,,
252,chromo0194,CCCCCCCCCCCCn1nnc(-c2ccc(C#Cc3ccc(C#Cc4ccc(-c5nnn(CCCCCCCCCCCC)n5)cc4)c4nc5c6ccccc6c6ccccc6c5nc34)cc2)n1,2.4208,0.8342999999999998,3.161,0.6491000000000002,/scratch/jaggbow/mol_xtb_coordinates/chromo0194/geom.xtbopt.xyz,/scratch/jaggbow/mol_xtb_coordinates/chromo0194/mmff.xyz,/scratch/jaggbow/mol_xtb_coordinates/chromo0194/basic.xyz,0,,,,,,
253,chromo4811,CCN(CC)c1ccc2cc(-c3nc4ccccc4n3-c3ccccc3)c(=O)oc2c1,3.2808,1.0012000000000003,3.4141,0.8755999999999999,/scratch/jaggbow/mol_xtb_coordinates/chromo4811/geom.xtbopt.xyz,/scratch/jaggbow/mol_xtb_coordinates/chromo4811/mmff.xyz,/scratch/jaggbow/mol_xtb_coordinates/chromo4811/basic.xyz,1,,,,,,
254,chromo6374,CCc1cccc(CC)c1-c1c2ccccc2c(-c2c(CC)cccc2CC)c2cc3ccccc3cc12,2.3956,1.3176,2.6435,1.0279,/scratch/jaggbow/mol_xtb_coordinates/chromo6374/geom.xtbopt.xyz,/scratch/jaggbow/mol_xtb_coordinates/chromo6374/mmff.xyz,/scratch/jaggbow/mol_xtb_coordinates/chromo6374/basic.xyz,0,,,,,,
255,chromo4206,Cc1cccc(C)c1N1C(c2ccccc2)=Cc2cccc[n+]2[B-]1(F)F,3.3458,1.0062000000000002,3.0183,0.8542000000000001,/scratch/jaggbow/mol_xtb_coordinates/chromo4206/geom.xtbopt.xyz,/scratch/jaggbow/mol_xtb_coordinates/chromo4206/mmff.xyz,/scratch/jaggbow/mol_xtb_coordinates/chromo4206/basic.xyz,0,,,,,,
256,chromo4889,CC1=C(c2cccs2)C(C)=[N+]2C1=C(c1ccc(O)cc1)c1c(C)c(-c3cccs3)c(C)n1[B-]2(F)F,2.621,1.124,2.5026,1.0224000000000002,/scratch/jaggbow/mol_xtb_coordinates/chromo4889/geom.xtbopt.xyz,/scratch/jaggbow/mol_xtb_coordinates/chromo4889/mmff.xyz,/scratch/jaggbow/mol_xtb_coordinates/chromo4889/basic.xyz,1,,,,,,
257,chromo5097,N#Cc1cc(-n2c3ccccc3c3cccnc32)c(-n2c3ccccc3c3cccnc32)cc1C#N,3.2422,0.4580999999999999,3.7132,0.3904999999999998,/scratch/jaggbow/mol_xtb_coordinates/chromo5097/geom.xtbopt.xyz,/scratch/jaggbow/mol_xtb_coordinates/chromo5097/mmff.xyz,/scratch/jaggbow/mol_xtb_coordinates/chromo5097/basic.xyz,0,,,,,,
258,chromo6759,O=C1c2ccccc2C2=Nc3cccc4cccc(c34)N12,2.5821,0.8702000000000001,2.478,0.6746000000000003,/scratch/jaggbow/mol_xtb_coordinates/chromo6759/geom.xtbopt.xyz,/scratch/jaggbow/mol_xtb_coordinates/chromo6759/mmff.xyz,/scratch/jaggbow/mol_xtb_coordinates/chromo6759/basic.xyz,0,,,,,,
259,chromo2265,c1ccc2c(c1)c1ccccc1n2-c1ccc(-c2ccc(-c3ccc(-n4c5ccccc5c5ccccc54)nc3-n3c4ccccc4c4ccccc43)nn2)c(-n2c3ccccc3c3ccccc32)n1,3.0191,0.3714999999999997,3.7231,0.3540000000000001,/scratch/jaggbow/mol_xtb_coordinates/chromo2265/geom.xtbopt.xyz,/scratch/jaggbow/mol_xtb_coordinates/chromo2265/mmff.xyz,/scratch/jaggbow/mol_xtb_coordinates/chromo2265/basic.xyz,1,,,,,,
260,chromo0857,CCCCCCOc1ccc(C#Cc2ccc(-c3ccc(-c4ccc(C#Cc5ccc(OCCCCCC)c(OCCCCCC)c5)s4)c4nsnc34)s2)cc1OCCCCCC,1.9155,0.7701,2.8967,0.8186,/scratch/jaggbow/mol_xtb_coordinates/chromo0857/geom.xtbopt.xyz,/scratch/jaggbow/mol_xtb_coordinates/chromo0857/mmff.xyz,/scratch/jaggbow/mol_xtb_coordinates/chromo0857/basic.xyz,0,,,,,,
261,chromo0915,C[Si]1(C)c2ccc(-c3ccccc3)cc2C=Cc2cc(-c3ccccc3)ccc21,4.0108,1.3964999999999996,4.4727,0.8017999999999996,/scratch/jaggbow/mol_xtb_coordinates/chromo0915/geom.xtbopt.xyz,/scratch/jaggbow/mol_xtb_coordinates/chromo0915/mmff.xyz,/scratch/jaggbow/mol_xtb_coordinates/chromo0915/basic.xyz,0,,,,,,
262,chromo2147,c1ccc2c(-n3c(-c4ccc(-c5ccc(-c6nc7c8ccccc8c8ccccc8c7n6-c6cccc7ccccc67)c6ccccc56)c5ccccc45)nc4c5ccccc5c5ccccc5c43)cccc2c1,3.1235,0.6238000000000001,3.878,0.5714000000000001,/scratch/jaggbow/mol_xtb_coordinates/chromo2147/geom.xtbopt.xyz,/scratch/jaggbow/mol_xtb_coordinates/chromo2147/mmff.xyz,/scratch/jaggbow/mol_xtb_coordinates/chromo2147/basic.xyz,1,,,,,,
263,chromo2761,O=C1OC(=O)c2ccc(N(c3ccccc3)c3c4ccccc4cc4ccccc34)c3cccc1c23,2.4934,0.7851999999999999,2.5683,0.5897999999999999,/scratch/jaggbow/mol_xtb_coordinates/chromo2761/geom.xtbopt.xyz,/scratch/jaggbow/mol_xtb_coordinates/chromo2761/mmff.xyz,/scratch/jaggbow/mol_xtb_coordinates/chromo2761/basic.xyz,0,,,,,,
264,chromo0427,COc1ccc(C=CC(=O)c2c(O)cc(C)oc2=O)cc1,3.3193,1.1003000000000005,3.4421,0.7696000000000001,/scratch/jaggbow/mol_xtb_coordinates/chromo0427/geom.xtbopt.xyz,/scratch/jaggbow/mol_xtb_coordinates/chromo0427/mmff.xyz,/scratch/jaggbow/mol_xtb_coordinates/chromo0427/basic.xyz,1,,,,,,
265,chromo3304,CCCCCCN1C(=O)c2cccc3c(-c4ccc(-c5cc(-c6ccc(Cl)cc6)n(-c6ccccc6)n5)s4)ccc(c23)C1=O,2.8457,0.8178999999999998,3.0573,0.6737000000000002,/scratch/jaggbow/mol_xtb_coordinates/chromo3304/geom.xtbopt.xyz,/scratch/jaggbow/mol_xtb_coordinates/chromo3304/mmff.xyz,/scratch/jaggbow/mol_xtb_coordinates/chromo3304/basic.xyz,0,,,,,,
266,chromo1534,O=C1CCCC2=C1CC1=C(CCCC1=O)N2NC(=O)c1ccc(O)cc1,3.4826,1.0277000000000005,3.0788,0.7852000000000001,/scratch/jaggbow/mol_xtb_coordinates/chromo1534/geom.xtbopt.xyz,/scratch/jaggbow/mol_xtb_coordinates/chromo1534/mmff.xyz,/scratch/jaggbow/mol_xtb_coordinates/chromo1534/basic.xyz,0,,,,,,
267,chromo3355,CN(C)c1ccc(C#Cc2cc(C#Cc3ccc(N(C)C)cc3)c3ccc4c(C#Cc5ccc(C(F)(F)F)cc5)cc(C#Cc5ccc(N(C)C)cc5)c5ccc2c3c54)cc1,2.1336,0.8145,2.9454,0.7085999999999997,/scratch/jaggbow/mol_xtb_coordinates/chromo3355/geom.xtbopt.xyz,/scratch/jaggbow/mol_xtb_coordinates/chromo3355/mmff.xyz,/scratch/jaggbow/mol_xtb_coordinates/chromo3355/basic.xyz,1,,,,,,
268,chromo0766,COc1ccc(C=Cc2cc(C=Cc3ccc(OC)cc3)nc(C=Cc3ccc(N(c4ccccc4)c4ccccc4)cc3)n2)cc1,2.7223,0.6212,3.3509,0.5913000000000004,/scratch/jaggbow/mol_xtb_coordinates/chromo0766/geom.xtbopt.xyz,/scratch/jaggbow/mol_xtb_coordinates/chromo0766/mmff.xyz,/scratch/jaggbow/mol_xtb_coordinates/chromo0766/basic.xyz,1,,,,,,
269,chromo2858,COc1ccc(-c2ccc(C=Cc3cnc4ccccc4n3)cc2)cc1,3.0042,1.0418,3.4276,0.6549999999999998,/scratch/jaggbow/mol_xtb_coordinates/chromo2858/geom.xtbopt.xyz,/scratch/jaggbow/mol_xtb_coordinates/chromo2858/mmff.xyz,/scratch/jaggbow/mol_xtb_coordinates/chromo2858/basic.xyz,0,,,,,,
270,chromo3124,Cc1ccc(-c2c3nc(c(-c4ccco4)c4ccc(s4)c(-c4ccco4)c4nc(c(-c5ccc(C)cc5)c5ccc2[nH]5)C=C4)C=C3)cc1,1.9733,0.7607000000000002,2.0705,0.1679999999999999,/scratch/jaggbow/mol_xtb_coordinates/chromo3124/geom.xtbopt.xyz,/scratch/jaggbow/mol_xtb_coordinates/chromo3124/mmff.xyz,/scratch/jaggbow/mol_xtb_coordinates/chromo3124/basic.xyz,0,,,,,,
271,chromo6571,COC(=O)C1=C(C(=O)OC)C2=CC3c4ccccc4C2(S1)c1ccccc13,3.1315,1.3185,3.2145,1.0708000000000002,/scratch/jaggbow/mol_xtb_coordinates/chromo6571/geom.xtbopt.xyz,/scratch/jaggbow/mol_xtb_coordinates/chromo6571/mmff.xyz,/scratch/jaggbow/mol_xtb_coordinates/chromo6571/basic.xyz,0,,,,,,
272,chromo0424,CCCCc1cc(C(=O)CCC)c2ccc3c(CCCC)cc(N4CCCCC4)c4ccc1c2c34,2.8525,1.1136,3.1127,0.8209999999999997,/scratch/jaggbow/mol_xtb_coordinates/chromo0424/geom.xtbopt.xyz,/scratch/jaggbow/mol_xtb_coordinates/chromo0424/mmff.xyz,/scratch/jaggbow/mol_xtb_coordinates/chromo0424/basic.xyz,1,,,,,,
273,chromo2987,COc1cc(N(c2ccccc2)c2ccc(C=C(C#N)C#N)c(OC)c2)ccc1C=C(C#N)C#N,2.7226,0.8341999999999998,3.0017,0.5582000000000003,/scratch/jaggbow/mol_xtb_coordinates/chromo2987/geom.xtbopt.xyz,/scratch/jaggbow/mol_xtb_coordinates/chromo2987/mmff.xyz,/scratch/jaggbow/mol_xtb_coordinates/chromo2987/basic.xyz,1,,,,,,
274,chromo4557,c1ccc(-n2c3ccccc3c3cc(-n4ccc5cc(-c6ccc7c(c6)C(c6ccccc6)(c6ccccc6)c6ccccc6-7)ccc54)ccc32)cc1,3.595,0.8026,3.7682,0.4839000000000002,/scratch/jaggbow/mol_xtb_coordinates/chromo4557/geom.xtbopt.xyz,/scratch/jaggbow/mol_xtb_coordinates/chromo4557/mmff.xyz,/scratch/jaggbow/mol_xtb_coordinates/chromo4557/basic.xyz,1,,,,,,
275,chromo4695,O=[N+]([O-])c1ccc2nc3cc4ccccc4cc3c(-c3ccccc3)c2c1,2.2536,1.0954000000000002,2.6981,0.8962000000000001,/scratch/jaggbow/mol_xtb_coordinates/chromo4695/geom.xtbopt.xyz,/scratch/jaggbow/mol_xtb_coordinates/chromo4695/mmff.xyz,/scratch/jaggbow/mol_xtb_coordinates/chromo4695/basic.xyz,0,,,,,,
276,chromo2222,COc1ccc(C2=CC(c3cc(OC)cc(OC)c3)=[O+][B-](F)(F)O2)cc1,3.1373,0.6660000000000004,3.2101,0.7645,/scratch/jaggbow/mol_xtb_coordinates/chromo2222/geom.xtbopt.xyz,/scratch/jaggbow/mol_xtb_coordinates/chromo2222/mmff.xyz,/scratch/jaggbow/mol_xtb_coordinates/chromo2222/basic.xyz,1,,,,,,
277,chromo4910,CC1(C)c2ccccc2-c2cc3c(cc21)c1ccccc1n3-c1cccc(-c2ccccc2)c1,3.687,0.9459999999999996,3.6692,0.4209,/scratch/jaggbow/mol_xtb_coordinates/chromo4910/geom.xtbopt.xyz,/scratch/jaggbow/mol_xtb_coordinates/chromo4910/mmff.xyz,/scratch/jaggbow/mol_xtb_coordinates/chromo4910/basic.xyz,0,,,,,,
278,chromo4911,CC1(C)c2ccccc2-c2cc3c(cc21)c1ccccc1n3-c1ccc(-c2ccccc2)cc1,3.6593,0.919,3.6717,0.4239999999999999,/scratch/jaggbow/mol_xtb_coordinates/chromo4911/geom.xtbopt.xyz,/scratch/jaggbow/mol_xtb_coordinates/chromo4911/mmff.xyz,/scratch/jaggbow/mol_xtb_coordinates/chromo4911/basic.xyz,0,,,,,,
279,chromo0799,O=S1(=O)C2=C(c3ccccc31)C1(C3=C(c4ccccc41)S(=O)(=O)c1ccccc13)c1ccccc12,3.1442,1.0212,3.6491,0.8822999999999999,/scratch/jaggbow/mol_xtb_coordinates/chromo0799/geom.xtbopt.xyz,/scratch/jaggbow/mol_xtb_coordinates/chromo0799/mmff.xyz,/scratch/jaggbow/mol_xtb_coordinates/chromo0799/basic.xyz,0,,,,,,
280,chromo2148,N#Cc1ccc(-n2c(-c3ccc(-c4ccc(-c5nc6c7ccccc7c7ccccc7c6n5-c5ccc(C#N)c6ccccc56)c5ccccc45)c4ccccc34)nc3c4ccccc4c4ccccc4c32)c2ccccc12,2.545,0.1286,3.8757,0.7573000000000003,/scratch/jaggbow/mol_xtb_coordinates/chromo2148/geom.xtbopt.xyz,/scratch/jaggbow/mol_xtb_coordinates/chromo2148/mmff.xyz,/scratch/jaggbow/mol_xtb_coordinates/chromo2148/basic.xyz,1,,,,,,
281,chromo2295,OB1c2ccccc2Nc2ccccc21,3.7482,0.7220000000000004,3.6009,0.7304000000000004,/scratch/jaggbow/mol_xtb_coordinates/chromo2295/geom.xtbopt.xyz,/scratch/jaggbow/mol_xtb_coordinates/chromo2295/mmff.xyz,/scratch/jaggbow/mol_xtb_coordinates/chromo2295/basic.xyz,0,,,,,,
282,chromo3461,CCOC(=O)c1c(-c2cc3ccccc3oc2=O)nn(-c2ccc(C)c(C)c2)c1C(=O)OCC,3.832,1.2064999999999997,3.9305,0.8822999999999999,/scratch/jaggbow/mol_xtb_coordinates/chromo3461/geom.xtbopt.xyz,/scratch/jaggbow/mol_xtb_coordinates/chromo3461/mmff.xyz,/scratch/jaggbow/mol_xtb_coordinates/chromo3461/basic.xyz,1,,,,,,
283,chromo2808,CCN(CC)c1ccc2cc(-c3nc4cc(C(=O)Nc5ccccc5Cl)ccc4o3)c(=O)oc2c1,3.1324,1.0339,3.2323,0.8933999999999997,/scratch/jaggbow/mol_xtb_coordinates/chromo2808/geom.xtbopt.xyz,/scratch/jaggbow/mol_xtb_coordinates/chromo2808/mmff.xyz,/scratch/jaggbow/mol_xtb_coordinates/chromo2808/basic.xyz,1,,,,,,
284,chromo6779,CCCCCCn1c2ccsc2c2sc3c(sc4c5sccc5n(CCCCCC)c43)c21,3.3745,1.1913,3.703,0.932,/scratch/jaggbow/mol_xtb_coordinates/chromo6779/geom.xtbopt.xyz,/scratch/jaggbow/mol_xtb_coordinates/chromo6779/mmff.xyz,/scratch/jaggbow/mol_xtb_coordinates/chromo6779/basic.xyz,0,,,,,,
285,chromo6425,COC(=O)C1=C(C(=O)OC)C2(c3ccccc3-c3ccccc32)C(c2ccc([N+](=O)[O-])cc2)C=C2c3cc(OC)c(OC)cc3CCN21,2.9067,0.2449999999999996,3.4014,0.5990000000000002,/scratch/jaggbow/mol_xtb_coordinates/chromo6425/geom.xtbopt.xyz,/scratch/jaggbow/mol_xtb_coordinates/chromo6425/mmff.xyz,/scratch/jaggbow/mol_xtb_coordinates/chromo6425/basic.xyz,0,,,,,,
286,chromo3121,C1=Cc2nc1c(-c1ccco1)c1ccc([nH]1)c(-c1ccco1)c1nc(c(-c3ccco3)c3ccc([nH]3)c2-c2ccco2)C=C1,1.9876,0.7454000000000001,2.1141,0.3597000000000001,/scratch/jaggbow/mol_xtb_coordinates/chromo3121/geom.xtbopt.xyz,/scratch/jaggbow/mol_xtb_coordinates/chromo3121/mmff.xyz,/scratch/jaggbow/mol_xtb_coordinates/chromo3121/basic.xyz,0,,,,,,
287,chromo6177,CN(C)c1ccc(C2=C3C=C(c4ccc(C#N)cc4)SC34c3ccccc3C2c2ccccc24)cc1,2.5285,1.0256000000000003,2.9472,0.9476,/scratch/jaggbow/mol_xtb_coordinates/chromo6177/geom.xtbopt.xyz,/scratch/jaggbow/mol_xtb_coordinates/chromo6177/mmff.xyz,/scratch/jaggbow/mol_xtb_coordinates/chromo6177/basic.xyz,0,,,,,,
288,chromo1073,C1=C2C3=C(C4=[N+]2[B-]2(Oc5ccccc54)Oc4ccccc4-c4c5c(c1n42)C1CCC5CC1)C1CCC3CC1,2.2989,0.9818000000000002,2.2606,0.9377000000000002,/scratch/jaggbow/mol_xtb_coordinates/chromo1073/geom.xtbopt.xyz,/scratch/jaggbow/mol_xtb_coordinates/chromo1073/mmff.xyz,/scratch/jaggbow/mol_xtb_coordinates/chromo1073/basic.xyz,0,,,,,,
289,chromo2486,COC(=O)CNC(=O)c1nc2c(N(C)C)nc(N(C)C)nc2n1Cc1ccccc1,3.7312,0.9573999999999998,3.729,0.8254999999999999,/scratch/jaggbow/mol_xtb_coordinates/chromo2486/geom.xtbopt.xyz,/scratch/jaggbow/mol_xtb_coordinates/chromo2486/mmff.xyz,/scratch/jaggbow/mol_xtb_coordinates/chromo2486/basic.xyz,0,,,,,,
290,chromo2851,C(=Cc1cnccn1)c1ccc(N(c2ccccc2)c2ccccc2)cc1,2.9278,0.904,3.2941,0.7273999999999998,/scratch/jaggbow/mol_xtb_coordinates/chromo2851/geom.xtbopt.xyz,/scratch/jaggbow/mol_xtb_coordinates/chromo2851/mmff.xyz,/scratch/jaggbow/mol_xtb_coordinates/chromo2851/basic.xyz,0,,,,,,
291,chromo4567,c1cc(-c2ccc3sc4ccccc4c3c2)cc(-c2cc(-c3cccc(-c4ccc5sc6ccccc6c5c4)c3)ncn2)c1,3.5905,0.6316999999999999,4.1186,0.3960999999999997,/scratch/jaggbow/mol_xtb_coordinates/chromo4567/geom.xtbopt.xyz,/scratch/jaggbow/mol_xtb_coordinates/chromo4567/mmff.xyz,/scratch/jaggbow/mol_xtb_coordinates/chromo4567/basic.xyz,0,,,,,,
292,chromo0506,CC(C)c1cccc(C(C)C)c1N1C(=O)c2cccc3c(Oc4ccccc4)ccc(c23)C1=O,3.4138,1.1267,3.4816,0.8668,/scratch/jaggbow/mol_xtb_coordinates/chromo0506/geom.xtbopt.xyz,/scratch/jaggbow/mol_xtb_coordinates/chromo0506/mmff.xyz,/scratch/jaggbow/mol_xtb_coordinates/chromo0506/basic.xyz,0,,,,,,
293,chromo2584,COc1ccc(C#Cc2nc3ccccc3nc2-c2cn(C)c3ccccc23)cc1,2.8785,0.5366,3.2915,0.5013000000000001,/scratch/jaggbow/mol_xtb_coordinates/chromo2584/geom.xtbopt.xyz,/scratch/jaggbow/mol_xtb_coordinates/chromo2584/mmff.xyz,/scratch/jaggbow/mol_xtb_coordinates/chromo2584/basic.xyz,0,,,,,,
294,chromo4460,CCN1c2ccccc2Sc2cc(C=C(C#N)c3ccccc3)ccc21,2.8521,0.8405,2.668,0.5679000000000003,/scratch/jaggbow/mol_xtb_coordinates/chromo4460/geom.xtbopt.xyz,/scratch/jaggbow/mol_xtb_coordinates/chromo4460/mmff.xyz,/scratch/jaggbow/mol_xtb_coordinates/chromo4460/basic.xyz,0,,,,,,
295,chromo5981,c1ccc(Cn2c3sccc3c3c4nsnc4c4c5ccsc5n(Cc5ccccc5)c4c32)cc1,2.8209,0.7109000000000001,3.4466,0.6110000000000002,/scratch/jaggbow/mol_xtb_coordinates/chromo5981/geom.xtbopt.xyz,/scratch/jaggbow/mol_xtb_coordinates/chromo5981/mmff.xyz,/scratch/jaggbow/mol_xtb_coordinates/chromo5981/basic.xyz,0,,,,,,
296,chromo3091,Cc1cc2ccccc2c2[nH]c3ccccc3c12,3.7682,1.1392000000000002,3.8178,0.6133000000000002,/scratch/jaggbow/mol_xtb_coordinates/chromo3091/geom.xtbopt.xyz,/scratch/jaggbow/mol_xtb_coordinates/chromo3091/mmff.xyz,/scratch/jaggbow/mol_xtb_coordinates/chromo3091/basic.xyz,0,,,,,,
297,chromo2363,COc1ccc2c(=O)c3c([nH]c2c1)-c1cc(Cl)ccc1NC3(C)C,3.1235,0.7334999999999998,2.9968,0.5577000000000001,/scratch/jaggbow/mol_xtb_coordinates/chromo2363/geom.xtbopt.xyz,/scratch/jaggbow/mol_xtb_coordinates/chromo2363/mmff.xyz,/scratch/jaggbow/mol_xtb_coordinates/chromo2363/basic.xyz,0,,,,,,
298,chromo6684,CCCCCCc1cc2c(s1)-c1cc3c(cc1NB2c1ccccc1)-c1sc(CCCCCC)cc1B(c1ccccc1)N3,3.1692,0.8961999999999999,3.4612,0.5343999999999998,/scratch/jaggbow/mol_xtb_coordinates/chromo6684/geom.xtbopt.xyz,/scratch/jaggbow/mol_xtb_coordinates/chromo6684/mmff.xyz,/scratch/jaggbow/mol_xtb_coordinates/chromo6684/basic.xyz,0,,,,,,
299,chromo2993,N#Cc1cnc(-c2c3ccccc3cc3ccccc23)nc1,2.6745,0.9849,3.4425,1.1305999999999998,/scratch/jaggbow/mol_xtb_coordinates/chromo2993/geom.xtbopt.xyz,/scratch/jaggbow/mol_xtb_coordinates/chromo2993/mmff.xyz,/scratch/jaggbow/mol_xtb_coordinates/chromo2993/basic.xyz,1,,,,,,
300,chromo4577,c1ccc(-c2c3ccccc3c(-c3ccc(-c4cccnc4)cc3)c3ccccc23)cc1,3.1609,1.4231999999999998,3.3167,1.0362,/scratch/jaggbow/mol_xtb_coordinates/chromo4577/geom.xtbopt.xyz,/scratch/jaggbow/mol_xtb_coordinates/chromo4577/mmff.xyz,/scratch/jaggbow/mol_xtb_coordinates/chromo4577/basic.xyz,1,,,,,,
301,chromo2499,C(=Cc1ncnc2ccccc12)c1ccc(N2CCCCC2)cc1,3.0291,1.0622,3.2803,0.9188999999999998,/scratch/jaggbow/mol_xtb_coordinates/chromo2499/geom.xtbopt.xyz,/scratch/jaggbow/mol_xtb_coordinates/chromo2499/mmff.xyz,/scratch/jaggbow/mol_xtb_coordinates/chromo2499/basic.xyz,0,,,,,,
302,chromo2197,c1cc(-n2c3ccccc3c3ccccc32)c(-c2nc3ccccn3n2)c(-n2c3ccccc3c3ccccc32)c1,3.4243,0.3403,3.8862,0.4220999999999999,/scratch/jaggbow/mol_xtb_coordinates/chromo2197/geom.xtbopt.xyz,/scratch/jaggbow/mol_xtb_coordinates/chromo2197/mmff.xyz,/scratch/jaggbow/mol_xtb_coordinates/chromo2197/basic.xyz,1,,,,,,
303,chromo6691,COc1ccc2c(c1)-c1cc3c(cc1[Si]2(c1ccccc1)c1ccccc1)-c1ccccc1[Si]3(c1ccccc1)c1ccccc1,3.5625,1.021,4.0972,0.7471000000000001,/scratch/jaggbow/mol_xtb_coordinates/chromo6691/geom.xtbopt.xyz,/scratch/jaggbow/mol_xtb_coordinates/chromo6691/mmff.xyz,/scratch/jaggbow/mol_xtb_coordinates/chromo6691/basic.xyz,0,,,,,,
304,chromo0843,CCCCCC(=O)c1ccc2c3c(sc2c1)-c1ccccc1P3(=O)c1ccccc1,3.4499,1.1370999999999998,3.6166,0.8172000000000001,/scratch/jaggbow/mol_xtb_coordinates/chromo0843/geom.xtbopt.xyz,/scratch/jaggbow/mol_xtb_coordinates/chromo0843/mmff.xyz,/scratch/jaggbow/mol_xtb_coordinates/chromo0843/basic.xyz,0,,,,,,
305,chromo2433,COc1ccc(-c2cc3c(s2)c(C(C)=O)cc(=O)n3Cc2ccccc2)cc1,2.8107,0.9961000000000002,2.9194,0.8795999999999999,/scratch/jaggbow/mol_xtb_coordinates/chromo2433/geom.xtbopt.xyz,/scratch/jaggbow/mol_xtb_coordinates/chromo2433/mmff.xyz,/scratch/jaggbow/mol_xtb_coordinates/chromo2433/basic.xyz,1,,,,,,
306,chromo6726,c1ccc2c(c1)c1ccc3cccc4c3c1c2c1c2cccc3ccc5c6ccccc6c(c5c32)c41,1.9069,1.1163,2.1858,1.0504,/scratch/jaggbow/mol_xtb_coordinates/chromo6726/geom.xtbopt.xyz,/scratch/jaggbow/mol_xtb_coordinates/chromo6726/mmff.xyz,/scratch/jaggbow/mol_xtb_coordinates/chromo6726/basic.xyz,0,,,,,,
307,chromo3090,CN(N=C1N=C(N)C2(CCCC2)c2ccccc21)c1ccccc1,3.3579,1.2628999999999997,3.4552,1.1282,/scratch/jaggbow/mol_xtb_coordinates/chromo3090/geom.xtbopt.xyz,/scratch/jaggbow/mol_xtb_coordinates/chromo3090/mmff.xyz,/scratch/jaggbow/mol_xtb_coordinates/chromo3090/basic.xyz,0,,,,,,
308,chromo5706,CCCCCCCCCn1c(-c2cc(-c3nc4ccc(C)cc4n3CCCCCCCCC)cc(-c3nc4ccc(C)cc4n3CCCCCCCCC)c2)nc2ccc(C)cc21,3.7177,0.9223,4.5488,0.5194000000000001,/scratch/jaggbow/mol_xtb_coordinates/chromo5706/geom.xtbopt.xyz,/scratch/jaggbow/mol_xtb_coordinates/chromo5706/mmff.xyz,/scratch/jaggbow/mol_xtb_coordinates/chromo5706/basic.xyz,0,,,,,,
309,chromo5509,CC(C)[Si]1(C(C)C)c2ccccc2-c2ccc(N(C)C)cc21,3.6801,0.9510999999999998,4.0469,0.8693999999999997,/scratch/jaggbow/mol_xtb_coordinates/chromo5509/geom.xtbopt.xyz,/scratch/jaggbow/mol_xtb_coordinates/chromo5509/mmff.xyz,/scratch/jaggbow/mol_xtb_coordinates/chromo5509/basic.xyz,0,,,,,,
310,chromo4182,CCOC(=O)c1ccc2nc(N=Nc3ccc(N(CC)CC)cc3)sc2c1,2.5552,0.9405,1.8033,0.1904999999999999,/scratch/jaggbow/mol_xtb_coordinates/chromo4182/geom.xtbopt.xyz,/scratch/jaggbow/mol_xtb_coordinates/chromo4182/mmff.xyz,/scratch/jaggbow/mol_xtb_coordinates/chromo4182/basic.xyz,1,,,,,,
311,chromo3327,Cc1cc(O)c(C(C)C)cc1N=Cc1ccc(C(F)(F)F)cc1,3.2314,0.9465999999999996,3.2375,0.5002999999999997,/scratch/jaggbow/mol_xtb_coordinates/chromo3327/geom.xtbopt.xyz,/scratch/jaggbow/mol_xtb_coordinates/chromo3327/mmff.xyz,/scratch/jaggbow/mol_xtb_coordinates/chromo3327/basic.xyz,1,,,,,,
312,chromo5348,CC(C)(C)NC(=O)c1cccc2ccc3c4ccc(Cl)cc4c4cc(Cl)ccc4c3c12,3.4569,1.1623,3.6001,0.6149,/scratch/jaggbow/mol_xtb_coordinates/chromo5348/geom.xtbopt.xyz,/scratch/jaggbow/mol_xtb_coordinates/chromo5348/mmff.xyz,/scratch/jaggbow/mol_xtb_coordinates/chromo5348/basic.xyz,0,,,,,,
313,chromo3144,CC(C)(C)C1CCC(=CSC=Cc2ccc(-c3ccc(C=CSC=C4CCC(C(C)(C)C)CC4)cc3)cc2)CC1,3.324,1.0492999999999997,3.8527,0.7938000000000001,/scratch/jaggbow/mol_xtb_coordinates/chromo3144/geom.xtbopt.xyz,/scratch/jaggbow/mol_xtb_coordinates/chromo3144/mmff.xyz,/scratch/jaggbow/mol_xtb_coordinates/chromo3144/basic.xyz,0,,,,,,
314,chromo3779,Cc1cc(C(F)(F)F)nc2c1ccc1nc(-c3ccc(F)c(F)c3)cn12,3.1272,0.7386000000000004,3.5756,0.6201000000000003,/scratch/jaggbow/mol_xtb_coordinates/chromo3779/geom.xtbopt.xyz,/scratch/jaggbow/mol_xtb_coordinates/chromo3779/mmff.xyz,/scratch/jaggbow/mol_xtb_coordinates/chromo3779/basic.xyz,0,,,,,,
315,chromo0407,CCCCCCn1c2ccccc2c2cc(-c3ccc(-c4cc(-c5ccccn5)nc(-c5ccccn5)c4)cc3)ccc21,3.4781,0.6663999999999999,3.8312,0.4487999999999998,/scratch/jaggbow/mol_xtb_coordinates/chromo0407/geom.xtbopt.xyz,/scratch/jaggbow/mol_xtb_coordinates/chromo0407/mmff.xyz,/scratch/jaggbow/mol_xtb_coordinates/chromo0407/basic.xyz,1,,,,,,
316,chromo4231,c1ccc(-n2c(-c3ccc([Si](c4ccc(-c5nc6ccccc6n5-c5ccccc5)cc4)(c4ccc(-c5nc6ccccc6n5-c5ccccc5)cc4)c4ccc(-c5nc6ccccc6n5-c5ccccc5)cc4)cc3)nc3ccccc32)cc1,3.9716,1.0323000000000002,4.316,0.4770999999999996,/scratch/jaggbow/mol_xtb_coordinates/chromo4231/geom.xtbopt.xyz,/scratch/jaggbow/mol_xtb_coordinates/chromo4231/mmff.xyz,/scratch/jaggbow/mol_xtb_coordinates/chromo4231/basic.xyz,0,,,,,,
317,chromo6961,N#CC1=c2c3cccc4cccc(c43)n2[B-](F)(F)[n+]2c1sc1ccccc12,2.6291,0.9584,2.5625,0.8066,/scratch/jaggbow/mol_xtb_coordinates/chromo6961/geom.xtbopt.xyz,/scratch/jaggbow/mol_xtb_coordinates/chromo6961/mmff.xyz,/scratch/jaggbow/mol_xtb_coordinates/chromo6961/basic.xyz,0,,,,,,
318,chromo6435,COC(=O)C1=C(C(=O)OC)C2(c3ccccc3-c3ccc([N+](=O)[O-])cc32)C2(C=Cc3ccccc3)c3cc(OC)c(OC)cc3CCN12,2.6062,0.1437999999999997,3.1887,0.6724999999999999,/scratch/jaggbow/mol_xtb_coordinates/chromo6435/geom.xtbopt.xyz,/scratch/jaggbow/mol_xtb_coordinates/chromo6435/mmff.xyz,/scratch/jaggbow/mol_xtb_coordinates/chromo6435/basic.xyz,0,,,,,,
319,chromo6519,O=C1c2ccccc2-c2c(-c3cccc(Cl)c3O)[nH]c(=O)n21,3.1415,1.1892000000000005,3.1067,0.9693999999999998,/scratch/jaggbow/mol_xtb_coordinates/chromo6519/geom.xtbopt.xyz,/scratch/jaggbow/mol_xtb_coordinates/chromo6519/mmff.xyz,/scratch/jaggbow/mol_xtb_coordinates/chromo6519/basic.xyz,0,,,,,,
320,chromo1718,Cc1cccc2nc(-c3cc(=O)c(OCc4ccccc4)co3)c(NC3CCCCC3)n12,3.3404,0.8644999999999996,3.3438,0.6580999999999997,/scratch/jaggbow/mol_xtb_coordinates/chromo1718/geom.xtbopt.xyz,/scratch/jaggbow/mol_xtb_coordinates/chromo1718/mmff.xyz,/scratch/jaggbow/mol_xtb_coordinates/chromo1718/basic.xyz,0,,,,,,
321,chromo2885,CCCCn1c2ccc(-c3ccc4ccccc4c3)cc2c2ccc3c4cc(-c5ccc6ccccc6c5)ccc4n(CCCC)c3c21,3.4598,0.8588999999999998,3.5305,0.4409,/scratch/jaggbow/mol_xtb_coordinates/chromo2885/geom.xtbopt.xyz,/scratch/jaggbow/mol_xtb_coordinates/chromo2885/mmff.xyz,/scratch/jaggbow/mol_xtb_coordinates/chromo2885/basic.xyz,0,,,,,,
322,chromo3449,CCOC(=O)c1c(-c2c(Cl)c3ccccc3oc2=O)nn(-c2ccccc2)c1C(=O)OCC,3.8187,1.1382000000000003,3.9594,0.8772000000000002,/scratch/jaggbow/mol_xtb_coordinates/chromo3449/geom.xtbopt.xyz,/scratch/jaggbow/mol_xtb_coordinates/chromo3449/mmff.xyz,/scratch/jaggbow/mol_xtb_coordinates/chromo3449/basic.xyz,1,,,,,,
323,chromo4180,CCN(CC)c1ccc(N=Nc2nc3ccc([N+](=O)[O-])cc3s2)cc1,2.515,0.9387,1.7963,0.4196,/scratch/jaggbow/mol_xtb_coordinates/chromo4180/geom.xtbopt.xyz,/scratch/jaggbow/mol_xtb_coordinates/chromo4180/mmff.xyz,/scratch/jaggbow/mol_xtb_coordinates/chromo4180/basic.xyz,1,,,,,,
324,chromo0257,COc1ccc2cc(C=CC3=C4CCc5ccccc5C4=[O+][B-](F)(F)O3)ccc2c1,2.8916,0.9453,3.0214,0.916,/scratch/jaggbow/mol_xtb_coordinates/chromo0257/geom.xtbopt.xyz,/scratch/jaggbow/mol_xtb_coordinates/chromo0257/mmff.xyz,/scratch/jaggbow/mol_xtb_coordinates/chromo0257/basic.xyz,0,,,,,,
325,chromo6755,O=c1c2cccc3cccc(c32)c2nc3cccc4cccc(c43)n12,2.3723,0.8109000000000002,2.5686,0.6696,/scratch/jaggbow/mol_xtb_coordinates/chromo6755/geom.xtbopt.xyz,/scratch/jaggbow/mol_xtb_coordinates/chromo6755/mmff.xyz,/scratch/jaggbow/mol_xtb_coordinates/chromo6755/basic.xyz,0,,,,,,
326,chromo2593,c1csc(-c2ccc3c4ccc(-c5cccs5)cc4n(-c4cccs4)c3c2)c1,3.5081,1.0761000000000005,3.4834,0.4092000000000002,/scratch/jaggbow/mol_xtb_coordinates/chromo2593/geom.xtbopt.xyz,/scratch/jaggbow/mol_xtb_coordinates/chromo2593/mmff.xyz,/scratch/jaggbow/mol_xtb_coordinates/chromo2593/basic.xyz,1,,,,,,
327,chromo4685,C[Si]1(C)O[Si](C)(C)c2cc3c(-c4ccccc4F)c4cc(Cl)ccc4nc3cc21,3.1355,1.3259999999999998,3.4474,0.9028999999999998,/scratch/jaggbow/mol_xtb_coordinates/chromo4685/geom.xtbopt.xyz,/scratch/jaggbow/mol_xtb_coordinates/chromo4685/mmff.xyz,/scratch/jaggbow/mol_xtb_coordinates/chromo4685/basic.xyz,0,,,,,,
328,chromo0389,O=Cc1ccc2ccc3cccc4ccc1c2c34,3.3429,1.4014000000000002,3.5625,1.0549,/scratch/jaggbow/mol_xtb_coordinates/chromo0389/geom.xtbopt.xyz,/scratch/jaggbow/mol_xtb_coordinates/chromo0389/mmff.xyz,/scratch/jaggbow/mol_xtb_coordinates/chromo0389/basic.xyz,1,,,,,,
329,chromo0508,COC(=O)c1ccc(Oc2ccc3c4c(cccc24)C(=O)N(c2c(C(C)C)cccc2C(C)C)C3=O)cc1,3.321,1.0556,3.5011,0.8475999999999999,/scratch/jaggbow/mol_xtb_coordinates/chromo0508/geom.xtbopt.xyz,/scratch/jaggbow/mol_xtb_coordinates/chromo0508/mmff.xyz,/scratch/jaggbow/mol_xtb_coordinates/chromo0508/basic.xyz,0,,,,,,
330,chromo5896,O=[N+]([O-])c1ccc([N+]2=Cc3ccc4c5c(ccc4c3O[B-]2(c2ccccc2)c2ccccc2)C=[N+](c2ccc([N+](=O)[O-])cc2)[B-](c2ccccc2)(c2ccccc2)O5)cc1,2.1189,0.6404000000000001,2.3648,0.6975999999999998,/scratch/jaggbow/mol_xtb_coordinates/chromo5896/geom.xtbopt.xyz,/scratch/jaggbow/mol_xtb_coordinates/chromo5896/mmff.xyz,/scratch/jaggbow/mol_xtb_coordinates/chromo5896/basic.xyz,0,,,,,,
331,chromo1628,COc1ccc(-c2cc(-c3ccc(C)cc3)nc3c(C#N)c(N4CCCC4)nc(N)c23)cc1,2.9056,0.5747,3.0133,0.5924,/scratch/jaggbow/mol_xtb_coordinates/chromo1628/geom.xtbopt.xyz,/scratch/jaggbow/mol_xtb_coordinates/chromo1628/mmff.xyz,/scratch/jaggbow/mol_xtb_coordinates/chromo1628/basic.xyz,0,,,,,,
332,chromo5839,Cc1ccc(C2=Nc3cccc4[n+]3[B-](c3ccccc3)(N2)NC(c2ccc(C)cc2)=N4)cc1,2.996,0.5638999999999998,3.05,0.5261,/scratch/jaggbow/mol_xtb_coordinates/chromo5839/geom.xtbopt.xyz,/scratch/jaggbow/mol_xtb_coordinates/chromo5839/mmff.xyz,/scratch/jaggbow/mol_xtb_coordinates/chromo5839/basic.xyz,0,,,,,,
333,chromo2309,CC(C)(C)c1ccc(-c2cc3c(-c4ccc(C(C)(C)C)cc4)c4cccc5c(-c6ccc(C(C)(C)C)cc6)cc6c(-c7ccc(C(C)(C)C)cc7)c7cccc2c7c3c6c54)cc1,2.7044,1.3854000000000002,3.0148,1.0711000000000002,/scratch/jaggbow/mol_xtb_coordinates/chromo2309/geom.xtbopt.xyz,/scratch/jaggbow/mol_xtb_coordinates/chromo2309/mmff.xyz,/scratch/jaggbow/mol_xtb_coordinates/chromo2309/basic.xyz,0,,,,,,
334,chromo0302,COc1ccc(C=Cc2nc(N3CCOCC3)c3c([n+]2[O-])CCCC3)cc1,3.0055,1.2379,2.7652,0.8219000000000001,/scratch/jaggbow/mol_xtb_coordinates/chromo0302/geom.xtbopt.xyz,/scratch/jaggbow/mol_xtb_coordinates/chromo0302/mmff.xyz,/scratch/jaggbow/mol_xtb_coordinates/chromo0302/basic.xyz,0,,,,,,
335,chromo0567,Oc1ccccc1-c1nc(-c2ccccc2)c2ccccn12,3.1289,0.9291999999999998,3.2415,0.6372,/scratch/jaggbow/mol_xtb_coordinates/chromo0567/geom.xtbopt.xyz,/scratch/jaggbow/mol_xtb_coordinates/chromo0567/mmff.xyz,/scratch/jaggbow/mol_xtb_coordinates/chromo0567/basic.xyz,0,,,,,,
336,chromo3089,NC1=NC(=Nc2ccccn2)c2cccc3cccc1c23,2.7027,0.9541000000000002,2.9053,0.5270000000000001,/scratch/jaggbow/mol_xtb_coordinates/chromo3089/geom.xtbopt.xyz,/scratch/jaggbow/mol_xtb_coordinates/chromo3089/mmff.xyz,/scratch/jaggbow/mol_xtb_coordinates/chromo3089/basic.xyz,0,,,,,,
337,chromo1364,CCOC(=O)c1ccc(C2CC(c3cccc4ccccc34)=NN2c2ccc(Cl)cc2)cc1,3.0408,1.0729,3.1757,0.9558999999999996,/scratch/jaggbow/mol_xtb_coordinates/chromo1364/geom.xtbopt.xyz,/scratch/jaggbow/mol_xtb_coordinates/chromo1364/mmff.xyz,/scratch/jaggbow/mol_xtb_coordinates/chromo1364/basic.xyz,1,,,,,,
338,chromo3697,C(#Cc1nc(C#Cc2ccccc2)c(C#Cc2ccccc2)c(C#Cc2ccccc2)c1C#Cc1ccccc1)c1ccccc1,2.8319,0.9065,3.7581,0.6672000000000002,/scratch/jaggbow/mol_xtb_coordinates/chromo3697/geom.xtbopt.xyz,/scratch/jaggbow/mol_xtb_coordinates/chromo3697/mmff.xyz,/scratch/jaggbow/mol_xtb_coordinates/chromo3697/basic.xyz,0,,,,,,
339,chromo5708,CCCCCCCCCCn1c(-c2cc(-c3nc4ccc(C)cc4n3CCCCCCCCCC)cc(-c3nc4ccc(C)cc4n3CCCCCCCCCC)c2)nc2ccc(C)cc21,3.7413,0.9095,4.4627,0.5221999999999998,/scratch/jaggbow/mol_xtb_coordinates/chromo5708/geom.xtbopt.xyz,/scratch/jaggbow/mol_xtb_coordinates/chromo5708/mmff.xyz,/scratch/jaggbow/mol_xtb_coordinates/chromo5708/basic.xyz,0,,,,,,
340,chromo5467,c1ccc(C2=C(c3ccccc3)c3cccc4c3c(cc3nc5cc(-c6ccc(N(c7ccccc7)c7ccccc7)cc6)c(-c6ccc(N(c7ccccc7)c7ccccc7)cc6)cc5nc34)O2)cc1,2.3767,0.5573000000000001,2.8468,0.6217999999999999,/scratch/jaggbow/mol_xtb_coordinates/chromo5467/geom.xtbopt.xyz,/scratch/jaggbow/mol_xtb_coordinates/chromo5467/mmff.xyz,/scratch/jaggbow/mol_xtb_coordinates/chromo5467/basic.xyz,0,,,,,,
341,chromo4909,CC1(C)c2ccccc2-c2cc3c(cc21)c1ccccc1n3-c1ccccc1,3.6823,0.9413,3.675,0.4358999999999997,/scratch/jaggbow/mol_xtb_coordinates/chromo4909/geom.xtbopt.xyz,/scratch/jaggbow/mol_xtb_coordinates/chromo4909/mmff.xyz,/scratch/jaggbow/mol_xtb_coordinates/chromo4909/basic.xyz,0,,,,,,
342,chromo5258,F[B-]1(F)n2cccc2C(c2c3ccccc3cc3ccccc23)=C2C=CC=[N+]21,2.1099,0.5195000000000001,2.8487,1.3234,/scratch/jaggbow/mol_xtb_coordinates/chromo5258/geom.xtbopt.xyz,/scratch/jaggbow/mol_xtb_coordinates/chromo5258/mmff.xyz,/scratch/jaggbow/mol_xtb_coordinates/chromo5258/basic.xyz,1,,,,,,
343,chromo6423,CCOC(=O)C1=C(C(=O)OC)N2CCc3cc(OC)c(OC)cc3C2=CC(c2ccc(Cl)cc2)C12c1ccccc1-c1ccccc12,3.8501,1.1572999999999998,3.6695,0.8720000000000003,/scratch/jaggbow/mol_xtb_coordinates/chromo6423/geom.xtbopt.xyz,/scratch/jaggbow/mol_xtb_coordinates/chromo6423/mmff.xyz,/scratch/jaggbow/mol_xtb_coordinates/chromo6423/basic.xyz,0,,,,,,
344,chromo5995,CC(C)(C)c1cc(-c2c3cc(c(-c4cc(C(C)(C)C)cc(C(C)(C)C)c4)c4ccc([nH]4)c(-c4ccc(Br)cc4)c4nc(c(-c5ccc(Br)cc5)c5ccc2[nH]5)C=C4)N=C3)cc(C(C)(C)C)c1,1.9106,0.714,1.7494,0.2339999999999999,/scratch/jaggbow/mol_xtb_coordinates/chromo5995/geom.xtbopt.xyz,/scratch/jaggbow/mol_xtb_coordinates/chromo5995/mmff.xyz,/scratch/jaggbow/mol_xtb_coordinates/chromo5995/basic.xyz,0,,,,,,
345,chromo5460,CCC1=C(CC)c2cccc3c2c(cc2nc4ccccc4nc23)O1,2.6137,0.7472000000000001,2.8272,0.6913,/scratch/jaggbow/mol_xtb_coordinates/chromo5460/geom.xtbopt.xyz,/scratch/jaggbow/mol_xtb_coordinates/chromo5460/mmff.xyz,/scratch/jaggbow/mol_xtb_coordinates/chromo5460/basic.xyz,0,,,,,,
346,chromo1026,COc1ccc(C2=C3C(C=Cc4cc(OC)c(OC)c(OC)c4)=C(C=O)C(C)=[N+]3[B-](F)(F)n3c(C)c(C=O)c(C=Cc4cc(OC)c(OC)c(OC)c4)c32)cc1,2.11,0.8063999999999998,2.4416,0.8556000000000001,/scratch/jaggbow/mol_xtb_coordinates/chromo1026/geom.xtbopt.xyz,/scratch/jaggbow/mol_xtb_coordinates/chromo1026/mmff.xyz,/scratch/jaggbow/mol_xtb_coordinates/chromo1026/basic.xyz,1,,,,,,
347,chromo4716,Oc1cc(-c2cccs2)ccc1-c1nc2ccccc2s1,3.4131,1.0254,3.6492,0.7383000000000002,/scratch/jaggbow/mol_xtb_coordinates/chromo4716/geom.xtbopt.xyz,/scratch/jaggbow/mol_xtb_coordinates/chromo4716/mmff.xyz,/scratch/jaggbow/mol_xtb_coordinates/chromo4716/basic.xyz,1,,,,,,
348,chromo2828,O=P1(c2ccccc2)C(c2ccccc2)=Cc2ccccc21,3.5644,1.3196,4.0208,1.0765000000000002,/scratch/jaggbow/mol_xtb_coordinates/chromo2828/geom.xtbopt.xyz,/scratch/jaggbow/mol_xtb_coordinates/chromo2828/mmff.xyz,/scratch/jaggbow/mol_xtb_coordinates/chromo2828/basic.xyz,0,,,,,,
349,chromo3824,C(=Cc1cc(-c2ccc3ccccc3c2)c(C=Cc2ccc(N(c3ccccc3)c3ccccc3)cc2)cc1-c1ccc2ccccc2c1)c1ccc(N(c2ccccc2)c2ccccc2)cc1,2.6978,0.8061,3.3421,0.5036999999999998,/scratch/jaggbow/mol_xtb_coordinates/chromo3824/geom.xtbopt.xyz,/scratch/jaggbow/mol_xtb_coordinates/chromo3824/mmff.xyz,/scratch/jaggbow/mol_xtb_coordinates/chromo3824/basic.xyz,1,,,,,,
350,chromo4367,CCCCn1c2ccc(C=C(C#N)c3ccc([N+](=O)[O-])cc3)cc2c2cc(Cn3c(-c4ccc5c(c4)c4ccccc4n5CCCC)nc4ccccc43)ccc21,2.5187,0.4765000000000001,3.337,0.6041000000000003,/scratch/jaggbow/mol_xtb_coordinates/chromo4367/geom.xtbopt.xyz,/scratch/jaggbow/mol_xtb_coordinates/chromo4367/mmff.xyz,/scratch/jaggbow/mol_xtb_coordinates/chromo4367/basic.xyz,1,,,,,,
351,chromo6450,COc1ccc(N(c2ccc(OC)cc2)c2ccc3c4cccc5c(N(c6ccc(OC)cc6)c6ccc(OC)cc6)ccc(c6cccc2c63)c54)cc1,2.2276,0.8506999999999998,2.4434,0.6211,/scratch/jaggbow/mol_xtb_coordinates/chromo6450/geom.xtbopt.xyz,/scratch/jaggbow/mol_xtb_coordinates/chromo6450/mmff.xyz,/scratch/jaggbow/mol_xtb_coordinates/chromo6450/basic.xyz,0,,,,,,
352,chromo2487,CC(C)c1cccc(C(C)C)c1N1C(=O)c2ccc3cc4c(cc5ccc6c7c(ccc4c57)C(=O)N(c4c(C(C)C)cccc4C(C)C)C6=O)c4ccc(c2c34)C1=O,1.9162,1.3887,2.4874,1.2067,/scratch/jaggbow/mol_xtb_coordinates/chromo2487/geom.xtbopt.xyz,/scratch/jaggbow/mol_xtb_coordinates/chromo2487/mmff.xyz,/scratch/jaggbow/mol_xtb_coordinates/chromo2487/basic.xyz,0,,,,,,
353,chromo3848,Oc1c(-c2nc3c4ccc(-c5ccccc5)cc4c4cc(-c5ccccc5)ccc4c3[nH]2)ccc2c1c1ccccc1n2-c1ccccc1,3.3669,0.8388,3.6003,0.4455,/scratch/jaggbow/mol_xtb_coordinates/chromo3848/geom.xtbopt.xyz,/scratch/jaggbow/mol_xtb_coordinates/chromo3848/mmff.xyz,/scratch/jaggbow/mol_xtb_coordinates/chromo3848/basic.xyz,0,,,,,,
354,chromo0481,O=C1c2cccc3c(C#CC#Cc4ccc5c6c(cccc46)C(=O)N(c4ccccc4)C5=O)ccc(c23)C(=O)N1c1ccccc1,2.8499,0.9858999999999998,3.3471,0.7826000000000004,/scratch/jaggbow/mol_xtb_coordinates/chromo0481/geom.xtbopt.xyz,/scratch/jaggbow/mol_xtb_coordinates/chromo0481/mmff.xyz,/scratch/jaggbow/mol_xtb_coordinates/chromo0481/basic.xyz,0,,,,,,
355,chromo6765,CC(C)[Si](C#Cc1c2cc3ccccc3cc2c(C#Cc2ccccc2)c2cc3ccccc3cc12)(C(C)C)C(C)C,1.6475,1.3075,2.1499,1.0642,/scratch/jaggbow/mol_xtb_coordinates/chromo6765/geom.xtbopt.xyz,/scratch/jaggbow/mol_xtb_coordinates/chromo6765/mmff.xyz,/scratch/jaggbow/mol_xtb_coordinates/chromo6765/basic.xyz,0,,,,,,
356,chromo4888,CC1=C(c2cccs2)C(C)=[N+]2C1=C(c1ccc(OS(=O)(=O)c3ccc([N+](=O)[O-])cc3[N+](=O)[O-])cc1)c1c(C)c(-c3cccs3)c(C)n1[B-]2(F)F,1.52,0.0611999999999999,2.4804,1.0174,/scratch/jaggbow/mol_xtb_coordinates/chromo4888/geom.xtbopt.xyz,/scratch/jaggbow/mol_xtb_coordinates/chromo4888/mmff.xyz,/scratch/jaggbow/mol_xtb_coordinates/chromo4888/basic.xyz,1,,,,,,
357,chromo2887,CCCCn1c2ccc(-c3cccc(F)c3)cc2c2ccc3c4cc(-c5cccc(F)c5)ccc4n(CCCC)c3c21,3.5176,0.6387,3.5103,0.4468000000000001,/scratch/jaggbow/mol_xtb_coordinates/chromo2887/geom.xtbopt.xyz,/scratch/jaggbow/mol_xtb_coordinates/chromo2887/mmff.xyz,/scratch/jaggbow/mol_xtb_coordinates/chromo2887/basic.xyz,0,,,,,,
358,chromo4212,F[B-]1(F)n2c(c3cccc4cccc2c43)=Nc2cccc[n+]21,2.8773,1.0148,2.7342,0.7210000000000001,/scratch/jaggbow/mol_xtb_coordinates/chromo4212/geom.xtbopt.xyz,/scratch/jaggbow/mol_xtb_coordinates/chromo4212/mmff.xyz,/scratch/jaggbow/mol_xtb_coordinates/chromo4212/basic.xyz,0,,,,,,
359,chromo2515,CC(C)(C)OC(=O)C=CC1=CC2=C(c3ccccc3)c3cccn3[B-](F)(F)[N+]2=C1,2.6989,1.1264,2.7637,1.213,/scratch/jaggbow/mol_xtb_coordinates/chromo2515/geom.xtbopt.xyz,/scratch/jaggbow/mol_xtb_coordinates/chromo2515/mmff.xyz,/scratch/jaggbow/mol_xtb_coordinates/chromo2515/basic.xyz,1,,,,,,
360,chromo4986,FC(F)(F)c1c(-n2c3ccccc3c3ccccc32)c(-n2c3ccccc3c3ccccc32)c(-n2c3ccccc3c3ccccc32)c(-n2c3ccccc3c3ccccc32)c1-n1c2ccccc2c2ccccc21,2.8588,0.1362000000000001,3.8306,0.2761,/scratch/jaggbow/mol_xtb_coordinates/chromo4986/geom.xtbopt.xyz,/scratch/jaggbow/mol_xtb_coordinates/chromo4986/mmff.xyz,/scratch/jaggbow/mol_xtb_coordinates/chromo4986/basic.xyz,1,,,,,,
361,chromo3020,CN(C)c1ccc(C=Cc2nc3ccc(Br)cc3nc2-c2ccccc2)cc1,2.679,0.8378999999999999,3.2621,0.8977000000000004,/scratch/jaggbow/mol_xtb_coordinates/chromo3020/geom.xtbopt.xyz,/scratch/jaggbow/mol_xtb_coordinates/chromo3020/mmff.xyz,/scratch/jaggbow/mol_xtb_coordinates/chromo3020/basic.xyz,0,,,,,,
362,chromo0308,[O-][n+]1c(C=Cc2ccccc2)nc(Nc2ccccc2)c2c1CCCC2,2.7728,1.0927000000000002,2.8598,0.8357999999999999,/scratch/jaggbow/mol_xtb_coordinates/chromo0308/geom.xtbopt.xyz,/scratch/jaggbow/mol_xtb_coordinates/chromo0308/mmff.xyz,/scratch/jaggbow/mol_xtb_coordinates/chromo0308/basic.xyz,0,,,,,,
363,chromo5519,CCC1(CC)c2cc(C=C(C#N)C#N)ccc2-c2ccc(N(C)C)cc21,2.6742,0.8556999999999999,3.1733,0.8665999999999996,/scratch/jaggbow/mol_xtb_coordinates/chromo5519/geom.xtbopt.xyz,/scratch/jaggbow/mol_xtb_coordinates/chromo5519/mmff.xyz,/scratch/jaggbow/mol_xtb_coordinates/chromo5519/basic.xyz,0,,,,,,
364,chromo5404,c1ccc(N(c2ccccc2)c2ccc(-c3ccc4c(c3)C3(c5cc(-c6ccc(N(c7ccccc7)c7ccccc7)cc6)ccc5O4)c4ccccc4-c4ccccc43)cc2)cc1,3.4804,0.6717,3.9446,0.5364,/scratch/jaggbow/mol_xtb_coordinates/chromo5404/geom.xtbopt.xyz,/scratch/jaggbow/mol_xtb_coordinates/chromo5404/mmff.xyz,/scratch/jaggbow/mol_xtb_coordinates/chromo5404/basic.xyz,0,,,,,,
365,chromo1164,[O-]c1ccccc1-c1[nH+]c2c3ccccc3c3ccccc3c2o1,3.6219,1.0432,3.7318,0.6723999999999997,/scratch/jaggbow/mol_xtb_coordinates/chromo1164/geom.xtbopt.xyz,/scratch/jaggbow/mol_xtb_coordinates/chromo1164/mmff.xyz,/scratch/jaggbow/mol_xtb_coordinates/chromo1164/basic.xyz,0,,,,,,
366,chromo5051,COc1ccc(-c2ccc3c(c2)c2cc(-c4ccc(OC)cc4)ccc2n3-c2ccc(C(=O)c3ccc4sc5ccccc5c4c3)nc2)cc1,2.6974,0.2254,3.4334,0.3295999999999996,/scratch/jaggbow/mol_xtb_coordinates/chromo5051/geom.xtbopt.xyz,/scratch/jaggbow/mol_xtb_coordinates/chromo5051/mmff.xyz,/scratch/jaggbow/mol_xtb_coordinates/chromo5051/basic.xyz,1,,,,,,
367,chromo2784,Cc1ccc(Sc2cc3cccc4ccc5cccc2c5c43)cc1,3.359,1.2414999999999998,3.4489,0.8296000000000001,/scratch/jaggbow/mol_xtb_coordinates/chromo2784/geom.xtbopt.xyz,/scratch/jaggbow/mol_xtb_coordinates/chromo2784/mmff.xyz,/scratch/jaggbow/mol_xtb_coordinates/chromo2784/basic.xyz,1,,,,,,
368,chromo3092,Cc1cccc2cc(C)c3c4ccccc4[nH]c3c12,3.7163,1.1595999999999995,3.7929,0.5914000000000001,/scratch/jaggbow/mol_xtb_coordinates/chromo3092/geom.xtbopt.xyz,/scratch/jaggbow/mol_xtb_coordinates/chromo3092/mmff.xyz,/scratch/jaggbow/mol_xtb_coordinates/chromo3092/basic.xyz,0,,,,,,
369,chromo2150,N#Cc1ccc(-n2c(-c3ccc(-c4ccc(-n5c6ccccc6c6ccccc65)cc4)s3)nc3c4ccccc4c4ccccc4c32)c2ccccc12,2.2293,0.0890999999999997,3.3831,0.6465000000000001,/scratch/jaggbow/mol_xtb_coordinates/chromo2150/geom.xtbopt.xyz,/scratch/jaggbow/mol_xtb_coordinates/chromo2150/mmff.xyz,/scratch/jaggbow/mol_xtb_coordinates/chromo2150/basic.xyz,1,,,,,,
370,chromo5245,CN(C)c1ccc2nc(C=Cc3ccccc3)c(=O)oc2c1,2.8074,1.253,3.129,1.1218,/scratch/jaggbow/mol_xtb_coordinates/chromo5245/geom.xtbopt.xyz,/scratch/jaggbow/mol_xtb_coordinates/chromo5245/mmff.xyz,/scratch/jaggbow/mol_xtb_coordinates/chromo5245/basic.xyz,0,,,,,,
371,chromo5067,c1ccc2c(c1)c1ccccc1n2-c1ccc(-c2nnc(-c3ccc(-n4c5ccccc5c5ccccc54)cc3)o2)cc1,3.1051,0.5290000000000004,3.766,0.4018000000000001,/scratch/jaggbow/mol_xtb_coordinates/chromo5067/geom.xtbopt.xyz,/scratch/jaggbow/mol_xtb_coordinates/chromo5067/mmff.xyz,/scratch/jaggbow/mol_xtb_coordinates/chromo5067/basic.xyz,1,,,,,,
372,chromo3325,Cc1ccc(C=Nc2cc(C(C)C)c(O)cc2C)cc1,3.4217,1.0013999999999998,3.3835,0.4730000000000003,/scratch/jaggbow/mol_xtb_coordinates/chromo3325/geom.xtbopt.xyz,/scratch/jaggbow/mol_xtb_coordinates/chromo3325/mmff.xyz,/scratch/jaggbow/mol_xtb_coordinates/chromo3325/basic.xyz,1,,,,,,
373,chromo3481,CCOC(=O)c1c(-c2cc3c(ccc4ccccc43)oc2=O)nn(-c2cccc(Cl)c2)c1C(=O)OCC,3.4844,1.2209,3.546,0.8857999999999997,/scratch/jaggbow/mol_xtb_coordinates/chromo3481/geom.xtbopt.xyz,/scratch/jaggbow/mol_xtb_coordinates/chromo3481/mmff.xyz,/scratch/jaggbow/mol_xtb_coordinates/chromo3481/basic.xyz,0,,,,,,
374,chromo2284,O=[N+]([O-])c1ccc([N+]2=Cc3ccc4ccccc4c3O[B-]2(F)F)cc1,2.8563,0.7887,3.0705,0.8788999999999998,/scratch/jaggbow/mol_xtb_coordinates/chromo2284/geom.xtbopt.xyz,/scratch/jaggbow/mol_xtb_coordinates/chromo2284/mmff.xyz,/scratch/jaggbow/mol_xtb_coordinates/chromo2284/basic.xyz,0,,,,,,
375,chromo4510,N#CC(C#N)=Cc1cn(-c2ccccc2)nc1-c1ccccc1,3.4158,1.0757,3.7435,0.9711,/scratch/jaggbow/mol_xtb_coordinates/chromo4510/geom.xtbopt.xyz,/scratch/jaggbow/mol_xtb_coordinates/chromo4510/mmff.xyz,/scratch/jaggbow/mol_xtb_coordinates/chromo4510/basic.xyz,0,,,,,,
376,chromo2414,CCN(CC)c1ccc(C=Nc2cc3ccccc3cc2N=Cc2ccc(N(CC)CC)cc2O)c(O)c1,3.2051,0.8605,3.2688,0.4548000000000001,/scratch/jaggbow/mol_xtb_coordinates/chromo2414/geom.xtbopt.xyz,/scratch/jaggbow/mol_xtb_coordinates/chromo2414/mmff.xyz,/scratch/jaggbow/mol_xtb_coordinates/chromo2414/basic.xyz,1,,,,,,
377,chromo5988,C1=Cc2nc1c(-c1ccccc1)c1ccc([nH]1)c(-c1ccccc1)c1nc(c(-c3ccccc3)c3ccc([nH]3)c2-c2ccccc2)C=C1,2.1436,0.7856000000000001,2.1181,0.2155,/scratch/jaggbow/mol_xtb_coordinates/chromo5988/geom.xtbopt.xyz,/scratch/jaggbow/mol_xtb_coordinates/chromo5988/mmff.xyz,/scratch/jaggbow/mol_xtb_coordinates/chromo5988/basic.xyz,0,,,,,,
378,chromo3134,C(=Cc1ccc(C=CSC=C2CCCCCC2)cc1)SC=C1CCCCCC1,3.3858,1.2338,3.7316,0.9089999999999998,/scratch/jaggbow/mol_xtb_coordinates/chromo3134/geom.xtbopt.xyz,/scratch/jaggbow/mol_xtb_coordinates/chromo3134/mmff.xyz,/scratch/jaggbow/mol_xtb_coordinates/chromo3134/basic.xyz,1,,,,,,
379,chromo2561,CCOC(=O)C1c2ccccc2C(=O)N1c1ccccc1,4.0815,0.8206000000000002,4.1847,0.6546000000000003,/scratch/jaggbow/mol_xtb_coordinates/chromo2561/geom.xtbopt.xyz,/scratch/jaggbow/mol_xtb_coordinates/chromo2561/mmff.xyz,/scratch/jaggbow/mol_xtb_coordinates/chromo2561/basic.xyz,0,,,,,,
380,chromo3136,CC1CCC(=CSC=Cc2ccc(C=CSC=C3CCC(C)CC3)cc2)CC1,3.3861,1.2399,3.7511,0.8444000000000003,/scratch/jaggbow/mol_xtb_coordinates/chromo3136/geom.xtbopt.xyz,/scratch/jaggbow/mol_xtb_coordinates/chromo3136/mmff.xyz,/scratch/jaggbow/mol_xtb_coordinates/chromo3136/basic.xyz,0,,,,,,
381,chromo1082,CC1=C2c3ccccc3C(C)=[N+]2[B-](F)(F)n2c(C)c3cc4c(-c5ccccc5)c5c(c(-c6ccccc6)c4cc3c21)-c1cccc2cccc-5c12,2.0934,1.012,2.3391,1.3764000000000003,/scratch/jaggbow/mol_xtb_coordinates/chromo1082/geom.xtbopt.xyz,/scratch/jaggbow/mol_xtb_coordinates/chromo1082/mmff.xyz,/scratch/jaggbow/mol_xtb_coordinates/chromo1082/basic.xyz,0,,,,,,
382,chromo1101,CC1=c2ccccc2=[N+]2C1=Cc1c3ccccc3c(-c3[nH]c4ccccc4c3C)n1[B-]2(F)F,2.1708,1.0708999999999995,2.4056,0.9792000000000004,/scratch/jaggbow/mol_xtb_coordinates/chromo1101/geom.xtbopt.xyz,/scratch/jaggbow/mol_xtb_coordinates/chromo1101/mmff.xyz,/scratch/jaggbow/mol_xtb_coordinates/chromo1101/basic.xyz,0,,,,,,
383,chromo2810,CCN(CC)c1ccc2cc(-c3nc4cc(C(=O)Nc5ccccc5[N+](=O)[O-])ccc4o3)c(=O)oc2c1,2.5828,0.4900000000000002,3.1107,0.7738,/scratch/jaggbow/mol_xtb_coordinates/chromo2810/geom.xtbopt.xyz,/scratch/jaggbow/mol_xtb_coordinates/chromo2810/mmff.xyz,/scratch/jaggbow/mol_xtb_coordinates/chromo2810/basic.xyz,1,,,,,,
384,chromo1021,CCCCCCOC(=O)C=CC1=CC2=C(c3c(C)cc(C)cc3C)c3cc(C=CC(=O)OCCCCCC)cn3[B-](F)(F)[N+]2=C1,2.5146,0.9878000000000002,2.6876,1.0847000000000002,/scratch/jaggbow/mol_xtb_coordinates/chromo1021/geom.xtbopt.xyz,/scratch/jaggbow/mol_xtb_coordinates/chromo1021/mmff.xyz,/scratch/jaggbow/mol_xtb_coordinates/chromo1021/basic.xyz,1,,,,,,
385,chromo6282,COc1ccc(-c2cccc3ncc(-c4ccc(C#N)cc4)n23)cc1,3.3982,0.8264,3.757,0.5845000000000002,/scratch/jaggbow/mol_xtb_coordinates/chromo6282/geom.xtbopt.xyz,/scratch/jaggbow/mol_xtb_coordinates/chromo6282/mmff.xyz,/scratch/jaggbow/mol_xtb_coordinates/chromo6282/basic.xyz,0,,,,,,
386,chromo3474,CCOC(=O)c1c(-c2cc3ccc(OC)cc3oc2=O)nn(-c2cccc(C)c2)c1C(=O)OCC,3.8428,1.2747000000000002,3.8341,0.9078,/scratch/jaggbow/mol_xtb_coordinates/chromo3474/geom.xtbopt.xyz,/scratch/jaggbow/mol_xtb_coordinates/chromo3474/mmff.xyz,/scratch/jaggbow/mol_xtb_coordinates/chromo3474/basic.xyz,1,,,,,,
387,chromo0761,COc1ccc(C=Cc2nc(C=Cc3ccc(N(C)C)cc3)cc(C=Cc3ccc(N(C)C)cc3)n2)cc1,2.937,0.8304999999999998,3.4055,0.7641999999999998,/scratch/jaggbow/mol_xtb_coordinates/chromo0761/geom.xtbopt.xyz,/scratch/jaggbow/mol_xtb_coordinates/chromo0761/mmff.xyz,/scratch/jaggbow/mol_xtb_coordinates/chromo0761/basic.xyz,1,,,,,,
388,chromo3015,CCCCCCc1ccc2c3c(ccc2c1)O[B-](F)(F)[N+](c1ccc([N+]2=Cc4c(ccc5cc(CCCCCC)ccc45)O[B-]2(F)F)cc1)=C3,2.857,0.7771000000000003,2.9219,0.7584,/scratch/jaggbow/mol_xtb_coordinates/chromo3015/geom.xtbopt.xyz,/scratch/jaggbow/mol_xtb_coordinates/chromo3015/mmff.xyz,/scratch/jaggbow/mol_xtb_coordinates/chromo3015/basic.xyz,0,,,,,,
389,chromo5498,CCC1=C(C)C2=Cc3c4ccccc4c4n3[B-](c3ccc5ccc6cccc7ccc3c5c67)(Oc3ccccc3-4)[N+]2=C1C,1.9623,0.7333999999999998,2.3053,1.0073,/scratch/jaggbow/mol_xtb_coordinates/chromo5498/geom.xtbopt.xyz,/scratch/jaggbow/mol_xtb_coordinates/chromo5498/mmff.xyz,/scratch/jaggbow/mol_xtb_coordinates/chromo5498/basic.xyz,0,,,,,,
390,chromo5510,CC(C)[Si]1(C(C)C)c2cc(N(C)C)ccc2-c2ccc(C(F)(F)F)cc21,3.5884,0.9423,3.8659,0.8748,/scratch/jaggbow/mol_xtb_coordinates/chromo5510/geom.xtbopt.xyz,/scratch/jaggbow/mol_xtb_coordinates/chromo5510/mmff.xyz,/scratch/jaggbow/mol_xtb_coordinates/chromo5510/basic.xyz,0,,,,,,
391,chromo3049,O=C1c2ccccc2C(=O)N1c1ccc(Cn2cncn2)cc1,3.4259,0.3913999999999999,3.4522,0.2759999999999998,/scratch/jaggbow/mol_xtb_coordinates/chromo3049/geom.xtbopt.xyz,/scratch/jaggbow/mol_xtb_coordinates/chromo3049/mmff.xyz,/scratch/jaggbow/mol_xtb_coordinates/chromo3049/basic.xyz,0,,,,,,
392,chromo2490,CC(C)c1cccc(C(C)C)c1N1C(=O)c2ccc3c(-c4ccccc4)c4c5ccc6c7c(ccc(c(-c8ccccc8)c4c4ccc(c2c34)C1=O)c75)C(=O)N(c1c(C(C)C)cccc1C(C)C)C6=O,1.9409,1.1718000000000002,2.3879,1.0314,/scratch/jaggbow/mol_xtb_coordinates/chromo2490/geom.xtbopt.xyz,/scratch/jaggbow/mol_xtb_coordinates/chromo2490/mmff.xyz,/scratch/jaggbow/mol_xtb_coordinates/chromo2490/basic.xyz,0,,,,,,
393,chromo5350,CC(C)(C)NC(=O)c1ccc(Br)c2ccc3c4ccc(F)cc4c4cc(F)ccc4c3c12,3.4151,1.1464999999999996,3.5908,0.6252000000000004,/scratch/jaggbow/mol_xtb_coordinates/chromo5350/geom.xtbopt.xyz,/scratch/jaggbow/mol_xtb_coordinates/chromo5350/mmff.xyz,/scratch/jaggbow/mol_xtb_coordinates/chromo5350/basic.xyz,0,,,,,,
394,chromo5521,CCOc1ccc(C=CC=CC=Cc2ccc([N+](=O)[O-])cc2)cc1,2.5938,1.2034999999999998,3.2352,1.1345999999999998,/scratch/jaggbow/mol_xtb_coordinates/chromo5521/geom.xtbopt.xyz,/scratch/jaggbow/mol_xtb_coordinates/chromo5521/mmff.xyz,/scratch/jaggbow/mol_xtb_coordinates/chromo5521/basic.xyz,1,,,,,,
395,chromo1832,CC[n+]1c(C=C2C(=O)C(C=C3Sc4cc(Cl)ccc4N3C)=C2[O-])[se]c2ccccc21,2.1601,1.2357999999999998,1.0069,-0.5225000000000002,/scratch/jaggbow/mol_xtb_coordinates/chromo1832/geom.xtbopt.xyz,/scratch/jaggbow/mol_xtb_coordinates/chromo1832/mmff.xyz,/scratch/jaggbow/mol_xtb_coordinates/chromo1832/basic.xyz,0,,,,,,
396,chromo6237,CCC(CC)COC1=CC2=C3c4cc(OCC(CC)CC)c(-c5ccccc5)n4[B-](F)(F)[n+]4c3n(c3cc(C(C)(C)C)ccc34)[B-](F)(F)[N+]2=C1c1ccccc1,2.1111,1.2391,2.3934,1.2549,/scratch/jaggbow/mol_xtb_coordinates/chromo6237/geom.xtbopt.xyz,/scratch/jaggbow/mol_xtb_coordinates/chromo6237/mmff.xyz,/scratch/jaggbow/mol_xtb_coordinates/chromo6237/basic.xyz,0,,,,,,
397,chromo2208,CC(C)(C)c1ccc(-c2c(-c3ccc4c5ccccc5n(-c5ccccc5)c4c3)c(C#N)c(-c3ccc4c5ccccc5n(-c5ccccc5)c4c3)c(-c3ccc(C(C)(C)C)cc3)c2-c2ccc(C(C)(C)C)cc2)cc1,3.4972,0.4981,3.9827,0.5027999999999997,/scratch/jaggbow/mol_xtb_coordinates/chromo2208/geom.xtbopt.xyz,/scratch/jaggbow/mol_xtb_coordinates/chromo2208/mmff.xyz,/scratch/jaggbow/mol_xtb_coordinates/chromo2208/basic.xyz,1,,,,,,
398,chromo2426,COC(=O)c1cc(=O)n(C)c2cc(-c3cccc(OC)c3)sc12,3.101,1.1823,3.043,0.9657,/scratch/jaggbow/mol_xtb_coordinates/chromo2426/geom.xtbopt.xyz,/scratch/jaggbow/mol_xtb_coordinates/chromo2426/mmff.xyz,/scratch/jaggbow/mol_xtb_coordinates/chromo2426/basic.xyz,1,,,,,,
399,chromo3096,COc1cccc2cc(C)c3c4ccccc4n(C)c3c12,3.6824,1.0343,3.6448,0.5406,/scratch/jaggbow/mol_xtb_coordinates/chromo3096/geom.xtbopt.xyz,/scratch/jaggbow/mol_xtb_coordinates/chromo3096/mmff.xyz,/scratch/jaggbow/mol_xtb_coordinates/chromo3096/basic.xyz,0,,,,,,
400,chromo3135,C(=Cc1ccc(C=CSC=C2CCCCCCC2)cc1)SC=C1CCCCCCC1,3.3378,1.2184,3.7545,0.8945000000000003,/scratch/jaggbow/mol_xtb_coordinates/chromo3135/geom.xtbopt.xyz,/scratch/jaggbow/mol_xtb_coordinates/chromo3135/mmff.xyz,/scratch/jaggbow/mol_xtb_coordinates/chromo3135/basic.xyz,1,,,,,,
401,chromo0491,COc1ccc(N=Nc2c(O)c3ccccc3n(C)c2=O)c(S(=O)(=O)O)c1,2.7448,0.9398000000000002,1.6157,0.0613999999999999,/scratch/jaggbow/mol_xtb_coordinates/chromo0491/geom.xtbopt.xyz,/scratch/jaggbow/mol_xtb_coordinates/chromo0491/mmff.xyz,/scratch/jaggbow/mol_xtb_coordinates/chromo0491/basic.xyz,0,,,,,,
402,chromo3700,Fc1ccc(C#Cc2nc(C#Cc3ccc(F)cc3)c(C#Cc3ccc(F)cc3)c(C#Cc3ccc(F)cc3)c2C#Cc2ccc(F)cc2)cc1,2.8242,0.8917999999999999,3.7505,0.6672000000000002,/scratch/jaggbow/mol_xtb_coordinates/chromo3700/geom.xtbopt.xyz,/scratch/jaggbow/mol_xtb_coordinates/chromo3700/mmff.xyz,/scratch/jaggbow/mol_xtb_coordinates/chromo3700/basic.xyz,1,,,,,,
403,chromo3307,Oc1ccc(N=Cc2ccccc2Oc2ccccc2)cc1,3.4997,1.0999,3.416,0.4718999999999997,/scratch/jaggbow/mol_xtb_coordinates/chromo3307/geom.xtbopt.xyz,/scratch/jaggbow/mol_xtb_coordinates/chromo3307/mmff.xyz,/scratch/jaggbow/mol_xtb_coordinates/chromo3307/basic.xyz,1,,,,,,
404,chromo4709,N#CC(C#N)=Cc1ccc(-c2ccc(O)c(-c3nc4ccccc4s3)c2)o1,2.8276,1.1455,3.2087,1.1,/scratch/jaggbow/mol_xtb_coordinates/chromo4709/geom.xtbopt.xyz,/scratch/jaggbow/mol_xtb_coordinates/chromo4709/mmff.xyz,/scratch/jaggbow/mol_xtb_coordinates/chromo4709/basic.xyz,1,,,,,,
405,chromo2132,c1ccc(-n2c3ccccc3c3cc(-c4cccc(-n5c6cccnc6c6c7sc8ccccc8c7ccc65)c4)ccc32)cc1,3.6535,0.6935000000000002,3.7587,0.4429000000000003,/scratch/jaggbow/mol_xtb_coordinates/chromo2132/geom.xtbopt.xyz,/scratch/jaggbow/mol_xtb_coordinates/chromo2132/mmff.xyz,/scratch/jaggbow/mol_xtb_coordinates/chromo2132/basic.xyz,0,,,,,,
406,chromo6754,O=c1c2cccc3cccc(c32)c2nc3c(F)c(F)c(F)c(F)c3n12,3.0164,0.993,3.3955,0.8243,/scratch/jaggbow/mol_xtb_coordinates/chromo6754/geom.xtbopt.xyz,/scratch/jaggbow/mol_xtb_coordinates/chromo6754/mmff.xyz,/scratch/jaggbow/mol_xtb_coordinates/chromo6754/basic.xyz,0,,,,,,
407,chromo6233,CCCCN(CCCC)c1ccc2c#cc3cc4c#cc5ccc(C(F)(F)F)cc5c#cc#cc5cc(N(CCCC)CCCC)ccc5c#cc4cc3c#cc3ccc(C(F)(F)F)cc3c#cc#cc2c1,2.2737,0.4548999999999998,3.4181,0.4493,/scratch/jaggbow/mol_xtb_coordinates/chromo6233/geom.xtbopt.xyz,/scratch/jaggbow/mol_xtb_coordinates/chromo6233/mmff.xyz,/scratch/jaggbow/mol_xtb_coordinates/chromo6233/basic.xyz,0,,,,,,
408,chromo0311,[O-][n+]1c(C=Cc2ccc3ccccc3c2)nc(N2CCOCC2)c2c1CCCC2,2.9267,1.2063,2.8602,0.8485,/scratch/jaggbow/mol_xtb_coordinates/chromo0311/geom.xtbopt.xyz,/scratch/jaggbow/mol_xtb_coordinates/chromo0311/mmff.xyz,/scratch/jaggbow/mol_xtb_coordinates/chromo0311/basic.xyz,0,,,,,,
409,chromo4994,CC(C)(C)c1ccc2c(c1)c1cc(C(C)(C)C)ccc1n2-c1ccc(-c2nc(-c3ccc(P(=O)(c4ccccc4)c4ccccc4)cc3)nc(-c3ccc(P(=O)(c4ccccc4)c4ccccc4)cc3)n2)cc1,2.8,0.2764999999999999,3.6771,0.4078999999999997,/scratch/jaggbow/mol_xtb_coordinates/chromo4994/geom.xtbopt.xyz,/scratch/jaggbow/mol_xtb_coordinates/chromo4994/mmff.xyz,/scratch/jaggbow/mol_xtb_coordinates/chromo4994/basic.xyz,1,,,,,,
410,chromo6122,CCCCCc1c(C(=O)c2ccc3c4c(cccc24)-c2cccc4c2C3CC=C4)c2ccc3cccc4c5cccc6ccc1c(c65)c2c34,2.7916,0.7845,3.406,0.7165000000000004,/scratch/jaggbow/mol_xtb_coordinates/chromo6122/geom.xtbopt.xyz,/scratch/jaggbow/mol_xtb_coordinates/chromo6122/mmff.xyz,/scratch/jaggbow/mol_xtb_coordinates/chromo6122/basic.xyz,0,,,,,,
411,chromo3702,C(#Cc1c(C#Cc2ccccc2)c(C#Cc2ccccc2)c(C#Cc2ccccc2)c(C#Cc2ccccc2)c1C#Cc1ccccc1)c1ccccc1,2.6499,0.8325000000000002,3.5174,0.4274999999999997,/scratch/jaggbow/mol_xtb_coordinates/chromo3702/geom.xtbopt.xyz,/scratch/jaggbow/mol_xtb_coordinates/chromo3702/mmff.xyz,/scratch/jaggbow/mol_xtb_coordinates/chromo3702/basic.xyz,1,,,,,,
412,chromo0435,Cc1cc(O)c(C(=O)C=Cc2ccc([N+](=O)[O-])cc2)c(=O)o1,3.3054,1.0465,3.4179,0.6892999999999998,/scratch/jaggbow/mol_xtb_coordinates/chromo0435/geom.xtbopt.xyz,/scratch/jaggbow/mol_xtb_coordinates/chromo0435/mmff.xyz,/scratch/jaggbow/mol_xtb_coordinates/chromo0435/basic.xyz,0,,,,,,
413,chromo2302,CCCCN1c2ccccc2B(c2ccccc2C(F)(F)F)c2ccccc21,3.4734,0.7374999999999998,3.4342,0.7132000000000001,/scratch/jaggbow/mol_xtb_coordinates/chromo2302/geom.xtbopt.xyz,/scratch/jaggbow/mol_xtb_coordinates/chromo2302/mmff.xyz,/scratch/jaggbow/mol_xtb_coordinates/chromo2302/basic.xyz,0,,,,,,
414,chromo0414,Cc1ccc(C=Cc2nc(-c3ccc([N+](=O)[O-])cc3)[nH]c2C=Cc2ccc(C)cc2)cc1,2.3049,0.6523999999999999,3.1784,0.8188999999999997,/scratch/jaggbow/mol_xtb_coordinates/chromo0414/geom.xtbopt.xyz,/scratch/jaggbow/mol_xtb_coordinates/chromo0414/mmff.xyz,/scratch/jaggbow/mol_xtb_coordinates/chromo0414/basic.xyz,1,,,,,,
415,chromo5511,CC(C)[Si]1(C(C)C)c2cc(C#N)ccc2-c2ccc(N(C)C)cc21,3.4341,0.9501999999999996,3.7665,0.8625000000000003,/scratch/jaggbow/mol_xtb_coordinates/chromo5511/geom.xtbopt.xyz,/scratch/jaggbow/mol_xtb_coordinates/chromo5511/mmff.xyz,/scratch/jaggbow/mol_xtb_coordinates/chromo5511/basic.xyz,0,,,,,,
416,chromo4718,N#CC(C#N)=Cc1ccc(-c2ccc(-c3nc4ccccc4s3)c(O)c2)s1,2.744,1.0224000000000002,3.2267,1.0494000000000003,/scratch/jaggbow/mol_xtb_coordinates/chromo4718/geom.xtbopt.xyz,/scratch/jaggbow/mol_xtb_coordinates/chromo4718/mmff.xyz,/scratch/jaggbow/mol_xtb_coordinates/chromo4718/basic.xyz,1,,,,,,
417,chromo2473,CN(C)c1ncc2nc(C#N)n(Cc3ccccc3)c2n1,3.688,1.1285000000000005,3.8052,0.9681000000000002,/scratch/jaggbow/mol_xtb_coordinates/chromo2473/geom.xtbopt.xyz,/scratch/jaggbow/mol_xtb_coordinates/chromo2473/mmff.xyz,/scratch/jaggbow/mol_xtb_coordinates/chromo2473/basic.xyz,0,,,,,,
418,chromo4352,Clc1nnc(ON=Cc2ccc(N(c3ccc(Br)cc3)c3ccc(Br)cc3)cc2)nn1,2.1684,0.7418,1.9223,0.0030999999999998,/scratch/jaggbow/mol_xtb_coordinates/chromo4352/geom.xtbopt.xyz,/scratch/jaggbow/mol_xtb_coordinates/chromo4352/mmff.xyz,/scratch/jaggbow/mol_xtb_coordinates/chromo4352/basic.xyz,0,,,,,,
419,chromo3281,F[B-]1(F)n2c(ccc2N2CCOCC2)C(c2ccccc2)=C2C=CC(N3CCOCC3)=[N+]21,2.5803,1.3118,2.5309,1.5408,/scratch/jaggbow/mol_xtb_coordinates/chromo3281/geom.xtbopt.xyz,/scratch/jaggbow/mol_xtb_coordinates/chromo3281/mmff.xyz,/scratch/jaggbow/mol_xtb_coordinates/chromo3281/basic.xyz,1,,,,,,
420,chromo5355,c1ccc(-n2c3ccccc3c3cc(C4(c5ccc6c(c5)c5ccccc5n6-c5ccccc5)c5cc(-c6ccc7ccc8cccc9ccc6c7c89)ccc5-c5ccc(-c6ccc7ccc8cccc9ccc6c7c89)cc54)ccc32)cc1,3.0882,1.0696,3.6716,0.9391000000000004,/scratch/jaggbow/mol_xtb_coordinates/chromo5355/geom.xtbopt.xyz,/scratch/jaggbow/mol_xtb_coordinates/chromo5355/mmff.xyz,/scratch/jaggbow/mol_xtb_coordinates/chromo5355/basic.xyz,1,,,,,,
421,chromo1161,CCN(CC)c1ccc(C=CC2=[O+][B-](F)(F)Oc3c2c(=O)oc2cc(N(CC)CC)ccc32)cc1,2.709,0.8284,2.8357,0.8578000000000001,/scratch/jaggbow/mol_xtb_coordinates/chromo1161/geom.xtbopt.xyz,/scratch/jaggbow/mol_xtb_coordinates/chromo1161/mmff.xyz,/scratch/jaggbow/mol_xtb_coordinates/chromo1161/basic.xyz,0,,,,,,
422,chromo1797,CCC1=C(C)c2cc3[nH]c(cc4nc(c5c6[nH]c(cc1n2)c(C)c6C(=O)C5)C(CCC(=O)OC)C4C)c(C)c3C=C(c1ccccc1)[N+](=O)[O-],1.9942,0.7585,2.1496,0.4439999999999999,/scratch/jaggbow/mol_xtb_coordinates/chromo1797/geom.xtbopt.xyz,/scratch/jaggbow/mol_xtb_coordinates/chromo1797/mmff.xyz,/scratch/jaggbow/mol_xtb_coordinates/chromo1797/basic.xyz,0,,,,,,
423,chromo5267,CC1=CC(C)=[N+]2C1=C(c1c3ccccc3c(-c3ccccc3)c3ccccc13)c1c(C)cc(C)n1[B-]2(F)F,2.4196,0.9135,2.9019,1.4301,/scratch/jaggbow/mol_xtb_coordinates/chromo5267/geom.xtbopt.xyz,/scratch/jaggbow/mol_xtb_coordinates/chromo5267/mmff.xyz,/scratch/jaggbow/mol_xtb_coordinates/chromo5267/basic.xyz,1,,,,,,
424,chromo6692,CCCCCCOc1ccc2c(c1)-c1cc3c(cc1[Si]2(C)C)-c1ccccc1[Si]3(C)C,3.6755,1.1056,4.0871,0.7470000000000003,/scratch/jaggbow/mol_xtb_coordinates/chromo6692/geom.xtbopt.xyz,/scratch/jaggbow/mol_xtb_coordinates/chromo6692/mmff.xyz,/scratch/jaggbow/mol_xtb_coordinates/chromo6692/basic.xyz,0,,,,,,
425,chromo2443,CC(=O)c1cc(=O)n(C)c2cc(-c3ccc(N(C)C)cc3)sc12,2.6191,0.8869,2.8756,0.9027999999999998,/scratch/jaggbow/mol_xtb_coordinates/chromo2443/geom.xtbopt.xyz,/scratch/jaggbow/mol_xtb_coordinates/chromo2443/mmff.xyz,/scratch/jaggbow/mol_xtb_coordinates/chromo2443/basic.xyz,1,,,,,,
426,chromo5914,COc1ccc(-c2cc(-c3ccccc3)nn2C)cc1,4.6015,1.4183999999999997,4.6542,0.7021000000000002,/scratch/jaggbow/mol_xtb_coordinates/chromo5914/geom.xtbopt.xyz,/scratch/jaggbow/mol_xtb_coordinates/chromo5914/mmff.xyz,/scratch/jaggbow/mol_xtb_coordinates/chromo5914/basic.xyz,1,,,,,,
427,chromo0307,CCCCNc1nc(C=Cc2ccccc2)[n+]([O-])c2c1CCCC2,2.8472,1.1765,2.6254,0.8782999999999999,/scratch/jaggbow/mol_xtb_coordinates/chromo0307/geom.xtbopt.xyz,/scratch/jaggbow/mol_xtb_coordinates/chromo0307/mmff.xyz,/scratch/jaggbow/mol_xtb_coordinates/chromo0307/basic.xyz,0,,,,,,
428,chromo2205,CC(C)(C)c1ccc(-c2c(-c3ccc(-n4c5ccccc5c5ccccc54)cc3)c(C#N)c(-c3ccc(-n4c5ccccc5c5ccccc54)cc3)c(-c3ccc(C(C)(C)C)cc3)c2-c2ccc(C(C)(C)C)cc2)cc1,3.3103,0.2825999999999999,3.9223,0.4714999999999998,/scratch/jaggbow/mol_xtb_coordinates/chromo2205/geom.xtbopt.xyz,/scratch/jaggbow/mol_xtb_coordinates/chromo2205/mmff.xyz,/scratch/jaggbow/mol_xtb_coordinates/chromo2205/basic.xyz,1,,,,,,
429,chromo4386,CC(C)(C)c1ccc(-c2cc3ccc4cc(-c5ccc(C(C)(C)C)cc5)cc5ccc(c2)c3c45)cc1,3.3873,1.2721,3.5888,0.7881,/scratch/jaggbow/mol_xtb_coordinates/chromo4386/geom.xtbopt.xyz,/scratch/jaggbow/mol_xtb_coordinates/chromo4386/mmff.xyz,/scratch/jaggbow/mol_xtb_coordinates/chromo4386/basic.xyz,1,,,,,,
430,chromo5567,Cc1cc(C)n2c1C=C1c3ccccc3C(c3[nH]c4ccccc4c3C)=[N+]1[B-]2(F)F,2.2801,1.1146,2.5792,1.2083000000000002,/scratch/jaggbow/mol_xtb_coordinates/chromo5567/geom.xtbopt.xyz,/scratch/jaggbow/mol_xtb_coordinates/chromo5567/mmff.xyz,/scratch/jaggbow/mol_xtb_coordinates/chromo5567/basic.xyz,0,,,,,,
431,chromo4514,CC1=NN(c2ccccc2)C(=O)C1=Cc1cn(-c2ccccc2)nc1-c1ccccc1,2.5404,0.7748999999999999,2.6594,0.5675000000000003,/scratch/jaggbow/mol_xtb_coordinates/chromo4514/geom.xtbopt.xyz,/scratch/jaggbow/mol_xtb_coordinates/chromo4514/mmff.xyz,/scratch/jaggbow/mol_xtb_coordinates/chromo4514/basic.xyz,0,,,,,,
432,chromo5444,C(=Cc1ccc(N(c2ccccc2)c2ccccc2)cc1)c1ccc(-c2ccc(C=Cc3ccc(N(c4ccccc4)c4ccccc4)cc3)cc2)cc1,2.7124,0.7949000000000002,3.3505,0.5646,/scratch/jaggbow/mol_xtb_coordinates/chromo5444/geom.xtbopt.xyz,/scratch/jaggbow/mol_xtb_coordinates/chromo5444/mmff.xyz,/scratch/jaggbow/mol_xtb_coordinates/chromo5444/basic.xyz,1,,,,,,
433,chromo6437,COc1cc2c(cc1OC)C1=CC(c3ccccc3)C3(C(C#N)=C(C#N)N1CC2)c1ccccc1-c1ccccc13,3.2808,0.9212000000000002,3.5382,1.0507999999999995,/scratch/jaggbow/mol_xtb_coordinates/chromo6437/geom.xtbopt.xyz,/scratch/jaggbow/mol_xtb_coordinates/chromo6437/mmff.xyz,/scratch/jaggbow/mol_xtb_coordinates/chromo6437/basic.xyz,0,,,,,,
434,chromo1932,CCN1C(=O)C(C2C(=O)c3c4ccccc4cc4cc5ccccc5c2c34)C(=O)N(CC)C1=S,2.2493,1.2612,2.4555,1.0398999999999998,/scratch/jaggbow/mol_xtb_coordinates/chromo1932/geom.xtbopt.xyz,/scratch/jaggbow/mol_xtb_coordinates/chromo1932/mmff.xyz,/scratch/jaggbow/mol_xtb_coordinates/chromo1932/basic.xyz,0,,,,,,
435,chromo2170,c1ccc2c(c1)c1ccccc1n2-c1ccc2c(c1)c1ccccc1n2-c1ccc(-n2c3ccccc3c3cc(-n4c5ccccc5c5ccccc54)ccc32)cc1,3.5558,0.4129,3.8676,0.451,/scratch/jaggbow/mol_xtb_coordinates/chromo2170/geom.xtbopt.xyz,/scratch/jaggbow/mol_xtb_coordinates/chromo2170/mmff.xyz,/scratch/jaggbow/mol_xtb_coordinates/chromo2170/basic.xyz,1,,,,,,
436,chromo3539,COc1cc(-c2ncc(-c3ccncc3)o2)cc(OC)c1OC,3.6033,1.1661,3.8788,0.9559000000000002,/scratch/jaggbow/mol_xtb_coordinates/chromo3539/geom.xtbopt.xyz,/scratch/jaggbow/mol_xtb_coordinates/chromo3539/mmff.xyz,/scratch/jaggbow/mol_xtb_coordinates/chromo3539/basic.xyz,1,,,,,,
437,chromo3963,C=CCN(CC=C)c1ccc(-c2cc(-c3ccc(N(CC=C)CC=C)cc3)cc(-c3ccc(N(CC=C)CC=C)cc3)c2)cc1,3.8597,0.9827000000000004,4.2219,0.7443999999999997,/scratch/jaggbow/mol_xtb_coordinates/chromo3963/geom.xtbopt.xyz,/scratch/jaggbow/mol_xtb_coordinates/chromo3963/mmff.xyz,/scratch/jaggbow/mol_xtb_coordinates/chromo3963/basic.xyz,1,,,,,,
438,chromo1467,O=[N+]([O-])c1ccc(C#Cc2ccc3ccc(C#Cc4ccc([N+](=O)[O-])cc4)cc3c2)cc1,3.0868,0.9650000000000004,3.9802,0.6852,/scratch/jaggbow/mol_xtb_coordinates/chromo1467/geom.xtbopt.xyz,/scratch/jaggbow/mol_xtb_coordinates/chromo1467/mmff.xyz,/scratch/jaggbow/mol_xtb_coordinates/chromo1467/basic.xyz,1,,,,,,
439,chromo0520,COc1ccc(-c2csc(C(C#N)=Cc3ccc(C#N)cc3)n2)cc1,2.3677,0.6806000000000001,3.176,0.9006000000000003,/scratch/jaggbow/mol_xtb_coordinates/chromo0520/geom.xtbopt.xyz,/scratch/jaggbow/mol_xtb_coordinates/chromo0520/mmff.xyz,/scratch/jaggbow/mol_xtb_coordinates/chromo0520/basic.xyz,1,,,,,,
440,chromo6243,CCCCCCCc1cc2c(o1)=CC1=C3c4cc5oc(CCCCCCC)cc5n4[B-](F)(F)[n+]4nnn(c43)[B-](F)(F)[N+]=21,2.2886,1.4864000000000002,2.4533,1.4308,/scratch/jaggbow/mol_xtb_coordinates/chromo6243/geom.xtbopt.xyz,/scratch/jaggbow/mol_xtb_coordinates/chromo6243/mmff.xyz,/scratch/jaggbow/mol_xtb_coordinates/chromo6243/basic.xyz,0,,,,,,
441,chromo1038,CCC1=C(C)C2=C(C=Cc3ccc([N+](=O)[O-])cc3)c3c(C)c(CC)c(C)n3[B-](F)(F)[N+]2=C1C,2.1417,0.8428000000000002,2.8306,1.4381,/scratch/jaggbow/mol_xtb_coordinates/chromo1038/geom.xtbopt.xyz,/scratch/jaggbow/mol_xtb_coordinates/chromo1038/mmff.xyz,/scratch/jaggbow/mol_xtb_coordinates/chromo1038/basic.xyz,1,,,,,,
442,chromo4638,C(=Cc1c2ccccc2cc2ccccc12)c1ccc(Oc2ccc3ccccc3c2-c2c(Oc3ccc(C=Cc4c5ccccc5cc5ccccc45)cc3)ccc3ccccc23)cc1,2.7627,1.1336000000000002,3.2106,0.9979999999999998,/scratch/jaggbow/mol_xtb_coordinates/chromo4638/geom.xtbopt.xyz,/scratch/jaggbow/mol_xtb_coordinates/chromo4638/mmff.xyz,/scratch/jaggbow/mol_xtb_coordinates/chromo4638/basic.xyz,1,,,,,,
443,chromo3460,COC(=O)c1c(-c2cc3ccccc3oc2=O)nn(-c2cccc(C)c2)c1C(=O)OC,3.8355,1.2397,3.9322,0.887,/scratch/jaggbow/mol_xtb_coordinates/chromo3460/geom.xtbopt.xyz,/scratch/jaggbow/mol_xtb_coordinates/chromo3460/mmff.xyz,/scratch/jaggbow/mol_xtb_coordinates/chromo3460/basic.xyz,1,,,,,,
444,chromo1114,F[B-]1(F)n2c(c(-c3ccccc3)c(-c3cccs3)c2-c2ccccc2)N=C2C(c3ccccc3)=C(c3cccs3)C(c3ccccc3)=[N+]21,2.074,1.1149,2.0836,0.9101,/scratch/jaggbow/mol_xtb_coordinates/chromo1114/geom.xtbopt.xyz,/scratch/jaggbow/mol_xtb_coordinates/chromo1114/mmff.xyz,/scratch/jaggbow/mol_xtb_coordinates/chromo1114/basic.xyz,0,,,,,,
445,chromo5374,CC(C)(C)c1ccc(N(c2ccccc2)c2ccc3ccc4c(N(c5ccccc5)c5ccc(C(C)(C)C)cc5)ccc5ccc2c3c54)cc1,2.679,0.8122999999999998,2.7956,0.5263,/scratch/jaggbow/mol_xtb_coordinates/chromo5374/geom.xtbopt.xyz,/scratch/jaggbow/mol_xtb_coordinates/chromo5374/mmff.xyz,/scratch/jaggbow/mol_xtb_coordinates/chromo5374/basic.xyz,1,,,,,,
446,chromo2020,Cc1cc(C)c(B(c2ccccc2N(c2ccccc2)c2ccccc2)c2c(C)cc(C)cc2C)c(C)c1,2.7444,0.2296,2.8211,0.1983999999999999,/scratch/jaggbow/mol_xtb_coordinates/chromo2020/geom.xtbopt.xyz,/scratch/jaggbow/mol_xtb_coordinates/chromo2020/mmff.xyz,/scratch/jaggbow/mol_xtb_coordinates/chromo2020/basic.xyz,1,,,,,,
447,chromo3310,O=C1C(=Cc2ccc3oc4ccccc4c3c2)S(=O)(=O)c2ccccc21,3.154,0.8645,3.2793,0.5245000000000002,/scratch/jaggbow/mol_xtb_coordinates/chromo3310/geom.xtbopt.xyz,/scratch/jaggbow/mol_xtb_coordinates/chromo3310/mmff.xyz,/scratch/jaggbow/mol_xtb_coordinates/chromo3310/basic.xyz,0,,,,,,
448,chromo4242,C=CCNc1ccc2ccc3oc4cc(=O)ccc-4nc3c2c1,2.3854,1.098,2.5974,0.9625,/scratch/jaggbow/mol_xtb_coordinates/chromo4242/geom.xtbopt.xyz,/scratch/jaggbow/mol_xtb_coordinates/chromo4242/mmff.xyz,/scratch/jaggbow/mol_xtb_coordinates/chromo4242/basic.xyz,0,,,,,,
449,chromo4640,C(=Cc1cccc2ccccc12)c1ccc(Oc2ccc3ccccc3c2-c2c(Oc3ccc(C=Cc4cccc5ccccc45)cc3)ccc3ccccc23)cc1,3.3786,1.2116000000000002,3.579,0.7653000000000003,/scratch/jaggbow/mol_xtb_coordinates/chromo4640/geom.xtbopt.xyz,/scratch/jaggbow/mol_xtb_coordinates/chromo4640/mmff.xyz,/scratch/jaggbow/mol_xtb_coordinates/chromo4640/basic.xyz,1,,,,,,
450,chromo3647,CN(C)c1ccc(C=CC=Cc2nc3ccccc3s2)cc1,2.9397,1.2918000000000005,3.2569,1.0690999999999995,/scratch/jaggbow/mol_xtb_coordinates/chromo3647/geom.xtbopt.xyz,/scratch/jaggbow/mol_xtb_coordinates/chromo3647/mmff.xyz,/scratch/jaggbow/mol_xtb_coordinates/chromo3647/basic.xyz,1,,,,,,
451,chromo5356,CC1(C)c2cc(-c3ccc4ccc5cccc6ccc3c4c56)ccc2-c2ccc(-c3ccc4ccc5cccc6ccc3c4c56)cc21,3.1452,1.1117,3.6588,0.9341,/scratch/jaggbow/mol_xtb_coordinates/chromo5356/geom.xtbopt.xyz,/scratch/jaggbow/mol_xtb_coordinates/chromo5356/mmff.xyz,/scratch/jaggbow/mol_xtb_coordinates/chromo5356/basic.xyz,1,,,,,,
452,chromo4626,CC(C)(C)c1ccc(-c2cc(-c3ccc(-c4cc(-c5ccc(C(C)(C)C)cc5)c(C(=O)N5CCCCC5)s4)s3)sc2C(=O)N2CCCCC2)cc1,3.0716,1.2099000000000002,3.2815,0.9428999999999998,/scratch/jaggbow/mol_xtb_coordinates/chromo4626/geom.xtbopt.xyz,/scratch/jaggbow/mol_xtb_coordinates/chromo4626/mmff.xyz,/scratch/jaggbow/mol_xtb_coordinates/chromo4626/basic.xyz,1,,,,,,
453,chromo6694,c1ccc(C2c3ccccc3-c3cc4c(cc32)-c2ccccc2C4c2ccccc2)cc1,3.9274,1.2404000000000002,4.1848,0.7924000000000002,/scratch/jaggbow/mol_xtb_coordinates/chromo6694/geom.xtbopt.xyz,/scratch/jaggbow/mol_xtb_coordinates/chromo6694/mmff.xyz,/scratch/jaggbow/mol_xtb_coordinates/chromo6694/basic.xyz,0,,,,,,
454,chromo4720,O=Cc1ccc(-c2cccc(-c3nc4ccccc4s3)c2O)o1,3.2151,0.9628,3.5327,0.9197000000000002,/scratch/jaggbow/mol_xtb_coordinates/chromo4720/geom.xtbopt.xyz,/scratch/jaggbow/mol_xtb_coordinates/chromo4720/mmff.xyz,/scratch/jaggbow/mol_xtb_coordinates/chromo4720/basic.xyz,1,,,,,,
455,chromo2266,Cc1cccc(-c2c3ccccc3c(-c3cccc(C)n3)c3ccccc23)n1,3.1161,1.3957,3.3519,1.0645000000000002,/scratch/jaggbow/mol_xtb_coordinates/chromo2266/geom.xtbopt.xyz,/scratch/jaggbow/mol_xtb_coordinates/chromo2266/mmff.xyz,/scratch/jaggbow/mol_xtb_coordinates/chromo2266/basic.xyz,1,,,,,,
456,chromo1826,CN1C(=CC2=C([O-])C(=CC3=[N+](C)c4ccc(Cl)cc4C3(C)C)C2=O)C(C)(C)c2cc(Cl)ccc21,2.2503,1.3190000000000002,2.2945,1.4398000000000002,/scratch/jaggbow/mol_xtb_coordinates/chromo1826/geom.xtbopt.xyz,/scratch/jaggbow/mol_xtb_coordinates/chromo1826/mmff.xyz,/scratch/jaggbow/mol_xtb_coordinates/chromo1826/basic.xyz,0,,,,,,
457,chromo3060,c1ccc(N(c2ccccc2)c2ccc(-c3ccc(-c4ccc(N(c5ccccc5)c5ccccc5)cc4)c4nsnc34)cc2)cc1,2.139,0.5268999999999997,3.2578,0.5655999999999999,/scratch/jaggbow/mol_xtb_coordinates/chromo3060/geom.xtbopt.xyz,/scratch/jaggbow/mol_xtb_coordinates/chromo3060/mmff.xyz,/scratch/jaggbow/mol_xtb_coordinates/chromo3060/basic.xyz,0,,,,,,
458,chromo0773,CN(C)c1ccc(C=Cc2cc(C=Cc3ccc(N(C)C)cc3)nc(C=Cc3ccc(C(F)(F)F)cc3)n2)cc1,2.8767,0.7858999999999998,3.3561,0.7646000000000002,/scratch/jaggbow/mol_xtb_coordinates/chromo0773/geom.xtbopt.xyz,/scratch/jaggbow/mol_xtb_coordinates/chromo0773/mmff.xyz,/scratch/jaggbow/mol_xtb_coordinates/chromo0773/basic.xyz,1,,,,,,
459,chromo1813,CCN(CC)c1ccc2cc(C#N)c(=NC(=O)c3ccc(F)cc3)oc2c1,3.2635,1.1091000000000002,3.2645,0.9646,/scratch/jaggbow/mol_xtb_coordinates/chromo1813/geom.xtbopt.xyz,/scratch/jaggbow/mol_xtb_coordinates/chromo1813/mmff.xyz,/scratch/jaggbow/mol_xtb_coordinates/chromo1813/basic.xyz,1,,,,,,
460,chromo3353,CN(C)c1ccc(C#Cc2cc(C#Cc3ccc(C(F)(F)F)cc3)c3ccc4c(C#Cc5ccc(C(F)(F)F)cc5)cc(C#Cc5ccc(N(C)C)cc5)c5ccc2c3c54)cc1,2.1046,0.7912000000000001,2.9541,0.7174,/scratch/jaggbow/mol_xtb_coordinates/chromo3353/geom.xtbopt.xyz,/scratch/jaggbow/mol_xtb_coordinates/chromo3353/mmff.xyz,/scratch/jaggbow/mol_xtb_coordinates/chromo3353/basic.xyz,1,,,,,,
461,chromo5560,CCc1c(C)[nH]c(C2=[N+]3C(=C(C)c4c(C)c(CC)c(C)n4[B-]3(F)F)c3ccccc32)c1C,2.3271,1.1173000000000002,2.4755,1.1574999999999998,/scratch/jaggbow/mol_xtb_coordinates/chromo5560/geom.xtbopt.xyz,/scratch/jaggbow/mol_xtb_coordinates/chromo5560/mmff.xyz,/scratch/jaggbow/mol_xtb_coordinates/chromo5560/basic.xyz,0,,,,,,
462,chromo0391,O=C(O)c1ccc2ccc3cccc4ccc1c2c34,3.3851,1.4047,3.661,1.0224000000000002,/scratch/jaggbow/mol_xtb_coordinates/chromo0391/geom.xtbopt.xyz,/scratch/jaggbow/mol_xtb_coordinates/chromo0391/mmff.xyz,/scratch/jaggbow/mol_xtb_coordinates/chromo0391/basic.xyz,1,,,,,,
463,chromo2830,N#Cc1ccc(C2=Cc3ccccc3P2(=O)c2ccccc2)cc1,3.4972,1.3068999999999995,3.9075,1.0448000000000004,/scratch/jaggbow/mol_xtb_coordinates/chromo2830/geom.xtbopt.xyz,/scratch/jaggbow/mol_xtb_coordinates/chromo2830/mmff.xyz,/scratch/jaggbow/mol_xtb_coordinates/chromo2830/basic.xyz,0,,,,,,
464,chromo1171,COc1ccccc1C1=NC2c3cccc4cccc(c34)C2N1c1ccccc1,3.7287,1.0444999999999998,4.1858,0.8018000000000005,/scratch/jaggbow/mol_xtb_coordinates/chromo1171/geom.xtbopt.xyz,/scratch/jaggbow/mol_xtb_coordinates/chromo1171/mmff.xyz,/scratch/jaggbow/mol_xtb_coordinates/chromo1171/basic.xyz,0,,,,,,
465,chromo2902,CCCCCCOc1ccc(-c2ccc(C=Cc3cc(C=Cc4ccc(-c5ccc(OCCCCCC)cc5)cc4)ncn3)cc2)cc1,2.9934,0.8373999999999997,3.7478,0.7025999999999999,/scratch/jaggbow/mol_xtb_coordinates/chromo2902/geom.xtbopt.xyz,/scratch/jaggbow/mol_xtb_coordinates/chromo2902/mmff.xyz,/scratch/jaggbow/mol_xtb_coordinates/chromo2902/basic.xyz,1,,,,,,
466,chromo5340,COc1ccc(-c2ccc(C(=O)NC(C)(C)C)c3c2ccc2c4ccccc4c4ccccc4c23)cc1,3.3556,1.0991999999999995,3.6059,0.6920000000000002,/scratch/jaggbow/mol_xtb_coordinates/chromo5340/geom.xtbopt.xyz,/scratch/jaggbow/mol_xtb_coordinates/chromo5340/mmff.xyz,/scratch/jaggbow/mol_xtb_coordinates/chromo5340/basic.xyz,0,,,,,,
467,chromo1931,O=C1C(=c2c(=O)c3c4ccccc4cc4cc5ccccc5c2c43)C(=O)c2ccccc21,1.7429,0.8457999999999999,1.7198,0.4305000000000001,/scratch/jaggbow/mol_xtb_coordinates/chromo1931/geom.xtbopt.xyz,/scratch/jaggbow/mol_xtb_coordinates/chromo1931/mmff.xyz,/scratch/jaggbow/mol_xtb_coordinates/chromo1931/basic.xyz,0,,,,,,
468,chromo3463,CCOC(=O)c1c(-c2cc3ccccc3oc2=O)nn(-c2cccc(Cl)c2)c1C(=O)OCC,3.8613,1.2608,3.9277,0.8775000000000004,/scratch/jaggbow/mol_xtb_coordinates/chromo3463/geom.xtbopt.xyz,/scratch/jaggbow/mol_xtb_coordinates/chromo3463/mmff.xyz,/scratch/jaggbow/mol_xtb_coordinates/chromo3463/basic.xyz,1,,,,,,
469,chromo4914,CC1(C)c2ccccc2-c2cc3c(cc21)c1ccccc1n3-c1ccc2ncccc2c1,3.1872,0.5042999999999997,3.6313,0.4535999999999998,/scratch/jaggbow/mol_xtb_coordinates/chromo4914/geom.xtbopt.xyz,/scratch/jaggbow/mol_xtb_coordinates/chromo4914/mmff.xyz,/scratch/jaggbow/mol_xtb_coordinates/chromo4914/basic.xyz,0,,,,,,
470,chromo3772,CCCCCCCCC1(CCCCCCCC)c2cc(C=O)ccc2-c2ccc(C=Cc3ccc(N(c4ccccc4)c4ccccc4)cc3)cc21,2.6309,0.7328000000000001,3.3004,0.6276999999999999,/scratch/jaggbow/mol_xtb_coordinates/chromo3772/geom.xtbopt.xyz,/scratch/jaggbow/mol_xtb_coordinates/chromo3772/mmff.xyz,/scratch/jaggbow/mol_xtb_coordinates/chromo3772/basic.xyz,0,,,,,,
471,chromo5893,Fc1cccc(F)c1[B-]1(c2c(F)cccc2F)Oc2c(ccc3c4c(ccc23)C=[N+](c2ccccc2)[B-](c2c(F)cccc2F)(c2c(F)cccc2F)O4)C=[N+]1c1ccccc1,2.2652,0.7207000000000001,2.4284,0.6928999999999998,/scratch/jaggbow/mol_xtb_coordinates/chromo5893/geom.xtbopt.xyz,/scratch/jaggbow/mol_xtb_coordinates/chromo5893/mmff.xyz,/scratch/jaggbow/mol_xtb_coordinates/chromo5893/basic.xyz,0,,,,,,
472,chromo0873,COc1ccc(-c2nc(-c3ccccc3O)c(-c3ccccc3O)n2-c2ccc(C)cc2)cc1,3.731,0.7837000000000001,4.1587,0.6654999999999998,/scratch/jaggbow/mol_xtb_coordinates/chromo0873/geom.xtbopt.xyz,/scratch/jaggbow/mol_xtb_coordinates/chromo0873/mmff.xyz,/scratch/jaggbow/mol_xtb_coordinates/chromo0873/basic.xyz,1,,,,,,
473,chromo5087,CC(C)(C)c1ccc2c(c1)c1cc(C(C)(C)C)ccc1n2-c1cc(C(=O)c2ccccc2)cc(-n2c3ccc(C(C)(C)C)cc3c3cc(C(C)(C)C)ccc32)c1,2.8176,0.1343,3.6854,0.2974000000000001,/scratch/jaggbow/mol_xtb_coordinates/chromo5087/geom.xtbopt.xyz,/scratch/jaggbow/mol_xtb_coordinates/chromo5087/mmff.xyz,/scratch/jaggbow/mol_xtb_coordinates/chromo5087/basic.xyz,1,,,,,,
474,chromo2856,CN(C)c1ccc(-c2ccc(C=Cc3cnc4ccccc4n3)cc2)cc1,2.6688,0.7613000000000001,3.4428,0.7033,/scratch/jaggbow/mol_xtb_coordinates/chromo2856/geom.xtbopt.xyz,/scratch/jaggbow/mol_xtb_coordinates/chromo2856/mmff.xyz,/scratch/jaggbow/mol_xtb_coordinates/chromo2856/basic.xyz,0,,,,,,
475,chromo4924,CCC1(CC)c2ccccc2-c2ccc(C#Cc3ccc4ccc5cccc6ccc3c4c56)cc21,2.9394,1.134,3.6601,1.0147,/scratch/jaggbow/mol_xtb_coordinates/chromo4924/geom.xtbopt.xyz,/scratch/jaggbow/mol_xtb_coordinates/chromo4924/mmff.xyz,/scratch/jaggbow/mol_xtb_coordinates/chromo4924/basic.xyz,1,,,,,,
476,chromo2131,c1ccc(-n2c3ccccc3c3cc(-c4cccc(-n5c6ccccc6c6ncccc65)c4)ccc32)cc1,3.9,0.8369,3.8083,0.4988000000000001,/scratch/jaggbow/mol_xtb_coordinates/chromo2131/geom.xtbopt.xyz,/scratch/jaggbow/mol_xtb_coordinates/chromo2131/mmff.xyz,/scratch/jaggbow/mol_xtb_coordinates/chromo2131/basic.xyz,1,,,,,,
477,chromo0066,O=C1NC(=O)c2ccc(N3CCOCC3)c3cccc1c23,3.239,1.0455,2.9235,0.8311000000000002,/scratch/jaggbow/mol_xtb_coordinates/chromo0066/geom.xtbopt.xyz,/scratch/jaggbow/mol_xtb_coordinates/chromo0066/mmff.xyz,/scratch/jaggbow/mol_xtb_coordinates/chromo0066/basic.xyz,0,,,,,,
478,chromo5438,F[B-]1(F)n2c(cc3c4ccccc4c4ccccc4c32)-c2ccc3ccccc3[n+]21,2.4367,0.6476000000000002,2.9789,0.7033,/scratch/jaggbow/mol_xtb_coordinates/chromo5438/geom.xtbopt.xyz,/scratch/jaggbow/mol_xtb_coordinates/chromo5438/mmff.xyz,/scratch/jaggbow/mol_xtb_coordinates/chromo5438/basic.xyz,0,,,,,,
479,chromo1180,Cc1ccc(-n2c(-c3ccccc3NS(=O)(=O)c3ccc(C)cc3)nc3c4ccccc4c4ccccc4c32)cc1,3.6639,0.9165,3.7321,0.3281,/scratch/jaggbow/mol_xtb_coordinates/chromo1180/geom.xtbopt.xyz,/scratch/jaggbow/mol_xtb_coordinates/chromo1180/mmff.xyz,/scratch/jaggbow/mol_xtb_coordinates/chromo1180/basic.xyz,1,,,,,,
480,chromo6441,COc1cc2c(cc1OC)C1=CC(c3ccc(Cl)cc3)C3(C(C#N)=C(C#N)N1CC2)c1cc(Cl)ccc1-c1ccc(Cl)cc13,3.1828,0.8157999999999999,3.564,1.0665,/scratch/jaggbow/mol_xtb_coordinates/chromo6441/geom.xtbopt.xyz,/scratch/jaggbow/mol_xtb_coordinates/chromo6441/mmff.xyz,/scratch/jaggbow/mol_xtb_coordinates/chromo6441/basic.xyz,0,,,,,,
481,chromo1325,CCOC(=O)CCCCCn1c2ccc([N+](=O)[O-])cc2c(=O)c2cc3c(cc21)c(=O)c1cc([N+](=O)[O-])ccc1n3CCCCCC(=O)OCC,2.7499,0.6357999999999997,2.909,0.7723,/scratch/jaggbow/mol_xtb_coordinates/chromo1325/geom.xtbopt.xyz,/scratch/jaggbow/mol_xtb_coordinates/chromo1325/mmff.xyz,/scratch/jaggbow/mol_xtb_coordinates/chromo1325/basic.xyz,0,,,,,,
482,chromo0280,COc1c2ccccc2c(OC)c2c1c1cccc(OC)c1n2C,3.1823,0.9945,3.0891,0.6851000000000003,/scratch/jaggbow/mol_xtb_coordinates/chromo0280/geom.xtbopt.xyz,/scratch/jaggbow/mol_xtb_coordinates/chromo0280/mmff.xyz,/scratch/jaggbow/mol_xtb_coordinates/chromo0280/basic.xyz,0,,,,,,
483,chromo6228,CCCCN(CCCC)c1ccc(C#Cc2cc(C#Cc3ccc([N+](=O)[O-])cc3)c(C#Cc3ccc([N+](=O)[O-])cc3)cc2C#Cc2ccc(N(CCCC)CCCC)cc2)cc1,2.0274,0.3888,3.4918,0.5474000000000001,/scratch/jaggbow/mol_xtb_coordinates/chromo6228/geom.xtbopt.xyz,/scratch/jaggbow/mol_xtb_coordinates/chromo6228/mmff.xyz,/scratch/jaggbow/mol_xtb_coordinates/chromo6228/basic.xyz,1,,,,,,
484,chromo2961,c1cc2ccc3ccc(-n4c5ccccc5c5ccccc54)c4ccc(c1)c2c34,3.0196,0.9374000000000002,3.377,0.7281999999999997,/scratch/jaggbow/mol_xtb_coordinates/chromo2961/geom.xtbopt.xyz,/scratch/jaggbow/mol_xtb_coordinates/chromo2961/mmff.xyz,/scratch/jaggbow/mol_xtb_coordinates/chromo2961/basic.xyz,1,,,,,,
485,chromo6791,Cc1cc(C)c(-c2cc(-c3c(C)cc(C)cc3C)c3ccc4c(-c5c(C)cc(C)cc5C)cc(-c5c(C)cc(C)cc5C)c5ccc2c3c54)c(C)c1,3.4509,1.4495,3.6442,0.9339,/scratch/jaggbow/mol_xtb_coordinates/chromo6791/geom.xtbopt.xyz,/scratch/jaggbow/mol_xtb_coordinates/chromo6791/mmff.xyz,/scratch/jaggbow/mol_xtb_coordinates/chromo6791/basic.xyz,1,,,,,,
486,chromo6748,F[B-]12Oc3ccccc3-c3c4[n+]5c(c([n+]31)-c1ccccc1O2)-c1ccccc1O[B-]5(F)Oc1ccccc1-4,2.2944,0.554,2.9048,0.5905,/scratch/jaggbow/mol_xtb_coordinates/chromo6748/geom.xtbopt.xyz,/scratch/jaggbow/mol_xtb_coordinates/chromo6748/mmff.xyz,/scratch/jaggbow/mol_xtb_coordinates/chromo6748/basic.xyz,0,,,,,,
487,chromo0306,[O-][n+]1c(C=Cc2ccc(C=Cc3ccccc3)cc2)nc(N2CCOCC2)c2c1CCCC2,2.7297,1.1307999999999998,2.9093,0.8472,/scratch/jaggbow/mol_xtb_coordinates/chromo0306/geom.xtbopt.xyz,/scratch/jaggbow/mol_xtb_coordinates/chromo0306/mmff.xyz,/scratch/jaggbow/mol_xtb_coordinates/chromo0306/basic.xyz,0,,,,,,
488,chromo1201,CN(C)c1ccc(-c2ccc3c(=O)c(O)coc3c2)cc1,3.3099,0.6908999999999996,3.7521,1.0587,/scratch/jaggbow/mol_xtb_coordinates/chromo1201/geom.xtbopt.xyz,/scratch/jaggbow/mol_xtb_coordinates/chromo1201/mmff.xyz,/scratch/jaggbow/mol_xtb_coordinates/chromo1201/basic.xyz,1,,,,,,
489,chromo5402,c1ccc(N(c2ccccc2)c2ccc(-c3ccc4c(c3)C3(c5cc(-c6ccc(N(c7ccccc7)c7ccccc7)cc6)ccc5-4)c4ccccc4N(c4ccccc4)c4ccccc43)cc2)cc1,3.1446,0.6520000000000001,3.8816,0.4039000000000001,/scratch/jaggbow/mol_xtb_coordinates/chromo5402/geom.xtbopt.xyz,/scratch/jaggbow/mol_xtb_coordinates/chromo5402/mmff.xyz,/scratch/jaggbow/mol_xtb_coordinates/chromo5402/basic.xyz,0,,,,,,
490,chromo4891,CC1=CC(C)=[N+]2C1=C(c1ccccc1)c1c(C)c(-c3cccs3)c(C)n1[B-]2(F)F,2.7572,1.2491,2.5934,1.1182,/scratch/jaggbow/mol_xtb_coordinates/chromo4891/geom.xtbopt.xyz,/scratch/jaggbow/mol_xtb_coordinates/chromo4891/mmff.xyz,/scratch/jaggbow/mol_xtb_coordinates/chromo4891/basic.xyz,1,,,,,,
491,chromo5520,COc1ccc(C=CC=CC=Cc2ccc([N+](=O)[O-])cc2)cc1,2.6051,1.2128,3.2387,1.1356000000000002,/scratch/jaggbow/mol_xtb_coordinates/chromo5520/geom.xtbopt.xyz,/scratch/jaggbow/mol_xtb_coordinates/chromo5520/mmff.xyz,/scratch/jaggbow/mol_xtb_coordinates/chromo5520/basic.xyz,1,,,,,,
492,chromo0918,C[Si]1(C)c2ccc(-c3cccs3)cc2C=Cc2cc(-c3cccs3)ccc21,3.7904,1.2538,4.192,0.9157000000000002,/scratch/jaggbow/mol_xtb_coordinates/chromo0918/geom.xtbopt.xyz,/scratch/jaggbow/mol_xtb_coordinates/chromo0918/mmff.xyz,/scratch/jaggbow/mol_xtb_coordinates/chromo0918/basic.xyz,0,,,,,,
493,chromo2754,CCCCCCN(CCCCCC)c1ccc(C#Cc2ccc(C#N)cc2)cc1,3.2025,0.9474,3.8654,0.8180000000000001,/scratch/jaggbow/mol_xtb_coordinates/chromo2754/geom.xtbopt.xyz,/scratch/jaggbow/mol_xtb_coordinates/chromo2754/mmff.xyz,/scratch/jaggbow/mol_xtb_coordinates/chromo2754/basic.xyz,1,,,,,,
494,chromo1022,COC(=O)C=CC=CC1=CC2=C(c3c(C)cc(C)cc3C)c3cc(C=CC=CC(=O)OC)cn3[B-](F)(F)[N+]2=C1,2.1996,0.8294000000000001,2.5655,0.9723000000000002,/scratch/jaggbow/mol_xtb_coordinates/chromo1022/geom.xtbopt.xyz,/scratch/jaggbow/mol_xtb_coordinates/chromo1022/mmff.xyz,/scratch/jaggbow/mol_xtb_coordinates/chromo1022/basic.xyz,1,,,,,,
495,chromo4682,C[Si]1(C)O[Si](C)(C)c2cc3c(-c4ccccc4)c4cc(Cl)ccc4nc3cc21,3.1461,1.3270000000000002,3.4719,0.9276000000000004,/scratch/jaggbow/mol_xtb_coordinates/chromo4682/geom.xtbopt.xyz,/scratch/jaggbow/mol_xtb_coordinates/chromo4682/mmff.xyz,/scratch/jaggbow/mol_xtb_coordinates/chromo4682/basic.xyz,0,,,,,,
496,chromo3316,CCCN(c1ccccc1)c1ccc2c(c1)C(CC)(CC)c1cc(C=Cc3ccc(C=C(C#N)C(=O)O)s3)ccc1-2,2.1185,0.7372000000000001,2.9436,0.9657,/scratch/jaggbow/mol_xtb_coordinates/chromo3316/geom.xtbopt.xyz,/scratch/jaggbow/mol_xtb_coordinates/chromo3316/mmff.xyz,/scratch/jaggbow/mol_xtb_coordinates/chromo3316/basic.xyz,0,,,,,,
497,chromo4388,Fc1ccc(-c2cc3ccc4cc(-c5ccc(F)cc5)cc5ccc(c2)c3c45)cc1,3.4074,1.2919999999999998,3.612,0.8119000000000001,/scratch/jaggbow/mol_xtb_coordinates/chromo4388/geom.xtbopt.xyz,/scratch/jaggbow/mol_xtb_coordinates/chromo4388/mmff.xyz,/scratch/jaggbow/mol_xtb_coordinates/chromo4388/basic.xyz,1,,,,,,
498,chromo4687,C[Si]1(C)O[Si](C)(C)c2cc3nc4ccccc4c(-c4ccccc4)c3cc2[Si](C)(C)O1,3.2021,1.334,3.3684,0.8872999999999998,/scratch/jaggbow/mol_xtb_coordinates/chromo4687/geom.xtbopt.xyz,/scratch/jaggbow/mol_xtb_coordinates/chromo4687/mmff.xyz,/scratch/jaggbow/mol_xtb_coordinates/chromo4687/basic.xyz,0,,,,,,
499,chromo1177,Cc1ccc(N2C(c3ccccc3[N-]S(=O)(=O)c3ccc(C)cc3)=[NH+]C(c3ccccc3)C2c2ccccc2)cc1,2.8754,0.1086,1.889,0.4772,/scratch/jaggbow/mol_xtb_coordinates/chromo1177/geom.xtbopt.xyz,/scratch/jaggbow/mol_xtb_coordinates/chromo1177/mmff.xyz,/scratch/jaggbow/mol_xtb_coordinates/chromo1177/basic.xyz,1,,,,,,
500,chromo3838,C(=Cc1ccc(C=Cc2ccc(N(c3ccccc3)c3ccccc3)cc2)c2nsnc12)c1ccc(N(c2ccccc2)c2ccccc2)cc1,1.9342,0.8169,2.8448,0.6934,/scratch/jaggbow/mol_xtb_coordinates/chromo3838/geom.xtbopt.xyz,/scratch/jaggbow/mol_xtb_coordinates/chromo3838/mmff.xyz,/scratch/jaggbow/mol_xtb_coordinates/chromo3838/basic.xyz,0,,,,,,
501,chromo6373,c1ccc(-c2c3ccccc3c(-c3ccccc3)c3cc4ccccc4cc23)cc1,2.4276,1.3355,2.7302,1.1026,/scratch/jaggbow/mol_xtb_coordinates/chromo6373/geom.xtbopt.xyz,/scratch/jaggbow/mol_xtb_coordinates/chromo6373/mmff.xyz,/scratch/jaggbow/mol_xtb_coordinates/chromo6373/basic.xyz,0,,,,,,
502,chromo6082,CCN(CC)c1ccc2c(c1)oc(=O)c1c(=O)oc3c(OC)cccc3c12,3.1453,0.9006000000000003,3.2658,0.8388,/scratch/jaggbow/mol_xtb_coordinates/chromo6082/geom.xtbopt.xyz,/scratch/jaggbow/mol_xtb_coordinates/chromo6082/mmff.xyz,/scratch/jaggbow/mol_xtb_coordinates/chromo6082/basic.xyz,0,,,,,,
503,chromo3538,COc1cc(-c2cnc(-c3cnc4ccccc4c3)o2)cc(OC)c1OC,3.2544,0.9812,3.534,0.8531,/scratch/jaggbow/mol_xtb_coordinates/chromo3538/geom.xtbopt.xyz,/scratch/jaggbow/mol_xtb_coordinates/chromo3538/mmff.xyz,/scratch/jaggbow/mol_xtb_coordinates/chromo3538/basic.xyz,0,,,,,,
504,chromo0673,N#Cc1c(-n2c3ccccc3c3ccccc32)nc(-n2c3ccccc3c3ccccc32)c(C#N)c1-c1ccccc1,2.9644,0.3729999999999998,3.6329,0.5696999999999997,/scratch/jaggbow/mol_xtb_coordinates/chromo0673/geom.xtbopt.xyz,/scratch/jaggbow/mol_xtb_coordinates/chromo0673/mmff.xyz,/scratch/jaggbow/mol_xtb_coordinates/chromo0673/basic.xyz,1,,,,,,
505,chromo0277,COc1c2ccccc2c(OC)c2c1c1ccccc1n2C,3.2597,1.0361000000000002,3.2056,0.7004000000000001,/scratch/jaggbow/mol_xtb_coordinates/chromo0277/geom.xtbopt.xyz,/scratch/jaggbow/mol_xtb_coordinates/chromo0277/mmff.xyz,/scratch/jaggbow/mol_xtb_coordinates/chromo0277/basic.xyz,0,,,,,,
506,chromo2432,COc1ccc(-c2cc3c(s2)c(C(C)=O)cc(=O)n3C)cc1,2.8233,1.0209,2.9207,0.8940000000000001,/scratch/jaggbow/mol_xtb_coordinates/chromo2432/geom.xtbopt.xyz,/scratch/jaggbow/mol_xtb_coordinates/chromo2432/mmff.xyz,/scratch/jaggbow/mol_xtb_coordinates/chromo2432/basic.xyz,1,,,,,,
507,chromo4218,CC(C)(C)c1ccc2c(c1)sc1[n+]2[B-](F)(F)n2c(c3cccc4cccc2c43)=N1,2.7878,0.9370999999999998,2.6749,0.6857,/scratch/jaggbow/mol_xtb_coordinates/chromo4218/geom.xtbopt.xyz,/scratch/jaggbow/mol_xtb_coordinates/chromo4218/mmff.xyz,/scratch/jaggbow/mol_xtb_coordinates/chromo4218/basic.xyz,0,,,,,,
508,chromo3816,CCCCC(CC)Cn1c2cc(C#N)ccc2c2ccc(C#Cc3ccc4ccc5ccc(C#Cc6ccc7c8ccc(C#N)cc8n(CC(CC)CCCC)c7c6)c6ccc3c4c56)cc21,2.5144,0.8949000000000003,3.2968,0.8032000000000004,/scratch/jaggbow/mol_xtb_coordinates/chromo3816/geom.xtbopt.xyz,/scratch/jaggbow/mol_xtb_coordinates/chromo3816/mmff.xyz,/scratch/jaggbow/mol_xtb_coordinates/chromo3816/basic.xyz,1,,,,,,
509,chromo5497,CCC1=C(C)C2=Cc3c4ccccc4c4n3[B-](c3ccc5cc6ccccc6cc5c3)(Oc3ccccc3-4)[N+]2=C1C,1.9757,0.7348000000000001,2.2987,0.9963000000000002,/scratch/jaggbow/mol_xtb_coordinates/chromo5497/geom.xtbopt.xyz,/scratch/jaggbow/mol_xtb_coordinates/chromo5497/mmff.xyz,/scratch/jaggbow/mol_xtb_coordinates/chromo5497/basic.xyz,0,,,,,,
510,chromo6271,COc1ccc(-c2c3cc4ccccc4cc3c(C#Cc3ccccc3)c3cc4ccccc4cc23)cc1,1.7378,1.2948,2.2209,1.0895,/scratch/jaggbow/mol_xtb_coordinates/chromo6271/geom.xtbopt.xyz,/scratch/jaggbow/mol_xtb_coordinates/chromo6271/mmff.xyz,/scratch/jaggbow/mol_xtb_coordinates/chromo6271/basic.xyz,0,,,,,,
511,chromo5515,CC(C)[Si]1(C(C)C)c2cc(C=O)ccc2-c2ccc(N(c3ccccc3)c3ccccc3)cc21,2.9238,0.6480000000000001,3.3849,0.5615000000000001,/scratch/jaggbow/mol_xtb_coordinates/chromo5515/geom.xtbopt.xyz,/scratch/jaggbow/mol_xtb_coordinates/chromo5515/mmff.xyz,/scratch/jaggbow/mol_xtb_coordinates/chromo5515/basic.xyz,0,,,,,,
512,chromo0048,c1ccc2c(c1)OP1(=NP3(=NP(Oc4ccc5ccc6cccc7ccc4c5c67)(Oc4ccc5ccc6cccc7ccc4c5c67)=N1)Oc1ccccc1-c1ccccc1O3)Oc1ccccc1-2,3.4631,1.3706999999999998,1.0333,0.1352000000000001,/scratch/jaggbow/mol_xtb_coordinates/chromo0048/geom.xtbopt.xyz,/scratch/jaggbow/mol_xtb_coordinates/chromo0048/mmff.xyz,/scratch/jaggbow/mol_xtb_coordinates/chromo0048/basic.xyz,0,,,,,,
513,chromo3780,Cc1cc(C(F)(F)F)nc2c1ccc1nc(-c3ccc(Cl)cc3)cn12,3.1099,0.7286000000000001,3.5239,0.6140999999999996,/scratch/jaggbow/mol_xtb_coordinates/chromo3780/geom.xtbopt.xyz,/scratch/jaggbow/mol_xtb_coordinates/chromo3780/mmff.xyz,/scratch/jaggbow/mol_xtb_coordinates/chromo3780/basic.xyz,0,,,,,,
514,chromo2564,COc1ccc(N2C(=O)c3ccccc3C2C(=O)OC(C)(C)C)cc1OC,3.4696,0.5627999999999997,3.8814,0.6201000000000003,/scratch/jaggbow/mol_xtb_coordinates/chromo2564/geom.xtbopt.xyz,/scratch/jaggbow/mol_xtb_coordinates/chromo2564/mmff.xyz,/scratch/jaggbow/mol_xtb_coordinates/chromo2564/basic.xyz,0,,,,,,
515,chromo5692,CC1(C)c2ccccc2-n2c(-c3ccc(-n4c5ccccc5c5ccccc54)cc3)nc3cccc1c32,3.4643,0.6154000000000002,3.8909,0.4382999999999999,/scratch/jaggbow/mol_xtb_coordinates/chromo5692/geom.xtbopt.xyz,/scratch/jaggbow/mol_xtb_coordinates/chromo5692/mmff.xyz,/scratch/jaggbow/mol_xtb_coordinates/chromo5692/basic.xyz,0,,,,,,
516,chromo2522,CCOCCOCCOC(=O)C=CC1=CC2=C(c3c(C)cc(C)cc3C)c3cccn3[B-](F)(F)[N+]2=C1,2.7686,1.1780000000000002,2.8065,1.2328,/scratch/jaggbow/mol_xtb_coordinates/chromo2522/geom.xtbopt.xyz,/scratch/jaggbow/mol_xtb_coordinates/chromo2522/mmff.xyz,/scratch/jaggbow/mol_xtb_coordinates/chromo2522/basic.xyz,1,,,,,,
517,chromo3140,C(=Cc1ccc(-c2ccc(C=CSC=C3CCCCC3)cc2)cc1)SC=C1CCCCC1,3.3328,1.0437000000000003,3.7677,0.7534000000000001,/scratch/jaggbow/mol_xtb_coordinates/chromo3140/geom.xtbopt.xyz,/scratch/jaggbow/mol_xtb_coordinates/chromo3140/mmff.xyz,/scratch/jaggbow/mol_xtb_coordinates/chromo3140/basic.xyz,1,,,,,,
518,chromo1080,Cc1cc(C)c(C2=C3C=c4c(c5ccccc5c5ccccc45)=[N+]3[B-](F)(F)n3c2cc2c4ccccc4c4ccccc4c23)c(C)c1,2.1613,0.9189000000000004,2.5447,0.9945000000000002,/scratch/jaggbow/mol_xtb_coordinates/chromo1080/geom.xtbopt.xyz,/scratch/jaggbow/mol_xtb_coordinates/chromo1080/mmff.xyz,/scratch/jaggbow/mol_xtb_coordinates/chromo1080/basic.xyz,0,,,,,,
519,chromo4523,CCCCCCCCOc1ccc(C#Cc2ccc3oc4ccccc4c3c2)c(OCCCCCCCC)c1,3.7911,1.0705,4.1628,0.6499999999999999,/scratch/jaggbow/mol_xtb_coordinates/chromo4523/geom.xtbopt.xyz,/scratch/jaggbow/mol_xtb_coordinates/chromo4523/mmff.xyz,/scratch/jaggbow/mol_xtb_coordinates/chromo4523/basic.xyz,0,,,,,,
520,chromo6222,CCCCN(CCCC)c1ccc(C#Cc2cc(C#Cc3c(F)c(F)c(F)c(F)c3F)c(C#Cc3c(F)c(F)c(F)c(F)c3F)cc2C#Cc2ccc(N(CCCC)CCCC)cc2)cc1,2.4361,0.6338000000000001,3.4894,0.5496999999999996,/scratch/jaggbow/mol_xtb_coordinates/chromo6222/geom.xtbopt.xyz,/scratch/jaggbow/mol_xtb_coordinates/chromo6222/mmff.xyz,/scratch/jaggbow/mol_xtb_coordinates/chromo6222/basic.xyz,1,,,,,,
521,chromo0049,c1ccc2c(c1)OP1(=NP(Oc3ccc4ccc5cccc6ccc3c4c56)(Oc3ccc4ccc5cccc6ccc3c4c56)=NP(Oc3ccc4ccc5cccc6ccc3c4c56)(Oc3ccc4ccc5cccc6ccc3c4c56)=N1)Oc1ccccc1-2,3.2536,1.1745,0.4706,0.2844,/scratch/jaggbow/mol_xtb_coordinates/chromo0049/geom.xtbopt.xyz,/scratch/jaggbow/mol_xtb_coordinates/chromo0049/mmff.xyz,/scratch/jaggbow/mol_xtb_coordinates/chromo0049/basic.xyz,0,,,,,,
522,chromo1096,COc1ccccc1C1=[N+]2C(=C(c3ccccc3)c3c4ccccc4c(-c4ccccc4OC)n3[B-]2(F)F)c2ccccc21,2.332,1.1917999999999995,2.5178,1.1646999999999998,/scratch/jaggbow/mol_xtb_coordinates/chromo1096/geom.xtbopt.xyz,/scratch/jaggbow/mol_xtb_coordinates/chromo1096/mmff.xyz,/scratch/jaggbow/mol_xtb_coordinates/chromo1096/basic.xyz,0,,,,,,
523,chromo3774,CCCCCCCCC1(CCCCCCCC)c2cc(C#CC#Cc3ccc(N(c4ccccc4)c4ccccc4)cc3)ccc2-c2ccc(C=O)cc21,2.6435,0.6576,3.6317,0.5120999999999998,/scratch/jaggbow/mol_xtb_coordinates/chromo3774/geom.xtbopt.xyz,/scratch/jaggbow/mol_xtb_coordinates/chromo3774/mmff.xyz,/scratch/jaggbow/mol_xtb_coordinates/chromo3774/basic.xyz,0,,,,,,
524,chromo1914,CC1=[N+]2C(=C(c3c4ccccc4cc4ccccc34)c3ccc(C)n3[B-]2(F)F)C=C1,2.2524,0.7548000000000001,2.9416,1.4701000000000002,/scratch/jaggbow/mol_xtb_coordinates/chromo1914/geom.xtbopt.xyz,/scratch/jaggbow/mol_xtb_coordinates/chromo1914/mmff.xyz,/scratch/jaggbow/mol_xtb_coordinates/chromo1914/basic.xyz,1,,,,,,
525,chromo0690,O=[N+]([O-])c1ccc(-c2cn3ccc[n+]3[n-]2)cc1,2.4975,0.3239000000000001,2.9712,0.4934000000000003,/scratch/jaggbow/mol_xtb_coordinates/chromo0690/geom.xtbopt.xyz,/scratch/jaggbow/mol_xtb_coordinates/chromo0690/mmff.xyz,/scratch/jaggbow/mol_xtb_coordinates/chromo0690/basic.xyz,0,,,,,,
526,chromo2583,Cn1cc(-c2nc3ccccc3nc2C#Cc2ccccc2)c2ccccc21,2.8226,0.4514,3.2384,0.3424,/scratch/jaggbow/mol_xtb_coordinates/chromo2583/geom.xtbopt.xyz,/scratch/jaggbow/mol_xtb_coordinates/chromo2583/mmff.xyz,/scratch/jaggbow/mol_xtb_coordinates/chromo2583/basic.xyz,0,,,,,,
527,chromo2555,CC(C)(C)c1ccc2c3c(c4ccc(C(C)(C)C)cc4c2c1)=[N+]1C(=C(c2ccccc2)c2c(Br)c4c5ccc(C(C)(C)C)cc5c5cc(C(C)(C)C)ccc5c4n2[B-]1(F)F)C=3Br,2.0763,0.8825999999999998,2.4749,0.9459,/scratch/jaggbow/mol_xtb_coordinates/chromo2555/geom.xtbopt.xyz,/scratch/jaggbow/mol_xtb_coordinates/chromo2555/mmff.xyz,/scratch/jaggbow/mol_xtb_coordinates/chromo2555/basic.xyz,0,,,,,,
528,chromo0565,Cc1nc(-c2ccccc2)c2ccccn12,3.2786,1.033,3.3344,0.6831,/scratch/jaggbow/mol_xtb_coordinates/chromo0565/geom.xtbopt.xyz,/scratch/jaggbow/mol_xtb_coordinates/chromo0565/mmff.xyz,/scratch/jaggbow/mol_xtb_coordinates/chromo0565/basic.xyz,0,,,,,,
529,chromo2146,N#Cc1ccc(-n2c(-c3ccc(-c4ccc(-c5nc6c7ccccc7c7ccccc7c6n5-c5ccc(C#N)c6ccccc56)cc4)cc3)nc3c4ccccc4c4ccccc4c32)c2ccccc12,2.4513,0.0619999999999998,3.8538,0.702,/scratch/jaggbow/mol_xtb_coordinates/chromo2146/geom.xtbopt.xyz,/scratch/jaggbow/mol_xtb_coordinates/chromo2146/mmff.xyz,/scratch/jaggbow/mol_xtb_coordinates/chromo2146/basic.xyz,1,,,,,,
530,chromo0305,O=Cc1ccc(C=Cc2nc(N3CCOCC3)c3c([n+]2[O-])CCCC3)cc1,2.698,1.0842,2.7735,0.8770999999999998,/scratch/jaggbow/mol_xtb_coordinates/chromo0305/geom.xtbopt.xyz,/scratch/jaggbow/mol_xtb_coordinates/chromo0305/mmff.xyz,/scratch/jaggbow/mol_xtb_coordinates/chromo0305/basic.xyz,0,,,,,,
531,chromo2756,CCCCCCN(CCCCCC)c1ccc(C#Cc2ccc(C(F)(F)F)cc2)cc1,3.4579,1.0442999999999998,3.9586,0.8805000000000001,/scratch/jaggbow/mol_xtb_coordinates/chromo2756/geom.xtbopt.xyz,/scratch/jaggbow/mol_xtb_coordinates/chromo2756/mmff.xyz,/scratch/jaggbow/mol_xtb_coordinates/chromo2756/basic.xyz,1,,,,,,
532,chromo0695,Cc1ccc2ccc3cccc4ccc1c2c34,3.6669,1.5669,3.7484,1.0162,/scratch/jaggbow/mol_xtb_coordinates/chromo0695/geom.xtbopt.xyz,/scratch/jaggbow/mol_xtb_coordinates/chromo0695/mmff.xyz,/scratch/jaggbow/mol_xtb_coordinates/chromo0695/basic.xyz,1,,,,,,
533,chromo5260,F[B-]1(F)n2cccc2C(c2c3ccccc3c(-c3ccccc3)c3ccccc23)=C2C=CC=[N+]21,2.0495,0.4583000000000001,2.7732,1.2486000000000002,/scratch/jaggbow/mol_xtb_coordinates/chromo5260/geom.xtbopt.xyz,/scratch/jaggbow/mol_xtb_coordinates/chromo5260/mmff.xyz,/scratch/jaggbow/mol_xtb_coordinates/chromo5260/basic.xyz,1,,,,,,
534,chromo5553,F[B-]1(F)n2cccc2C=C2c3ccccc3C(c3ccc[nH]3)=[N+]21,2.5594,1.324,2.7368,1.3625,/scratch/jaggbow/mol_xtb_coordinates/chromo5553/geom.xtbopt.xyz,/scratch/jaggbow/mol_xtb_coordinates/chromo5553/mmff.xyz,/scratch/jaggbow/mol_xtb_coordinates/chromo5553/basic.xyz,0,,,,,,
535,chromo0678,COc1cn2cc(-c3ccc(C#N)cc3)[n-][n+]2c1,3.1596,0.5804,3.3365,0.5365000000000002,/scratch/jaggbow/mol_xtb_coordinates/chromo0678/geom.xtbopt.xyz,/scratch/jaggbow/mol_xtb_coordinates/chromo0678/mmff.xyz,/scratch/jaggbow/mol_xtb_coordinates/chromo0678/basic.xyz,0,,,,,,
536,chromo5975,CCn1c2ccsc2c2c3nsnc3c3c4sccc4n(CC)c3c21,2.7206,0.7410000000000001,3.4828,0.6768000000000001,/scratch/jaggbow/mol_xtb_coordinates/chromo5975/geom.xtbopt.xyz,/scratch/jaggbow/mol_xtb_coordinates/chromo5975/mmff.xyz,/scratch/jaggbow/mol_xtb_coordinates/chromo5975/basic.xyz,0,,,,,,
537,chromo1208,N#CC(=Cc1ccc(-c2ccncc2)cc1)c1ccc(-c2ccncc2)cc1,3.3506,1.2841,3.926,0.7799,/scratch/jaggbow/mol_xtb_coordinates/chromo1208/geom.xtbopt.xyz,/scratch/jaggbow/mol_xtb_coordinates/chromo1208/mmff.xyz,/scratch/jaggbow/mol_xtb_coordinates/chromo1208/basic.xyz,1,,,,,,
538,chromo3244,COc1ccc2c(CC(=O)NN)coc2c1,4.7708,1.4979000000000005,4.426,0.7394000000000003,/scratch/jaggbow/mol_xtb_coordinates/chromo3244/geom.xtbopt.xyz,/scratch/jaggbow/mol_xtb_coordinates/chromo3244/mmff.xyz,/scratch/jaggbow/mol_xtb_coordinates/chromo3244/basic.xyz,0,,,,,,
539,chromo5223,CCCCN1C(=O)C(=CC=CC=CC=C2N(CCCC)c3ccccc3N2CCCC)C(=O)N(CCCC)C1=S,2.3059,1.0188,2.7052,1.2105,/scratch/jaggbow/mol_xtb_coordinates/chromo5223/geom.xtbopt.xyz,/scratch/jaggbow/mol_xtb_coordinates/chromo5223/mmff.xyz,/scratch/jaggbow/mol_xtb_coordinates/chromo5223/basic.xyz,0,,,,,,
540,chromo5343,CC(C)(C)NC(=O)c1cc2ccccc2c2ccc3c4ccccc4c4ccccc4c3c12,3.413,1.0358999999999998,3.492,0.367,/scratch/jaggbow/mol_xtb_coordinates/chromo5343/geom.xtbopt.xyz,/scratch/jaggbow/mol_xtb_coordinates/chromo5343/mmff.xyz,/scratch/jaggbow/mol_xtb_coordinates/chromo5343/basic.xyz,0,,,,,,
541,chromo5729,CC(=O)c1c(NC(CS)C(=O)O)c2ccc(N(C)C)cc2oc1=O,3.6668,0.9299999999999996,3.5247,0.8141000000000003,/scratch/jaggbow/mol_xtb_coordinates/chromo5729/geom.xtbopt.xyz,/scratch/jaggbow/mol_xtb_coordinates/chromo5729/mmff.xyz,/scratch/jaggbow/mol_xtb_coordinates/chromo5729/basic.xyz,1,,,,,,
542,chromo5897,O=[N+]([O-])c1ccc([N+]2=Cc3ccc4c5c(ccc4c3O[B-]2(c2c(F)c(F)c(F)c(F)c2F)c2c(F)c(F)c(F)c(F)c2F)C=[N+](c2ccc([N+](=O)[O-])cc2)[B-](c2c(F)c(F)c(F)c(F)c2F)(c2c(F)c(F)c(F)c(F)c2F)O5)cc1,2.152,0.6772,2.3698,0.6941000000000002,/scratch/jaggbow/mol_xtb_coordinates/chromo5897/geom.xtbopt.xyz,/scratch/jaggbow/mol_xtb_coordinates/chromo5897/mmff.xyz,/scratch/jaggbow/mol_xtb_coordinates/chromo5897/basic.xyz,0,,,,,,
543,chromo5922,CN(C)c1ccc(-c2cc(-c3ccc(C#N)cc3)nn2C)cc1,3.6542,0.7750999999999997,4.0275,0.5634999999999999,/scratch/jaggbow/mol_xtb_coordinates/chromo5922/geom.xtbopt.xyz,/scratch/jaggbow/mol_xtb_coordinates/chromo5922/mmff.xyz,/scratch/jaggbow/mol_xtb_coordinates/chromo5922/basic.xyz,1,,,,,,
544,chromo5983,CC(C)(C)c1ccc2c(c1)[nH]c1c3[nH]c4cc(C(C)(C)C)ccc4c3c3nsnc3c21,2.9397,0.8084000000000002,3.6692,0.7725,/scratch/jaggbow/mol_xtb_coordinates/chromo5983/geom.xtbopt.xyz,/scratch/jaggbow/mol_xtb_coordinates/chromo5983/mmff.xyz,/scratch/jaggbow/mol_xtb_coordinates/chromo5983/basic.xyz,0,,,,,,
545,chromo6123,O=C(c1ccc2c3c(cccc13)-c1cccc3c1C2CC=C3)c1c(Cc2ccccc2)c2ccc3cccc4c5cccc6ccc1c(c65)c2c34,2.8129,0.8102,3.4411,0.7090000000000001,/scratch/jaggbow/mol_xtb_coordinates/chromo6123/geom.xtbopt.xyz,/scratch/jaggbow/mol_xtb_coordinates/chromo6123/mmff.xyz,/scratch/jaggbow/mol_xtb_coordinates/chromo6123/basic.xyz,0,,,,,,
546,chromo6221,CCCCN(CCCC)c1ccc(C#Cc2cc(C#Cc3cc(C(F)(F)F)cc(C(F)(F)F)c3)c(C#Cc3ccc(N(CCCC)CCCC)cc3)cc2C#Cc2cc(C(F)(F)F)cc(C(F)(F)F)c2)cc1,2.2621,0.3311000000000001,3.5601,0.4650999999999996,/scratch/jaggbow/mol_xtb_coordinates/chromo6221/geom.xtbopt.xyz,/scratch/jaggbow/mol_xtb_coordinates/chromo6221/mmff.xyz,/scratch/jaggbow/mol_xtb_coordinates/chromo6221/basic.xyz,1,,,,,,
547,chromo6239,CCC(CC)COC1=CC2=C3c4cc(OCC(CC)CC)c(-c5cccs5)n4[B-](F)(F)[n+]4c3n(c3cc(C(C)(C)C)ccc34)[B-](F)(F)[N+]2=C1c1cccs1,1.9275,1.2826,2.2247,1.6751,/scratch/jaggbow/mol_xtb_coordinates/chromo6239/geom.xtbopt.xyz,/scratch/jaggbow/mol_xtb_coordinates/chromo6239/mmff.xyz,/scratch/jaggbow/mol_xtb_coordinates/chromo6239/basic.xyz,0,,,,,,
548,chromo6256,COc1ccc(-c2c3ccccc3c(C#Cc3ccccc3)c3ccccc23)cc1,2.7553,1.2765000000000002,3.1692,1.0604,/scratch/jaggbow/mol_xtb_coordinates/chromo6256/geom.xtbopt.xyz,/scratch/jaggbow/mol_xtb_coordinates/chromo6256/mmff.xyz,/scratch/jaggbow/mol_xtb_coordinates/chromo6256/basic.xyz,1,,,,,,
549,chromo6365,Cc1ccccc1N1c2sc3ccccc3c2Sc2sc3ccccc3c21,3.1211,0.6692,2.4142,0.4773,/scratch/jaggbow/mol_xtb_coordinates/chromo6365/geom.xtbopt.xyz,/scratch/jaggbow/mol_xtb_coordinates/chromo6365/mmff.xyz,/scratch/jaggbow/mol_xtb_coordinates/chromo6365/basic.xyz,0,,,,,,
550,chromo6415,CC(C)[Si](C#Cc1c2ccccc2c(C#C[Si](C(C)C)(C(C)C)C(C)C)c2nc3c4ccccc4c(=O)c4ccccc4c3nc12)(C(C)C)C(C)C,2.3065,1.0712000000000002,2.6623,0.8637000000000001,/scratch/jaggbow/mol_xtb_coordinates/chromo6415/geom.xtbopt.xyz,/scratch/jaggbow/mol_xtb_coordinates/chromo6415/mmff.xyz,/scratch/jaggbow/mol_xtb_coordinates/chromo6415/basic.xyz,0,,,,,,
551,chromo6419,CCC(C)[Si](C#Cc1c2nc3c4ccccc4c(=O)c4ccccc4c3nc2c(C#C[Si](C(C)CC)(C(C)CC)C(C)CC)c2nc3c4ccccc4c(=O)c4ccccc4c3nc12)(C(C)CC)C(C)CC,2.1255,0.9759000000000002,2.5762,0.8411,/scratch/jaggbow/mol_xtb_coordinates/chromo6419/geom.xtbopt.xyz,/scratch/jaggbow/mol_xtb_coordinates/chromo6419/mmff.xyz,/scratch/jaggbow/mol_xtb_coordinates/chromo6419/basic.xyz,0,,,,,,
552,chromo6428,COC(=O)C1=C(C(=O)OC)C2(c3ccccc3-c3c(C(=O)OC)cccc32)C(c2ccc(Cl)cc2)C=C2c3cc(OC)c(OC)cc3CCN21,3.6996,1.0090000000000003,3.6708,0.8706,/scratch/jaggbow/mol_xtb_coordinates/chromo6428/geom.xtbopt.xyz,/scratch/jaggbow/mol_xtb_coordinates/chromo6428/mmff.xyz,/scratch/jaggbow/mol_xtb_coordinates/chromo6428/basic.xyz,0,,,,,,
553,chromo6436,COC(=O)C1=C(C(=O)OC)C2(c3cc([N+](=O)[O-])ccc3-c3ccc([N+](=O)[O-])cc32)C2(C=Cc3ccccc3)c3cc(OC)c(OC)cc3CCN12,2.3133,0.0670999999999999,2.945,0.1055999999999999,/scratch/jaggbow/mol_xtb_coordinates/chromo6436/geom.xtbopt.xyz,/scratch/jaggbow/mol_xtb_coordinates/chromo6436/mmff.xyz,/scratch/jaggbow/mol_xtb_coordinates/chromo6436/basic.xyz,0,,,,,,
554,chromo6445,COc1cc2c(cc1OC)C1=CC(c3ccc(C)cc3)C3(C(C#N)=C(C#N)N1CC2)c1cc(Br)ccc1-c1ccc(Br)cc13,3.2277,0.8906000000000001,3.5554,1.0670000000000002,/scratch/jaggbow/mol_xtb_coordinates/chromo6445/geom.xtbopt.xyz,/scratch/jaggbow/mol_xtb_coordinates/chromo6445/mmff.xyz,/scratch/jaggbow/mol_xtb_coordinates/chromo6445/basic.xyz,0,,,,,,
555,chromo6513,O=C1c2ccccc2-c2c(-c3ccccc3O)[nH]c(=O)n21,3.1595,1.1971,3.1089,0.9777,/scratch/jaggbow/mol_xtb_coordinates/chromo6513/geom.xtbopt.xyz,/scratch/jaggbow/mol_xtb_coordinates/chromo6513/mmff.xyz,/scratch/jaggbow/mol_xtb_coordinates/chromo6513/basic.xyz,0,,,,,,
556,chromo6524,COC(=O)c1ccc(O)c(-c2[nH]c(=O)n3c2-c2ccccc2C3=O)c1,3.1303,1.1872,3.169,0.9705,/scratch/jaggbow/mol_xtb_coordinates/chromo6524/geom.xtbopt.xyz,/scratch/jaggbow/mol_xtb_coordinates/chromo6524/mmff.xyz,/scratch/jaggbow/mol_xtb_coordinates/chromo6524/basic.xyz,0,,,,,,
557,chromo6526,COc1ccc(-c2[nH]c(=O)n3c2-c2ccccc2C3=O)c(OC)c1,3.139,1.1604,3.0771,0.9528000000000004,/scratch/jaggbow/mol_xtb_coordinates/chromo6526/geom.xtbopt.xyz,/scratch/jaggbow/mol_xtb_coordinates/chromo6526/mmff.xyz,/scratch/jaggbow/mol_xtb_coordinates/chromo6526/basic.xyz,0,,,,,,
558,chromo6560,O=S(=O)(N=c1oc2cccc3c4c(-c5ccccc5)oc5cccc(c(c1-c1ccccc1)c23)c54)C(F)(F)F,2.8018,1.05,3.0997,0.9508,/scratch/jaggbow/mol_xtb_coordinates/chromo6560/geom.xtbopt.xyz,/scratch/jaggbow/mol_xtb_coordinates/chromo6560/mmff.xyz,/scratch/jaggbow/mol_xtb_coordinates/chromo6560/basic.xyz,0,,,,,,
559,chromo6757,O=C1c2ccccc2-c2nc3ccccc3n21,3.1101,0.6823000000000001,2.9118,0.2789000000000001,/scratch/jaggbow/mol_xtb_coordinates/chromo6757/geom.xtbopt.xyz,/scratch/jaggbow/mol_xtb_coordinates/chromo6757/mmff.xyz,/scratch/jaggbow/mol_xtb_coordinates/chromo6757/basic.xyz,0,,,,,,
560,chromo6771,CC(C)[Si](C#Cc1c2cc3ccccc3cc2c(C#C[Si](C(C)C)(C(C)C)C(C)C)c2cc3ccccc3cc12)(C(C)C)C(C)C,1.6865,1.3290000000000002,2.1377,1.0726000000000002,/scratch/jaggbow/mol_xtb_coordinates/chromo6771/geom.xtbopt.xyz,/scratch/jaggbow/mol_xtb_coordinates/chromo6771/mmff.xyz,/scratch/jaggbow/mol_xtb_coordinates/chromo6771/basic.xyz,0,,,,,,
561,chromo6776,CCCCCCCC(CCCCCCC)N1C(=O)c2c(Cl)cc3c4cc(Cl)c5c6c(c(Cl)cc(c7cc(Cl)c(c2c37)C1=O)c64)C(=O)N(C(CCCCCCC)CCCCCCC)C5=O,2.5096,1.1027999999999998,2.8717,0.9277000000000002,/scratch/jaggbow/mol_xtb_coordinates/chromo6776/geom.xtbopt.xyz,/scratch/jaggbow/mol_xtb_coordinates/chromo6776/mmff.xyz,/scratch/jaggbow/mol_xtb_coordinates/chromo6776/basic.xyz,0,,,,,,
562,chromo6434,CCOC(=O)C1=C(C(=O)OCC)C2(c3ccccc3-c3c(Br)cc(Br)cc32)C2(C=Cc3ccc(Cl)cc3)c3cc(OC)c(OC)cc3CCN12,3.3913,0.8242000000000003,3.6109,0.9937,/scratch/jaggbow/mol_xtb_coordinates/chromo6434/geom.xtbopt.xyz,/scratch/jaggbow/mol_xtb_coordinates/chromo6434/mmff.xyz,/scratch/jaggbow/mol_xtb_coordinates/chromo6434/basic.xyz,0,,,,,,
563,chromo6687,C[SiH]1c2ccccc2-c2cc3c(cc21)-c1ccccc1[SiH]3C,3.6266,1.082,4.1857,0.8028,/scratch/jaggbow/mol_xtb_coordinates/chromo6687/geom.xtbopt.xyz,/scratch/jaggbow/mol_xtb_coordinates/chromo6687/mmff.xyz,/scratch/jaggbow/mol_xtb_coordinates/chromo6687/basic.xyz,0,,,,,,
564,chromo6303,O=S1(=O)C2=C(c3ccc(N(c4ccccc4)c4ccccc4)cc31)C1(C3=C(c4ccccc41)S(=O)(=O)c1cc(N(c4ccccc4)c4ccccc4)ccc13)c1ccccc12,2.6436,0.7593000000000001,3.235,0.7149999999999999,/scratch/jaggbow/mol_xtb_coordinates/chromo6303/geom.xtbopt.xyz,/scratch/jaggbow/mol_xtb_coordinates/chromo6303/mmff.xyz,/scratch/jaggbow/mol_xtb_coordinates/chromo6303/basic.xyz,0,,,,,,
565,chromo0922,C[Si](C)(C)[Si](c1ccc([Si]([Si](C)(C)C)([Si](C)(C)C)[Si](C)(C)C)s1)([Si](C)(C)C)[Si](C)(C)C,4.4551,1.3830999999999998,5.1812,1.1534999999999993,/scratch/jaggbow/mol_xtb_coordinates/chromo0922/geom.xtbopt.xyz,/scratch/jaggbow/mol_xtb_coordinates/chromo0922/mmff.xyz,/scratch/jaggbow/mol_xtb_coordinates/chromo0922/basic.xyz,0,,,,,,
566,chromo3468,CCOC(=O)c1c(-c2cc3ccccc3oc2=O)nn(-c2ccc(Br)cc2)c1C(=O)OCC,3.8785,1.2695,3.9211,0.8757000000000001,/scratch/jaggbow/mol_xtb_coordinates/chromo3468/geom.xtbopt.xyz,/scratch/jaggbow/mol_xtb_coordinates/chromo3468/mmff.xyz,/scratch/jaggbow/mol_xtb_coordinates/chromo3468/basic.xyz,1,,,,,,
567,chromo6279,COc1ccc(-c2cnc3cccc(-c4ccccc4)n23)cc1,3.4631,0.8906000000000001,3.6307,0.5756999999999999,/scratch/jaggbow/mol_xtb_coordinates/chromo6279/geom.xtbopt.xyz,/scratch/jaggbow/mol_xtb_coordinates/chromo6279/mmff.xyz,/scratch/jaggbow/mol_xtb_coordinates/chromo6279/basic.xyz,0,,,,,,
568,chromo6216,CCCCN(CCCC)c1ccc(C#Cc2cc(C#Cc3ccc(C(F)(F)F)cc3)c(C#Cc3ccc(C(F)(F)F)cc3)cc2C#Cc2ccc(N(CCCC)CCCC)cc2)cc1,2.4546,0.6487,3.5363,0.5750000000000002,/scratch/jaggbow/mol_xtb_coordinates/chromo6216/geom.xtbopt.xyz,/scratch/jaggbow/mol_xtb_coordinates/chromo6216/mmff.xyz,/scratch/jaggbow/mol_xtb_coordinates/chromo6216/basic.xyz,1,,,,,,
569,chromo6231,CCCCN(CCCC)c1ccc2c#cc3cc4c#cc5ccc(C(F)(F)F)cc5c#cc#cc5cc(C(F)(F)F)ccc5c#cc4cc3c#cc3ccc(N(CCCC)CCCC)cc3c#cc#cc2c1,2.3999,0.5913000000000002,3.4294,0.4339999999999997,/scratch/jaggbow/mol_xtb_coordinates/chromo6231/geom.xtbopt.xyz,/scratch/jaggbow/mol_xtb_coordinates/chromo6231/mmff.xyz,/scratch/jaggbow/mol_xtb_coordinates/chromo6231/basic.xyz,0,,,,,,
570,chromo6361,Brc1ccc(N2c3c(sc4ccccc34)Sc3sc4ccccc4c32)cc1,3.5487,0.7076000000000002,2.0781,0.4975,/scratch/jaggbow/mol_xtb_coordinates/chromo6361/geom.xtbopt.xyz,/scratch/jaggbow/mol_xtb_coordinates/chromo6361/mmff.xyz,/scratch/jaggbow/mol_xtb_coordinates/chromo6361/basic.xyz,0,,,,,,
571,chromo6481,CC(C)(C)c1ccc(N(c2ccc(C(C)(C)C)cc2)c2cc(N(c3ccc(C(C)(C)C)cc3)c3ccc(C(C)(C)C)cc3)c3ccc4cc(C(C)(C)C)cc5ccc2c3c54)cc1,2.7037,0.8454999999999999,2.9113,0.6234000000000002,/scratch/jaggbow/mol_xtb_coordinates/chromo6481/geom.xtbopt.xyz,/scratch/jaggbow/mol_xtb_coordinates/chromo6481/mmff.xyz,/scratch/jaggbow/mol_xtb_coordinates/chromo6481/basic.xyz,1,,,,,,
572,chromo6767,CC(C)[Si](C#Cc1ccc(C#Cc2c3cc4ccccc4cc3c(C#C[Si](C(C)C)(C(C)C)C(C)C)c3cc4ccccc4cc23)cc1)(C(C)C)C(C)C,1.6158,1.2815,2.149,1.0522,/scratch/jaggbow/mol_xtb_coordinates/chromo6767/geom.xtbopt.xyz,/scratch/jaggbow/mol_xtb_coordinates/chromo6767/mmff.xyz,/scratch/jaggbow/mol_xtb_coordinates/chromo6767/basic.xyz,0,,,,,,
573,chromo6369,COc1ccc(N2c3sc4ccccc4c3Sc3c2sc2ccccc32)cc1,3.0176,0.6616,2.2356,0.5121999999999998,/scratch/jaggbow/mol_xtb_coordinates/chromo6369/geom.xtbopt.xyz,/scratch/jaggbow/mol_xtb_coordinates/chromo6369/mmff.xyz,/scratch/jaggbow/mol_xtb_coordinates/chromo6369/basic.xyz,0,,,,,,
574,chromo6429,COc1cc2c(cc1OC)C1=CC(c3ccccc3)C3(C(C(=O)OC4CC5CCC4C5)=C(C(=O)OC4CC5CCC4C5)N1CC2)c1ccccc1-c1ccccc13,3.8211,1.1021,3.5999,0.8399999999999999,/scratch/jaggbow/mol_xtb_coordinates/chromo6429/geom.xtbopt.xyz,/scratch/jaggbow/mol_xtb_coordinates/chromo6429/mmff.xyz,/scratch/jaggbow/mol_xtb_coordinates/chromo6429/basic.xyz,0,,,,,,
575,chromo6073,O=c1oc2ccccc2c2c1c(=O)oc1cc(O)ccc12,3.4838,1.0663,3.7212,0.8634,/scratch/jaggbow/mol_xtb_coordinates/chromo6073/geom.xtbopt.xyz,/scratch/jaggbow/mol_xtb_coordinates/chromo6073/mmff.xyz,/scratch/jaggbow/mol_xtb_coordinates/chromo6073/basic.xyz,0,,,,,,
576,chromo6431,COC(=O)C1=C(C(=O)OC)C2(c3cc(Cl)ccc3-c3c(Cl)cc(Cl)cc32)C2(C=Cc3ccccc3)c3cc(OC)c(OC)cc3CCN12,3.3922,0.8643000000000001,3.4495,0.961,/scratch/jaggbow/mol_xtb_coordinates/chromo6431/geom.xtbopt.xyz,/scratch/jaggbow/mol_xtb_coordinates/chromo6431/mmff.xyz,/scratch/jaggbow/mol_xtb_coordinates/chromo6431/basic.xyz,0,,,,,,
577,chromo4391,CCC(C)COc1ccc(C2=C3C(C)=C(c4ccc5ccc6cccc7ccc4c5c67)C(C)=[N+]3[B-](F)(F)n3c(C)c(-c4ccc5ccc6cccc7ccc4c5c67)c(C)c32)cc1,2.4224,0.9255000000000002,2.7438,1.2432,/scratch/jaggbow/mol_xtb_coordinates/chromo4391/geom.xtbopt.xyz,/scratch/jaggbow/mol_xtb_coordinates/chromo4391/mmff.xyz,/scratch/jaggbow/mol_xtb_coordinates/chromo4391/basic.xyz,1,,,,,,
578,chromo6639,CCCCCCOc1cc(C=O)c(OCCCCCC)cc1C=O,3.1959,0.9388999999999998,2.9739,0.8289,/scratch/jaggbow/mol_xtb_coordinates/chromo6639/geom.xtbopt.xyz,/scratch/jaggbow/mol_xtb_coordinates/chromo6639/mmff.xyz,/scratch/jaggbow/mol_xtb_coordinates/chromo6639/basic.xyz,1,,,,,,
579,chromo6258,COc1ccc(-c2c3ccccc3c(-c3ccc(OC)cc3)c3cc4sc(C)cc4cc23)cc1,2.7609,1.2769,2.9181,0.9466,/scratch/jaggbow/mol_xtb_coordinates/chromo6258/geom.xtbopt.xyz,/scratch/jaggbow/mol_xtb_coordinates/chromo6258/mmff.xyz,/scratch/jaggbow/mol_xtb_coordinates/chromo6258/basic.xyz,0,,,,,,
580,chromo6115,Cc1ccc(C(=O)c2c(C)c3ccc4cccc5c6cccc7ccc2c(c76)c3c45)cc1,3.1458,1.1462,3.4125,0.6348000000000003,/scratch/jaggbow/mol_xtb_coordinates/chromo6115/geom.xtbopt.xyz,/scratch/jaggbow/mol_xtb_coordinates/chromo6115/mmff.xyz,/scratch/jaggbow/mol_xtb_coordinates/chromo6115/basic.xyz,0,,,,,,
581,chromo6358,Cc1cccc(N2c3c(sc4ccccc34)Sc3sc4ccccc4c32)c1,3.5097,0.6800000000000002,2.053,0.5022,/scratch/jaggbow/mol_xtb_coordinates/chromo6358/geom.xtbopt.xyz,/scratch/jaggbow/mol_xtb_coordinates/chromo6358/mmff.xyz,/scratch/jaggbow/mol_xtb_coordinates/chromo6358/basic.xyz,0,,,,,,
582,chromo6688,C[Si]1(C)c2ccccc2-c2cc3c(cc21)-c1ccccc1[Si]3(C)C,3.6555,1.1096,4.1889,0.8019000000000003,/scratch/jaggbow/mol_xtb_coordinates/chromo6688/geom.xtbopt.xyz,/scratch/jaggbow/mol_xtb_coordinates/chromo6688/mmff.xyz,/scratch/jaggbow/mol_xtb_coordinates/chromo6688/basic.xyz,0,,,,,,
583,chromo5334,CC(C)(C)NC(=O)c1ccc(F)c2ccc3c4ccccc4c4ccccc4c3c12,3.4935,1.1814,3.6142,0.6555,/scratch/jaggbow/mol_xtb_coordinates/chromo5334/geom.xtbopt.xyz,/scratch/jaggbow/mol_xtb_coordinates/chromo5334/mmff.xyz,/scratch/jaggbow/mol_xtb_coordinates/chromo5334/basic.xyz,0,,,,,,
584,chromo6417,CC(C)[Si](C#Cc1c2nc3ccccc3nc2c(C#C[Si](C(C)C)(C(C)C)C(C)C)c2nc3c4ccccc4c(=O)c4ccccc4c3nc12)(C(C)C)C(C)C,1.8635,1.0600999999999998,2.2499,0.8976999999999997,/scratch/jaggbow/mol_xtb_coordinates/chromo6417/geom.xtbopt.xyz,/scratch/jaggbow/mol_xtb_coordinates/chromo6417/mmff.xyz,/scratch/jaggbow/mol_xtb_coordinates/chromo6417/basic.xyz,0,,,,,,
585,chromo6426,CCOC(=O)C1=C(C(=O)OCC)C2(c3ccccc3-c3ccccc32)C(c2ccc([N+](=O)[O-])cc2)C=C2c3cc(OC)c(OC)cc3CCN21,2.8906,0.2271999999999998,3.552,0.7852999999999999,/scratch/jaggbow/mol_xtb_coordinates/chromo6426/geom.xtbopt.xyz,/scratch/jaggbow/mol_xtb_coordinates/chromo6426/mmff.xyz,/scratch/jaggbow/mol_xtb_coordinates/chromo6426/basic.xyz,0,,,,,,
586,chromo6657,CCCCOc1c(OC)cc2cc(OC)c(OCCCC)c3c4c(OCCCC)c(OC)cc5cc(OC)c(OCCCC)c(c1c23)c54,2.8295,1.1472,2.9671,0.8083999999999998,/scratch/jaggbow/mol_xtb_coordinates/chromo6657/geom.xtbopt.xyz,/scratch/jaggbow/mol_xtb_coordinates/chromo6657/mmff.xyz,/scratch/jaggbow/mol_xtb_coordinates/chromo6657/basic.xyz,0,,,,,,
587,chromo2181,Cc1ccc(N(c2ccc(C)cc2)c2ccc(-c3cc4c(cc(-c5ccc(N(c6ccc(C)cc6)c6ccc(C)cc6)cc5)c5nsnc54)c4nsnc34)cc2)cc1,1.7847,0.3961999999999999,3.1092,0.5476000000000001,/scratch/jaggbow/mol_xtb_coordinates/chromo2181/geom.xtbopt.xyz,/scratch/jaggbow/mol_xtb_coordinates/chromo2181/mmff.xyz,/scratch/jaggbow/mol_xtb_coordinates/chromo2181/basic.xyz,0,,,,,,
588,chromo6265,COc1ccc(-c2c3ccccc3c(C#Cc3ccccc3)c3cc4ccccc4cc23)cc1,2.1966,1.2446000000000002,2.599,1.0560000000000005,/scratch/jaggbow/mol_xtb_coordinates/chromo6265/geom.xtbopt.xyz,/scratch/jaggbow/mol_xtb_coordinates/chromo6265/mmff.xyz,/scratch/jaggbow/mol_xtb_coordinates/chromo6265/basic.xyz,0,,,,,,
589,chromo6416,CC(C)[Si](C#Cc1c2cc3ccccc3cc2c(C#C[Si](C(C)C)(C(C)C)C(C)C)c2nc3c4ccccc4c(=O)c4ccccc4c3nc12)(C(C)C)C(C)C,1.84,1.0644,2.2909,0.931,/scratch/jaggbow/mol_xtb_coordinates/chromo6416/geom.xtbopt.xyz,/scratch/jaggbow/mol_xtb_coordinates/chromo6416/mmff.xyz,/scratch/jaggbow/mol_xtb_coordinates/chromo6416/basic.xyz,0,,,,,,
590,chromo6479,CC(C)(C)c1cc2ccc3c(N(c4ccccc4)c4ccccc4)cc(N(c4ccccc4)c4ccccc4)c4ccc(c1)c2c34,2.7626,0.8902999999999999,2.9833,0.6366,/scratch/jaggbow/mol_xtb_coordinates/chromo6479/geom.xtbopt.xyz,/scratch/jaggbow/mol_xtb_coordinates/chromo6479/mmff.xyz,/scratch/jaggbow/mol_xtb_coordinates/chromo6479/basic.xyz,1,,,,,,
591,chromo1460,COc1ccc2c3cccc4c(OC)ccc(c5cccc1c52)c43,2.8,1.2597999999999998,3.1153,1.0604,/scratch/jaggbow/mol_xtb_coordinates/chromo1460/geom.xtbopt.xyz,/scratch/jaggbow/mol_xtb_coordinates/chromo1460/mmff.xyz,/scratch/jaggbow/mol_xtb_coordinates/chromo1460/basic.xyz,0,,,,,,
592,chromo2291,C(=Cc1cc(C=Cc2ccc(-n3c4ccccc4c4ccccc43)cc2)cc(C=Cc2ccc(-n3c4ccccc4c4ccccc43)cc2)c1)c1ccc(-n2c3ccccc3c3ccccc32)cc1,3.0095,1.004,3.7342,0.7018,/scratch/jaggbow/mol_xtb_coordinates/chromo2291/geom.xtbopt.xyz,/scratch/jaggbow/mol_xtb_coordinates/chromo2291/mmff.xyz,/scratch/jaggbow/mol_xtb_coordinates/chromo2291/basic.xyz,1,,,,,,
593,chromo4691,C[Si]1(C)O[Si](C)(C)c2cc3nc4ccc(Cl)cc4c(-c4ccccc4F)c3cc2[Si](C)(C)O1,3.1514,1.3078000000000003,3.382,0.8826,/scratch/jaggbow/mol_xtb_coordinates/chromo4691/geom.xtbopt.xyz,/scratch/jaggbow/mol_xtb_coordinates/chromo4691/mmff.xyz,/scratch/jaggbow/mol_xtb_coordinates/chromo4691/basic.xyz,0,,,,,,
594,chromo6098,F[B-]1(F)n2c(Cl)c(Cl)c(Br)c2C(Cl)=C2C(Br)=C(Cl)C(Cl)=[N+]21,2.785,1.2451,2.8799,1.4045,/scratch/jaggbow/mol_xtb_coordinates/chromo6098/geom.xtbopt.xyz,/scratch/jaggbow/mol_xtb_coordinates/chromo6098/mmff.xyz,/scratch/jaggbow/mol_xtb_coordinates/chromo6098/basic.xyz,1,,,,,,
595,chromo6275,Cc1ccc(-c2cccc3ncc(-c4ccccc4)n23)cc1,3.5942,0.9996999999999998,3.673,0.5830000000000002,/scratch/jaggbow/mol_xtb_coordinates/chromo6275/geom.xtbopt.xyz,/scratch/jaggbow/mol_xtb_coordinates/chromo6275/mmff.xyz,/scratch/jaggbow/mol_xtb_coordinates/chromo6275/basic.xyz,0,,,,,,
596,chromo6337,F[B-]1(F)n2c(c3cc4ccccc4cc3c2-c2ccccc2)C=C2c3cc4ccccc4cc3C(c3ccccc3)=[N+]21,1.913,1.0796,2.2036,1.3401999999999998,/scratch/jaggbow/mol_xtb_coordinates/chromo6337/geom.xtbopt.xyz,/scratch/jaggbow/mol_xtb_coordinates/chromo6337/mmff.xyz,/scratch/jaggbow/mol_xtb_coordinates/chromo6337/basic.xyz,0,,,,,,
597,chromo6393,COc1c2ccccc2c(OC)c2c(C#C[Si](C(C)C)(C(C)C)C(C)C)c3cc4ccccc4cc3c(C#C[Si](C(C)C)(C(C)C)C(C)C)c12,1.5753,1.3587,2.042,1.0324999999999998,/scratch/jaggbow/mol_xtb_coordinates/chromo6393/geom.xtbopt.xyz,/scratch/jaggbow/mol_xtb_coordinates/chromo6393/mmff.xyz,/scratch/jaggbow/mol_xtb_coordinates/chromo6393/basic.xyz,0,,,,,,
598,chromo2550,CC(C)(C)c1ccc(C2=CC3=C(c4ccccc4)c4cc(-c5ccc(C(C)(C)C)cc5)c(-c5ccc(C(C)(C)C)cc5)n4[B-](F)(F)[N+]3=C2c2ccc(C(C)(C)C)cc2)cc1,2.3109,0.9584,2.5132,1.0269,/scratch/jaggbow/mol_xtb_coordinates/chromo2550/geom.xtbopt.xyz,/scratch/jaggbow/mol_xtb_coordinates/chromo2550/mmff.xyz,/scratch/jaggbow/mol_xtb_coordinates/chromo2550/basic.xyz,1,,,,,,
599,chromo6793,COc1cc(C)c(-c2cc(-c3c(C)cc(OC)cc3C)c3ccc4c(-c5c(C)cc(OC)cc5C)cc(-c5c(C)cc(OC)cc5C)c5ccc2c3c54)c(C)c1,3.5709,1.5713,3.6191,0.9102,/scratch/jaggbow/mol_xtb_coordinates/chromo6793/geom.xtbopt.xyz,/scratch/jaggbow/mol_xtb_coordinates/chromo6793/mmff.xyz,/scratch/jaggbow/mol_xtb_coordinates/chromo6793/basic.xyz,1,,,,,,
600,chromo3279,COc1ccc2n1[B-](F)(F)[N+]1=CC=CC1=C2c1ccccc1,3.0678,1.5177,2.9772,1.5776,/scratch/jaggbow/mol_xtb_coordinates/chromo3279/geom.xtbopt.xyz,/scratch/jaggbow/mol_xtb_coordinates/chromo3279/mmff.xyz,/scratch/jaggbow/mol_xtb_coordinates/chromo3279/basic.xyz,1,,,,,,
601,chromo6267,COc1ccc(-c2c3cc4ccccc4cc3c(-c3ccc(OC)cc3)c3cc4sc(C)cc4cc23)cc1,2.1475,1.241,2.4378,0.9898000000000002,/scratch/jaggbow/mol_xtb_coordinates/chromo6267/geom.xtbopt.xyz,/scratch/jaggbow/mol_xtb_coordinates/chromo6267/mmff.xyz,/scratch/jaggbow/mol_xtb_coordinates/chromo6267/basic.xyz,0,,,,,,
602,chromo6389,COc1c2ccccc2c(OC)c2c(C#CC(C)(C)C)c3cc4sccc4cc3c(C#CC(C)(C)C)c12,1.8282,1.2415,2.2516,1.023,/scratch/jaggbow/mol_xtb_coordinates/chromo6389/geom.xtbopt.xyz,/scratch/jaggbow/mol_xtb_coordinates/chromo6389/mmff.xyz,/scratch/jaggbow/mol_xtb_coordinates/chromo6389/basic.xyz,0,,,,,,
603,chromo6523,COc1cc(C=O)cc(-c2[nH]c(=O)n3c2-c2ccccc2C3=O)c1O,3.0605,1.0970000000000002,3.1093,0.9669000000000004,/scratch/jaggbow/mol_xtb_coordinates/chromo6523/geom.xtbopt.xyz,/scratch/jaggbow/mol_xtb_coordinates/chromo6523/mmff.xyz,/scratch/jaggbow/mol_xtb_coordinates/chromo6523/basic.xyz,0,,,,,,
604,chromo6725,CCCCc1ccc2c(c1)c1ccc3cccc4c3c1c1c2c2cccc3ccc5c6cc(CCCC)ccc6c4c1c5c32,2.4747,1.0549,2.9459,0.8818000000000001,/scratch/jaggbow/mol_xtb_coordinates/chromo6725/geom.xtbopt.xyz,/scratch/jaggbow/mol_xtb_coordinates/chromo6725/mmff.xyz,/scratch/jaggbow/mol_xtb_coordinates/chromo6725/basic.xyz,0,,,,,,
605,chromo6572,O=C(O)C1=C(C(=O)O)C2=CC3c4ccccc4C2(S1)c1ccccc13,3.043,1.2887000000000002,3.2447,1.1012999999999995,/scratch/jaggbow/mol_xtb_coordinates/chromo6572/geom.xtbopt.xyz,/scratch/jaggbow/mol_xtb_coordinates/chromo6572/mmff.xyz,/scratch/jaggbow/mol_xtb_coordinates/chromo6572/basic.xyz,0,,,,,,
606,chromo5647,CCN(CC)c1ccc2c(c1)oc(=O)c1cnc3c(cnn3-c3ccccc3)c12,3.379,0.8812000000000002,3.5327,0.7728000000000002,/scratch/jaggbow/mol_xtb_coordinates/chromo5647/geom.xtbopt.xyz,/scratch/jaggbow/mol_xtb_coordinates/chromo5647/mmff.xyz,/scratch/jaggbow/mol_xtb_coordinates/chromo5647/basic.xyz,0,,,,,,
607,chromo6355,CN(C)c1ccc(N2c3c(sc4ccccc34)Sc3sc4ccccc4c32)cc1,3.0383,0.2947000000000002,2.034,0.5080999999999998,/scratch/jaggbow/mol_xtb_coordinates/chromo6355/geom.xtbopt.xyz,/scratch/jaggbow/mol_xtb_coordinates/chromo6355/mmff.xyz,/scratch/jaggbow/mol_xtb_coordinates/chromo6355/basic.xyz,0,,,,,,
608,chromo4213,Cc1cccc2[n+]1[B-](F)(F)n1c(c3cccc4cccc1c43)=N2,2.8658,1.007,2.7143,0.7087000000000003,/scratch/jaggbow/mol_xtb_coordinates/chromo4213/geom.xtbopt.xyz,/scratch/jaggbow/mol_xtb_coordinates/chromo4213/mmff.xyz,/scratch/jaggbow/mol_xtb_coordinates/chromo4213/basic.xyz,0,,,,,,
609,chromo5377,CN(c1ccccc1)c1ccc(N(c2ccccc2)c2ccc3ccc4c(N(c5ccccc5)c5ccc(N(C)c6ccccc6)cc5)ccc5ccc2c3c54)cc1,2.5283,0.6785000000000001,2.7157,0.5009000000000001,/scratch/jaggbow/mol_xtb_coordinates/chromo5377/geom.xtbopt.xyz,/scratch/jaggbow/mol_xtb_coordinates/chromo5377/mmff.xyz,/scratch/jaggbow/mol_xtb_coordinates/chromo5377/basic.xyz,1,,,,,,
610,chromo6084,CCN(CC)c1ccc2c(c1)oc(=O)c1c(=O)oc3cc(Br)ccc3c12,3.0458,0.8668,3.2087,0.8460000000000001,/scratch/jaggbow/mol_xtb_coordinates/chromo6084/geom.xtbopt.xyz,/scratch/jaggbow/mol_xtb_coordinates/chromo6084/mmff.xyz,/scratch/jaggbow/mol_xtb_coordinates/chromo6084/basic.xyz,0,,,,,,
611,chromo6300,CCCCCCn1c(=O)c2c3[nH]c4cc5[nH]c6c(oc5cc4oc3c3c(=O)n(CCCCCC)c(=O)c3c2c1=O)c1c(=O)n(CCCCCC)c(=O)c1c1c(=O)n(CCCCCC)c(=O)c61,2.3428,0.4631,2.4307,0.6753999999999998,/scratch/jaggbow/mol_xtb_coordinates/chromo6300/geom.xtbopt.xyz,/scratch/jaggbow/mol_xtb_coordinates/chromo6300/mmff.xyz,/scratch/jaggbow/mol_xtb_coordinates/chromo6300/basic.xyz,0,,,,,,
612,chromo5338,CC(C)(C)NC(=O)c1ccc(-c2ccccc2)c2ccc3c4ccccc4c4ccccc4c3c12,3.3941,1.1317999999999997,3.5961,0.6772999999999998,/scratch/jaggbow/mol_xtb_coordinates/chromo5338/geom.xtbopt.xyz,/scratch/jaggbow/mol_xtb_coordinates/chromo5338/mmff.xyz,/scratch/jaggbow/mol_xtb_coordinates/chromo5338/basic.xyz,0,,,,,,
613,chromo6430,CCOC(=O)C1=C(C(=O)OCC)C2(c3cc(Cl)ccc3-c3ccc(Cl)cc32)C2(C=Cc3ccccc3)c3cc(OC)c(OC)cc3CCN12,3.4372,0.8884999999999996,3.6441,0.9916,/scratch/jaggbow/mol_xtb_coordinates/chromo6430/geom.xtbopt.xyz,/scratch/jaggbow/mol_xtb_coordinates/chromo6430/mmff.xyz,/scratch/jaggbow/mol_xtb_coordinates/chromo6430/basic.xyz,0,,,,,,
614,chromo2314,O=P1(c2ccccc2)C(c2cc(C(F)(F)F)cc(C(F)(F)F)c2)=Cc2c3ccc4cccc5ccc(c6cc(-c7ccc(N(c8ccccc8)c8ccccc8)cc7)n1c26)c3c45,2.2808,0.7626000000000002,2.8676,0.8678999999999999,/scratch/jaggbow/mol_xtb_coordinates/chromo2314/geom.xtbopt.xyz,/scratch/jaggbow/mol_xtb_coordinates/chromo2314/mmff.xyz,/scratch/jaggbow/mol_xtb_coordinates/chromo2314/basic.xyz,0,,,,,,
615,chromo5072,c1ccc(-c2nc(-c3ccccc3)nc(-c3ccc(-n4c5ccccc5c5ccc6c7ccccc7n(-c7ccccc7)c6c54)cc3)n2)cc1,2.807,0.1736999999999997,3.5353,0.4445999999999999,/scratch/jaggbow/mol_xtb_coordinates/chromo5072/geom.xtbopt.xyz,/scratch/jaggbow/mol_xtb_coordinates/chromo5072/mmff.xyz,/scratch/jaggbow/mol_xtb_coordinates/chromo5072/basic.xyz,0,,,,,,
616,chromo6235,CCCCN(CCCC)c1ccc2c(c1)C#CC#Cc1cc(N(CCCC)CCCC)ccc1C#Cc1cc(c3cc1C#Cc1ccc(C(F)(F)F)cc1C#CC#Cc1cc(C(F)(F)F)ccc1C#C3)C#C2,2.1801,0.3931,3.3743,0.5747999999999998,/scratch/jaggbow/mol_xtb_coordinates/chromo6235/geom.xtbopt.xyz,/scratch/jaggbow/mol_xtb_coordinates/chromo6235/mmff.xyz,/scratch/jaggbow/mol_xtb_coordinates/chromo6235/basic.xyz,0,,,,,,
617,chromo6480,Cc1ccc(N(c2ccc(C)cc2)c2cc(N(c3ccc(C)cc3)c3ccc(C)cc3)c3ccc4cc(C(C)(C)C)cc5ccc2c3c54)cc1,2.7046,0.8529000000000002,2.9466,0.6581999999999999,/scratch/jaggbow/mol_xtb_coordinates/chromo6480/geom.xtbopt.xyz,/scratch/jaggbow/mol_xtb_coordinates/chromo6480/mmff.xyz,/scratch/jaggbow/mol_xtb_coordinates/chromo6480/basic.xyz,1,,,,,,
618,chromo6064,O=Cc1ccc(C2=C3C=c4c(oc5ccccc45)=[N+]3[B-](F)(F)n3c2cc2c4ccccc4oc23)cc1,2.4733,1.0625,2.7555,1.3116,/scratch/jaggbow/mol_xtb_coordinates/chromo6064/geom.xtbopt.xyz,/scratch/jaggbow/mol_xtb_coordinates/chromo6064/mmff.xyz,/scratch/jaggbow/mol_xtb_coordinates/chromo6064/basic.xyz,0,,,,,,
619,chromo5944,CC1(C)CC(C=Cc2ccc(N3CCOCCOCCOCCOCC3)cc2)=CC(=C(C#N)C#N)C1,2.6598,1.2299000000000002,3.0124,1.1588,/scratch/jaggbow/mol_xtb_coordinates/chromo5944/geom.xtbopt.xyz,/scratch/jaggbow/mol_xtb_coordinates/chromo5944/mmff.xyz,/scratch/jaggbow/mol_xtb_coordinates/chromo5944/basic.xyz,0,,,,,,
620,chromo6273,c1ccc(-c2cccc3ncc(-c4ccccc4)n23)cc1,3.5694,0.9817,3.6553,0.5857999999999999,/scratch/jaggbow/mol_xtb_coordinates/chromo6273/geom.xtbopt.xyz,/scratch/jaggbow/mol_xtb_coordinates/chromo6273/mmff.xyz,/scratch/jaggbow/mol_xtb_coordinates/chromo6273/basic.xyz,0,,,,,,
621,chromo2166,O=P(c1ccccc1)(c1ccccc1)n1c2ccccc2c2ccccc21,3.9133,0.7477999999999998,3.8476,0.48,/scratch/jaggbow/mol_xtb_coordinates/chromo2166/geom.xtbopt.xyz,/scratch/jaggbow/mol_xtb_coordinates/chromo2166/mmff.xyz,/scratch/jaggbow/mol_xtb_coordinates/chromo2166/basic.xyz,1,,,,,,
622,chromo6376,CCc1ccccc1-c1c2ccccc2c(C#Cc2ccccc2)c2cc3ccccc3cc12,2.2026,1.2538,2.5811,1.0418000000000005,/scratch/jaggbow/mol_xtb_coordinates/chromo6376/geom.xtbopt.xyz,/scratch/jaggbow/mol_xtb_coordinates/chromo6376/mmff.xyz,/scratch/jaggbow/mol_xtb_coordinates/chromo6376/basic.xyz,0,,,,,,
623,chromo6363,CN(C)c1ccc(N2c3sc4ccccc4c3Sc3sc4ccccc4c32)cc1,3.1377,0.6564000000000001,2.4391,0.4463999999999999,/scratch/jaggbow/mol_xtb_coordinates/chromo6363/geom.xtbopt.xyz,/scratch/jaggbow/mol_xtb_coordinates/chromo6363/mmff.xyz,/scratch/jaggbow/mol_xtb_coordinates/chromo6363/basic.xyz,0,,,,,,
624,chromo5620,COc1ccc(-c2c3ccccc3c3n2[B-](F)(F)[N+]2=Cc4c5ccccc5c(-c5ccc(OC)cc5)n4[B-](F)(F)[N+]2=C3)cc1,2.3829,0.8713999999999997,2.5069,0.9995999999999998,/scratch/jaggbow/mol_xtb_coordinates/chromo5620/geom.xtbopt.xyz,/scratch/jaggbow/mol_xtb_coordinates/chromo5620/mmff.xyz,/scratch/jaggbow/mol_xtb_coordinates/chromo5620/basic.xyz,0,,,,,,
625,chromo6569,O=C(O)C1=C(C(=O)O)C2=CC3c4ccccc4C2([Se]1)c1ccccc13,2.925,1.2339999999999998,2.9124,1.035,/scratch/jaggbow/mol_xtb_coordinates/chromo6569/geom.xtbopt.xyz,/scratch/jaggbow/mol_xtb_coordinates/chromo6569/mmff.xyz,/scratch/jaggbow/mol_xtb_coordinates/chromo6569/basic.xyz,0,,,,,,
626,chromo5978,CCn1c2cc(C(C)(C)C)ccc2c2c3nsnc3c3c4ccc(C(C)(C)C)cc4n(CC)c3c21,2.8118,0.8170999999999999,3.4869,0.7414999999999998,/scratch/jaggbow/mol_xtb_coordinates/chromo5978/geom.xtbopt.xyz,/scratch/jaggbow/mol_xtb_coordinates/chromo5978/mmff.xyz,/scratch/jaggbow/mol_xtb_coordinates/chromo5978/basic.xyz,0,,,,,,
627,chromo6514,Cc1cccc(-c2[nH]c(=O)n3c2-c2ccccc2C3=O)c1O,3.1681,1.1968,3.0902,0.9661999999999996,/scratch/jaggbow/mol_xtb_coordinates/chromo6514/geom.xtbopt.xyz,/scratch/jaggbow/mol_xtb_coordinates/chromo6514/mmff.xyz,/scratch/jaggbow/mol_xtb_coordinates/chromo6514/basic.xyz,0,,,,,,
628,chromo6304,O=S1(=O)C2=C(c3ccc(-c4ccc(N(c5ccccc5)c5ccccc5)cc4)cc31)C1(C3=C(c4ccccc41)S(=O)(=O)c1cc(-c4ccc(N(c5ccccc5)c5ccccc5)cc4)ccc13)c1ccccc12,2.4629,0.5311999999999999,3.5569,0.7732000000000001,/scratch/jaggbow/mol_xtb_coordinates/chromo6304/geom.xtbopt.xyz,/scratch/jaggbow/mol_xtb_coordinates/chromo6304/mmff.xyz,/scratch/jaggbow/mol_xtb_coordinates/chromo6304/basic.xyz,0,,,,,,
629,chromo1088,F[B-]1(F)n2c(c3ccccc3c2-c2ccccc2)C=C2c3ccccc3C(c3ccccc3)=[N+]21,2.2938,1.2065,2.5291,1.2209,/scratch/jaggbow/mol_xtb_coordinates/chromo1088/geom.xtbopt.xyz,/scratch/jaggbow/mol_xtb_coordinates/chromo1088/mmff.xyz,/scratch/jaggbow/mol_xtb_coordinates/chromo1088/basic.xyz,0,,,,,,
630,chromo5469,c1ccc(C2=C(c3ccccc3)c3cccc4c5c(cc(c34)O2)=NC2CCCCC2N=5)cc1,2.5307,0.9871,2.4222,0.6746000000000001,/scratch/jaggbow/mol_xtb_coordinates/chromo5469/geom.xtbopt.xyz,/scratch/jaggbow/mol_xtb_coordinates/chromo5469/mmff.xyz,/scratch/jaggbow/mol_xtb_coordinates/chromo5469/basic.xyz,0,,,,,,
631,chromo6433,COC(=O)C1=C(C(=O)OC)C2(c3ccccc3-c3c(Br)cc(Br)cc32)C2(C=Cc3ccc(Cl)cc3)c3cc(OC)c(OC)cc3CCN12,3.3852,0.8367,3.5233,1.0414,/scratch/jaggbow/mol_xtb_coordinates/chromo6433/geom.xtbopt.xyz,/scratch/jaggbow/mol_xtb_coordinates/chromo6433/mmff.xyz,/scratch/jaggbow/mol_xtb_coordinates/chromo6433/basic.xyz,0,,,,,,
632,chromo0227,CCCCCCCCCCCCOc1cc2cc(N(C)C)ccc2cc1C=C(C#N)C#N,2.8324,0.9627,3.1358,0.7316000000000003,/scratch/jaggbow/mol_xtb_coordinates/chromo0227/geom.xtbopt.xyz,/scratch/jaggbow/mol_xtb_coordinates/chromo0227/mmff.xyz,/scratch/jaggbow/mol_xtb_coordinates/chromo0227/basic.xyz,1,,,,,,
633,chromo1849,CCCC1=Cc2nc1ccc1[nH]c(cc1CCC)c1nc(c(NC(=O)CCCC(=O)O)cc3[nH]c2cc3CCC)C(CCC)=C1,2.0914,0.8095000000000001,2.1148,0.5828999999999998,/scratch/jaggbow/mol_xtb_coordinates/chromo1849/geom.xtbopt.xyz,/scratch/jaggbow/mol_xtb_coordinates/chromo1849/mmff.xyz,/scratch/jaggbow/mol_xtb_coordinates/chromo1849/basic.xyz,0,,,,,,
634,chromo6101,F[B-]1(F)n2c(Oc3ccccc3)c(Cl)c3c2C(=C2C(Br)=C(Cl)C(Oc4ccccc4)=[N+]21)Oc1ccccc1-3,2.9314,0.9967,2.8604,1.0158999999999998,/scratch/jaggbow/mol_xtb_coordinates/chromo6101/geom.xtbopt.xyz,/scratch/jaggbow/mol_xtb_coordinates/chromo6101/mmff.xyz,/scratch/jaggbow/mol_xtb_coordinates/chromo6101/basic.xyz,0,,,,,,
635,chromo6120,Cc1c(C(=O)c2ccc3ccc4cccc5ccc2c3c45)c2ccc3cccc4c5cccc6ccc1c(c65)c2c34,2.5617,0.6607000000000001,3.4228,0.8746,/scratch/jaggbow/mol_xtb_coordinates/chromo6120/geom.xtbopt.xyz,/scratch/jaggbow/mol_xtb_coordinates/chromo6120/mmff.xyz,/scratch/jaggbow/mol_xtb_coordinates/chromo6120/basic.xyz,0,,,,,,
636,chromo5730,COC(=O)C(Cc1ccccc1)Nc1c(C(C)=O)c(=O)oc2cc(N(C)C)ccc12,3.6604,0.916,3.6091,0.8077000000000001,/scratch/jaggbow/mol_xtb_coordinates/chromo5730/geom.xtbopt.xyz,/scratch/jaggbow/mol_xtb_coordinates/chromo5730/mmff.xyz,/scratch/jaggbow/mol_xtb_coordinates/chromo5730/basic.xyz,1,,,,,,
637,chromo6364,COc1ccc(N2c3sc4ccccc4c3Sc3sc4ccccc4c32)cc1,3.1985,0.6699000000000002,2.5608,0.4258000000000002,/scratch/jaggbow/mol_xtb_coordinates/chromo6364/geom.xtbopt.xyz,/scratch/jaggbow/mol_xtb_coordinates/chromo6364/mmff.xyz,/scratch/jaggbow/mol_xtb_coordinates/chromo6364/basic.xyz,0,,,,,,
638,chromo6444,COc1cc2c(cc1OC)C1=CC(c3ccc(Cl)cc3)C3(C(C#N)=C(C#N)N1CC2)c1cc(Br)ccc1-c1ccc(Br)cc13,3.2123,0.8721999999999999,3.5607,1.0668000000000002,/scratch/jaggbow/mol_xtb_coordinates/chromo6444/geom.xtbopt.xyz,/scratch/jaggbow/mol_xtb_coordinates/chromo6444/mmff.xyz,/scratch/jaggbow/mol_xtb_coordinates/chromo6444/basic.xyz,0,,,,,,
639,chromo1787,CCCCC(CC)COc1ccc2nc(-c3ccc(-c4ccc(OC)cc4)s3)sc2c1,3.1968,1.1147,3.4655,0.8852000000000002,/scratch/jaggbow/mol_xtb_coordinates/chromo1787/geom.xtbopt.xyz,/scratch/jaggbow/mol_xtb_coordinates/chromo1787/mmff.xyz,/scratch/jaggbow/mol_xtb_coordinates/chromo1787/basic.xyz,1,,,,,,
640,chromo2225,COc1cc(OC)cc(C2=[O+][B-](F)(F)OC(c3ccc4cc(OC)ccc4c3)=C2)c1,3.0738,0.7369999999999997,3.1862,0.7631999999999999,/scratch/jaggbow/mol_xtb_coordinates/chromo2225/geom.xtbopt.xyz,/scratch/jaggbow/mol_xtb_coordinates/chromo2225/mmff.xyz,/scratch/jaggbow/mol_xtb_coordinates/chromo2225/basic.xyz,1,,,,,,
641,chromo3351,FC(F)(F)c1ccc(C#Cc2cc(C#Cc3ccc(C(F)(F)F)cc3)c3ccc4c(C#Cc5ccc(C(F)(F)F)cc5)cc(C#Cc5ccc(C(F)(F)F)cc5)c5ccc2c3c54)cc1,2.3428,0.9675,3.0747,0.7864,/scratch/jaggbow/mol_xtb_coordinates/chromo3351/geom.xtbopt.xyz,/scratch/jaggbow/mol_xtb_coordinates/chromo3351/mmff.xyz,/scratch/jaggbow/mol_xtb_coordinates/chromo3351/basic.xyz,1,,,,,,
642,chromo6118,Cc1c(C(=O)c2c(F)cc(F)cc2F)c2ccc3cccc4c5cccc6ccc1c(c65)c2c34,3.005,1.009,3.3671,0.6133000000000002,/scratch/jaggbow/mol_xtb_coordinates/chromo6118/geom.xtbopt.xyz,/scratch/jaggbow/mol_xtb_coordinates/chromo6118/mmff.xyz,/scratch/jaggbow/mol_xtb_coordinates/chromo6118/basic.xyz,0,,,,,,
643,chromo6512,N#Cc1c(N2CCCCC2)cc(-c2ccc(O)cc2)c2c1-c1cccc3cccc-2c13,2.9318,0.6720999999999999,3.2435,0.3685,/scratch/jaggbow/mol_xtb_coordinates/chromo6512/geom.xtbopt.xyz,/scratch/jaggbow/mol_xtb_coordinates/chromo6512/mmff.xyz,/scratch/jaggbow/mol_xtb_coordinates/chromo6512/basic.xyz,0,,,,,,
644,chromo1276,COc1ccc2c(c1)CCc1c-2nc(N)c(C#N)c1-c1ccc(Br)cc1,3.5127,0.9522,3.6314,0.7247000000000003,/scratch/jaggbow/mol_xtb_coordinates/chromo1276/geom.xtbopt.xyz,/scratch/jaggbow/mol_xtb_coordinates/chromo1276/mmff.xyz,/scratch/jaggbow/mol_xtb_coordinates/chromo1276/basic.xyz,0,,,,,,
645,chromo2501,CN(C)c1ccc(C=Cc2nc(C=Cc3ccc(N(C)C)cc3)c3ccccc3n2)cc1,2.6428,0.7674999999999998,3.2524,0.8355000000000001,/scratch/jaggbow/mol_xtb_coordinates/chromo2501/geom.xtbopt.xyz,/scratch/jaggbow/mol_xtb_coordinates/chromo2501/mmff.xyz,/scratch/jaggbow/mol_xtb_coordinates/chromo2501/basic.xyz,0,,,,,,
646,chromo6229,CCCCN(CCCC)c1ccc(C#Cc2cc(C#Cc3ccc(N(CCCC)CCCC)cc3)c(C#Cc3ccc([N+](=O)[O-])cc3)cc2C#Cc2ccc([N+](=O)[O-])cc2)cc1,2.0776,0.3852,3.3233,0.4450000000000003,/scratch/jaggbow/mol_xtb_coordinates/chromo6229/geom.xtbopt.xyz,/scratch/jaggbow/mol_xtb_coordinates/chromo6229/mmff.xyz,/scratch/jaggbow/mol_xtb_coordinates/chromo6229/basic.xyz,1,,,,,,
647,chromo6270,COc1ccc(-c2c3cc4ccccc4cc3c(-c3ccc(OC)cc3)c3cc4ccccc4cc23)cc1,1.8731,1.3273,2.295,1.1042999999999998,/scratch/jaggbow/mol_xtb_coordinates/chromo6270/geom.xtbopt.xyz,/scratch/jaggbow/mol_xtb_coordinates/chromo6270/mmff.xyz,/scratch/jaggbow/mol_xtb_coordinates/chromo6270/basic.xyz,0,,,,,,
648,chromo6280,CC(C)(C)c1ccc(-c2cnc3cccc(-c4ccccc4)n23)cc1,3.5431,0.9577,3.636,0.5754999999999999,/scratch/jaggbow/mol_xtb_coordinates/chromo6280/geom.xtbopt.xyz,/scratch/jaggbow/mol_xtb_coordinates/chromo6280/mmff.xyz,/scratch/jaggbow/mol_xtb_coordinates/chromo6280/basic.xyz,0,,,,,,
649,chromo6377,CCc1cccc(CC)c1-c1c2ccccc2c(C#Cc2ccccc2)c2cc3ccccc3cc12,2.1992,1.2510999999999997,2.5571,1.0167000000000002,/scratch/jaggbow/mol_xtb_coordinates/chromo6377/geom.xtbopt.xyz,/scratch/jaggbow/mol_xtb_coordinates/chromo6377/mmff.xyz,/scratch/jaggbow/mol_xtb_coordinates/chromo6377/basic.xyz,0,,,,,,
650,chromo6775,CCCCCCCC(CCCCCCC)N1C(=O)c2ccc3c4ccc5c6c(ccc(c7ccc(c2c37)C1=O)c64)C(=O)N(C(CCCCCCC)CCCCCCC)C5=O,2.4041,1.1689,2.8493,0.999,/scratch/jaggbow/mol_xtb_coordinates/chromo6775/geom.xtbopt.xyz,/scratch/jaggbow/mol_xtb_coordinates/chromo6775/mmff.xyz,/scratch/jaggbow/mol_xtb_coordinates/chromo6775/basic.xyz,0,,,,,,
651,chromo3297,CCc1c(C)c2n(c1C)[B-](F)(F)[N+]1=C(NCc3ccc(OC)cc3)C(SC#N)=CC1=C2C,2.7429,1.3294,2.675,1.4326,/scratch/jaggbow/mol_xtb_coordinates/chromo3297/geom.xtbopt.xyz,/scratch/jaggbow/mol_xtb_coordinates/chromo3297/mmff.xyz,/scratch/jaggbow/mol_xtb_coordinates/chromo3297/basic.xyz,1,,,,,,
652,chromo5693,CC1(C)c2ccccc2-n2c(-c3ccc(-n4c5ccc(-n6c7ccccc7c7ccccc76)cc5c5cc(-n6c7ccccc7c7ccccc76)ccc54)cc3)nc3cccc1c32,3.227,0.3891,3.715,0.4491,/scratch/jaggbow/mol_xtb_coordinates/chromo5693/geom.xtbopt.xyz,/scratch/jaggbow/mol_xtb_coordinates/chromo5693/mmff.xyz,/scratch/jaggbow/mol_xtb_coordinates/chromo5693/basic.xyz,0,,,,,,
653,chromo6525,CCOC(=O)c1ccc(O)c(-c2[nH]c(=O)n3c2-c2ccccc2C3=O)c1,3.1468,1.1868,3.1563,0.9674,/scratch/jaggbow/mol_xtb_coordinates/chromo6525/geom.xtbopt.xyz,/scratch/jaggbow/mol_xtb_coordinates/chromo6525/mmff.xyz,/scratch/jaggbow/mol_xtb_coordinates/chromo6525/basic.xyz,0,,,,,,
654,chromo1124,Fc1ccc(C2=[N+]3C(=Nc4c5ccccc5c(-c5ccc(F)cc5)n4[B-]3(F)F)c3ccccc32)cc1,2.0824,1.3933999999999995,2.5168,1.434,/scratch/jaggbow/mol_xtb_coordinates/chromo1124/geom.xtbopt.xyz,/scratch/jaggbow/mol_xtb_coordinates/chromo1124/mmff.xyz,/scratch/jaggbow/mol_xtb_coordinates/chromo1124/basic.xyz,0,,,,,,
655,chromo5723,COc1c(C(C)=O)c(=O)oc2cc(N(C)C)ccc12,3.4632,0.9747,3.5788,0.9420000000000002,/scratch/jaggbow/mol_xtb_coordinates/chromo5723/geom.xtbopt.xyz,/scratch/jaggbow/mol_xtb_coordinates/chromo5723/mmff.xyz,/scratch/jaggbow/mol_xtb_coordinates/chromo5723/basic.xyz,1,,,,,,
656,chromo6671,CC(C)(C)c1ccc(C#Cc2cc3ccc4cc(C#Cc5ccc(C(C)(C)C)cc5)cc5ccc(c2)c3c45)cc1,3.1197,1.0444999999999998,3.5385,0.7218,/scratch/jaggbow/mol_xtb_coordinates/chromo6671/geom.xtbopt.xyz,/scratch/jaggbow/mol_xtb_coordinates/chromo6671/mmff.xyz,/scratch/jaggbow/mol_xtb_coordinates/chromo6671/basic.xyz,1,,,,,,
657,chromo6656,CCCCOc1c(-c2ccc(C=O)cc2)cc2cc(-c3ccc(C=O)cc3)c(OCCCC)c3c4c(OCCCC)c(-c5ccc(C=O)cc5)cc5cc(-c6ccc(C=O)cc6)c(OCCCC)c(c1c23)c54,2.6987,1.0833000000000002,2.8215,0.8229,/scratch/jaggbow/mol_xtb_coordinates/chromo6656/geom.xtbopt.xyz,/scratch/jaggbow/mol_xtb_coordinates/chromo6656/mmff.xyz,/scratch/jaggbow/mol_xtb_coordinates/chromo6656/basic.xyz,0,,,,,,
658,chromo0688,COc1ccc(-c2cn3ccc[n+]3[n-]2)cc1,3.9749,0.8508,3.9634,0.7027000000000001,/scratch/jaggbow/mol_xtb_coordinates/chromo0688/geom.xtbopt.xyz,/scratch/jaggbow/mol_xtb_coordinates/chromo0688/mmff.xyz,/scratch/jaggbow/mol_xtb_coordinates/chromo0688/basic.xyz,0,,,,,,
659,chromo6277,Clc1ccc(-c2cccc3ncc(-c4ccccc4)n23)cc1,3.4872,0.9308,3.9735,0.6983000000000001,/scratch/jaggbow/mol_xtb_coordinates/chromo6277/geom.xtbopt.xyz,/scratch/jaggbow/mol_xtb_coordinates/chromo6277/mmff.xyz,/scratch/jaggbow/mol_xtb_coordinates/chromo6277/basic.xyz,0,,,,,,
660,chromo0390,CC(=O)c1ccc2ccc3cccc4ccc1c2c34,3.3001,1.3724,3.5876,1.0083000000000002,/scratch/jaggbow/mol_xtb_coordinates/chromo0390/geom.xtbopt.xyz,/scratch/jaggbow/mol_xtb_coordinates/chromo0390/mmff.xyz,/scratch/jaggbow/mol_xtb_coordinates/chromo0390/basic.xyz,1,,,,,,
661,chromo5573,CCOC(=O)COc1ccc(C=CC2=C3c4ccccc4C(c4[nH]c(C)cc4C)=[N+]3[B-](F)(F)n3c(C=Cc4ccc(OCC(=O)OCC)cc4)cc(C)c32)cc1,2.0101,0.9854,2.3685,1.006,/scratch/jaggbow/mol_xtb_coordinates/chromo5573/geom.xtbopt.xyz,/scratch/jaggbow/mol_xtb_coordinates/chromo5573/mmff.xyz,/scratch/jaggbow/mol_xtb_coordinates/chromo5573/basic.xyz,0,,,,,,
662,chromo6264,COc1ccc(-c2c3ccccc3c(-c3ccc(OC)cc3)c3cc4ccccc4cc23)cc1,2.4017,1.3156,2.7101,1.0828000000000002,/scratch/jaggbow/mol_xtb_coordinates/chromo6264/geom.xtbopt.xyz,/scratch/jaggbow/mol_xtb_coordinates/chromo6264/mmff.xyz,/scratch/jaggbow/mol_xtb_coordinates/chromo6264/basic.xyz,0,,,,,,
663,chromo6343,COC(=O)c1[nH]c(-c2ccc([N+](=O)[O-])cc2)c2nnc3ccc(OC)cc3c12,2.8235,0.8387000000000002,3.1946,0.8984999999999999,/scratch/jaggbow/mol_xtb_coordinates/chromo6343/geom.xtbopt.xyz,/scratch/jaggbow/mol_xtb_coordinates/chromo6343/mmff.xyz,/scratch/jaggbow/mol_xtb_coordinates/chromo6343/basic.xyz,0,,,,,,
664,chromo4898,c1ccc(-c2cccc(N3c4cc(-c5ccccc5)ccc4B4c5ccc(N(c6ccccc6)c6ccccc6)cc5N(c5ccccc5)c5cccc3c54)c2)cc1,2.9793,0.4148,3.1498,0.4512999999999998,/scratch/jaggbow/mol_xtb_coordinates/chromo4898/geom.xtbopt.xyz,/scratch/jaggbow/mol_xtb_coordinates/chromo4898/mmff.xyz,/scratch/jaggbow/mol_xtb_coordinates/chromo4898/basic.xyz,0,,,,,,
665,chromo5265,CC1=CC(C)=[N+]2C1=C(c1c3ccccc3cc3ccccc13)c1c(C)cc(C)n1[B-]2(F)F,2.4789,0.9751,2.8998,1.4277,/scratch/jaggbow/mol_xtb_coordinates/chromo5265/geom.xtbopt.xyz,/scratch/jaggbow/mol_xtb_coordinates/chromo5265/mmff.xyz,/scratch/jaggbow/mol_xtb_coordinates/chromo5265/basic.xyz,1,,,,,,
666,chromo6124,O=C(c1ccc2c3c(cccc13)-c1cccc3c1C2CC=C3)c1c(CCc2ccccc2)c2ccc3cccc4c5cccc6ccc1c(c65)c2c34,2.7753,0.7684000000000002,3.4384,0.7311000000000001,/scratch/jaggbow/mol_xtb_coordinates/chromo6124/geom.xtbopt.xyz,/scratch/jaggbow/mol_xtb_coordinates/chromo6124/mmff.xyz,/scratch/jaggbow/mol_xtb_coordinates/chromo6124/basic.xyz,0,,,,,,
667,chromo6418,CC(C)[Si](C#Cc1c2nsnc2c(C#C[Si](C(C)C)(C(C)C)C(C)C)c2nc3c4ccccc4c(=O)c4ccccc4c3nc12)(C(C)C)C(C)C,1.9913,1.177,2.481,0.9072999999999998,/scratch/jaggbow/mol_xtb_coordinates/chromo6418/geom.xtbopt.xyz,/scratch/jaggbow/mol_xtb_coordinates/chromo6418/mmff.xyz,/scratch/jaggbow/mol_xtb_coordinates/chromo6418/basic.xyz,0,,,,,,
668,chromo6985,c1ccc2c(c1)cc1cccc3cc4c(cc5cccc6cc7ccccc7c4c65)c2c13,1.9473,1.4145,2.4937,1.2438,/scratch/jaggbow/mol_xtb_coordinates/chromo6985/geom.xtbopt.xyz,/scratch/jaggbow/mol_xtb_coordinates/chromo6985/mmff.xyz,/scratch/jaggbow/mol_xtb_coordinates/chromo6985/basic.xyz,0,,,,,,
669,chromo6362,N#Cc1ccc(N2c3c(sc4ccccc34)Sc3sc4ccccc4c32)cc1,3.664,0.8153000000000001,2.0178,0.3217999999999998,/scratch/jaggbow/mol_xtb_coordinates/chromo6362/geom.xtbopt.xyz,/scratch/jaggbow/mol_xtb_coordinates/chromo6362/mmff.xyz,/scratch/jaggbow/mol_xtb_coordinates/chromo6362/basic.xyz,0,,,,,,
670,chromo6368,CN(C)c1ccc(N2c3sc4ccccc4c3Sc3c2sc2ccccc32)cc1,2.9943,0.6598000000000002,2.2277,0.5193000000000001,/scratch/jaggbow/mol_xtb_coordinates/chromo6368/geom.xtbopt.xyz,/scratch/jaggbow/mol_xtb_coordinates/chromo6368/mmff.xyz,/scratch/jaggbow/mol_xtb_coordinates/chromo6368/basic.xyz,0,,,,,,
671,chromo6340,COC(=O)c1[nH]c(-c2ccccc2)c2nnc3ccc(OC)cc3c12,3.0467,0.9066,3.2068,0.8016999999999999,/scratch/jaggbow/mol_xtb_coordinates/chromo6340/geom.xtbopt.xyz,/scratch/jaggbow/mol_xtb_coordinates/chromo6340/mmff.xyz,/scratch/jaggbow/mol_xtb_coordinates/chromo6340/basic.xyz,0,,,,,,
672,chromo6113,Cc1c(C(=O)c2ccc(C(F)(F)F)cc2)c2ccc3cccc4c5cccc6ccc1c(c65)c2c34,2.7733,0.7739999999999998,3.4125,0.6354000000000002,/scratch/jaggbow/mol_xtb_coordinates/chromo6113/geom.xtbopt.xyz,/scratch/jaggbow/mol_xtb_coordinates/chromo6113/mmff.xyz,/scratch/jaggbow/mol_xtb_coordinates/chromo6113/basic.xyz,0,,,,,,
673,chromo6301,CCCCCCn1c(=O)c2c3nc4ccccc4nc3c3c(=O)n(CCCCCC)c(=O)c3c2c1=O,2.2704,0.6376,2.2943,0.3627999999999998,/scratch/jaggbow/mol_xtb_coordinates/chromo6301/geom.xtbopt.xyz,/scratch/jaggbow/mol_xtb_coordinates/chromo6301/mmff.xyz,/scratch/jaggbow/mol_xtb_coordinates/chromo6301/basic.xyz,0,,,,,,
674,chromo4926,CCCCC1(CCCC)c2cc(C#Cc3ccc4ccc5cccc6ccc3c4c56)ccc2-c2ccc(N(c3ccccc3)c3ccccc3)cc21,2.6494,0.8634,3.4673,0.8283999999999998,/scratch/jaggbow/mol_xtb_coordinates/chromo4926/geom.xtbopt.xyz,/scratch/jaggbow/mol_xtb_coordinates/chromo4926/mmff.xyz,/scratch/jaggbow/mol_xtb_coordinates/chromo4926/basic.xyz,1,,,,,,
675,chromo5066,CC1(C)c2ccccc2N(c2ccc(-c3nnc(-c4ccc(-n5c6ccccc6c6ccccc65)cc4)o3)cc2)c2ccccc21,2.6903,0.0493000000000001,3.5059,0.1905000000000001,/scratch/jaggbow/mol_xtb_coordinates/chromo5066/geom.xtbopt.xyz,/scratch/jaggbow/mol_xtb_coordinates/chromo5066/mmff.xyz,/scratch/jaggbow/mol_xtb_coordinates/chromo5066/basic.xyz,0,,,,,,
676,chromo6440,COc1cc2c(cc1OC)C1=CC(c3ccccc3)C3(C(C#N)=C(C#N)N1CC2)c1cc(Cl)ccc1-c1ccc(Cl)cc13,3.1927,0.8306999999999998,3.5586,1.0678,/scratch/jaggbow/mol_xtb_coordinates/chromo6440/geom.xtbopt.xyz,/scratch/jaggbow/mol_xtb_coordinates/chromo6440/mmff.xyz,/scratch/jaggbow/mol_xtb_coordinates/chromo6440/basic.xyz,0,,,,,,
677,chromo6574,COC(=O)C1=C(C(=O)OC)[Se](=O)C23C1=CC(c1ccccc12)c1ccccc13,2.8611,0.7837000000000001,3.0037,0.1971999999999996,/scratch/jaggbow/mol_xtb_coordinates/chromo6574/geom.xtbopt.xyz,/scratch/jaggbow/mol_xtb_coordinates/chromo6574/mmff.xyz,/scratch/jaggbow/mol_xtb_coordinates/chromo6574/basic.xyz,0,,,,,,
678,chromo4070,CCN(CC)c1ccc2cc(-c3ccc(-c4ccc(-c5cc6ccc(N(CC)CC)cc6oc5=O)cc4)cc3)c(=O)oc2c1,3.0095,0.8456999999999999,3.4805,0.8807,/scratch/jaggbow/mol_xtb_coordinates/chromo4070/geom.xtbopt.xyz,/scratch/jaggbow/mol_xtb_coordinates/chromo4070/mmff.xyz,/scratch/jaggbow/mol_xtb_coordinates/chromo4070/basic.xyz,1,,,,,,
679,chromo6176,CN(C)c1ccc(C2=CC3=C(c4ccc(C#N)cc4)C4c5ccccc5C3(S2)c2ccccc24)cc1,2.7795,1.1092000000000002,3.0761,0.9246,/scratch/jaggbow/mol_xtb_coordinates/chromo6176/geom.xtbopt.xyz,/scratch/jaggbow/mol_xtb_coordinates/chromo6176/mmff.xyz,/scratch/jaggbow/mol_xtb_coordinates/chromo6176/basic.xyz,0,,,,,,
680,chromo6693,c1ccc2c(c1)-c1ccccc1[Si]21c2ccccc2-c2cc3c(cc21)-c1ccccc1[Si]31c2ccccc2-c2ccccc21,3.4615,0.9729,4.1682,0.7874999999999996,/scratch/jaggbow/mol_xtb_coordinates/chromo6693/geom.xtbopt.xyz,/scratch/jaggbow/mol_xtb_coordinates/chromo6693/mmff.xyz,/scratch/jaggbow/mol_xtb_coordinates/chromo6693/basic.xyz,0,,,,,,
681,chromo0687,COc1ccc(-c2cn3cc(C)c[n+]3[n-]2)cc1,3.9475,0.8407,3.8924,0.6763999999999997,/scratch/jaggbow/mol_xtb_coordinates/chromo0687/geom.xtbopt.xyz,/scratch/jaggbow/mol_xtb_coordinates/chromo0687/mmff.xyz,/scratch/jaggbow/mol_xtb_coordinates/chromo0687/basic.xyz,0,,,,,,
682,chromo5984,COc1ccc2c(c1)[nH]c1c3[nH]c4cc(OC)ccc4c3c3nsnc3c21,2.746,0.7292999999999998,3.551,0.7034000000000002,/scratch/jaggbow/mol_xtb_coordinates/chromo5984/geom.xtbopt.xyz,/scratch/jaggbow/mol_xtb_coordinates/chromo5984/mmff.xyz,/scratch/jaggbow/mol_xtb_coordinates/chromo5984/basic.xyz,0,,,,,,
683,chromo6686,c1ccc(B2Nc3cc4c(cc3-c3sc5ccccc5c32)NB(c2ccccc2)c2c-4sc3ccccc23)cc1,3.1961,0.8815,3.4724,0.5171000000000001,/scratch/jaggbow/mol_xtb_coordinates/chromo6686/geom.xtbopt.xyz,/scratch/jaggbow/mol_xtb_coordinates/chromo6686/mmff.xyz,/scratch/jaggbow/mol_xtb_coordinates/chromo6686/basic.xyz,0,,,,,,
684,chromo6087,CCN(CC)c1ccc2c(c1)oc(=O)c1c(=O)oc3cc(C#Cc4ccc(C#N)cc4)ccc3c12,2.7685,0.7000000000000002,3.1962,0.8432,/scratch/jaggbow/mol_xtb_coordinates/chromo6087/geom.xtbopt.xyz,/scratch/jaggbow/mol_xtb_coordinates/chromo6087/mmff.xyz,/scratch/jaggbow/mol_xtb_coordinates/chromo6087/basic.xyz,0,,,,,,
685,chromo6112,Cc1c(C(=O)c2ccccc2)c2ccc3cccc4c5cccc6ccc1c(c65)c2c34,3.0871,1.088,3.422,0.645,/scratch/jaggbow/mol_xtb_coordinates/chromo6112/geom.xtbopt.xyz,/scratch/jaggbow/mol_xtb_coordinates/chromo6112/mmff.xyz,/scratch/jaggbow/mol_xtb_coordinates/chromo6112/basic.xyz,0,,,,,,
686,chromo6360,Clc1ccccc1N1c2c(sc3ccccc23)Sc2sc3ccccc3c21,3.4332,0.6778999999999997,2.4525,0.4674,/scratch/jaggbow/mol_xtb_coordinates/chromo6360/geom.xtbopt.xyz,/scratch/jaggbow/mol_xtb_coordinates/chromo6360/mmff.xyz,/scratch/jaggbow/mol_xtb_coordinates/chromo6360/basic.xyz,0,,,,,,
687,chromo6670,CC(C)(C)c1ccc(C#Cc2c(C#Cc3ccc(C(C)(C)C)cc3)c3cccc4c(C#Cc5ccc(C(C)(C)C)cc5)c(C#Cc5ccc(C(C)(C)C)cc5)c5cccc2c5c34)cc1,2.7128,1.1172000000000002,3.3641,1.0006,/scratch/jaggbow/mol_xtb_coordinates/chromo6670/geom.xtbopt.xyz,/scratch/jaggbow/mol_xtb_coordinates/chromo6670/mmff.xyz,/scratch/jaggbow/mol_xtb_coordinates/chromo6670/basic.xyz,1,,,,,,
688,chromo2517,COc1cccc(C2=C3C=C(C=CC(=O)OC(C)(C)C)C=[N+]3[B-](F)(F)n3cccc32)c1,2.6273,1.0419,2.7697,1.2090999999999998,/scratch/jaggbow/mol_xtb_coordinates/chromo2517/geom.xtbopt.xyz,/scratch/jaggbow/mol_xtb_coordinates/chromo2517/mmff.xyz,/scratch/jaggbow/mol_xtb_coordinates/chromo2517/basic.xyz,1,,,,,,
689,chromo6111,CC(C)[Si](C#Cc1c2cc3ccccc3cc2c(C#C[Si](C(C)C)(C(C)C)C(C)C)c2nc3ccccc3nc12)(C(C)C)C(C)C,1.5398,1.2015,1.8977,0.9219,/scratch/jaggbow/mol_xtb_coordinates/chromo6111/geom.xtbopt.xyz,/scratch/jaggbow/mol_xtb_coordinates/chromo6111/mmff.xyz,/scratch/jaggbow/mol_xtb_coordinates/chromo6111/basic.xyz,0,,,,,,
690,chromo6260,COc1ccc(C#Cc2c3ccccc3c(C#Cc3ccc(OC)cc3)c3cc4sc(C)cc4cc23)cc1,2.2078,1.1234000000000002,2.6887,0.9542,/scratch/jaggbow/mol_xtb_coordinates/chromo6260/geom.xtbopt.xyz,/scratch/jaggbow/mol_xtb_coordinates/chromo6260/mmff.xyz,/scratch/jaggbow/mol_xtb_coordinates/chromo6260/basic.xyz,0,,,,,,
691,chromo6372,N#Cc1ccccc1N1c2sc3ccccc3c2Sc2c1sc1ccccc21,2.7481,0.2597999999999998,2.539,0.4563000000000001,/scratch/jaggbow/mol_xtb_coordinates/chromo6372/geom.xtbopt.xyz,/scratch/jaggbow/mol_xtb_coordinates/chromo6372/mmff.xyz,/scratch/jaggbow/mol_xtb_coordinates/chromo6372/basic.xyz,0,,,,,,
692,chromo6255,COc1ccc(-c2c3ccccc3c(-c3ccc(OC)cc3)c3ccccc23)cc1,3.1286,1.4001,3.3452,1.0663,/scratch/jaggbow/mol_xtb_coordinates/chromo6255/geom.xtbopt.xyz,/scratch/jaggbow/mol_xtb_coordinates/chromo6255/mmff.xyz,/scratch/jaggbow/mol_xtb_coordinates/chromo6255/basic.xyz,1,,,,,,
693,chromo6964,O=c1c2ccc3c4c(ccc(c24)c2nc4ccccc4n12)c(=O)n1c2ccccc2nc31,2.4785,0.9201,2.9381,0.7944999999999998,/scratch/jaggbow/mol_xtb_coordinates/chromo6964/geom.xtbopt.xyz,/scratch/jaggbow/mol_xtb_coordinates/chromo6964/mmff.xyz,/scratch/jaggbow/mol_xtb_coordinates/chromo6964/basic.xyz,0,,,,,,
694,chromo4553,c1ccc(-n2c3ccccc3c3cc(-n4ccc5cc(-c6ccc(C7(c8ccccc8)c8ccccc8-c8ccccc87)cc6)ccc54)ccc32)cc1,3.6082,0.5771000000000002,3.7662,0.4864999999999999,/scratch/jaggbow/mol_xtb_coordinates/chromo4553/geom.xtbopt.xyz,/scratch/jaggbow/mol_xtb_coordinates/chromo4553/mmff.xyz,/scratch/jaggbow/mol_xtb_coordinates/chromo4553/basic.xyz,1,,,,,,
695,chromo6217,CCCCN(CCCC)c1ccc(C#Cc2cc(C#Cc3ccc(N(CCCC)CCCC)cc3)c(C#Cc3ccc(C(F)(F)F)cc3)cc2C#Cc2ccc(C(F)(F)F)cc2)cc1,2.5593,0.7157,3.4802,0.5093000000000001,/scratch/jaggbow/mol_xtb_coordinates/chromo6217/geom.xtbopt.xyz,/scratch/jaggbow/mol_xtb_coordinates/chromo6217/mmff.xyz,/scratch/jaggbow/mol_xtb_coordinates/chromo6217/basic.xyz,1,,,,,,
696,chromo6357,Cc1ccccc1N1c2c(sc3ccccc23)Sc2sc3ccccc3c21,3.1511,0.6273,2.0396,0.5030000000000001,/scratch/jaggbow/mol_xtb_coordinates/chromo6357/geom.xtbopt.xyz,/scratch/jaggbow/mol_xtb_coordinates/chromo6357/mmff.xyz,/scratch/jaggbow/mol_xtb_coordinates/chromo6357/basic.xyz,0,,,,,,
697,chromo6520,O=C1c2ccccc2-c2c(-c3cc(Cl)ccc3O)[nH]c(=O)n21,3.1266,1.1827,3.1569,0.9812,/scratch/jaggbow/mol_xtb_coordinates/chromo6520/geom.xtbopt.xyz,/scratch/jaggbow/mol_xtb_coordinates/chromo6520/mmff.xyz,/scratch/jaggbow/mol_xtb_coordinates/chromo6520/basic.xyz,0,,,,,,
698,chromo6527,COc1ccc(OC)c(-c2[nH]c(=O)n3c2-c2ccccc2C3=O)c1,3.1363,1.1706,3.07,0.9396999999999998,/scratch/jaggbow/mol_xtb_coordinates/chromo6527/geom.xtbopt.xyz,/scratch/jaggbow/mol_xtb_coordinates/chromo6527/mmff.xyz,/scratch/jaggbow/mol_xtb_coordinates/chromo6527/basic.xyz,0,,,,,,
699,chromo6766,CC(C)[Si](C#Cc1c2cc3ccccc3cc2c(C#Cc2ccc(Br)cc2)c2cc3ccccc3cc12)(C(C)C)C(C)C,1.6363,1.2973,2.1498,1.0652,/scratch/jaggbow/mol_xtb_coordinates/chromo6766/geom.xtbopt.xyz,/scratch/jaggbow/mol_xtb_coordinates/chromo6766/mmff.xyz,/scratch/jaggbow/mol_xtb_coordinates/chromo6766/basic.xyz,0,,,,,,
700,chromo6099,F[B-]1(F)n2c(Cl)c(Cl)c(Br)c2C(Oc2ccccc2)=C2C(Br)=C(Cl)C(Cl)=[N+]21,2.5301,0.9235,2.867,1.1641,/scratch/jaggbow/mol_xtb_coordinates/chromo6099/geom.xtbopt.xyz,/scratch/jaggbow/mol_xtb_coordinates/chromo6099/mmff.xyz,/scratch/jaggbow/mol_xtb_coordinates/chromo6099/basic.xyz,1,,,,,,
701,chromo6296,CCCCCCn1c(=O)c2c3[nH]c4ccccc4sc3c3c(=O)n(CCCCCC)c(=O)c3c2c1=O,2.4486,0.6490999999999998,2.4292,0.7675999999999998,/scratch/jaggbow/mol_xtb_coordinates/chromo6296/geom.xtbopt.xyz,/scratch/jaggbow/mol_xtb_coordinates/chromo6296/mmff.xyz,/scratch/jaggbow/mol_xtb_coordinates/chromo6296/basic.xyz,0,,,,,,
702,chromo2277,CCCCC(CC)Cn1c2cc(C#N)ccc2c2ccc(C#N)cc21,3.5124,0.7271000000000001,3.469,0.5200999999999998,/scratch/jaggbow/mol_xtb_coordinates/chromo2277/geom.xtbopt.xyz,/scratch/jaggbow/mol_xtb_coordinates/chromo2277/mmff.xyz,/scratch/jaggbow/mol_xtb_coordinates/chromo2277/basic.xyz,1,,,,,,
703,chromo6515,Cc1ccc(O)c(-c2[nH]c(=O)n3c2-c2ccccc2C3=O)c1,3.1492,1.1907,3.1404,0.9799000000000002,/scratch/jaggbow/mol_xtb_coordinates/chromo6515/geom.xtbopt.xyz,/scratch/jaggbow/mol_xtb_coordinates/chromo6515/mmff.xyz,/scratch/jaggbow/mol_xtb_coordinates/chromo6515/basic.xyz,0,,,,,,
704,chromo6763,COc1ccc(C#Cc2c3cc4ccccc4cc3c(C#C[Si](C(C)C)(C(C)C)C(C)C)c3cc4ccccc4cc23)cc1,1.6403,1.2979,2.1559,1.0656,/scratch/jaggbow/mol_xtb_coordinates/chromo6763/geom.xtbopt.xyz,/scratch/jaggbow/mol_xtb_coordinates/chromo6763/mmff.xyz,/scratch/jaggbow/mol_xtb_coordinates/chromo6763/basic.xyz,0,,,,,,
705,chromo3455,CCOC(=O)c1c(-c2c(Cl)c3cc(C)ccc3oc2=O)nn(-c2cccc(C)c2)c1C(=O)OCC,3.7797,1.1332,3.9294,0.8622999999999998,/scratch/jaggbow/mol_xtb_coordinates/chromo3455/geom.xtbopt.xyz,/scratch/jaggbow/mol_xtb_coordinates/chromo3455/mmff.xyz,/scratch/jaggbow/mol_xtb_coordinates/chromo3455/basic.xyz,1,,,,,,
706,chromo6457,CCCCCCc1cc2c(=S)c3cc(CCCCCC)cc4c(=S)c5cc(CCCCCC)cc6c(=S)c(c1)c2n(c34)c65,1.8024,0.2988999999999999,2.1006,0.1389,/scratch/jaggbow/mol_xtb_coordinates/chromo6457/geom.xtbopt.xyz,/scratch/jaggbow/mol_xtb_coordinates/chromo6457/mmff.xyz,/scratch/jaggbow/mol_xtb_coordinates/chromo6457/basic.xyz,0,,,,,,
707,chromo2317,CC(=O)c1c2c(cc3c(N(C)C)cccc13)CCC2,3.3135,0.8954999999999997,3.5703,0.694,/scratch/jaggbow/mol_xtb_coordinates/chromo2317/geom.xtbopt.xyz,/scratch/jaggbow/mol_xtb_coordinates/chromo2317/mmff.xyz,/scratch/jaggbow/mol_xtb_coordinates/chromo2317/basic.xyz,0,,,,,,
708,chromo6424,CCOC(=O)C1=C(C(=O)OCC)C2(c3ccccc3-c3ccccc32)C(c2ccc(Cl)cc2)C=C2c3cc(OC)c(OC)cc3CCN21,3.8485,1.1467,3.6277,0.8451,/scratch/jaggbow/mol_xtb_coordinates/chromo6424/geom.xtbopt.xyz,/scratch/jaggbow/mol_xtb_coordinates/chromo6424/mmff.xyz,/scratch/jaggbow/mol_xtb_coordinates/chromo6424/basic.xyz,0,,,,,,
709,chromo6341,COC(=O)c1[nH]c(-c2ccc(Br)cc2)c2nnc3ccc(OC)cc3c12,3.0276,0.9211,3.1891,0.7968999999999999,/scratch/jaggbow/mol_xtb_coordinates/chromo6341/geom.xtbopt.xyz,/scratch/jaggbow/mol_xtb_coordinates/chromo6341/mmff.xyz,/scratch/jaggbow/mol_xtb_coordinates/chromo6341/basic.xyz,0,,,,,,
710,chromo6781,CCCCCCn1c2cc(C=C(C#N)C#N)sc2c2sc3c(sc4c5sc(C=C(C#N)C#N)cc5n(CCCCCC)c43)c21,2.2763,0.957,2.7555,0.8935,/scratch/jaggbow/mol_xtb_coordinates/chromo6781/geom.xtbopt.xyz,/scratch/jaggbow/mol_xtb_coordinates/chromo6781/mmff.xyz,/scratch/jaggbow/mol_xtb_coordinates/chromo6781/basic.xyz,0,,,,,,
711,chromo2872,CCN(CC)c1ccc2cc(C=CC3=C4CCC(=Cc5cc6ccc(N(CC)CC)cc6oc5=O)C4=[O+][B-](F)(F)O3)c(=O)oc2c1,2.2836,0.7840999999999998,2.4864,0.6649000000000003,/scratch/jaggbow/mol_xtb_coordinates/chromo2872/geom.xtbopt.xyz,/scratch/jaggbow/mol_xtb_coordinates/chromo2872/mmff.xyz,/scratch/jaggbow/mol_xtb_coordinates/chromo2872/basic.xyz,1,,,,,,
712,chromo5522,CCCOc1ccc(C=CC=CC=Cc2ccc([N+](=O)[O-])cc2)cc1,2.5924,1.2021,3.2302,1.0732,/scratch/jaggbow/mol_xtb_coordinates/chromo5522/geom.xtbopt.xyz,/scratch/jaggbow/mol_xtb_coordinates/chromo5522/mmff.xyz,/scratch/jaggbow/mol_xtb_coordinates/chromo5522/basic.xyz,1,,,,,,
713,chromo0324,CCOC(=O)N=c1oc2c(OC)cccc2cc1C#N,3.1761,0.9194,3.2532,0.6809000000000003,/scratch/jaggbow/mol_xtb_coordinates/chromo0324/geom.xtbopt.xyz,/scratch/jaggbow/mol_xtb_coordinates/chromo0324/mmff.xyz,/scratch/jaggbow/mol_xtb_coordinates/chromo0324/basic.xyz,1,,,,,,
714,chromo2233,c1ccc(N(c2ccccc2)c2ccc(-c3cccc4nc5ccccc5cc34)cc2)cc1,2.6764,0.8072000000000001,3.4987,0.939,/scratch/jaggbow/mol_xtb_coordinates/chromo2233/geom.xtbopt.xyz,/scratch/jaggbow/mol_xtb_coordinates/chromo2233/mmff.xyz,/scratch/jaggbow/mol_xtb_coordinates/chromo2233/basic.xyz,0,,,,,,
715,chromo3927,N#CC=Cc1ccc2ccc3cccc4ccc1c2c34,3.1697,1.3544000000000005,3.5766,1.0602,/scratch/jaggbow/mol_xtb_coordinates/chromo3927/geom.xtbopt.xyz,/scratch/jaggbow/mol_xtb_coordinates/chromo3927/mmff.xyz,/scratch/jaggbow/mol_xtb_coordinates/chromo3927/basic.xyz,1,,,,,,
716,chromo6792,Cc1cc(C)c(C)c(-c2cc(-c3c(C)c(C)cc(C)c3C)c3ccc4c(-c5c(C)c(C)cc(C)c5C)cc(-c5c(C)c(C)cc(C)c5C)c5ccc2c3c54)c1C,3.6326,1.6346,3.609,0.9221,/scratch/jaggbow/mol_xtb_coordinates/chromo6792/geom.xtbopt.xyz,/scratch/jaggbow/mol_xtb_coordinates/chromo6792/mmff.xyz,/scratch/jaggbow/mol_xtb_coordinates/chromo6792/basic.xyz,1,,,,,,
717,chromo4208,CC(C)c1cccc(C(C)C)c1N1C(c2ccccc2)=Cc2ccc3ccccc3[n+]2[B-]1(F)F,3.0919,0.9972,2.8031,0.8567000000000002,/scratch/jaggbow/mol_xtb_coordinates/chromo4208/geom.xtbopt.xyz,/scratch/jaggbow/mol_xtb_coordinates/chromo4208/mmff.xyz,/scratch/jaggbow/mol_xtb_coordinates/chromo4208/basic.xyz,0,,,,,,
718,chromo6278,CC(=O)c1ccc(-c2cccc3ncc(-c4ccccc4)n23)cc1,3.0486,0.6202999999999999,3.5769,0.516,/scratch/jaggbow/mol_xtb_coordinates/chromo6278/geom.xtbopt.xyz,/scratch/jaggbow/mol_xtb_coordinates/chromo6278/mmff.xyz,/scratch/jaggbow/mol_xtb_coordinates/chromo6278/basic.xyz,0,,,,,,
719,chromo4770,F[B-]1(F)n2c(c3ccccc3c2-c2ccccc2)C(c2ccccc2)=C2c3ccccc3C(c3ccccc3)=[N+]21,2.2689,1.1588999999999998,2.537,1.1873,/scratch/jaggbow/mol_xtb_coordinates/chromo4770/geom.xtbopt.xyz,/scratch/jaggbow/mol_xtb_coordinates/chromo4770/mmff.xyz,/scratch/jaggbow/mol_xtb_coordinates/chromo4770/basic.xyz,0,,,,,,
720,chromo2868,CCN(CC)c1ccc2cc(C=CC(=O)C=C(O)C=Cc3cc4ccc(N(CC)CC)cc4oc3=O)c(=O)oc2c1,2.5236,0.8103,2.8448,0.6653000000000002,/scratch/jaggbow/mol_xtb_coordinates/chromo2868/geom.xtbopt.xyz,/scratch/jaggbow/mol_xtb_coordinates/chromo2868/mmff.xyz,/scratch/jaggbow/mol_xtb_coordinates/chromo2868/basic.xyz,1,,,,,,
721,chromo6478,CC(C)(C)c1cc2ccc3c(N(c4ccc(F)cc4)c4ccc(F)cc4)cc(N(c4ccc(F)cc4)c4ccc(F)cc4)c4ccc(c1)c2c34,2.7588,0.8977999999999999,3.0019,0.6299999999999999,/scratch/jaggbow/mol_xtb_coordinates/chromo6478/geom.xtbopt.xyz,/scratch/jaggbow/mol_xtb_coordinates/chromo6478/mmff.xyz,/scratch/jaggbow/mol_xtb_coordinates/chromo6478/basic.xyz,1,,,,,,
722,chromo6645,CCCCCCOc1cc(C=C2C(=C(C#N)C#N)c3ccccc3C2=C(C#N)C#N)c(OCCCCCC)cc1C=C1C(=C(C#N)C#N)c2ccccc2C1=C(C#N)C#N,2.1218,0.5325,2.3844,0.4409999999999998,/scratch/jaggbow/mol_xtb_coordinates/chromo6645/geom.xtbopt.xyz,/scratch/jaggbow/mol_xtb_coordinates/chromo6645/mmff.xyz,/scratch/jaggbow/mol_xtb_coordinates/chromo6645/basic.xyz,0,,,,,,
723,chromo6669,CC(C)(C)C#Cc1cc2c(C#CC(C)(C)C)c(C#CC(C)(C)C)c3cc(C#CC(C)(C)C)cc4c(C#CC(C)(C)C)c(C#CC(C)(C)C)c(c1)c2c34,3.0572,1.2893,3.359,0.9009,/scratch/jaggbow/mol_xtb_coordinates/chromo6669/geom.xtbopt.xyz,/scratch/jaggbow/mol_xtb_coordinates/chromo6669/mmff.xyz,/scratch/jaggbow/mol_xtb_coordinates/chromo6669/basic.xyz,1,,,,,,
724,chromo1524,CCCCCCCCCCCCN1C(=O)c2c(c3ccc4cc(-c5ccc(C=O)cc5)c(OC)cc4c3c3c2ccc2cc(-c4ccc(C=O)cc4)c(OC)cc23)C1=O,2.5687,0.5508000000000002,2.8482,0.3372999999999999,/scratch/jaggbow/mol_xtb_coordinates/chromo1524/geom.xtbopt.xyz,/scratch/jaggbow/mol_xtb_coordinates/chromo1524/mmff.xyz,/scratch/jaggbow/mol_xtb_coordinates/chromo1524/basic.xyz,0,,,,,,
725,chromo5836,Cc1ccc(C2=Nc3cccc4[n+]3[B-](F)(O2)OC(c2ccc(C)cc2)=N4)cc1,3.2528,0.6499000000000001,3.4354,0.5613999999999999,/scratch/jaggbow/mol_xtb_coordinates/chromo5836/geom.xtbopt.xyz,/scratch/jaggbow/mol_xtb_coordinates/chromo5836/mmff.xyz,/scratch/jaggbow/mol_xtb_coordinates/chromo5836/basic.xyz,0,,,,,,
726,chromo2305,c1cc2ccc3cc4cccc5ccc6cc(c1)c2c3c6c54,2.844,1.4813999999999998,3.2685,1.2675,/scratch/jaggbow/mol_xtb_coordinates/chromo2305/geom.xtbopt.xyz,/scratch/jaggbow/mol_xtb_coordinates/chromo2305/mmff.xyz,/scratch/jaggbow/mol_xtb_coordinates/chromo2305/basic.xyz,0,,,,,,
727,chromo6262,COc1ccc(-c2c3cc4cc(C)sc4cc3c(C#Cc3ccccc3)c3cc4cc(C)sc4cc23)cc1,2.2343,1.1275000000000002,2.5452,0.9076,/scratch/jaggbow/mol_xtb_coordinates/chromo6262/geom.xtbopt.xyz,/scratch/jaggbow/mol_xtb_coordinates/chromo6262/mmff.xyz,/scratch/jaggbow/mol_xtb_coordinates/chromo6262/basic.xyz,0,,,,,,
728,chromo6984,c1cc2cccc3c4cc5cccc6cccc(c4cc(c1)c23)c65,2.2352,1.5429,2.7296,1.3512,/scratch/jaggbow/mol_xtb_coordinates/chromo6984/geom.xtbopt.xyz,/scratch/jaggbow/mol_xtb_coordinates/chromo6984/mmff.xyz,/scratch/jaggbow/mol_xtb_coordinates/chromo6984/basic.xyz,0,,,,,,
729,chromo1436,CCCCN(CCCC)c1ccc2nc3c4ccccc4c(=O)c(-c4cccc5ccccc45)c-3oc2c1,2.3475,0.8362,2.6718,1.0069,/scratch/jaggbow/mol_xtb_coordinates/chromo1436/geom.xtbopt.xyz,/scratch/jaggbow/mol_xtb_coordinates/chromo1436/mmff.xyz,/scratch/jaggbow/mol_xtb_coordinates/chromo1436/basic.xyz,0,,,,,,
730,chromo5763,Cc1ccc(-c2cc(C=Cc3ccc(N(c4ccccc4)c4ccccc4)cc3)c(C#N)c(N3CCCCC3)c2)cc1,2.8928,0.8512999999999997,3.0547,0.4704999999999999,/scratch/jaggbow/mol_xtb_coordinates/chromo5763/geom.xtbopt.xyz,/scratch/jaggbow/mol_xtb_coordinates/chromo5763/mmff.xyz,/scratch/jaggbow/mol_xtb_coordinates/chromo5763/basic.xyz,1,,,,,,
731,chromo6414,CC(C)[Si](C#Cc1ccc(C#C[Si](C(C)C)(C(C)C)C(C)C)c2nc3c4ccccc4c(=O)c4ccccc4c3nc12)(C(C)C)C(C)C,2.9047,1.0035,3.1742,0.5116999999999998,/scratch/jaggbow/mol_xtb_coordinates/chromo6414/geom.xtbopt.xyz,/scratch/jaggbow/mol_xtb_coordinates/chromo6414/mmff.xyz,/scratch/jaggbow/mol_xtb_coordinates/chromo6414/basic.xyz,0,,,,,,
732,chromo0926,C[Si](C)(C)[Si](c1ccc(-c2ccc(-c3ccc([Si]([Si](C)(C)C)([Si](C)(C)C)[Si](C)(C)C)s3)s2)s1)([Si](C)(C)C)[Si](C)(C)C,2.9482,1.1702,3.3889,1.0550000000000002,/scratch/jaggbow/mol_xtb_coordinates/chromo0926/geom.xtbopt.xyz,/scratch/jaggbow/mol_xtb_coordinates/chromo0926/mmff.xyz,/scratch/jaggbow/mol_xtb_coordinates/chromo0926/basic.xyz,0,,,,,,
733,chromo6367,Clc1ccccc1N1c2sc3ccccc3c2Sc2sc3ccccc3c21,3.3108,0.6623999999999999,2.5404,0.4567999999999999,/scratch/jaggbow/mol_xtb_coordinates/chromo6367/geom.xtbopt.xyz,/scratch/jaggbow/mol_xtb_coordinates/chromo6367/mmff.xyz,/scratch/jaggbow/mol_xtb_coordinates/chromo6367/basic.xyz,0,,,,,,
734,chromo4599,c1ccc2c(-c3cc4c(ccc5sc(-c6cccc7ccccc67)cc54)s3)cccc2c1,3.326,0.9813,3.5927,0.6725999999999996,/scratch/jaggbow/mol_xtb_coordinates/chromo4599/geom.xtbopt.xyz,/scratch/jaggbow/mol_xtb_coordinates/chromo4599/mmff.xyz,/scratch/jaggbow/mol_xtb_coordinates/chromo4599/basic.xyz,0,,,,,,
735,chromo6259,COc1ccc(-c2c3ccccc3c(C#Cc3ccccc3)c3cc4cc(C)sc4cc23)cc1,2.459,1.1781,2.788,0.9440999999999996,/scratch/jaggbow/mol_xtb_coordinates/chromo6259/geom.xtbopt.xyz,/scratch/jaggbow/mol_xtb_coordinates/chromo6259/mmff.xyz,/scratch/jaggbow/mol_xtb_coordinates/chromo6259/basic.xyz,0,,,,,,
736,chromo6646,CCCCCCCCOc1cc(C=Cc2ccncc2)c(OCCCCCCCC)cc1C=Cc1ccncc1,2.8954,1.1362,3.3218,0.6186000000000003,/scratch/jaggbow/mol_xtb_coordinates/chromo6646/geom.xtbopt.xyz,/scratch/jaggbow/mol_xtb_coordinates/chromo6646/mmff.xyz,/scratch/jaggbow/mol_xtb_coordinates/chromo6646/basic.xyz,1,,,,,,
737,chromo0436,Cc1cc(O)c(C(=O)C=Cc2ccc(N(C)C)cc2)c(=O)o1,3.0042,0.9571999999999998,3.2064,0.9413,/scratch/jaggbow/mol_xtb_coordinates/chromo0436/geom.xtbopt.xyz,/scratch/jaggbow/mol_xtb_coordinates/chromo0436/mmff.xyz,/scratch/jaggbow/mol_xtb_coordinates/chromo0436/basic.xyz,0,,,,,,
738,chromo6442,COc1cc2c(cc1OC)C1=CC(c3ccc(C)cc3)C3(C(C#N)=C(C#N)N1CC2)c1cc(Cl)ccc1-c1ccc(Cl)cc13,3.1997,0.8393000000000002,3.5688,1.0714,/scratch/jaggbow/mol_xtb_coordinates/chromo6442/geom.xtbopt.xyz,/scratch/jaggbow/mol_xtb_coordinates/chromo6442/mmff.xyz,/scratch/jaggbow/mol_xtb_coordinates/chromo6442/basic.xyz,0,,,,,,
739,chromo6448,c1ccc(N(c2ccccc2)c2ccc3c4cccc5c(N(c6ccccc6)c6ccccc6)ccc(c6cccc2c63)c54)cc1,2.3752,0.9649,2.5803,0.6728999999999998,/scratch/jaggbow/mol_xtb_coordinates/chromo6448/geom.xtbopt.xyz,/scratch/jaggbow/mol_xtb_coordinates/chromo6448/mmff.xyz,/scratch/jaggbow/mol_xtb_coordinates/chromo6448/basic.xyz,0,,,,,,
740,chromo6076,O=c1oc2ccccc2c2c1c(=O)oc1c3ccccc3cc(O)c12,2.535,0.4223000000000003,3.1274,0.4798,/scratch/jaggbow/mol_xtb_coordinates/chromo6076/geom.xtbopt.xyz,/scratch/jaggbow/mol_xtb_coordinates/chromo6076/mmff.xyz,/scratch/jaggbow/mol_xtb_coordinates/chromo6076/basic.xyz,0,,,,,,
741,chromo5571,CCOC(=O)COc1ccc(C=Cc2c(CC)c(C)c3n2[B-](F)(F)[N+]2=C(c4[nH]c(C)c(CC)c4C)c4ccccc4C2=C3C)cc1,2.0404,0.9756,2.2479,0.9825,/scratch/jaggbow/mol_xtb_coordinates/chromo5571/geom.xtbopt.xyz,/scratch/jaggbow/mol_xtb_coordinates/chromo5571/mmff.xyz,/scratch/jaggbow/mol_xtb_coordinates/chromo5571/basic.xyz,0,,,,,,
742,chromo6081,COc1cccc2c1oc(=O)c1c(=O)oc3cc(O)ccc3c12,3.1671,0.7288000000000001,3.4306,0.5394000000000001,/scratch/jaggbow/mol_xtb_coordinates/chromo6081/geom.xtbopt.xyz,/scratch/jaggbow/mol_xtb_coordinates/chromo6081/mmff.xyz,/scratch/jaggbow/mol_xtb_coordinates/chromo6081/basic.xyz,0,,,,,,
743,chromo6573,O=C1OC(=O)C2=C1SC13C2=CC(c2ccccc21)c1ccccc13,2.7097,1.0571000000000002,2.5039,0.9644999999999996,/scratch/jaggbow/mol_xtb_coordinates/chromo6573/geom.xtbopt.xyz,/scratch/jaggbow/mol_xtb_coordinates/chromo6573/mmff.xyz,/scratch/jaggbow/mol_xtb_coordinates/chromo6573/basic.xyz,0,,,,,,
744,chromo6768,CC(C)[Si](C#Cc1c2cc3ccccc3cc2c(C#Cc2ccc(C(F)(F)F)cc2)c2cc3ccccc3cc12)(C(C)C)C(C)C,1.6326,1.2936,2.1541,1.0628000000000002,/scratch/jaggbow/mol_xtb_coordinates/chromo6768/geom.xtbopt.xyz,/scratch/jaggbow/mol_xtb_coordinates/chromo6768/mmff.xyz,/scratch/jaggbow/mol_xtb_coordinates/chromo6768/basic.xyz,0,,,,,,
745,chromo3094,COc1cccc2cc(C)c3c4ccccc4[nH]c3c12,3.7755,1.0460000000000005,3.7905,0.5230000000000001,/scratch/jaggbow/mol_xtb_coordinates/chromo3094/geom.xtbopt.xyz,/scratch/jaggbow/mol_xtb_coordinates/chromo3094/mmff.xyz,/scratch/jaggbow/mol_xtb_coordinates/chromo3094/basic.xyz,0,,,,,,
746,chromo3515,CCCCn1c2ccc(-c3ccc4c(c3)c3c5c(ccc6ccc7ccccc7c65)ccc3n4CCCC)cc2c2c3c(ccc4ccc5ccccc5c43)ccc21,3.0342,0.6410999999999998,3.3743,0.3614999999999999,/scratch/jaggbow/mol_xtb_coordinates/chromo3515/geom.xtbopt.xyz,/scratch/jaggbow/mol_xtb_coordinates/chromo3515/mmff.xyz,/scratch/jaggbow/mol_xtb_coordinates/chromo3515/basic.xyz,0,,,,,,
747,chromo6261,COc1ccc(-c2c3cc4cc(C)sc4cc3c(-c3ccc(OC)cc3)c3cc4cc(C)sc4cc23)cc1,2.4612,1.1919999999999995,2.7016,0.9439,/scratch/jaggbow/mol_xtb_coordinates/chromo6261/geom.xtbopt.xyz,/scratch/jaggbow/mol_xtb_coordinates/chromo6261/mmff.xyz,/scratch/jaggbow/mol_xtb_coordinates/chromo6261/basic.xyz,0,,,,,,
748,chromo6963,CCCCCCCCCCCNc1cccc2[n+]1[B-](F)(F)n1c(c3cccc4cccc1c43)=N2,2.7583,0.9772000000000004,2.6863,0.7036000000000002,/scratch/jaggbow/mol_xtb_coordinates/chromo6963/geom.xtbopt.xyz,/scratch/jaggbow/mol_xtb_coordinates/chromo6963/mmff.xyz,/scratch/jaggbow/mol_xtb_coordinates/chromo6963/basic.xyz,0,,,,,,
749,chromo1523,CCCCCCCCCCCCN1C(=O)c2c(c3ccc4cc(-c5ccc(C#N)cc5)c(OC)cc4c3c3c2ccc2cc(-c4ccc(C#N)cc4)c(OC)cc23)C1=O,2.5893,0.5576000000000003,2.8492,0.3416000000000001,/scratch/jaggbow/mol_xtb_coordinates/chromo1523/geom.xtbopt.xyz,/scratch/jaggbow/mol_xtb_coordinates/chromo1523/mmff.xyz,/scratch/jaggbow/mol_xtb_coordinates/chromo1523/basic.xyz,0,,,,,,
750,chromo4459,c1ccc2c(c1)c1ccccc1c1ccccc21,4.0113,1.1530000000000005,3.9741,0.0324999999999997,/scratch/jaggbow/mol_xtb_coordinates/chromo4459/geom.xtbopt.xyz,/scratch/jaggbow/mol_xtb_coordinates/chromo4459/mmff.xyz,/scratch/jaggbow/mol_xtb_coordinates/chromo4459/basic.xyz,0,,,,,,
751,chromo5455,Clc1ccc(C2=C(c3ccc(Cl)cc3)c3cccc4c3c(cc3nc5ccccc5nc34)O2)cc1,2.6578,0.7483,2.8654,0.6664000000000003,/scratch/jaggbow/mol_xtb_coordinates/chromo5455/geom.xtbopt.xyz,/scratch/jaggbow/mol_xtb_coordinates/chromo5455/mmff.xyz,/scratch/jaggbow/mol_xtb_coordinates/chromo5455/basic.xyz,0,,,,,,
752,chromo6758,O=C1c2ccccc2-c2nc3c(F)c(F)c(F)c(F)c3n21,3.1795,0.7168999999999999,2.9895,0.2669999999999999,/scratch/jaggbow/mol_xtb_coordinates/chromo6758/geom.xtbopt.xyz,/scratch/jaggbow/mol_xtb_coordinates/chromo6758/mmff.xyz,/scratch/jaggbow/mol_xtb_coordinates/chromo6758/basic.xyz,0,,,,,,
753,chromo6721,CCCCCCn1c2c(c3ccccc31)-c1c(c3ccccc3n1CCCCCC)-c1c(c3ccccc3n1CCCCCC)-c1c-2c2ccccc2n1CCCCCC,3.251,0.6196999999999999,3.4688,0.3098999999999998,/scratch/jaggbow/mol_xtb_coordinates/chromo6721/geom.xtbopt.xyz,/scratch/jaggbow/mol_xtb_coordinates/chromo6721/mmff.xyz,/scratch/jaggbow/mol_xtb_coordinates/chromo6721/basic.xyz,0,,,,,,
754,chromo1365,CCOC(=O)c1ccc(C2CC(c3cccc4ccccc34)=NN2c2ccc(F)cc2)cc1,3.1158,1.0825,3.1586,0.9852,/scratch/jaggbow/mol_xtb_coordinates/chromo1365/geom.xtbopt.xyz,/scratch/jaggbow/mol_xtb_coordinates/chromo1365/mmff.xyz,/scratch/jaggbow/mol_xtb_coordinates/chromo1365/basic.xyz,1,,,,,,
755,chromo6295,CCCCCCn1c(=O)c2c3sc4ccccc4sc3c3c(=O)n(CCCCCC)c(=O)c3c2c1=O,2.7174,0.3873999999999999,2.5733,0.6385000000000001,/scratch/jaggbow/mol_xtb_coordinates/chromo6295/geom.xtbopt.xyz,/scratch/jaggbow/mol_xtb_coordinates/chromo6295/mmff.xyz,/scratch/jaggbow/mol_xtb_coordinates/chromo6295/basic.xyz,0,,,,,,
756,chromo6298,CCCCCCn1c(=O)c2c3[nH]c4ccccc4[nH]c3c3c(=O)n(CCCCCC)c(=O)c3c2c1=O,2.4537,0.7182999999999999,2.1641,0.617,/scratch/jaggbow/mol_xtb_coordinates/chromo6298/geom.xtbopt.xyz,/scratch/jaggbow/mol_xtb_coordinates/chromo6298/mmff.xyz,/scratch/jaggbow/mol_xtb_coordinates/chromo6298/basic.xyz,0,,,,,,
757,chromo2006,c1ccc(-c2nc(-c3ccccc3)nc(-c3ccc(-n4c5ccccc5c5cc6c(cc54)C(c4ccccc4)(c4ccccc4)c4ccccc4-6)cc3)n2)cc1,2.8624,0.2528999999999999,3.749,0.3622000000000001,/scratch/jaggbow/mol_xtb_coordinates/chromo2006/geom.xtbopt.xyz,/scratch/jaggbow/mol_xtb_coordinates/chromo2006/mmff.xyz,/scratch/jaggbow/mol_xtb_coordinates/chromo2006/basic.xyz,0,,,,,,
758,chromo5835,F[B-]12OC(c3ccccc3)=Nc3cccc([n+]31)N=C(c1ccccc1)O2,3.287,0.6709999999999998,3.4554,0.5731000000000002,/scratch/jaggbow/mol_xtb_coordinates/chromo5835/geom.xtbopt.xyz,/scratch/jaggbow/mol_xtb_coordinates/chromo5835/mmff.xyz,/scratch/jaggbow/mol_xtb_coordinates/chromo5835/basic.xyz,0,,,,,,
759,chromo6302,CCCCCCn1c(=O)c2c3nc4cc5sc6c(nc5cc4sc3c3c(=O)n(CCCCCC)c(=O)c3c2c1=O)c1c(=O)n(CCCCCC)c(=O)c1c1c(=O)n(CCCCCC)c(=O)c61,2.0574,1.2712,2.3178,1.1218,/scratch/jaggbow/mol_xtb_coordinates/chromo6302/geom.xtbopt.xyz,/scratch/jaggbow/mol_xtb_coordinates/chromo6302/mmff.xyz,/scratch/jaggbow/mol_xtb_coordinates/chromo6302/basic.xyz,0,,,,,,
760,chromo0797,c1ccc2c(c1)-c1sc3ccccc3c1C21c2ccccc2-c2sc3ccccc3c21,3.5482,1.0438999999999998,3.8094,0.8829000000000002,/scratch/jaggbow/mol_xtb_coordinates/chromo0797/geom.xtbopt.xyz,/scratch/jaggbow/mol_xtb_coordinates/chromo0797/mmff.xyz,/scratch/jaggbow/mol_xtb_coordinates/chromo0797/basic.xyz,0,,,,,,
761,chromo0226,CCCCCCCCCCCCOc1cc2cc(N(C)C)ccc2cc1C=O,3.4524,1.0469999999999997,3.3636,0.7982,/scratch/jaggbow/mol_xtb_coordinates/chromo0226/geom.xtbopt.xyz,/scratch/jaggbow/mol_xtb_coordinates/chromo0226/mmff.xyz,/scratch/jaggbow/mol_xtb_coordinates/chromo0226/basic.xyz,1,,,,,,
762,chromo1094,CC1=CC(C)=[N+]2C1=Cc1c3ccccc3c(C#Cc3cccs3)n1[B-]2(F)F,2.3604,1.3159999999999998,2.7133,1.3298,/scratch/jaggbow/mol_xtb_coordinates/chromo1094/geom.xtbopt.xyz,/scratch/jaggbow/mol_xtb_coordinates/chromo1094/mmff.xyz,/scratch/jaggbow/mol_xtb_coordinates/chromo1094/basic.xyz,0,,,,,,
763,chromo5329,COc1ccc(N(c2ccc(OC)cc2)c2ccc3c(c2)C2(c4cc(N(c5ccc(OC)cc5)c5ccc(OC)cc5)ccc4C=C3)c3ccccc3-c3ccccc32)cc1,2.8039,0.7072000000000003,3.0698,0.4862999999999999,/scratch/jaggbow/mol_xtb_coordinates/chromo5329/geom.xtbopt.xyz,/scratch/jaggbow/mol_xtb_coordinates/chromo5329/mmff.xyz,/scratch/jaggbow/mol_xtb_coordinates/chromo5329/basic.xyz,0,,,,,,
764,chromo6391,COc1c2ccccc2c(OC)c2c(C#Cc3ccccc3)c3cc4sccc4cc3c(C#Cc3ccccc3)c12,1.692,1.1681,2.2239,0.9805,/scratch/jaggbow/mol_xtb_coordinates/chromo6391/geom.xtbopt.xyz,/scratch/jaggbow/mol_xtb_coordinates/chromo6391/mmff.xyz,/scratch/jaggbow/mol_xtb_coordinates/chromo6391/basic.xyz,0,,,,,,
765,chromo6181,CN(C)c1ccc(C2=C3C=C(c4ccc(C=C(C#N)C#N)cc4)SC34c3ccccc3C2c2ccccc24)cc1,1.8971,0.7470000000000001,2.6197,0.8585999999999998,/scratch/jaggbow/mol_xtb_coordinates/chromo6181/geom.xtbopt.xyz,/scratch/jaggbow/mol_xtb_coordinates/chromo6181/mmff.xyz,/scratch/jaggbow/mol_xtb_coordinates/chromo6181/basic.xyz,0,,,,,,
766,chromo6227,CCCCN(CCCC)c1ccc(C#Cc2cc(C#Cc3ccc(C#N)cc3)c(C#Cc3ccc(N(CCCC)CCCC)cc3)cc2C#Cc2ccc(C#N)cc2)cc1,2.1697,0.4472000000000002,3.5456,0.4668999999999998,/scratch/jaggbow/mol_xtb_coordinates/chromo6227/geom.xtbopt.xyz,/scratch/jaggbow/mol_xtb_coordinates/chromo6227/mmff.xyz,/scratch/jaggbow/mol_xtb_coordinates/chromo6227/basic.xyz,1,,,,,,
767,chromo3103,Cc1c(C)c2c3ccccc3[nH]c2c2ccccc12,3.7053,1.1062,3.7587,0.6253000000000002,/scratch/jaggbow/mol_xtb_coordinates/chromo3103/geom.xtbopt.xyz,/scratch/jaggbow/mol_xtb_coordinates/chromo3103/mmff.xyz,/scratch/jaggbow/mol_xtb_coordinates/chromo3103/basic.xyz,0,,,,,,
768,chromo2889,CCC1=C(C)C2=C(C)c3c(C)c(-c4csc(N5CCOCC5)n4)c(C)n3[B-](F)(F)[N+]2=C1C,2.5466,1.0054000000000003,2.4403,1.0447000000000002,/scratch/jaggbow/mol_xtb_coordinates/chromo2889/geom.xtbopt.xyz,/scratch/jaggbow/mol_xtb_coordinates/chromo2889/mmff.xyz,/scratch/jaggbow/mol_xtb_coordinates/chromo2889/basic.xyz,1,,,,,,
769,chromo5453,COc1ccc(C2=C(c3ccc(OC)cc3)c3cccc4c3c(cc3nc5ccccc5nc34)O2)cc1,2.5381,0.6811,2.8109,0.6604000000000001,/scratch/jaggbow/mol_xtb_coordinates/chromo5453/geom.xtbopt.xyz,/scratch/jaggbow/mol_xtb_coordinates/chromo5453/mmff.xyz,/scratch/jaggbow/mol_xtb_coordinates/chromo5453/basic.xyz,0,,,,,,
770,chromo6747,c1ccc([B-]23Oc4ccccc4-c4c5[n+]6c(c([n+]42)-c2ccccc2O3)-c2ccccc2O[B-]6(c2ccccc2)Oc2ccccc2-5)cc1,2.2139,0.5024000000000002,2.5976,0.6898,/scratch/jaggbow/mol_xtb_coordinates/chromo6747/geom.xtbopt.xyz,/scratch/jaggbow/mol_xtb_coordinates/chromo6747/mmff.xyz,/scratch/jaggbow/mol_xtb_coordinates/chromo6747/basic.xyz,0,,,,,,
771,chromo6643,CCCCCCOc1cc(C=C2C(=O)c3ccccc3C2=O)c(OCCCCCC)cc1C=C1C(=O)c2ccccc2C1=O,2.2346,0.7611999999999999,2.4231,0.6132999999999997,/scratch/jaggbow/mol_xtb_coordinates/chromo6643/geom.xtbopt.xyz,/scratch/jaggbow/mol_xtb_coordinates/chromo6643/mmff.xyz,/scratch/jaggbow/mol_xtb_coordinates/chromo6643/basic.xyz,0,,,,,,
772,chromo3313,O=C1C(=Cc2ccc(N(c3ccccc3)c3ccccc3)cc2)S(=O)(=O)c2ccccc21,2.6335,0.7546000000000002,2.9521,0.7944,/scratch/jaggbow/mol_xtb_coordinates/chromo3313/geom.xtbopt.xyz,/scratch/jaggbow/mol_xtb_coordinates/chromo3313/mmff.xyz,/scratch/jaggbow/mol_xtb_coordinates/chromo3313/basic.xyz,0,,,,,,
773,chromo3842,Oc1c(-c2nc3c4ccccc4c4ccccc4c3[nH]2)cc2c3c1CCCN3CCC2,3.421,0.8148,3.5854,0.6494999999999997,/scratch/jaggbow/mol_xtb_coordinates/chromo3842/geom.xtbopt.xyz,/scratch/jaggbow/mol_xtb_coordinates/chromo3842/mmff.xyz,/scratch/jaggbow/mol_xtb_coordinates/chromo3842/basic.xyz,0,,,,,,
774,chromo6293,CCCCCCn1c(=O)c2c3oc4ccccc4oc3c3c(=O)n(CCCCCC)c(=O)c3c2c1=O,3.0883,0.6334,3.0922,0.6783000000000001,/scratch/jaggbow/mol_xtb_coordinates/chromo6293/geom.xtbopt.xyz,/scratch/jaggbow/mol_xtb_coordinates/chromo6293/mmff.xyz,/scratch/jaggbow/mol_xtb_coordinates/chromo6293/basic.xyz,0,,,,,,
775,chromo6422,CCOC(=O)C1=C(C(=O)OCC)C2(c3ccccc3-c3ccccc32)C(c2ccccc2)C=C2c3cc(OC)c(OC)cc3CCN21,3.8601,1.1509,3.6019,0.81,/scratch/jaggbow/mol_xtb_coordinates/chromo6422/geom.xtbopt.xyz,/scratch/jaggbow/mol_xtb_coordinates/chromo6422/mmff.xyz,/scratch/jaggbow/mol_xtb_coordinates/chromo6422/basic.xyz,0,,,,,,
776,chromo4058,CN(CCO)c1ccc(C=CC2=C(C#N)C(C(C#N)C#N)OC2(C)C)cc1,3.1195,1.2937999999999998,3.3245,1.1555,/scratch/jaggbow/mol_xtb_coordinates/chromo4058/geom.xtbopt.xyz,/scratch/jaggbow/mol_xtb_coordinates/chromo4058/mmff.xyz,/scratch/jaggbow/mol_xtb_coordinates/chromo4058/basic.xyz,1,,,,,,
777,chromo2822,O=P1(c2ccccc2)C(c2ccccc2)=Cc2cc3ccccc3cc21,3.5256,1.315,3.9115,1.0060000000000002,/scratch/jaggbow/mol_xtb_coordinates/chromo2822/geom.xtbopt.xyz,/scratch/jaggbow/mol_xtb_coordinates/chromo2822/mmff.xyz,/scratch/jaggbow/mol_xtb_coordinates/chromo2822/basic.xyz,0,,,,,,
778,chromo1155,F[B-]1(F)N(c2ccccc2)c2cccc3ccc4ccc[n+]1c4c23,2.5768,0.6402999999999999,2.4902,0.4681000000000002,/scratch/jaggbow/mol_xtb_coordinates/chromo1155/geom.xtbopt.xyz,/scratch/jaggbow/mol_xtb_coordinates/chromo1155/mmff.xyz,/scratch/jaggbow/mol_xtb_coordinates/chromo1155/basic.xyz,0,,,,,,
779,chromo4094,O=c1c2ccccc2nc2ccccn12,3.4037,1.1634000000000002,3.5984,0.9545999999999996,/scratch/jaggbow/mol_xtb_coordinates/chromo4094/geom.xtbopt.xyz,/scratch/jaggbow/mol_xtb_coordinates/chromo4094/mmff.xyz,/scratch/jaggbow/mol_xtb_coordinates/chromo4094/basic.xyz,0,,,,,,
780,chromo2315,CC(=O)c1c2c(cc3ccc(N(C)C)cc13)CCC2,3.0211,0.7467000000000001,3.3188,0.6198000000000001,/scratch/jaggbow/mol_xtb_coordinates/chromo2315/geom.xtbopt.xyz,/scratch/jaggbow/mol_xtb_coordinates/chromo2315/mmff.xyz,/scratch/jaggbow/mol_xtb_coordinates/chromo2315/basic.xyz,0,,,,,,
781,chromo3551,COc1ccc(-c2cnc(C#Cc3ccccc3)o2)cc1OC,3.3115,1.0857,3.7737,0.9202,/scratch/jaggbow/mol_xtb_coordinates/chromo3551/geom.xtbopt.xyz,/scratch/jaggbow/mol_xtb_coordinates/chromo3551/mmff.xyz,/scratch/jaggbow/mol_xtb_coordinates/chromo3551/basic.xyz,1,,,,,,
782,chromo1103,CCOC(=O)COc1ccc(C=CC2=C3C(C)=CC(C)=[N+]3[B-](F)(F)n3c2c2ccccc2c3-c2[nH]c(C)cc2C)cc1,2.2514,1.1048999999999998,2.488,1.1365,/scratch/jaggbow/mol_xtb_coordinates/chromo1103/geom.xtbopt.xyz,/scratch/jaggbow/mol_xtb_coordinates/chromo1103/mmff.xyz,/scratch/jaggbow/mol_xtb_coordinates/chromo1103/basic.xyz,0,,,,,,
783,chromo3076,CN(C)c1cc(-c2ccc(C#Cc3ccncc3)cc2)cc2ccccc12,3.1981,0.8508,3.6746,0.7893999999999997,/scratch/jaggbow/mol_xtb_coordinates/chromo3076/geom.xtbopt.xyz,/scratch/jaggbow/mol_xtb_coordinates/chromo3076/mmff.xyz,/scratch/jaggbow/mol_xtb_coordinates/chromo3076/basic.xyz,1,,,,,,
784,chromo2598,CCn1c2cc(-c3ccc(-c4cccs4)s3)ccc2c2ccc(-c3ccc(-c4cccs4)s3)cc21,2.9009,0.9192,3.2957,0.7837000000000001,/scratch/jaggbow/mol_xtb_coordinates/chromo2598/geom.xtbopt.xyz,/scratch/jaggbow/mol_xtb_coordinates/chromo2598/mmff.xyz,/scratch/jaggbow/mol_xtb_coordinates/chromo2598/basic.xyz,1,,,,,,
785,chromo0682,N#Cc1ccc(-c2cn3ccc[n+]3[n-]2)cc1,3.1293,0.5706000000000002,3.3725,0.5762,/scratch/jaggbow/mol_xtb_coordinates/chromo0682/geom.xtbopt.xyz,/scratch/jaggbow/mol_xtb_coordinates/chromo0682/mmff.xyz,/scratch/jaggbow/mol_xtb_coordinates/chromo0682/basic.xyz,0,,,,,,
786,chromo0684,c1ccc(-c2cn3ccc[n+]3[n-]2)cc1,3.7944,0.7597999999999998,3.7631,0.6627000000000001,/scratch/jaggbow/mol_xtb_coordinates/chromo0684/geom.xtbopt.xyz,/scratch/jaggbow/mol_xtb_coordinates/chromo0684/mmff.xyz,/scratch/jaggbow/mol_xtb_coordinates/chromo0684/basic.xyz,0,,,,,,
787,chromo4463,CCn1c2ccc(C=C(C#N)c3ccccc3)cc2c2cc(C=C(C#N)c3ccccc3)ccc21,3.0135,0.9151000000000002,3.4947,0.5522999999999998,/scratch/jaggbow/mol_xtb_coordinates/chromo4463/geom.xtbopt.xyz,/scratch/jaggbow/mol_xtb_coordinates/chromo4463/mmff.xyz,/scratch/jaggbow/mol_xtb_coordinates/chromo4463/basic.xyz,1,,,,,,
788,chromo6268,COc1ccc(-c2c3cc4ccccc4cc3c(C#Cc3ccccc3)c3cc4cc(C)sc4cc23)cc1,1.9721,1.1854,2.3608,0.9897999999999998,/scratch/jaggbow/mol_xtb_coordinates/chromo6268/geom.xtbopt.xyz,/scratch/jaggbow/mol_xtb_coordinates/chromo6268/mmff.xyz,/scratch/jaggbow/mol_xtb_coordinates/chromo6268/basic.xyz,0,,,,,,
789,chromo6281,N#Cc1ccc(-c2cnc3cccc(-c4ccccc4)n23)cc1,3.49,0.9149000000000004,4.0075,0.6962000000000002,/scratch/jaggbow/mol_xtb_coordinates/chromo6281/geom.xtbopt.xyz,/scratch/jaggbow/mol_xtb_coordinates/chromo6281/mmff.xyz,/scratch/jaggbow/mol_xtb_coordinates/chromo6281/basic.xyz,0,,,,,,
790,chromo6375,C(#Cc1c2ccccc2c(-c2ccccc2)c2cc3ccccc3cc12)c1ccccc1,2.2087,1.2552,2.6243,1.0826999999999998,/scratch/jaggbow/mol_xtb_coordinates/chromo6375/geom.xtbopt.xyz,/scratch/jaggbow/mol_xtb_coordinates/chromo6375/mmff.xyz,/scratch/jaggbow/mol_xtb_coordinates/chromo6375/basic.xyz,0,,,,,,
791,chromo5691,CC1(C)c2ccccc2N(c2ccc(-c3nc4cccc5c4n3-c3ccccc3C5(C)C)cc2)c2ccccc21,3.0305,0.0968999999999997,3.8765,0.4816000000000002,/scratch/jaggbow/mol_xtb_coordinates/chromo5691/geom.xtbopt.xyz,/scratch/jaggbow/mol_xtb_coordinates/chromo5691/mmff.xyz,/scratch/jaggbow/mol_xtb_coordinates/chromo5691/basic.xyz,0,,,,,,
792,chromo5244,CN(C)c1ccc2nc(C=Cc3cc4c5c(c3)CCCN5CCC4)c(=O)oc2c1,2.509,1.0774,2.9541,0.9942,/scratch/jaggbow/mol_xtb_coordinates/chromo5244/geom.xtbopt.xyz,/scratch/jaggbow/mol_xtb_coordinates/chromo5244/mmff.xyz,/scratch/jaggbow/mol_xtb_coordinates/chromo5244/basic.xyz,0,,,,,,
793,chromo2592,CCn1c2cc(-c3cccs3)ccc2c2ccc(-c3cccs3)cc21,3.4927,1.0641000000000005,3.5996,0.5398000000000001,/scratch/jaggbow/mol_xtb_coordinates/chromo2592/geom.xtbopt.xyz,/scratch/jaggbow/mol_xtb_coordinates/chromo2592/mmff.xyz,/scratch/jaggbow/mol_xtb_coordinates/chromo2592/basic.xyz,1,,,,,,
794,chromo2615,N#CC(C#N)=Cc1ccc2c(c1)c1cc(C=C(C#N)C#N)ccc1n2-c1cccc2ccccc12,3.078,0.9299,3.3199,0.6433,/scratch/jaggbow/mol_xtb_coordinates/chromo2615/geom.xtbopt.xyz,/scratch/jaggbow/mol_xtb_coordinates/chromo2615/mmff.xyz,/scratch/jaggbow/mol_xtb_coordinates/chromo2615/basic.xyz,1,,,,,,
795,chromo6366,Clc1ccc(N2c3sc4ccccc4c3Sc3sc4ccccc4c32)cc1,3.3548,0.6926999999999999,2.303,0.5418999999999998,/scratch/jaggbow/mol_xtb_coordinates/chromo6366/geom.xtbopt.xyz,/scratch/jaggbow/mol_xtb_coordinates/chromo6366/mmff.xyz,/scratch/jaggbow/mol_xtb_coordinates/chromo6366/basic.xyz,0,,,,,,
796,chromo1618,c1cc2cccc3c4cccc5cccc(c(c1)c23)c54,2.8937,1.358,3.2535,1.1001,/scratch/jaggbow/mol_xtb_coordinates/chromo1618/geom.xtbopt.xyz,/scratch/jaggbow/mol_xtb_coordinates/chromo1618/mmff.xyz,/scratch/jaggbow/mol_xtb_coordinates/chromo1618/basic.xyz,0,,,,,,
797,chromo0770,COc1ccc2cc(C=Cc3nc(C=Cc4ccc(N(C)C)cc4)cc(C=Cc4ccc(N(C)C)cc4)n3)ccc2c1,2.9283,0.8367,3.4585,0.806,/scratch/jaggbow/mol_xtb_coordinates/chromo0770/geom.xtbopt.xyz,/scratch/jaggbow/mol_xtb_coordinates/chromo0770/mmff.xyz,/scratch/jaggbow/mol_xtb_coordinates/chromo0770/basic.xyz,1,,,,,,
798,chromo3722,CCn1c2ccccc2c2cc(-c3cc(-c4ccc5c(c4)c4ccccc4n5CC)nc(SC)n3)ccc21,3.503,0.5980000000000003,3.9049,0.4464999999999999,/scratch/jaggbow/mol_xtb_coordinates/chromo3722/geom.xtbopt.xyz,/scratch/jaggbow/mol_xtb_coordinates/chromo3722/mmff.xyz,/scratch/jaggbow/mol_xtb_coordinates/chromo3722/basic.xyz,1,,,,,,
799,chromo0268,CCCCn1c(-c2ccc(-c3nnc(-c4ccc5ccccc5c4)o3)cc2)nc(-c2ccccc2)c1-c1ccccc1,3.1166,0.6888000000000001,3.9693,0.7370000000000001,/scratch/jaggbow/mol_xtb_coordinates/chromo0268/geom.xtbopt.xyz,/scratch/jaggbow/mol_xtb_coordinates/chromo0268/mmff.xyz,/scratch/jaggbow/mol_xtb_coordinates/chromo0268/basic.xyz,1,,,,,,
800,chromo1825,CCN1C(=CC2=C([O-])C(=Cc3[se]c4ccccc4[n+]3CC)C2=O)[Se]c2ccccc21,2.17,1.2414,0.7701,0.034,/scratch/jaggbow/mol_xtb_coordinates/chromo1825/geom.xtbopt.xyz,/scratch/jaggbow/mol_xtb_coordinates/chromo1825/mmff.xyz,/scratch/jaggbow/mol_xtb_coordinates/chromo1825/basic.xyz,0,,,,,,
801,chromo3061,Cc1cc(-c2ccc(N(c3ccccc3)c3ccccc3)cc2)c2nsnc2c1-c1ccc(C(C)(C)C)cc1,2.3747,0.5524999999999998,3.4429,0.6376,/scratch/jaggbow/mol_xtb_coordinates/chromo3061/geom.xtbopt.xyz,/scratch/jaggbow/mol_xtb_coordinates/chromo3061/mmff.xyz,/scratch/jaggbow/mol_xtb_coordinates/chromo3061/basic.xyz,0,,,,,,
802,chromo6683,CCCc1cc2c(s1)-c1cc3c(cc1NB2c1ccccc1)-c1sc(CCC)cc1B(c1ccccc1)N3,3.169,0.8923000000000001,3.4688,0.5311999999999997,/scratch/jaggbow/mol_xtb_coordinates/chromo6683/geom.xtbopt.xyz,/scratch/jaggbow/mol_xtb_coordinates/chromo6683/mmff.xyz,/scratch/jaggbow/mol_xtb_coordinates/chromo6683/basic.xyz,0,,,,,,
803,chromo4586,Cc1ccc(-c2c3nc(c(-c4ccc(C)cc4)c4ccc([nH]4)c(-c4ccc(OC(=O)C(C)c5ccc(-c6ccccc6)c(F)c5)cc4)c4nc(c(-c5ccc(C)cc5)c5ccc2[nH]5)C=C4)C=C3)cc1,2.1307,0.7803,2.0897,0.1893,/scratch/jaggbow/mol_xtb_coordinates/chromo4586/geom.xtbopt.xyz,/scratch/jaggbow/mol_xtb_coordinates/chromo4586/mmff.xyz,/scratch/jaggbow/mol_xtb_coordinates/chromo4586/basic.xyz,0,,,,,,
804,chromo5405,O=S1(=O)c2ccccc2C2(c3cc(-c4ccc(N(c5ccccc5)c5ccccc5)cc4)ccc3-c3ccc(-c4ccc(N(c5ccccc5)c5ccccc5)cc4)cc32)c2ccccc21,2.9612,0.5608999999999997,3.71,0.3954,/scratch/jaggbow/mol_xtb_coordinates/chromo5405/geom.xtbopt.xyz,/scratch/jaggbow/mol_xtb_coordinates/chromo5405/mmff.xyz,/scratch/jaggbow/mol_xtb_coordinates/chromo5405/basic.xyz,0,,,,,,
805,chromo1672,CC1=C(c2ccc(N(c3ccccc3)c3ccccc3)cc2)C(C)=[N+]2C1=C(c1c(-c3ccccn3)nc3ccccn13)c1c(C)cc(C)n1[B-]2(F)F,2.0045,0.6238000000000001,2.7986,1.3234,/scratch/jaggbow/mol_xtb_coordinates/chromo1672/geom.xtbopt.xyz,/scratch/jaggbow/mol_xtb_coordinates/chromo1672/mmff.xyz,/scratch/jaggbow/mol_xtb_coordinates/chromo1672/basic.xyz,1,,,,,,
806,chromo0467,CCN(CC)c1ccc2cc(-c3cn4ccccc4n3)c(=O)oc2c1,3.2502,1.0529000000000002,3.3532,0.9016000000000002,/scratch/jaggbow/mol_xtb_coordinates/chromo0467/geom.xtbopt.xyz,/scratch/jaggbow/mol_xtb_coordinates/chromo0467/mmff.xyz,/scratch/jaggbow/mol_xtb_coordinates/chromo0467/basic.xyz,1,,,,,,
807,chromo5395,CC(C)(C)c1ccc(-c2nc3c4ccc(-c5ccccc5)cc4c4cc(-c5ccccc5)ccc4c3n2-c2ccc(C(C)(C)C)cc2)cc1,3.476,0.9143,3.7253,0.3819999999999997,/scratch/jaggbow/mol_xtb_coordinates/chromo5395/geom.xtbopt.xyz,/scratch/jaggbow/mol_xtb_coordinates/chromo5395/mmff.xyz,/scratch/jaggbow/mol_xtb_coordinates/chromo5395/basic.xyz,1,,,,,,
808,chromo2073,Cc1cc(C)c(B(c2c(C)cc(C)cc2C)N2c3ccccc3C(C)(C)c3ccccc32)c(C)c1,3.594,0.5781000000000001,3.2088,0.3339000000000003,/scratch/jaggbow/mol_xtb_coordinates/chromo2073/geom.xtbopt.xyz,/scratch/jaggbow/mol_xtb_coordinates/chromo2073/mmff.xyz,/scratch/jaggbow/mol_xtb_coordinates/chromo2073/basic.xyz,0,,,,,,
809,chromo2705,Nc1ccc(C#Cc2ccc3ccc4ccc(C#Cc5ccc(N)cc5)c5ccc2c3c45)cc1,2.6212,1.0095,3.5109,0.9916999999999998,/scratch/jaggbow/mol_xtb_coordinates/chromo2705/geom.xtbopt.xyz,/scratch/jaggbow/mol_xtb_coordinates/chromo2705/mmff.xyz,/scratch/jaggbow/mol_xtb_coordinates/chromo2705/basic.xyz,1,,,,,,
810,chromo4605,C(=Cc1ccc(-c2cccc3ccccc23)s1)c1cccs1,3.0873,1.3648,3.3198,1.0661999999999998,/scratch/jaggbow/mol_xtb_coordinates/chromo4605/geom.xtbopt.xyz,/scratch/jaggbow/mol_xtb_coordinates/chromo4605/mmff.xyz,/scratch/jaggbow/mol_xtb_coordinates/chromo4605/basic.xyz,1,,,,,,
811,chromo6220,CCCCN(CCCC)c1ccc(C#Cc2cc(C#Cc3ccc(N(CCCC)CCCC)cc3)c(C#Cc3cc(C(F)(F)F)cc(C(F)(F)F)c3)cc2C#Cc2cc(C(F)(F)F)cc(C(F)(F)F)c2)cc1,2.3845,0.4896,3.3268,0.4758999999999997,/scratch/jaggbow/mol_xtb_coordinates/chromo6220/geom.xtbopt.xyz,/scratch/jaggbow/mol_xtb_coordinates/chromo6220/mmff.xyz,/scratch/jaggbow/mol_xtb_coordinates/chromo6220/basic.xyz,1,,,,,,
812,chromo0848,CN(C)CCN(Cc1c2ccccc2cc2ccccc12)c1ccc([N+](=O)[O-])cc1[N+](=O)[O-],2.3079,0.5654000000000001,2.5405,0.3531000000000004,/scratch/jaggbow/mol_xtb_coordinates/chromo0848/geom.xtbopt.xyz,/scratch/jaggbow/mol_xtb_coordinates/chromo0848/mmff.xyz,/scratch/jaggbow/mol_xtb_coordinates/chromo0848/basic.xyz,1,,,,,,
813,chromo2747,COc1ccc(C=CC2=CC(C=Cc3ccc(OC)c4ccccc34)=[O+][B-](F)(F)O2)c2ccccc12,2.5316,0.7974000000000001,2.7769,0.7109000000000001,/scratch/jaggbow/mol_xtb_coordinates/chromo2747/geom.xtbopt.xyz,/scratch/jaggbow/mol_xtb_coordinates/chromo2747/mmff.xyz,/scratch/jaggbow/mol_xtb_coordinates/chromo2747/basic.xyz,1,,,,,,
814,chromo4913,CC1(C)c2ccccc2-c2cc3c(cc21)c1ccccc1n3-c1ccc2ccccc2n1,3.2419,0.5199999999999996,3.6468,0.4441999999999999,/scratch/jaggbow/mol_xtb_coordinates/chromo4913/geom.xtbopt.xyz,/scratch/jaggbow/mol_xtb_coordinates/chromo4913/mmff.xyz,/scratch/jaggbow/mol_xtb_coordinates/chromo4913/basic.xyz,0,,,,,,
815,chromo3405,CC(=O)c1nc(-c2ccc(N(c3ccccc3)c3ccccc3)cc2)oc1C,3.4844,0.9011,3.551,0.6146000000000003,/scratch/jaggbow/mol_xtb_coordinates/chromo3405/geom.xtbopt.xyz,/scratch/jaggbow/mol_xtb_coordinates/chromo3405/mmff.xyz,/scratch/jaggbow/mol_xtb_coordinates/chromo3405/basic.xyz,0,,,,,,
816,chromo6521,Cc1cc(O)c(-c2[nH]c(=O)n3c2-c2ccccc2C3=O)cc1Cl,3.1317,1.1818,3.107,0.9592,/scratch/jaggbow/mol_xtb_coordinates/chromo6521/geom.xtbopt.xyz,/scratch/jaggbow/mol_xtb_coordinates/chromo6521/mmff.xyz,/scratch/jaggbow/mol_xtb_coordinates/chromo6521/basic.xyz,0,,,,,,
817,chromo2213,FC(F)(F)c1cc2n(n1)[B-](c1ccccc1)(c1ccccc1)[n+]1ccc3ccccc3c1-2,2.9801,0.5785,3.5791,0.8193000000000001,/scratch/jaggbow/mol_xtb_coordinates/chromo2213/geom.xtbopt.xyz,/scratch/jaggbow/mol_xtb_coordinates/chromo2213/mmff.xyz,/scratch/jaggbow/mol_xtb_coordinates/chromo2213/basic.xyz,0,,,,,,
818,chromo5993,C#Cc1ccc(-c2c3nc(c(-c4ccc(C#C)cc4)c4ccc([nH]4)c(-c4cc(C(C)(C)C)cc(C(C)(C)C)c4)c4cc(c(-c5cc(C(C)(C)C)cc(C(C)(C)C)c5)c5ccc2[nH]5)C=N4)C=C3)cc1,1.9021,0.7116,1.7632,0.2409000000000001,/scratch/jaggbow/mol_xtb_coordinates/chromo5993/geom.xtbopt.xyz,/scratch/jaggbow/mol_xtb_coordinates/chromo5993/mmff.xyz,/scratch/jaggbow/mol_xtb_coordinates/chromo5993/basic.xyz,0,,,,,,
819,chromo2559,CCOC(=O)C1c2cc(Cl)ccc2C(=O)N1c1ccc(OC)c(OC)c1,3.3339,0.5141,3.8508,0.6040000000000001,/scratch/jaggbow/mol_xtb_coordinates/chromo2559/geom.xtbopt.xyz,/scratch/jaggbow/mol_xtb_coordinates/chromo2559/mmff.xyz,/scratch/jaggbow/mol_xtb_coordinates/chromo2559/basic.xyz,0,,,,,,
820,chromo5728,CC(=O)c1c(NC(Cc2ccc(O)cc2)C(=O)O)c2ccc(N(C)C)cc2oc1=O,3.7384,0.9251999999999998,3.6089,0.8123,/scratch/jaggbow/mol_xtb_coordinates/chromo5728/geom.xtbopt.xyz,/scratch/jaggbow/mol_xtb_coordinates/chromo5728/mmff.xyz,/scratch/jaggbow/mol_xtb_coordinates/chromo5728/basic.xyz,1,,,,,,
821,chromo2952,O=C1OCC2=C1C(c1ccccc1)c1cc3c(cc1N2CCO)CCC3,4.0678,0.9801000000000002,3.5765,0.8115999999999999,/scratch/jaggbow/mol_xtb_coordinates/chromo2952/geom.xtbopt.xyz,/scratch/jaggbow/mol_xtb_coordinates/chromo2952/mmff.xyz,/scratch/jaggbow/mol_xtb_coordinates/chromo2952/basic.xyz,0,,,,,,
822,chromo2325,Oc1ccc2ncccc2c1,4.1447,1.3385000000000002,4.0732,0.8237999999999999,/scratch/jaggbow/mol_xtb_coordinates/chromo2325/geom.xtbopt.xyz,/scratch/jaggbow/mol_xtb_coordinates/chromo2325/mmff.xyz,/scratch/jaggbow/mol_xtb_coordinates/chromo2325/basic.xyz,0,,,,,,
823,chromo3559,CN(C)c1ccc(C=Cc2cnc(-c3ccncc3)o2)cc1,2.9627,1.0807,3.269,0.9596,/scratch/jaggbow/mol_xtb_coordinates/chromo3559/geom.xtbopt.xyz,/scratch/jaggbow/mol_xtb_coordinates/chromo3559/mmff.xyz,/scratch/jaggbow/mol_xtb_coordinates/chromo3559/basic.xyz,1,,,,,,
824,chromo1795,CCC1=C(C)c2cc3[nH]c(cc4nc(c5c6[nH]c(cc1n2)c(C)c6C(=O)C5)C(CCC(=O)OC)C4C)c(C)c3C=C[N+](=O)[O-],1.9941,0.8311,2.1207,0.4572999999999998,/scratch/jaggbow/mol_xtb_coordinates/chromo1795/geom.xtbopt.xyz,/scratch/jaggbow/mol_xtb_coordinates/chromo1795/mmff.xyz,/scratch/jaggbow/mol_xtb_coordinates/chromo1795/basic.xyz,0,,,,,,
825,chromo2546,Cc1cccc(C2=CC3=C(c4c(C)cc(C)cc4C)c4cc(-c5cccc(C)c5)c(-c5cccc(C)c5)n4[B-](F)(F)[N+]3=C2c2cccc(C)c2)c1,2.4095,1.0312,2.5524,1.0429,/scratch/jaggbow/mol_xtb_coordinates/chromo2546/geom.xtbopt.xyz,/scratch/jaggbow/mol_xtb_coordinates/chromo2546/mmff.xyz,/scratch/jaggbow/mol_xtb_coordinates/chromo2546/basic.xyz,1,,,,,,
826,chromo3819,CCCCn1c2ccccc2c2cc(C#Cc3ccc4ccc5cccc6ccc3c4c56)ccc21,2.9546,1.1275000000000002,3.6534,1.0154999999999998,/scratch/jaggbow/mol_xtb_coordinates/chromo3819/geom.xtbopt.xyz,/scratch/jaggbow/mol_xtb_coordinates/chromo3819/mmff.xyz,/scratch/jaggbow/mol_xtb_coordinates/chromo3819/basic.xyz,1,,,,,,
827,chromo1999,CC1(C)c2ccccc2N(c2ccc3c(c2)C(C)(C)c2cc(N4c5ccccc5C(C)(C)c5ccccc54)ccc2S3(=O)=O)c2ccccc21,3.0021,0.0118999999999998,4.0379,0.6002999999999994,/scratch/jaggbow/mol_xtb_coordinates/chromo1999/geom.xtbopt.xyz,/scratch/jaggbow/mol_xtb_coordinates/chromo1999/mmff.xyz,/scratch/jaggbow/mol_xtb_coordinates/chromo1999/basic.xyz,0,,,,,,
828,chromo3713,C1=C(c2ccccc2)C(c2ccccc2)=CC1c1ccccc1,4.1222,1.6518000000000002,4.1406,1.1722,/scratch/jaggbow/mol_xtb_coordinates/chromo3713/geom.xtbopt.xyz,/scratch/jaggbow/mol_xtb_coordinates/chromo3713/mmff.xyz,/scratch/jaggbow/mol_xtb_coordinates/chromo3713/basic.xyz,0,,,,,,
829,chromo5554,Cc1ccc(C2=[N+]3C(=Cc4ccc(C)n4[B-]3(F)F)c3ccccc32)[nH]1,2.4522,1.276,2.6652,1.321,/scratch/jaggbow/mol_xtb_coordinates/chromo5554/geom.xtbopt.xyz,/scratch/jaggbow/mol_xtb_coordinates/chromo5554/mmff.xyz,/scratch/jaggbow/mol_xtb_coordinates/chromo5554/basic.xyz,0,,,,,,
830,chromo0845,O=C(c1ccc2c3c(sc2c1)-c1ccccc1P3(=O)c1ccccc1)c1c(F)c(F)c(F)c(F)c1F,3.3384,1.076,3.4466,0.7547999999999999,/scratch/jaggbow/mol_xtb_coordinates/chromo0845/geom.xtbopt.xyz,/scratch/jaggbow/mol_xtb_coordinates/chromo0845/mmff.xyz,/scratch/jaggbow/mol_xtb_coordinates/chromo0845/basic.xyz,0,,,,,,
831,chromo1478,Nc1ccc(-c2ccc(N)cc2)cc1,4.3363,1.2744999999999995,4.4112,0.7957999999999998,/scratch/jaggbow/mol_xtb_coordinates/chromo1478/geom.xtbopt.xyz,/scratch/jaggbow/mol_xtb_coordinates/chromo1478/mmff.xyz,/scratch/jaggbow/mol_xtb_coordinates/chromo1478/basic.xyz,1,,,,,,
832,chromo0479,O=C1c2cccc3cc(C#CC#Cc4cc5c6c(cccc6c4)C(=O)N(c4ccccc4)C5=O)cc(c23)C(=O)N1c1ccccc1,2.9943,1.0477,3.5938,0.7841,/scratch/jaggbow/mol_xtb_coordinates/chromo0479/geom.xtbopt.xyz,/scratch/jaggbow/mol_xtb_coordinates/chromo0479/mmff.xyz,/scratch/jaggbow/mol_xtb_coordinates/chromo0479/basic.xyz,0,,,,,,
833,chromo1072,COc1ccccc1C1=[N+]2C(=Cc3c4c(c(-c5ccccc5OC)n3[B-]2(F)F)C2CCC4CC2)C2=C1C1CCC2CC1,2.6138,1.1824,2.6494,1.1465,/scratch/jaggbow/mol_xtb_coordinates/chromo1072/geom.xtbopt.xyz,/scratch/jaggbow/mol_xtb_coordinates/chromo1072/mmff.xyz,/scratch/jaggbow/mol_xtb_coordinates/chromo1072/basic.xyz,0,,,,,,
834,chromo3028,CCCCN(CCCC)c1ccc(C=Cc2ccc3nc(C=Cc4nc5ccc(C=Cc6ccc(N(CCCC)CCCC)cc6)cc5n(CCC)c4=O)c(=O)n(CCC)c3c2)cc1,2.0369,0.7822000000000002,2.7204,0.6227,/scratch/jaggbow/mol_xtb_coordinates/chromo3028/geom.xtbopt.xyz,/scratch/jaggbow/mol_xtb_coordinates/chromo3028/mmff.xyz,/scratch/jaggbow/mol_xtb_coordinates/chromo3028/basic.xyz,0,,,,,,
835,chromo4462,CCn1c2ccccc2c2cc(C=C(C#N)c3ccccc3)ccc21,3.3744,1.2016,3.6951,0.6863000000000001,/scratch/jaggbow/mol_xtb_coordinates/chromo4462/geom.xtbopt.xyz,/scratch/jaggbow/mol_xtb_coordinates/chromo4462/mmff.xyz,/scratch/jaggbow/mol_xtb_coordinates/chromo4462/basic.xyz,1,,,,,,
836,chromo0203,Cc1nc(-c2cc(F)ccc2O)n2c1CCCC2,4.0286,1.0992000000000002,4.0859,0.7467999999999995,/scratch/jaggbow/mol_xtb_coordinates/chromo0203/geom.xtbopt.xyz,/scratch/jaggbow/mol_xtb_coordinates/chromo0203/mmff.xyz,/scratch/jaggbow/mol_xtb_coordinates/chromo0203/basic.xyz,0,,,,,,
837,chromo5445,N#Cc1cc(C=Cc2ccc(N(c3ccccc3)c3ccccc3)cc2)ccc1-c1ccc(C=Cc2ccc(N(c3ccccc3)c3ccccc3)cc2)cc1C#N,2.5753,0.6536,3.3153,0.6030000000000002,/scratch/jaggbow/mol_xtb_coordinates/chromo5445/geom.xtbopt.xyz,/scratch/jaggbow/mol_xtb_coordinates/chromo5445/mmff.xyz,/scratch/jaggbow/mol_xtb_coordinates/chromo5445/basic.xyz,1,,,,,,
838,chromo1090,CCc1ccc(C2=[N+]3C(=Cc4c5ccc(OC)cc5c(-c5ccc(CC)s5)n4[B-]3(F)F)c3ccc(OC)cc32)s1,1.9501,1.1526,2.1679,1.2515999999999998,/scratch/jaggbow/mol_xtb_coordinates/chromo1090/geom.xtbopt.xyz,/scratch/jaggbow/mol_xtb_coordinates/chromo1090/mmff.xyz,/scratch/jaggbow/mol_xtb_coordinates/chromo1090/basic.xyz,0,,,,,,
839,chromo1993,CC(C)(C)c1ccc2c(c1)c1cc(C(C)(C)C)ccc1n2-c1ccc(C#Cc2ccc3c4ccc(C#Cc5ccc(C=C(C#N)C(=O)O)cc5)cc4n(-c4ccc(C(F)(F)F)cc4)c3c2)cc1,2.2793,0.3593000000000002,3.6674,0.8324000000000003,/scratch/jaggbow/mol_xtb_coordinates/chromo1993/geom.xtbopt.xyz,/scratch/jaggbow/mol_xtb_coordinates/chromo1993/mmff.xyz,/scratch/jaggbow/mol_xtb_coordinates/chromo1993/basic.xyz,1,,,,,,
840,chromo5104,CC1(C)c2ccccc2N(c2ccc(-c3nc(-c4ccccc4)cc(-c4ccccc4)n3)cc2)c2ccccc21,2.8004,0.0085999999999999,3.6447,0.2736999999999998,/scratch/jaggbow/mol_xtb_coordinates/chromo5104/geom.xtbopt.xyz,/scratch/jaggbow/mol_xtb_coordinates/chromo5104/mmff.xyz,/scratch/jaggbow/mol_xtb_coordinates/chromo5104/basic.xyz,0,,,,,,
841,chromo2762,O=C1OC(=O)c2ccc(N(c3ccccc3)c3ccc4ccccc4c3)c3cccc1c23,2.5091,0.5615000000000001,2.6653,0.6517,/scratch/jaggbow/mol_xtb_coordinates/chromo2762/geom.xtbopt.xyz,/scratch/jaggbow/mol_xtb_coordinates/chromo2762/mmff.xyz,/scratch/jaggbow/mol_xtb_coordinates/chromo2762/basic.xyz,0,,,,,,
842,chromo2042,O=P(c1ccccc1)(c1ccccc1)c1ccc(-n2c(-c3ccccc3P(=O)(c3ccccc3)c3ccccc3)nc3ccccc32)cc1,4.0664,0.8047999999999997,4.3181,0.4523000000000001,/scratch/jaggbow/mol_xtb_coordinates/chromo2042/geom.xtbopt.xyz,/scratch/jaggbow/mol_xtb_coordinates/chromo2042/mmff.xyz,/scratch/jaggbow/mol_xtb_coordinates/chromo2042/basic.xyz,0,,,,,,
843,chromo3306,Oc1cccc(N=Cc2ccccc2Oc2ccccc2)c1,3.584,1.0015,3.5054,0.3565,/scratch/jaggbow/mol_xtb_coordinates/chromo3306/geom.xtbopt.xyz,/scratch/jaggbow/mol_xtb_coordinates/chromo3306/mmff.xyz,/scratch/jaggbow/mol_xtb_coordinates/chromo3306/basic.xyz,1,,,,,,
844,chromo0721,CCCN=Cc1cc2ccc(N(C)C)cc2cc1OC,3.5512,1.1782,3.3979,0.7313000000000001,/scratch/jaggbow/mol_xtb_coordinates/chromo0721/geom.xtbopt.xyz,/scratch/jaggbow/mol_xtb_coordinates/chromo0721/mmff.xyz,/scratch/jaggbow/mol_xtb_coordinates/chromo0721/basic.xyz,1,,,,,,
845,chromo2280,CCCCC(CC)Cn1c2cc(-c3ccc(N(c4ccccc4)c4ccccc4)cc3)c(C#N)cc2c2cc(C#N)c(-c3ccc(N(c4ccccc4)c4ccccc4)cc3)cc21,3.0204,0.4340000000000001,3.7622,0.3083999999999998,/scratch/jaggbow/mol_xtb_coordinates/chromo2280/geom.xtbopt.xyz,/scratch/jaggbow/mol_xtb_coordinates/chromo2280/mmff.xyz,/scratch/jaggbow/mol_xtb_coordinates/chromo2280/basic.xyz,1,,,,,,
846,chromo6570,O=C1OC(=O)C2=C1[Se]C13C2=CC(c2ccccc21)c1ccccc13,2.6599,1.0443,2.4463,0.9763,/scratch/jaggbow/mol_xtb_coordinates/chromo6570/geom.xtbopt.xyz,/scratch/jaggbow/mol_xtb_coordinates/chromo6570/mmff.xyz,/scratch/jaggbow/mol_xtb_coordinates/chromo6570/basic.xyz,0,,,,,,
847,chromo5915,Cn1nc(-c2ccccc2)cc1-c1ccccc1,4.4229,1.2338000000000005,4.8008,0.8394999999999997,/scratch/jaggbow/mol_xtb_coordinates/chromo5915/geom.xtbopt.xyz,/scratch/jaggbow/mol_xtb_coordinates/chromo5915/mmff.xyz,/scratch/jaggbow/mol_xtb_coordinates/chromo5915/basic.xyz,0,,,,,,
848,chromo1217,O=c1c2ccccc2nc2n1[B-](F)(F)[n+]1ccccc1-2,3.0419,0.7742,3.725,0.7070000000000003,/scratch/jaggbow/mol_xtb_coordinates/chromo1217/geom.xtbopt.xyz,/scratch/jaggbow/mol_xtb_coordinates/chromo1217/mmff.xyz,/scratch/jaggbow/mol_xtb_coordinates/chromo1217/basic.xyz,0,,,,,,
849,chromo2083,N#Cc1cc2nc3c(nc2cc1C#N)C1c2ccc(N(c4ccccc4)c4ccccc4)cc2C3c2ccc(N(c3ccccc3)c3ccccc3)cc21,2.2788,0.1168999999999997,3.4789,0.0102999999999999,/scratch/jaggbow/mol_xtb_coordinates/chromo2083/geom.xtbopt.xyz,/scratch/jaggbow/mol_xtb_coordinates/chromo2083/mmff.xyz,/scratch/jaggbow/mol_xtb_coordinates/chromo2083/basic.xyz,0,,,,,,
850,chromo3025,CCCn1c(=O)c(C=Cc2nc3ccc(C)cc3n(CCC)c2=O)nc2ccc(C)cc21,2.6896,1.1902,2.8912,0.8115000000000001,/scratch/jaggbow/mol_xtb_coordinates/chromo3025/geom.xtbopt.xyz,/scratch/jaggbow/mol_xtb_coordinates/chromo3025/mmff.xyz,/scratch/jaggbow/mol_xtb_coordinates/chromo3025/basic.xyz,0,,,,,,
851,chromo1202,COc1coc2cc(-c3ccc(N(C)C)cc3)ccc2c1=O,3.4038,0.6463000000000001,3.8286,1.0044,/scratch/jaggbow/mol_xtb_coordinates/chromo1202/geom.xtbopt.xyz,/scratch/jaggbow/mol_xtb_coordinates/chromo1202/mmff.xyz,/scratch/jaggbow/mol_xtb_coordinates/chromo1202/basic.xyz,1,,,,,,
852,chromo6297,CCCCCCn1c(=O)c2c3[nH]c4ccccc4oc3c3c(=O)n(CCCCCC)c(=O)c3c2c1=O,2.6824,0.6924999999999999,2.5275,0.7186999999999999,/scratch/jaggbow/mol_xtb_coordinates/chromo6297/geom.xtbopt.xyz,/scratch/jaggbow/mol_xtb_coordinates/chromo6297/mmff.xyz,/scratch/jaggbow/mol_xtb_coordinates/chromo6297/basic.xyz,0,,,,,,
853,chromo2240,O=S1(=O)c2ccc(-c3ccc(N(c4ccccc4)c4ccccc4)cc3)cc2C2(c3ccccc3-c3ccccc32)c2cc(-c3ccc(N(c4ccccc4)c4ccccc4)cc3)ccc21,3.2467,0.5430000000000001,3.8803,0.5800000000000001,/scratch/jaggbow/mol_xtb_coordinates/chromo2240/geom.xtbopt.xyz,/scratch/jaggbow/mol_xtb_coordinates/chromo2240/mmff.xyz,/scratch/jaggbow/mol_xtb_coordinates/chromo2240/basic.xyz,0,,,,,,
854,chromo2366,CN(C)c1ccc(C2=Nc3sc4cc(F)ccc4[n+]3[B-](F)(F)O2)cc1,3.3011,0.8256999999999999,3.3938,0.8145000000000002,/scratch/jaggbow/mol_xtb_coordinates/chromo2366/geom.xtbopt.xyz,/scratch/jaggbow/mol_xtb_coordinates/chromo2366/mmff.xyz,/scratch/jaggbow/mol_xtb_coordinates/chromo2366/basic.xyz,0,,,,,,
855,chromo3063,Cc1cc(-c2ccc(C(C)(C)C)cc2)c2nsnc2c1-c1ccc(N(c2ccccc2)c2ccccc2)cc1,2.3563,0.4848000000000001,3.693,0.7515000000000001,/scratch/jaggbow/mol_xtb_coordinates/chromo3063/geom.xtbopt.xyz,/scratch/jaggbow/mol_xtb_coordinates/chromo3063/mmff.xyz,/scratch/jaggbow/mol_xtb_coordinates/chromo3063/basic.xyz,0,,,,,,
856,chromo3809,CCOc1cccc2c1O[B-](F)(F)[n+]1c3c(c4c(c1-2)-c1ccccc1CC4)-c1ccccc1CC3,3.009,0.4948999999999999,3.3312,0.5709999999999997,/scratch/jaggbow/mol_xtb_coordinates/chromo3809/geom.xtbopt.xyz,/scratch/jaggbow/mol_xtb_coordinates/chromo3809/mmff.xyz,/scratch/jaggbow/mol_xtb_coordinates/chromo3809/basic.xyz,0,,,,,,
857,chromo3845,CCN(CC)c1ccc(-c2nc3c4ccc(-c5ccccc5)cc4c4cc(-c5ccccc5)ccc4c3[nH]2)c(O)c1,3.3199,0.8273999999999999,3.613,0.5958999999999999,/scratch/jaggbow/mol_xtb_coordinates/chromo3845/geom.xtbopt.xyz,/scratch/jaggbow/mol_xtb_coordinates/chromo3845/mmff.xyz,/scratch/jaggbow/mol_xtb_coordinates/chromo3845/basic.xyz,0,,,,,,
858,chromo3810,O=[N+]([O-])c1ccc(O)c(-c2nc3c(c4c2-c2ccccc2CC4)-c2ccccc2CC3)c1,3.4668,0.8704000000000001,4.1959,0.9003999999999999,/scratch/jaggbow/mol_xtb_coordinates/chromo3810/geom.xtbopt.xyz,/scratch/jaggbow/mol_xtb_coordinates/chromo3810/mmff.xyz,/scratch/jaggbow/mol_xtb_coordinates/chromo3810/basic.xyz,0,,,,,,
859,chromo2834,O=Cc1ccc(C2=Cc3ccccc3P2(=O)c2ccccc2)cc1,3.4379,1.2866,3.8108,1.0372,/scratch/jaggbow/mol_xtb_coordinates/chromo2834/geom.xtbopt.xyz,/scratch/jaggbow/mol_xtb_coordinates/chromo2834/mmff.xyz,/scratch/jaggbow/mol_xtb_coordinates/chromo2834/basic.xyz,0,,,,,,
860,chromo6421,COC(=O)C1=C(C(=O)OC)C2(c3ccccc3-c3ccccc32)C(c2ccccc2)C=C2c3cc(OC)c(OC)cc3CCN21,3.8666,1.1652,3.6551,0.8849,/scratch/jaggbow/mol_xtb_coordinates/chromo6421/geom.xtbopt.xyz,/scratch/jaggbow/mol_xtb_coordinates/chromo6421/mmff.xyz,/scratch/jaggbow/mol_xtb_coordinates/chromo6421/basic.xyz,0,,,,,,
861,chromo1526,CCCCCCCCCCCCN1C(=O)c2c(c3ccc4cc(-c5ccc(Cl)cc5)c(OC)cc4c3c3c2ccc2cc(-c4ccc(Cl)cc4)c(OC)cc23)C1=O,2.5797,0.5680999999999998,2.8378,0.3372999999999999,/scratch/jaggbow/mol_xtb_coordinates/chromo1526/geom.xtbopt.xyz,/scratch/jaggbow/mol_xtb_coordinates/chromo1526/mmff.xyz,/scratch/jaggbow/mol_xtb_coordinates/chromo1526/basic.xyz,0,,,,,,
862,chromo2562,CCOC(=O)C1c2ccccc2C(=O)N1c1ccccn1,4.3155,0.9005000000000001,4.3121,0.6611000000000002,/scratch/jaggbow/mol_xtb_coordinates/chromo2562/geom.xtbopt.xyz,/scratch/jaggbow/mol_xtb_coordinates/chromo2562/mmff.xyz,/scratch/jaggbow/mol_xtb_coordinates/chromo2562/basic.xyz,0,,,,,,
863,chromo0921,N#Cc1ccc(N)c2nonc12,3.166,1.3377,3.7674,1.3104999999999998,/scratch/jaggbow/mol_xtb_coordinates/chromo0921/geom.xtbopt.xyz,/scratch/jaggbow/mol_xtb_coordinates/chromo0921/mmff.xyz,/scratch/jaggbow/mol_xtb_coordinates/chromo0921/basic.xyz,0,,,,,,
864,chromo5456,Brc1ccc(C2=C(c3ccc(Br)cc3)c3cccc4c3c(cc3nc5ccccc5nc34)O2)cc1,2.6565,0.7469999999999999,2.866,0.6656,/scratch/jaggbow/mol_xtb_coordinates/chromo5456/geom.xtbopt.xyz,/scratch/jaggbow/mol_xtb_coordinates/chromo5456/mmff.xyz,/scratch/jaggbow/mol_xtb_coordinates/chromo5456/basic.xyz,0,,,,,,
865,chromo2591,CCn1c2ccc(-c3cccs3)cc2c2cc(-c3cccs3)ccc21,3.5987,0.8892000000000002,3.6614,0.5474999999999999,/scratch/jaggbow/mol_xtb_coordinates/chromo2591/geom.xtbopt.xyz,/scratch/jaggbow/mol_xtb_coordinates/chromo2591/mmff.xyz,/scratch/jaggbow/mol_xtb_coordinates/chromo2591/basic.xyz,1,,,,,,
866,chromo4097,O=c1c2cc(C#Cc3ccc(Cl)cc3)ccc2nc2ccc(C#Cc3ccc(Cl)cc3)cn12,2.944,0.9498,3.4796,0.8980000000000001,/scratch/jaggbow/mol_xtb_coordinates/chromo4097/geom.xtbopt.xyz,/scratch/jaggbow/mol_xtb_coordinates/chromo4097/mmff.xyz,/scratch/jaggbow/mol_xtb_coordinates/chromo4097/basic.xyz,0,,,,,,
867,chromo1716,O=c1cc(-c2ccccc2)oc(-c2nc3ccccn3c2NC2CCCCC2)c1,3.3377,0.8209999999999997,3.2329,0.698,/scratch/jaggbow/mol_xtb_coordinates/chromo1716/geom.xtbopt.xyz,/scratch/jaggbow/mol_xtb_coordinates/chromo1716/mmff.xyz,/scratch/jaggbow/mol_xtb_coordinates/chromo1716/basic.xyz,0,,,,,,
868,chromo6299,CCCCCCn1c(=O)c2c3[nH]c4cc5sc6c([nH]c5cc4sc3c3c(=O)n(CCCCCC)c(=O)c3c2c1=O)c1c(=O)n(CCCCCC)c(=O)c1c1c(=O)n(CCCCCC)c(=O)c61,2.116,0.4116000000000002,2.3198,0.6975999999999998,/scratch/jaggbow/mol_xtb_coordinates/chromo6299/geom.xtbopt.xyz,/scratch/jaggbow/mol_xtb_coordinates/chromo6299/mmff.xyz,/scratch/jaggbow/mol_xtb_coordinates/chromo6299/basic.xyz,0,,,,,,
869,chromo2903,CN(C)c1ccc(C=Cc2ncccn2)cc1,3.4046,1.2420999999999998,3.613,1.0772,/scratch/jaggbow/mol_xtb_coordinates/chromo2903/geom.xtbopt.xyz,/scratch/jaggbow/mol_xtb_coordinates/chromo2903/mmff.xyz,/scratch/jaggbow/mol_xtb_coordinates/chromo2903/basic.xyz,1,,,,,,
870,chromo3052,COC1(OC)C2(Cl)c3nc4ccc(-c5cccs5)cc4nc3C1(Cl)C1CC3C(CC12)C1(Cl)c2nc4cc(-c5cccs5)ccc4nc2C3(Cl)C1(OC)OC,3.4059,0.9525,3.6973,0.7289999999999996,/scratch/jaggbow/mol_xtb_coordinates/chromo3052/geom.xtbopt.xyz,/scratch/jaggbow/mol_xtb_coordinates/chromo3052/mmff.xyz,/scratch/jaggbow/mol_xtb_coordinates/chromo3052/basic.xyz,0,,,,,,
871,chromo1471,CCCCCC(=O)c1c2c(c(C(=O)CCCCC)c3c1OC1(CCCC1)O3)OC1(CCCC1)O2,2.7876,0.8295999999999999,2.6121,0.6599999999999999,/scratch/jaggbow/mol_xtb_coordinates/chromo1471/geom.xtbopt.xyz,/scratch/jaggbow/mol_xtb_coordinates/chromo1471/mmff.xyz,/scratch/jaggbow/mol_xtb_coordinates/chromo1471/basic.xyz,0,,,,,,
872,chromo1444,COC(=O)C(Cc1ccc2oc(-c3ccc(N(c4ccccc4)c4ccccc4)cc3)nc2c1)NC(=O)OC(C)(C)C,3.3339,0.8190999999999997,3.4579,0.5689000000000002,/scratch/jaggbow/mol_xtb_coordinates/chromo1444/geom.xtbopt.xyz,/scratch/jaggbow/mol_xtb_coordinates/chromo1444/mmff.xyz,/scratch/jaggbow/mol_xtb_coordinates/chromo1444/basic.xyz,0,,,,,,
873,chromo2497,CN(C)c1ccc(C=Cc2ncnc3ccccc23)cc1,3.0163,1.0595,3.2761,0.9628,/scratch/jaggbow/mol_xtb_coordinates/chromo2497/geom.xtbopt.xyz,/scratch/jaggbow/mol_xtb_coordinates/chromo2497/mmff.xyz,/scratch/jaggbow/mol_xtb_coordinates/chromo2497/basic.xyz,0,,,,,,
874,chromo4384,COc1ccc(-c2cc3c4c(c2)CCc2cc(-c5ccc(OC)cc5)cc(c2-4)CC3)cc1,3.6257,1.0342000000000002,4.1136,0.6568999999999998,/scratch/jaggbow/mol_xtb_coordinates/chromo4384/geom.xtbopt.xyz,/scratch/jaggbow/mol_xtb_coordinates/chromo4384/mmff.xyz,/scratch/jaggbow/mol_xtb_coordinates/chromo4384/basic.xyz,0,,,,,,
875,chromo0970,F[B-]1(F)n2cccc2C(c2ccccc2)=C2C=CC=[N+]21,3.0839,1.4625,2.9793,1.4532999999999998,/scratch/jaggbow/mol_xtb_coordinates/chromo0970/geom.xtbopt.xyz,/scratch/jaggbow/mol_xtb_coordinates/chromo0970/mmff.xyz,/scratch/jaggbow/mol_xtb_coordinates/chromo0970/basic.xyz,1,,,,,,
876,chromo5369,c1ccc(-c2nc3c4ccccc4c4ccccc4c3n2-c2ccc(-c3nc4c5ccccc5c5ccccc5c4n3-c3ccccc3)cc2)cc1,3.2107,0.5592999999999999,3.8634,0.4095,/scratch/jaggbow/mol_xtb_coordinates/chromo5369/geom.xtbopt.xyz,/scratch/jaggbow/mol_xtb_coordinates/chromo5369/mmff.xyz,/scratch/jaggbow/mol_xtb_coordinates/chromo5369/basic.xyz,1,,,,,,
877,chromo3544,COc1ccc(-c2cnc(C=Cc3ccccc3)o2)cc1OC,3.1522,1.203,3.5066,0.991,/scratch/jaggbow/mol_xtb_coordinates/chromo3544/geom.xtbopt.xyz,/scratch/jaggbow/mol_xtb_coordinates/chromo3544/mmff.xyz,/scratch/jaggbow/mol_xtb_coordinates/chromo3544/basic.xyz,1,,,,,,
878,chromo3292,CCCSC1=[N+]2C(=C(c3ccccc3)c3ccc(SCCC)n3[B-]2(F)F)C=C1SC#N,2.4357,1.0650000000000002,2.5638,1.3384,/scratch/jaggbow/mol_xtb_coordinates/chromo3292/geom.xtbopt.xyz,/scratch/jaggbow/mol_xtb_coordinates/chromo3292/mmff.xyz,/scratch/jaggbow/mol_xtb_coordinates/chromo3292/basic.xyz,1,,,,,,
879,chromo1020,COC(=O)C=CC=CC1=[N+]2C(=C(c3c(C)cc(C)cc3C)c3ccc(C=CC=CC(=O)OC)n3[B-]2(F)F)C=C1,2.2214,1.2455,2.6718,1.1972000000000005,/scratch/jaggbow/mol_xtb_coordinates/chromo1020/geom.xtbopt.xyz,/scratch/jaggbow/mol_xtb_coordinates/chromo1020/mmff.xyz,/scratch/jaggbow/mol_xtb_coordinates/chromo1020/basic.xyz,1,,,,,,
880,chromo0840,O=S1(=O)c2ccccc2-c2c1c1ccccc1p2-c1ccccc1,3.3465,1.1921999999999997,3.7332,0.9189000000000004,/scratch/jaggbow/mol_xtb_coordinates/chromo0840/geom.xtbopt.xyz,/scratch/jaggbow/mol_xtb_coordinates/chromo0840/mmff.xyz,/scratch/jaggbow/mol_xtb_coordinates/chromo0840/basic.xyz,0,,,,,,
881,chromo0855,CCCCCCOc1ccc(C#Cc2ccc(C#Cc3ccc(OCCCCCC)c(OCCCCCC)c3)c3nsnc23)cc1OCCCCCC,2.3091,0.9137,3.3591,0.8666,/scratch/jaggbow/mol_xtb_coordinates/chromo0855/geom.xtbopt.xyz,/scratch/jaggbow/mol_xtb_coordinates/chromo0855/mmff.xyz,/scratch/jaggbow/mol_xtb_coordinates/chromo0855/basic.xyz,0,,,,,,
882,chromo3323,Cc1cc(O)c(C(C)C)cc1N=Cc1ccc(O)cc1,3.4717,1.0362999999999998,3.5513,0.5612999999999997,/scratch/jaggbow/mol_xtb_coordinates/chromo3323/geom.xtbopt.xyz,/scratch/jaggbow/mol_xtb_coordinates/chromo3323/mmff.xyz,/scratch/jaggbow/mol_xtb_coordinates/chromo3323/basic.xyz,1,,,,,,
883,chromo1207,N#CC(=C(C#N)c1ccc(-c2ccncc2)cc1)c1ccc(-c2ccncc2)cc1,3.1076,1.1543,3.6341,0.7778,/scratch/jaggbow/mol_xtb_coordinates/chromo1207/geom.xtbopt.xyz,/scratch/jaggbow/mol_xtb_coordinates/chromo1207/mmff.xyz,/scratch/jaggbow/mol_xtb_coordinates/chromo1207/basic.xyz,1,,,,,,
884,chromo1476,CCCC(=O)c1c2c(c(C(=O)CCC)c3c1OC(CC(=O)OC)(C(=O)O)O3)OCO2,2.9629,0.8304,2.5679,0.7702999999999998,/scratch/jaggbow/mol_xtb_coordinates/chromo1476/geom.xtbopt.xyz,/scratch/jaggbow/mol_xtb_coordinates/chromo1476/mmff.xyz,/scratch/jaggbow/mol_xtb_coordinates/chromo1476/basic.xyz,0,,,,,,
885,chromo3118,Cc1ccc(-c2c3nc(c(-c4ccc(C)cc4)c4ccc([nH]4)c(-c4ccco4)c4nc(c(-c5ccc(C)cc5)c5ccc2[nH]5)C=C4)C=C3)cc1,2.1001,0.7725,2.0973,0.2452,/scratch/jaggbow/mol_xtb_coordinates/chromo3118/geom.xtbopt.xyz,/scratch/jaggbow/mol_xtb_coordinates/chromo3118/mmff.xyz,/scratch/jaggbow/mol_xtb_coordinates/chromo3118/basic.xyz,0,,,,,,
886,chromo2428,COC(=O)c1cc(=O)n(Cc2ccccc2)c2cc(-c3ccc(OC)cc3)sc12,3.0232,1.1183,3.0322,0.9602,/scratch/jaggbow/mol_xtb_coordinates/chromo2428/geom.xtbopt.xyz,/scratch/jaggbow/mol_xtb_coordinates/chromo2428/mmff.xyz,/scratch/jaggbow/mol_xtb_coordinates/chromo2428/basic.xyz,1,,,,,,
887,chromo2518,Cc1cc(C)c(C2=C3C=C(C=CC(=O)OC(C)(C)C)C=[N+]3[B-](F)(F)n3cccc32)c(C)c1,2.7548,1.1762,2.807,1.2339,/scratch/jaggbow/mol_xtb_coordinates/chromo2518/geom.xtbopt.xyz,/scratch/jaggbow/mol_xtb_coordinates/chromo2518/mmff.xyz,/scratch/jaggbow/mol_xtb_coordinates/chromo2518/basic.xyz,1,,,,,,
888,chromo0914,C[Si]1(C)c2cc(C#Cc3ccccc3)ccc2C=Cc2ccc(C#Cc3ccccc3)cc21,3.0837,0.9764999999999996,4.0912,0.7189999999999999,/scratch/jaggbow/mol_xtb_coordinates/chromo0914/geom.xtbopt.xyz,/scratch/jaggbow/mol_xtb_coordinates/chromo0914/mmff.xyz,/scratch/jaggbow/mol_xtb_coordinates/chromo0914/basic.xyz,0,,,,,,
889,chromo6116,COc1ccc(C(=O)c2c(C)c3ccc4cccc5c6cccc7ccc2c(c76)c3c45)cc1,3.211,1.2110999999999998,3.4091,0.6320999999999999,/scratch/jaggbow/mol_xtb_coordinates/chromo6116/geom.xtbopt.xyz,/scratch/jaggbow/mol_xtb_coordinates/chromo6116/mmff.xyz,/scratch/jaggbow/mol_xtb_coordinates/chromo6116/basic.xyz,0,,,,,,
890,chromo1550,Cc1cccc2cc3c(=O)n(C)c(=O)n(C)c3nc12,3.5673,0.9933,3.638,0.6267,/scratch/jaggbow/mol_xtb_coordinates/chromo1550/geom.xtbopt.xyz,/scratch/jaggbow/mol_xtb_coordinates/chromo1550/mmff.xyz,/scratch/jaggbow/mol_xtb_coordinates/chromo1550/basic.xyz,0,,,,,,
891,chromo1631,Cc1ccc(-c2cc(-c3ccc(N(C)C)cc3)c3c(N)nc(N4CCCC4)c(C#N)c3n2)cc1,2.9265,0.5800999999999998,3.0074,0.5848,/scratch/jaggbow/mol_xtb_coordinates/chromo1631/geom.xtbopt.xyz,/scratch/jaggbow/mol_xtb_coordinates/chromo1631/mmff.xyz,/scratch/jaggbow/mol_xtb_coordinates/chromo1631/basic.xyz,0,,,,,,
892,chromo0286,COc1c2ccccc2c(OC)c2c1c1ccc(F)cc1n2C,3.334,1.0809000000000002,3.2495,0.7037,/scratch/jaggbow/mol_xtb_coordinates/chromo0286/geom.xtbopt.xyz,/scratch/jaggbow/mol_xtb_coordinates/chromo0286/mmff.xyz,/scratch/jaggbow/mol_xtb_coordinates/chromo0286/basic.xyz,0,,,,,,
893,chromo1465,COc1ccc2cc(C#Cc3ccc([N+](=O)[O-])cc3)ccc2c1,2.8135,0.1993999999999998,3.8663,0.7973999999999997,/scratch/jaggbow/mol_xtb_coordinates/chromo1465/geom.xtbopt.xyz,/scratch/jaggbow/mol_xtb_coordinates/chromo1465/mmff.xyz,/scratch/jaggbow/mol_xtb_coordinates/chromo1465/basic.xyz,1,,,,,,
894,chromo2053,CC(C)c1cc(C(C)C)c(B2c3cc(-n4c5ccccc5c5ccccc54)ccc3N(c3ccccc3)c3ccc(-n4c5ccccc5c5ccccc54)cc32)c(C(C)C)c1,2.9552,0.3496000000000001,3.2142,0.6509,/scratch/jaggbow/mol_xtb_coordinates/chromo2053/geom.xtbopt.xyz,/scratch/jaggbow/mol_xtb_coordinates/chromo2053/mmff.xyz,/scratch/jaggbow/mol_xtb_coordinates/chromo2053/basic.xyz,0,,,,,,
895,chromo0910,COc1ccc(-c2ccc3c(c2)[Si](C)(C)c2cc(-c4ccc(OC)cc4)ccc2C=C3)cc1,3.4343,1.0387999999999995,4.064,0.6621000000000001,/scratch/jaggbow/mol_xtb_coordinates/chromo0910/geom.xtbopt.xyz,/scratch/jaggbow/mol_xtb_coordinates/chromo0910/mmff.xyz,/scratch/jaggbow/mol_xtb_coordinates/chromo0910/basic.xyz,0,,,,,,
896,chromo4588,COc1ccc2cc(C(C)C(=O)Oc3ccc(-c4c5nc(c(-c6ccc(C)cc6)c6ccc([nH]6)c(-c6ccc(C)cc6)c6nc(c(-c7ccc(C)cc7)c7ccc4[nH]7)C=C6)C=C5)cc3)ccc2c1,2.1304,0.7801999999999998,2.0941,0.1929,/scratch/jaggbow/mol_xtb_coordinates/chromo4588/geom.xtbopt.xyz,/scratch/jaggbow/mol_xtb_coordinates/chromo4588/mmff.xyz,/scratch/jaggbow/mol_xtb_coordinates/chromo4588/basic.xyz,0,,,,,,
897,chromo5003,c1ccc(-c2nc(-c3ccccc3)nc(-c3ccc(-n4c5ccccc5c5ccc6c(c7ccccc7n6-c6ccccc6)c54)cc3)n2)cc1,2.6977,0.0844,3.7243,0.3786999999999998,/scratch/jaggbow/mol_xtb_coordinates/chromo5003/geom.xtbopt.xyz,/scratch/jaggbow/mol_xtb_coordinates/chromo5003/mmff.xyz,/scratch/jaggbow/mol_xtb_coordinates/chromo5003/basic.xyz,0,,,,,,
898,chromo2138,O=P1(c2ccccc2)c2cccc3c4c5ccccc5c5ccccc5c4c4ccc1n4c23,2.9075,0.8449,2.9859,0.5301,/scratch/jaggbow/mol_xtb_coordinates/chromo2138/geom.xtbopt.xyz,/scratch/jaggbow/mol_xtb_coordinates/chromo2138/mmff.xyz,/scratch/jaggbow/mol_xtb_coordinates/chromo2138/basic.xyz,0,,,,,,
899,chromo0151,COc1nnc(Cl)nn1,2.2586,0.8109999999999999,1.7673,0.0,/scratch/jaggbow/mol_xtb_coordinates/chromo0151/geom.xtbopt.xyz,/scratch/jaggbow/mol_xtb_coordinates/chromo0151/mmff.xyz,/scratch/jaggbow/mol_xtb_coordinates/chromo0151/basic.xyz,0,,,,,,
900,chromo4552,c1ccc(N(c2ccccc2)c2ccc(-n3ccc4cc(-c5ccc(C6(c7ccccc7)c7ccccc7-c7ccccc76)cc5)ccc43)cc2)cc1,3.7622,0.7505999999999999,3.8779,0.4899,/scratch/jaggbow/mol_xtb_coordinates/chromo4552/geom.xtbopt.xyz,/scratch/jaggbow/mol_xtb_coordinates/chromo4552/mmff.xyz,/scratch/jaggbow/mol_xtb_coordinates/chromo4552/basic.xyz,0,,,,,,
901,chromo1992,CC(C)(C)c1ccc2c(c1)c1cc(C(C)(C)C)ccc1n2-c1ccc(C#Cc2ccc3c4ccc(C#Cc5ccc(C=C(C#N)C#N)cc5)cc4n(-c4ccc(C(F)(F)F)cc4)c3c2)cc1,2.0803,0.2829999999999999,3.6488,0.8056000000000001,/scratch/jaggbow/mol_xtb_coordinates/chromo1992/geom.xtbopt.xyz,/scratch/jaggbow/mol_xtb_coordinates/chromo1992/mmff.xyz,/scratch/jaggbow/mol_xtb_coordinates/chromo1992/basic.xyz,1,,,,,,
902,chromo2204,CC(C)(C)c1ccc(-c2c(-c3ccc(N(c4ccccc4)c4ccccc4)cc3)c(C#N)c(-c3ccc(N(c4ccccc4)c4ccccc4)cc3)c(-c3ccc(C(C)(C)C)cc3)c2-c2ccc(C(C)(C)C)cc2)cc1,3.1215,0.2673000000000001,3.984,0.4737,/scratch/jaggbow/mol_xtb_coordinates/chromo2204/geom.xtbopt.xyz,/scratch/jaggbow/mol_xtb_coordinates/chromo2204/mmff.xyz,/scratch/jaggbow/mol_xtb_coordinates/chromo2204/basic.xyz,1,,,,,,
903,chromo3375,COc1cc(C2=CC(c3ccccc3)=C(c3ccccc3)C2)cc(OC)c1OC,3.1522,1.3493000000000002,3.1213,0.9916,/scratch/jaggbow/mol_xtb_coordinates/chromo3375/geom.xtbopt.xyz,/scratch/jaggbow/mol_xtb_coordinates/chromo3375/mmff.xyz,/scratch/jaggbow/mol_xtb_coordinates/chromo3375/basic.xyz,1,,,,,,
904,chromo3479,CCOC(=O)c1c(-c2cc3c(ccc4ccccc43)oc2=O)nn(-c2ccccc2)c1C(=O)OCC,3.4882,1.2239999999999998,3.5978,0.8847,/scratch/jaggbow/mol_xtb_coordinates/chromo3479/geom.xtbopt.xyz,/scratch/jaggbow/mol_xtb_coordinates/chromo3479/mmff.xyz,/scratch/jaggbow/mol_xtb_coordinates/chromo3479/basic.xyz,0,,,,,,
905,chromo1179,Cc1ccc(-n2c(-c3ccccc3[NH-])[nH+]c3c4ccccc4c4ccccc4c32)cc1,3.5783,0.8527,3.6551,0.4975,/scratch/jaggbow/mol_xtb_coordinates/chromo1179/geom.xtbopt.xyz,/scratch/jaggbow/mol_xtb_coordinates/chromo1179/mmff.xyz,/scratch/jaggbow/mol_xtb_coordinates/chromo1179/basic.xyz,0,,,,,,
906,chromo6690,c1ccc([Si]2(c3ccccc3)c3ccccc3-c3cc4c(cc32)-c2ccccc2[Si]4(c2ccccc2)c2ccccc2)cc1,3.5383,1.0228000000000002,4.1828,0.7917000000000005,/scratch/jaggbow/mol_xtb_coordinates/chromo6690/geom.xtbopt.xyz,/scratch/jaggbow/mol_xtb_coordinates/chromo6690/mmff.xyz,/scratch/jaggbow/mol_xtb_coordinates/chromo6690/basic.xyz,0,,,,,,
907,chromo5084,CC(C)(C)c1ccc2c(c1)c1cc(C(C)(C)C)ccc1n2-c1cc(C(=O)c2ccncc2)cc(-n2c3ccc(C(C)(C)C)cc3c3cc(C(C)(C)C)ccc32)c1,2.5648,0.1158000000000001,3.5371,0.2448000000000001,/scratch/jaggbow/mol_xtb_coordinates/chromo5084/geom.xtbopt.xyz,/scratch/jaggbow/mol_xtb_coordinates/chromo5084/mmff.xyz,/scratch/jaggbow/mol_xtb_coordinates/chromo5084/basic.xyz,1,,,,,,
908,chromo0338,c1ccc(-c2nc3c(c4c2-c2ccccc2CC4)-c2ccccc2CC3)cc1,3.8667,1.1012,4.2923,0.6595,/scratch/jaggbow/mol_xtb_coordinates/chromo0338/geom.xtbopt.xyz,/scratch/jaggbow/mol_xtb_coordinates/chromo0338/mmff.xyz,/scratch/jaggbow/mol_xtb_coordinates/chromo0338/basic.xyz,0,,,,,,
909,chromo2485,CCCCNC(=O)c1nc2c(N(C)C)nc(N(C)C)nc2n1Cc1ccccc1,3.7556,0.9547999999999996,3.7657,0.8302999999999998,/scratch/jaggbow/mol_xtb_coordinates/chromo2485/geom.xtbopt.xyz,/scratch/jaggbow/mol_xtb_coordinates/chromo2485/mmff.xyz,/scratch/jaggbow/mol_xtb_coordinates/chromo2485/basic.xyz,0,,,,,,
910,chromo4555,c1ccc(-n2c3ccccc3c3cc(-n4ccc5cc(-c6cccc7c6-c6ccccc6C7(c6ccccc6)c6ccccc6)ccc54)ccc32)cc1,3.6406,0.6656,3.7696,0.4864000000000001,/scratch/jaggbow/mol_xtb_coordinates/chromo4555/geom.xtbopt.xyz,/scratch/jaggbow/mol_xtb_coordinates/chromo4555/mmff.xyz,/scratch/jaggbow/mol_xtb_coordinates/chromo4555/basic.xyz,1,,,,,,
911,chromo4515,O=C(C=Cc1cn(-c2ccccc2)nc1-c1ccccc1)c1c(O)c2ccccc2oc1=O,3.1068,0.8195999999999999,3.3748,0.7113,/scratch/jaggbow/mol_xtb_coordinates/chromo4515/geom.xtbopt.xyz,/scratch/jaggbow/mol_xtb_coordinates/chromo4515/mmff.xyz,/scratch/jaggbow/mol_xtb_coordinates/chromo4515/basic.xyz,1,,,,,,
912,chromo5837,COc1ccc(C2=Nc3cccc4[n+]3[B-](F)(O2)OC(c2ccc(OC)cc2)=N4)cc1,3.1819,0.6045000000000003,3.4163,0.5432999999999999,/scratch/jaggbow/mol_xtb_coordinates/chromo5837/geom.xtbopt.xyz,/scratch/jaggbow/mol_xtb_coordinates/chromo5837/mmff.xyz,/scratch/jaggbow/mol_xtb_coordinates/chromo5837/basic.xyz,0,,,,,,
913,chromo5894,Fc1c(F)c(F)c([B-]2(c3c(F)c(F)c(F)c(F)c3F)Oc3c(ccc4c5c(ccc34)C=[N+](c3ccccc3)[B-](c3c(F)c(F)c(F)c(F)c3F)(c3c(F)c(F)c(F)c(F)c3F)O5)C=[N+]2c2ccccc2)c(F)c1F,2.2873,0.7245000000000001,2.4366,0.6919,/scratch/jaggbow/mol_xtb_coordinates/chromo5894/geom.xtbopt.xyz,/scratch/jaggbow/mol_xtb_coordinates/chromo5894/mmff.xyz,/scratch/jaggbow/mol_xtb_coordinates/chromo5894/basic.xyz,0,,,,,,
914,chromo4993,CC(C)(C)c1ccc2c(c1)c1cc(C(C)(C)C)ccc1n2-c1cccc(-c2nc(-c3cccc(P(=O)(c4ccccc4)c4ccccc4)c3)nc(-c3cccc(P(=O)(c4ccccc4)c4ccccc4)c3)n2)c1,2.7419,0.1317999999999997,3.8327,0.4051,/scratch/jaggbow/mol_xtb_coordinates/chromo4993/geom.xtbopt.xyz,/scratch/jaggbow/mol_xtb_coordinates/chromo4993/mmff.xyz,/scratch/jaggbow/mol_xtb_coordinates/chromo4993/basic.xyz,1,,,,,,
915,chromo2516,COc1ccc(C2=C3C=C(C=CC(=O)OC(C)(C)C)C=[N+]3[B-](F)(F)n3cccc32)cc1,2.7121,1.0984,2.7886,1.1851000000000005,/scratch/jaggbow/mol_xtb_coordinates/chromo2516/geom.xtbopt.xyz,/scratch/jaggbow/mol_xtb_coordinates/chromo2516/mmff.xyz,/scratch/jaggbow/mol_xtb_coordinates/chromo2516/basic.xyz,1,,,,,,
916,chromo4517,CCN1c2ccc(-c3cc(C(F)(F)F)[nH]n3)cc2Sc2cc(-c3cc(C(F)(F)F)[nH]n3)ccc21,3.458,0.6701000000000001,2.9751,0.3973,/scratch/jaggbow/mol_xtb_coordinates/chromo4517/geom.xtbopt.xyz,/scratch/jaggbow/mol_xtb_coordinates/chromo4517/mmff.xyz,/scratch/jaggbow/mol_xtb_coordinates/chromo4517/basic.xyz,0,,,,,,
917,chromo5518,CCC1(CC)c2cc(C=O)ccc2-c2ccc(N(C)C)cc21,3.3535,0.9421999999999996,3.5843,0.8626999999999998,/scratch/jaggbow/mol_xtb_coordinates/chromo5518/geom.xtbopt.xyz,/scratch/jaggbow/mol_xtb_coordinates/chromo5518/mmff.xyz,/scratch/jaggbow/mol_xtb_coordinates/chromo5518/basic.xyz,0,,,,,,
918,chromo0341,CCN(CC)c1ccc(-c2nc3c(c4c2-c2ccccc2CC4)-c2ccccc2CC3)cc1,3.2879,0.7248999999999999,3.7704,0.5769000000000002,/scratch/jaggbow/mol_xtb_coordinates/chromo0341/geom.xtbopt.xyz,/scratch/jaggbow/mol_xtb_coordinates/chromo0341/mmff.xyz,/scratch/jaggbow/mol_xtb_coordinates/chromo0341/basic.xyz,0,,,,,,
919,chromo0288,COc1c2ccccc2c(OC)c2c1c1cc(F)ccc1n2C,3.1731,0.9933999999999998,3.1812,0.6985000000000001,/scratch/jaggbow/mol_xtb_coordinates/chromo0288/geom.xtbopt.xyz,/scratch/jaggbow/mol_xtb_coordinates/chromo0288/mmff.xyz,/scratch/jaggbow/mol_xtb_coordinates/chromo0288/basic.xyz,0,,,,,,
920,chromo3450,CCOC(=O)c1c(-c2c(Cl)c3ccccc3oc2=O)nn(-c2cccc(C)c2)c1C(=O)OCC,3.7701,1.094,3.9596,0.8771,/scratch/jaggbow/mol_xtb_coordinates/chromo3450/geom.xtbopt.xyz,/scratch/jaggbow/mol_xtb_coordinates/chromo3450/mmff.xyz,/scratch/jaggbow/mol_xtb_coordinates/chromo3450/basic.xyz,1,,,,,,
921,chromo6962,N#CC1=c2c3cccc4c(Br)ccc(c43)n2[B-](F)(F)[n+]2c1sc1ccccc12,2.5345,0.9215,2.5354,0.7974000000000001,/scratch/jaggbow/mol_xtb_coordinates/chromo6962/geom.xtbopt.xyz,/scratch/jaggbow/mol_xtb_coordinates/chromo6962/mmff.xyz,/scratch/jaggbow/mol_xtb_coordinates/chromo6962/basic.xyz,0,,,,,,
922,chromo2441,COC(=O)c1cc(=O)n(C)c2cc(-c3ccccc3N(C)C)sc12,2.9724,1.071,3.0725,0.957,/scratch/jaggbow/mol_xtb_coordinates/chromo2441/geom.xtbopt.xyz,/scratch/jaggbow/mol_xtb_coordinates/chromo2441/mmff.xyz,/scratch/jaggbow/mol_xtb_coordinates/chromo2441/basic.xyz,1,,,,,,
923,chromo6359,Clc1ccc(N2c3c(sc4ccccc34)Sc3sc4ccccc4c32)cc1,3.5505,0.7096999999999998,2.0788,0.4981000000000002,/scratch/jaggbow/mol_xtb_coordinates/chromo6359/geom.xtbopt.xyz,/scratch/jaggbow/mol_xtb_coordinates/chromo6359/mmff.xyz,/scratch/jaggbow/mol_xtb_coordinates/chromo6359/basic.xyz,0,,,,,,
924,chromo2553,COc1cccc(C2=C(c3ccc(C(C)(C)C)cc3)C(c3ccc(C(C)(C)C)cc3)=[N+]3C2=C(c2ccccc2)c2c(-c4cccc(OC)c4)c(-c4ccc(C(C)(C)C)cc4)c(-c4ccc(C(C)(C)C)cc4)n2[B-]3(F)F)c1,2.3452,0.9423,2.4979,0.9616,/scratch/jaggbow/mol_xtb_coordinates/chromo2553/geom.xtbopt.xyz,/scratch/jaggbow/mol_xtb_coordinates/chromo2553/mmff.xyz,/scratch/jaggbow/mol_xtb_coordinates/chromo2553/basic.xyz,1,,,,,,
925,chromo2813,O=C(Nc1ccccc1[N+](=O)[O-])c1ccc2oc(-c3cc4ccccc4oc3=O)nc2c1,3.1544,0.9543,3.1617,0.7092,/scratch/jaggbow/mol_xtb_coordinates/chromo2813/geom.xtbopt.xyz,/scratch/jaggbow/mol_xtb_coordinates/chromo2813/mmff.xyz,/scratch/jaggbow/mol_xtb_coordinates/chromo2813/basic.xyz,0,,,,,,
926,chromo3546,COc1cc(C=Cc2ncc(-c3ccncc3)o2)cc(OC)c1OC,3.2369,1.2682,3.4072,1.0015,/scratch/jaggbow/mol_xtb_coordinates/chromo3546/geom.xtbopt.xyz,/scratch/jaggbow/mol_xtb_coordinates/chromo3546/mmff.xyz,/scratch/jaggbow/mol_xtb_coordinates/chromo3546/basic.xyz,1,,,,,,
927,chromo3381,CN1C(=O)c2cccc3c(-n4c5ccccc5c5ccccc54)ccc(c23)C1=O,2.5302,0.3529,2.9617,0.4845000000000001,/scratch/jaggbow/mol_xtb_coordinates/chromo3381/geom.xtbopt.xyz,/scratch/jaggbow/mol_xtb_coordinates/chromo3381/mmff.xyz,/scratch/jaggbow/mol_xtb_coordinates/chromo3381/basic.xyz,0,,,,,,
928,chromo4633,CCCCCCNC(=O)c1sc(-c2ccc(-c3cc(-c4ccc(C(C)(C)C)cc4)c(C(=O)NCCCCCC)s3)s2)cc1-c1ccc(C(C)(C)C)cc1,2.9554,1.1588,3.2319,0.9371999999999998,/scratch/jaggbow/mol_xtb_coordinates/chromo4633/geom.xtbopt.xyz,/scratch/jaggbow/mol_xtb_coordinates/chromo4633/mmff.xyz,/scratch/jaggbow/mol_xtb_coordinates/chromo4633/basic.xyz,0,,,,,,
929,chromo6689,C=C[Si]1(C)c2ccccc2-c2cc3c(cc21)-c1ccccc1[Si]3(C)C=C,3.6092,1.0775,4.1868,0.798,/scratch/jaggbow/mol_xtb_coordinates/chromo6689/geom.xtbopt.xyz,/scratch/jaggbow/mol_xtb_coordinates/chromo6689/mmff.xyz,/scratch/jaggbow/mol_xtb_coordinates/chromo6689/basic.xyz,0,,,,,,
930,chromo5989,C1=Cc2nc1c(-c1ccccc1)c1ccc([nH]1)c(-c1ccccc1)c1cc(c(-c3ccccc3)c3ccc([nH]3)c2-c2ccccc2)N=C1,1.9155,0.7253000000000001,1.755,0.2588999999999999,/scratch/jaggbow/mol_xtb_coordinates/chromo5989/geom.xtbopt.xyz,/scratch/jaggbow/mol_xtb_coordinates/chromo5989/mmff.xyz,/scratch/jaggbow/mol_xtb_coordinates/chromo5989/basic.xyz,0,,,,,,
931,chromo0925,c1csc(-c2cccs2)c1,4.0256,1.7005,4.0776,1.2575000000000005,/scratch/jaggbow/mol_xtb_coordinates/chromo0925/geom.xtbopt.xyz,/scratch/jaggbow/mol_xtb_coordinates/chromo0925/mmff.xyz,/scratch/jaggbow/mol_xtb_coordinates/chromo0925/basic.xyz,0,,,,,,
932,chromo4764,CCCCCCOc1cc(N(CC)CC)ccc1C=CC(=C(C#N)C#N)c1ccc2c(c1)c1ccccc1n2CC,2.8373,1.1672,3.0713,1.0497,/scratch/jaggbow/mol_xtb_coordinates/chromo4764/geom.xtbopt.xyz,/scratch/jaggbow/mol_xtb_coordinates/chromo4764/mmff.xyz,/scratch/jaggbow/mol_xtb_coordinates/chromo4764/basic.xyz,1,,,,,,
933,chromo0685,Cc1cn2cc(-c3ccc(-c4ccccc4)cc3)[n-][n+]2c1,3.4253,0.6084999999999998,3.6263,0.601,/scratch/jaggbow/mol_xtb_coordinates/chromo0685/geom.xtbopt.xyz,/scratch/jaggbow/mol_xtb_coordinates/chromo0685/mmff.xyz,/scratch/jaggbow/mol_xtb_coordinates/chromo0685/basic.xyz,0,,,,,,
934,chromo2084,N#Cc1nc2c(nc1C#N)C1c3ccc(N(c4ccccc4)c4ccccc4)cc3C2c2ccc(N(c3ccccc3)c3ccccc3)cc21,2.3474,0.0834000000000001,3.9318,0.4704999999999999,/scratch/jaggbow/mol_xtb_coordinates/chromo2084/geom.xtbopt.xyz,/scratch/jaggbow/mol_xtb_coordinates/chromo2084/mmff.xyz,/scratch/jaggbow/mol_xtb_coordinates/chromo2084/basic.xyz,0,,,,,,
935,chromo5895,C1=[N+](c2ccccc2)[B-]2(Oc3c1ccc1c4c(ccc31)C=[N+](c1ccccc1)[B-]1(O4)c3ccccc3Oc3ccccc31)c1ccccc1Oc1ccccc12,2.0702,0.5435999999999999,2.5047,0.7024000000000001,/scratch/jaggbow/mol_xtb_coordinates/chromo5895/geom.xtbopt.xyz,/scratch/jaggbow/mol_xtb_coordinates/chromo5895/mmff.xyz,/scratch/jaggbow/mol_xtb_coordinates/chromo5895/basic.xyz,0,,,,,,
936,chromo2998,c1ccc(-c2c3ccccc3c(-c3ncccn3)c3ccccc23)cc1,3.0844,1.3695,3.3734,1.0874,/scratch/jaggbow/mol_xtb_coordinates/chromo2998/geom.xtbopt.xyz,/scratch/jaggbow/mol_xtb_coordinates/chromo2998/mmff.xyz,/scratch/jaggbow/mol_xtb_coordinates/chromo2998/basic.xyz,1,,,,,,
937,chromo4819,Cc1cc(C)n2c1C=[N+]1[N+](=C3C=NC=CN3[B-]1(F)F)[B-]2(F)F,2.962,0.9718000000000002,3.1686,1.1550000000000002,/scratch/jaggbow/mol_xtb_coordinates/chromo4819/geom.xtbopt.xyz,/scratch/jaggbow/mol_xtb_coordinates/chromo4819/mmff.xyz,/scratch/jaggbow/mol_xtb_coordinates/chromo4819/basic.xyz,0,,,,,,
938,chromo5982,c1ccc2c(c1)[nH]c1c3[nH]c4ccccc4c3c3nsnc3c21,3.0161,0.8575999999999997,3.6835,0.8010999999999999,/scratch/jaggbow/mol_xtb_coordinates/chromo5982/geom.xtbopt.xyz,/scratch/jaggbow/mol_xtb_coordinates/chromo5982/mmff.xyz,/scratch/jaggbow/mol_xtb_coordinates/chromo5982/basic.xyz,0,,,,,,
939,chromo5606,CCCCN1C(=O)C2=C(c3ccc(-c4ccc5c(c4)C(C)(C)c4ccccc4-5)cc3)NC(=O)C2=C1c1ccc(-c2ccc3c(c2)C(C)(C)c2ccccc2-3)cc1,2.4014,1.2341000000000002,2.6294,1.1683,/scratch/jaggbow/mol_xtb_coordinates/chromo5606/geom.xtbopt.xyz,/scratch/jaggbow/mol_xtb_coordinates/chromo5606/mmff.xyz,/scratch/jaggbow/mol_xtb_coordinates/chromo5606/basic.xyz,0,,,,,,
940,chromo0920,C[Si]1(C)c2ccc(C#Cc3ccccc3)cc2C=Cc2cc(C#Cc3ccccc3)ccc21,3.6841,1.2121999999999995,4.3895,0.8090000000000002,/scratch/jaggbow/mol_xtb_coordinates/chromo0920/geom.xtbopt.xyz,/scratch/jaggbow/mol_xtb_coordinates/chromo0920/mmff.xyz,/scratch/jaggbow/mol_xtb_coordinates/chromo0920/basic.xyz,0,,,,,,
941,chromo5413,O=c1c2ccccc2n(-c2ccc(-c3ccc(N(c4ccccc4)c4ccccc4)cc3)cc2)c2ccccc12,3.4731,0.7004999999999999,3.4536,0.7959999999999998,/scratch/jaggbow/mol_xtb_coordinates/chromo5413/geom.xtbopt.xyz,/scratch/jaggbow/mol_xtb_coordinates/chromo5413/mmff.xyz,/scratch/jaggbow/mol_xtb_coordinates/chromo5413/basic.xyz,0,,,,,,
942,chromo2944,CCOc1cc2c(cc1C=CC(=C(C#N)C#N)c1ccccc1)c1ccccc1n2CC,2.862,1.1626,3.1982,1.0122,/scratch/jaggbow/mol_xtb_coordinates/chromo2944/geom.xtbopt.xyz,/scratch/jaggbow/mol_xtb_coordinates/chromo2944/mmff.xyz,/scratch/jaggbow/mol_xtb_coordinates/chromo2944/basic.xyz,1,,,,,,
943,chromo4581,CCCCCCc1ccsc1-c1ccc(-c2sc(C(=O)O)cc2CCCCCC)s1,3.3876,1.0739,3.2369,0.9859,/scratch/jaggbow/mol_xtb_coordinates/chromo4581/geom.xtbopt.xyz,/scratch/jaggbow/mol_xtb_coordinates/chromo4581/mmff.xyz,/scratch/jaggbow/mol_xtb_coordinates/chromo4581/basic.xyz,0,,,,,,
944,chromo5403,c1ccc(N(c2ccccc2)c2ccc(-c3ccc4c(c3)C3(c5ccccc5Oc5ccccc53)c3cc(-c5ccc(N(c6ccccc6)c6ccccc6)cc5)ccc3-4)cc2)cc1,3.115,0.6313000000000004,3.8035,0.4012000000000002,/scratch/jaggbow/mol_xtb_coordinates/chromo5403/geom.xtbopt.xyz,/scratch/jaggbow/mol_xtb_coordinates/chromo5403/mmff.xyz,/scratch/jaggbow/mol_xtb_coordinates/chromo5403/basic.xyz,0,,,,,,
945,chromo5370,c1ccc(-c2nc3c4ccccc4c4ccccc4c3n2-c2cccc(-c3nc4c5ccccc5c5ccccc5c4n3-c3ccccc3)c2)cc1,3.328,0.6476999999999999,3.8459,0.3719999999999999,/scratch/jaggbow/mol_xtb_coordinates/chromo5370/geom.xtbopt.xyz,/scratch/jaggbow/mol_xtb_coordinates/chromo5370/mmff.xyz,/scratch/jaggbow/mol_xtb_coordinates/chromo5370/basic.xyz,1,,,,,,
946,chromo0784,C1=C(c2ccccn2)[Si](c2ccccc2)(c2ccccc2)c2ccccc21,3.5798,1.3987000000000005,3.9744,1.0642,/scratch/jaggbow/mol_xtb_coordinates/chromo0784/geom.xtbopt.xyz,/scratch/jaggbow/mol_xtb_coordinates/chromo0784/mmff.xyz,/scratch/jaggbow/mol_xtb_coordinates/chromo0784/basic.xyz,0,,,,,,
947,chromo3710,Fc1ccc(C#Cc2cc(C#Cc3ccc(F)cc3)c(C#Cc3ccc(F)cc3)c(C#Cc3ccc(F)cc3)c2C#Cc2ccc(F)cc2)cc1,2.8736,0.9531,3.7276,0.5923999999999996,/scratch/jaggbow/mol_xtb_coordinates/chromo3710/geom.xtbopt.xyz,/scratch/jaggbow/mol_xtb_coordinates/chromo3710/mmff.xyz,/scratch/jaggbow/mol_xtb_coordinates/chromo3710/basic.xyz,1,,,,,,
948,chromo0375,COc1ccc(C=CC(=O)c2ccccc2O)cc1OC,3.2172,1.0045000000000002,3.3261,0.7990999999999997,/scratch/jaggbow/mol_xtb_coordinates/chromo0375/geom.xtbopt.xyz,/scratch/jaggbow/mol_xtb_coordinates/chromo0375/mmff.xyz,/scratch/jaggbow/mol_xtb_coordinates/chromo0375/basic.xyz,1,,,,,,
949,chromo0343,COc1ccc(-c2nc3c(c4c2-c2ccc(C#N)cc2CC4)-c2ccc(C#N)cc2CC3)cc1,3.3214,0.7949999999999999,4.0519,0.6267999999999998,/scratch/jaggbow/mol_xtb_coordinates/chromo0343/geom.xtbopt.xyz,/scratch/jaggbow/mol_xtb_coordinates/chromo0343/mmff.xyz,/scratch/jaggbow/mol_xtb_coordinates/chromo0343/basic.xyz,0,,,,,,
950,chromo1488,CCCCN1c2ccccc2Sc2cc(C=Cc3nc4nc5ccccc5nc4s3)ccc21,2.5602,0.6994,2.6016,0.6092,/scratch/jaggbow/mol_xtb_coordinates/chromo1488/geom.xtbopt.xyz,/scratch/jaggbow/mol_xtb_coordinates/chromo1488/mmff.xyz,/scratch/jaggbow/mol_xtb_coordinates/chromo1488/basic.xyz,0,,,,,,
951,chromo4493,CCN(CC)c1ccc(Nc2cc3oc(-c4ccc(C#N)cc4)nc3c3ccccc23)cc1,2.8183,0.7688999999999999,2.9397,0.7360000000000002,/scratch/jaggbow/mol_xtb_coordinates/chromo4493/geom.xtbopt.xyz,/scratch/jaggbow/mol_xtb_coordinates/chromo4493/mmff.xyz,/scratch/jaggbow/mol_xtb_coordinates/chromo4493/basic.xyz,0,,,,,,
952,chromo5222,CCCCN1C(=O)C(=CC=CC=C2N(CCCC)c3ccccc3N2CCCC)C(=O)N(CCCC)C1=S,2.4566,0.869,2.8259,1.1864,/scratch/jaggbow/mol_xtb_coordinates/chromo5222/geom.xtbopt.xyz,/scratch/jaggbow/mol_xtb_coordinates/chromo5222/mmff.xyz,/scratch/jaggbow/mol_xtb_coordinates/chromo5222/basic.xyz,0,,,,,,
953,chromo2879,CCCCn1c2ccccc2c2ccc3c4cc(-c5ccccc5)ccc4n(CCCC)c3c21,3.5669,0.6686999999999999,3.5014,0.4448999999999996,/scratch/jaggbow/mol_xtb_coordinates/chromo2879/geom.xtbopt.xyz,/scratch/jaggbow/mol_xtb_coordinates/chromo2879/mmff.xyz,/scratch/jaggbow/mol_xtb_coordinates/chromo2879/basic.xyz,0,,,,,,
954,chromo5991,CC(C)(C)c1cc(-c2c3cc(c(-c4cc(C(C)(C)C)cc(C(C)(C)C)c4)c4ccc([nH]4)c(-c4ccc([N+](=O)[O-])cc4)c4nc(c(-c5ccc([N+](=O)[O-])cc5)c5ccc2[nH]5)C=C4)N=C3)cc(C(C)(C)C)c1,1.881,0.6792,1.8478,0.2779,/scratch/jaggbow/mol_xtb_coordinates/chromo5991/geom.xtbopt.xyz,/scratch/jaggbow/mol_xtb_coordinates/chromo5991/mmff.xyz,/scratch/jaggbow/mol_xtb_coordinates/chromo5991/basic.xyz,0,,,,,,
955,chromo2503,c1ccc(N(c2ccccc2)c2ccc(-c3ncnc4ccccc34)cc2)cc1,2.9553,0.5023,3.4181,0.4600999999999997,/scratch/jaggbow/mol_xtb_coordinates/chromo2503/geom.xtbopt.xyz,/scratch/jaggbow/mol_xtb_coordinates/chromo2503/mmff.xyz,/scratch/jaggbow/mol_xtb_coordinates/chromo2503/basic.xyz,0,,,,,,
956,chromo6283,COc1ccc(-c2cnc3cccc(-c4ccc(C(C)=O)cc4)n23)cc1,2.8929,0.4963000000000002,3.6008,0.5061,/scratch/jaggbow/mol_xtb_coordinates/chromo6283/geom.xtbopt.xyz,/scratch/jaggbow/mol_xtb_coordinates/chromo6283/mmff.xyz,/scratch/jaggbow/mol_xtb_coordinates/chromo6283/basic.xyz,0,,,,,,
957,chromo0760,COc1ccc(C=Cc2cc(C=Cc3ccc(OC)cc3)nc(C=Cc3ccc(OC)cc3)n2)cc1,3.0371,0.8639000000000001,3.7109,0.7403,/scratch/jaggbow/mol_xtb_coordinates/chromo0760/geom.xtbopt.xyz,/scratch/jaggbow/mol_xtb_coordinates/chromo0760/mmff.xyz,/scratch/jaggbow/mol_xtb_coordinates/chromo0760/basic.xyz,1,,,,,,
958,chromo2543,COc1cccc(C2=CC3=C(c4c(C)cc(C)cc4C)c4cc(-c5cccc(OC)c5)c(-c5cccc(OC)c5)n4[B-](F)(F)[N+]3=C2c2cccc(OC)c2)c1,2.3593,0.9785,2.5465,1.0269,/scratch/jaggbow/mol_xtb_coordinates/chromo2543/geom.xtbopt.xyz,/scratch/jaggbow/mol_xtb_coordinates/chromo2543/mmff.xyz,/scratch/jaggbow/mol_xtb_coordinates/chromo2543/basic.xyz,1,,,,,,
959,chromo1528,CCCCCCCCCCCCN1C(=O)c2c(c3ccc4cc(-c5ccc(C)cc5)c(OC)cc4c3c3c2ccc2cc(-c4ccc(C)cc4)c(OC)cc23)C1=O,2.569,0.5762,2.826,0.3513000000000001,/scratch/jaggbow/mol_xtb_coordinates/chromo1528/geom.xtbopt.xyz,/scratch/jaggbow/mol_xtb_coordinates/chromo1528/mmff.xyz,/scratch/jaggbow/mol_xtb_coordinates/chromo1528/basic.xyz,0,,,,,,
960,chromo2198,c1ccc2c(c1)c1ccccc1n2-c1cc(-c2nc3ccccn3n2)cc(-n2c3ccccc3c3ccccc32)c1,3.282,0.2938,3.9263,0.4769999999999998,/scratch/jaggbow/mol_xtb_coordinates/chromo2198/geom.xtbopt.xyz,/scratch/jaggbow/mol_xtb_coordinates/chromo2198/mmff.xyz,/scratch/jaggbow/mol_xtb_coordinates/chromo2198/basic.xyz,1,,,,,,
961,chromo2997,N#Cc1cnc(-c2c3ccccc3c(-c3ccccc3)c3ccccc23)nc1,2.6148,0.9474999999999998,3.363,1.0802999999999998,/scratch/jaggbow/mol_xtb_coordinates/chromo2997/geom.xtbopt.xyz,/scratch/jaggbow/mol_xtb_coordinates/chromo2997/mmff.xyz,/scratch/jaggbow/mol_xtb_coordinates/chromo2997/basic.xyz,1,,,,,,
962,chromo0327,CCN(CC)c1ccc2cc(C#N)c(=O)oc2c1,3.4734,1.2174,3.489,1.0640999999999998,/scratch/jaggbow/mol_xtb_coordinates/chromo0327/geom.xtbopt.xyz,/scratch/jaggbow/mol_xtb_coordinates/chromo0327/mmff.xyz,/scratch/jaggbow/mol_xtb_coordinates/chromo0327/basic.xyz,1,,,,,,
963,chromo2823,CCOC(=O)c1ccc(C2=Cc3cc4ccccc4cc3P2(=O)c2ccccc2)cc1,3.4421,1.2733,3.8794,1.0228000000000002,/scratch/jaggbow/mol_xtb_coordinates/chromo2823/geom.xtbopt.xyz,/scratch/jaggbow/mol_xtb_coordinates/chromo2823/mmff.xyz,/scratch/jaggbow/mol_xtb_coordinates/chromo2823/basic.xyz,0,,,,,,
964,chromo3727,CCn1c2ccccc2c2cc(-c3cc(-c4ccc5c(c4)c4ccccc4n5CC)nc(-c4ccccc4)n3)ccc21,3.563,0.6924000000000001,3.917,0.4622999999999999,/scratch/jaggbow/mol_xtb_coordinates/chromo3727/geom.xtbopt.xyz,/scratch/jaggbow/mol_xtb_coordinates/chromo3727/mmff.xyz,/scratch/jaggbow/mol_xtb_coordinates/chromo3727/basic.xyz,1,,,,,,
965,chromo3907,COc1ccc(C2=[N+]3C(=Nc4c(-c5ccc6ccccc6c5)cc(-c5ccc(OC)cc5)n4[B-]3(F)F)C(c3ccc4ccccc4c3)=C2)cc1,1.9629,1.11,2.3222,1.1335,/scratch/jaggbow/mol_xtb_coordinates/chromo3907/geom.xtbopt.xyz,/scratch/jaggbow/mol_xtb_coordinates/chromo3907/mmff.xyz,/scratch/jaggbow/mol_xtb_coordinates/chromo3907/basic.xyz,0,,,,,,
966,chromo1363,CCOC(=O)c1ccc(C2CC(c3cccc4ccccc34)=NN2c2ccc(C)cc2)cc1,2.9508,1.0284,3.1215,0.9787000000000003,/scratch/jaggbow/mol_xtb_coordinates/chromo1363/geom.xtbopt.xyz,/scratch/jaggbow/mol_xtb_coordinates/chromo1363/mmff.xyz,/scratch/jaggbow/mol_xtb_coordinates/chromo1363/basic.xyz,1,,,,,,
967,chromo1673,CC1=C(c2ccc(N(c3ccccc3)c3ccccc3)cc2)C(C)=[N+]2C1=C(c1c(-c3ccccn3)nc3ccccn13)c1c(C)c(-c3ccc(N(c4ccccc4)c4ccccc4)cc3)c(C)n1[B-]2(F)F,1.9839,0.6319999999999999,2.7108,1.2163,/scratch/jaggbow/mol_xtb_coordinates/chromo1673/geom.xtbopt.xyz,/scratch/jaggbow/mol_xtb_coordinates/chromo1673/mmff.xyz,/scratch/jaggbow/mol_xtb_coordinates/chromo1673/basic.xyz,1,,,,,,
968,chromo4912,CC1(C)c2ccccc2-c2cc3c(cc21)c1ccccc1n3-c1ccc2ccccc2c1,3.4328,0.7730999999999999,3.6773,0.4674999999999998,/scratch/jaggbow/mol_xtb_coordinates/chromo4912/geom.xtbopt.xyz,/scratch/jaggbow/mol_xtb_coordinates/chromo4912/mmff.xyz,/scratch/jaggbow/mol_xtb_coordinates/chromo4912/basic.xyz,0,,,,,,
969,chromo1178,Cc1ccc(-n2c(-c3ccccc3N)nc3c4ccccc4c4ccccc4c32)cc1,3.5785,0.8527,3.6667,0.4877000000000002,/scratch/jaggbow/mol_xtb_coordinates/chromo1178/geom.xtbopt.xyz,/scratch/jaggbow/mol_xtb_coordinates/chromo1178/mmff.xyz,/scratch/jaggbow/mol_xtb_coordinates/chromo1178/basic.xyz,1,,,,,,
970,chromo5272,CCC1=C(C)C2=C(c3ccc(-c4c5ccccc5c(-c5ccccc5)c5ccccc45)cc3)c3c(C)c(CC)c(C)n3[B-](F)(F)[N+]2=C1C,2.6609,1.1995999999999998,2.8102,1.351,/scratch/jaggbow/mol_xtb_coordinates/chromo5272/geom.xtbopt.xyz,/scratch/jaggbow/mol_xtb_coordinates/chromo5272/mmff.xyz,/scratch/jaggbow/mol_xtb_coordinates/chromo5272/basic.xyz,1,,,,,,
971,chromo2211,O=S(=O)(c1ccc(-c2ccc(-n3c4ccccc4c4ccccc43)cc2)cc1)c1ccc(-c2ccc(-n3c4ccccc4c4ccccc43)cc2)cc1,3.2372,0.3445,3.9698,0.4676,/scratch/jaggbow/mol_xtb_coordinates/chromo2211/geom.xtbopt.xyz,/scratch/jaggbow/mol_xtb_coordinates/chromo2211/mmff.xyz,/scratch/jaggbow/mol_xtb_coordinates/chromo2211/basic.xyz,1,,,,,,
972,chromo4165,CN(C)C=Nc1ccc2c3c(cccc13)C(=O)c1ccccc1-2,2.8425,0.9848,2.8951,0.7872999999999997,/scratch/jaggbow/mol_xtb_coordinates/chromo4165/geom.xtbopt.xyz,/scratch/jaggbow/mol_xtb_coordinates/chromo4165/mmff.xyz,/scratch/jaggbow/mol_xtb_coordinates/chromo4165/basic.xyz,0,,,,,,
973,chromo3088,Cc1ccc(N=C2N=C(N)c3cccc4cccc2c34)cc1,2.543,1.0312,2.7992,0.6728999999999998,/scratch/jaggbow/mol_xtb_coordinates/chromo3088/geom.xtbopt.xyz,/scratch/jaggbow/mol_xtb_coordinates/chromo3088/mmff.xyz,/scratch/jaggbow/mol_xtb_coordinates/chromo3088/basic.xyz,0,,,,,,
974,chromo0772,COc1ccc(C=Cc2cc(C=Cc3ccc(OC)cc3)nc(C=Cc3ccc(C(F)(F)F)cc3)n2)cc1,3.1552,0.9815999999999998,3.6901,0.7725,/scratch/jaggbow/mol_xtb_coordinates/chromo0772/geom.xtbopt.xyz,/scratch/jaggbow/mol_xtb_coordinates/chromo0772/mmff.xyz,/scratch/jaggbow/mol_xtb_coordinates/chromo0772/basic.xyz,1,,,,,,
975,chromo3013,CCCCCCc1ccc2c(C=Nc3ccc(N=Cc4c(O)ccc5cc(CCCCCC)ccc45)cc3)c(O)ccc2c1,2.8543,0.8398999999999996,3.1419,0.5976000000000004,/scratch/jaggbow/mol_xtb_coordinates/chromo3013/geom.xtbopt.xyz,/scratch/jaggbow/mol_xtb_coordinates/chromo3013/mmff.xyz,/scratch/jaggbow/mol_xtb_coordinates/chromo3013/basic.xyz,1,,,,,,
976,chromo4372,COc1ccc(N(c2ccc(OC)cc2)c2ccc(-c3ccc4nc5ccccc5c(=O)n4c3)cc2)cc1,2.7418,0.6528999999999998,3.545,0.935,/scratch/jaggbow/mol_xtb_coordinates/chromo4372/geom.xtbopt.xyz,/scratch/jaggbow/mol_xtb_coordinates/chromo4372/mmff.xyz,/scratch/jaggbow/mol_xtb_coordinates/chromo4372/basic.xyz,0,,,,,,
977,chromo2028,Cc1cc(-n2c3ccccc3c3ccccc32)ccc1-c1ccc(S(=O)(=O)c2ccccc2)cc1C,3.6885,0.5097,3.8388,0.4422999999999999,/scratch/jaggbow/mol_xtb_coordinates/chromo2028/geom.xtbopt.xyz,/scratch/jaggbow/mol_xtb_coordinates/chromo2028/mmff.xyz,/scratch/jaggbow/mol_xtb_coordinates/chromo2028/basic.xyz,1,,,,,,
978,chromo2098,O=S(=O)(c1ccc2c(c1)c1ccccc1n2-c1ccccc1)c1ccc2c(c1)c1ccccc1n2-c1ccccc1,3.9579,0.8024999999999998,3.9087,0.4893,/scratch/jaggbow/mol_xtb_coordinates/chromo2098/geom.xtbopt.xyz,/scratch/jaggbow/mol_xtb_coordinates/chromo2098/mmff.xyz,/scratch/jaggbow/mol_xtb_coordinates/chromo2098/basic.xyz,1,,,,,,
979,chromo6762,CCCCCCCCOc1ccc(C#Cc2c3cc4ccccc4cc3c(C#C[Si](C(C)C)(C(C)C)C(C)C)c3cc4ccccc4cc23)cc1,1.6394,1.2964,2.1458,1.0559999999999998,/scratch/jaggbow/mol_xtb_coordinates/chromo6762/geom.xtbopt.xyz,/scratch/jaggbow/mol_xtb_coordinates/chromo6762/mmff.xyz,/scratch/jaggbow/mol_xtb_coordinates/chromo6762/basic.xyz,0,,,,,,
980,chromo4350,Clc1nnc(Oc2ccc(N(c3ccc(Br)cc3)c3ccc(Br)cc3)cc2)nn1,1.7083,0.3015999999999998,1.8887,0.0021999999999999,/scratch/jaggbow/mol_xtb_coordinates/chromo4350/geom.xtbopt.xyz,/scratch/jaggbow/mol_xtb_coordinates/chromo4350/mmff.xyz,/scratch/jaggbow/mol_xtb_coordinates/chromo4350/basic.xyz,0,,,,,,
981,chromo1100,CC1=CC(C)=[N+]2C1=Cc1c3ccccc3c(-c3[nH]c(C)cc3C)n1[B-]2(F)F,2.4082,1.2387,2.5841,1.2518999999999998,/scratch/jaggbow/mol_xtb_coordinates/chromo1100/geom.xtbopt.xyz,/scratch/jaggbow/mol_xtb_coordinates/chromo1100/mmff.xyz,/scratch/jaggbow/mol_xtb_coordinates/chromo1100/basic.xyz,0,,,,,,
982,chromo1369,COc1ccc(C=CC2=CC(C=Cc3ccc(OC)cc3)=[O+][B-](OC(C)=O)(OC(C)=O)O2)cc1,2.8427,0.9673999999999998,3.0456,0.8561000000000001,/scratch/jaggbow/mol_xtb_coordinates/chromo1369/geom.xtbopt.xyz,/scratch/jaggbow/mol_xtb_coordinates/chromo1369/mmff.xyz,/scratch/jaggbow/mol_xtb_coordinates/chromo1369/basic.xyz,1,,,,,,
983,chromo6086,CCN(CC)c1ccc2c(c1)oc(=O)c1c(=O)oc3cc(C#Cc4ccc(N(C)C)cc4)ccc3c12,2.6287,0.5848999999999998,3.205,0.7778,/scratch/jaggbow/mol_xtb_coordinates/chromo6086/geom.xtbopt.xyz,/scratch/jaggbow/mol_xtb_coordinates/chromo6086/mmff.xyz,/scratch/jaggbow/mol_xtb_coordinates/chromo6086/basic.xyz,0,,,,,,
984,chromo6108,CC(C)[Si](C#Cc1c2ccccc2c(C#C[Si](C(C)C)(C(C)C)C(C)C)c2nc3cc4c(cc3nc12)C1c2ccccc2C4c2ccccc21)(C(C)C)C(C)C,2.0467,1.1046,2.2891,0.8651,/scratch/jaggbow/mol_xtb_coordinates/chromo6108/geom.xtbopt.xyz,/scratch/jaggbow/mol_xtb_coordinates/chromo6108/mmff.xyz,/scratch/jaggbow/mol_xtb_coordinates/chromo6108/basic.xyz,0,,,,,,
985,chromo6449,Cc1ccc(N(c2ccc(C)cc2)c2ccc3c4cccc5c(N(c6ccc(C)cc6)c6ccc(C)cc6)ccc(c6cccc2c63)c54)cc1,2.3186,0.919,2.5502,0.6655999999999997,/scratch/jaggbow/mol_xtb_coordinates/chromo6449/geom.xtbopt.xyz,/scratch/jaggbow/mol_xtb_coordinates/chromo6449/mmff.xyz,/scratch/jaggbow/mol_xtb_coordinates/chromo6449/basic.xyz,0,,,,,,
986,chromo1220,O=c1c2cc(Br)ccc2nc2n1[B-](F)(F)[n+]1ccccc1-2,2.98,0.7408000000000001,3.7242,0.7029000000000001,/scratch/jaggbow/mol_xtb_coordinates/chromo1220/geom.xtbopt.xyz,/scratch/jaggbow/mol_xtb_coordinates/chromo1220/mmff.xyz,/scratch/jaggbow/mol_xtb_coordinates/chromo1220/basic.xyz,0,,,,,,
987,chromo2811,CCN(CC)c1ccc2cc(-c3nc4cc(C(=O)Nc5cccc(C)c5)ccc4o3)c(=O)oc2c1,3.1274,1.0294000000000003,3.2373,0.8936999999999999,/scratch/jaggbow/mol_xtb_coordinates/chromo2811/geom.xtbopt.xyz,/scratch/jaggbow/mol_xtb_coordinates/chromo2811/mmff.xyz,/scratch/jaggbow/mol_xtb_coordinates/chromo2811/basic.xyz,1,,,,,,
988,chromo0927,c1csc(-c2ccc(-c3cccs3)s2)c1,3.2647,1.4162,3.4841,1.1193000000000004,/scratch/jaggbow/mol_xtb_coordinates/chromo0927/geom.xtbopt.xyz,/scratch/jaggbow/mol_xtb_coordinates/chromo0927/mmff.xyz,/scratch/jaggbow/mol_xtb_coordinates/chromo0927/basic.xyz,0,,,,,,
989,chromo2173,O=c1c2cc(-n3c4ccccc4c4ccccc43)ccc2sc2ccc(-n3c4ccccc4c4ccccc43)cc12,2.7084,0.2883,3.2062,0.6267,/scratch/jaggbow/mol_xtb_coordinates/chromo2173/geom.xtbopt.xyz,/scratch/jaggbow/mol_xtb_coordinates/chromo2173/mmff.xyz,/scratch/jaggbow/mol_xtb_coordinates/chromo2173/basic.xyz,0,,,,,,
990,chromo3804,Oc1ccccc1-c1nc2c(c3c1-c1ccccc1CC3)-c1ccccc1CC2,3.4164,0.8474999999999997,4.2045,0.5547000000000004,/scratch/jaggbow/mol_xtb_coordinates/chromo3804/geom.xtbopt.xyz,/scratch/jaggbow/mol_xtb_coordinates/chromo3804/mmff.xyz,/scratch/jaggbow/mol_xtb_coordinates/chromo3804/basic.xyz,0,,,,,,
991,chromo5452,Cc1ccc(C2=C(c3ccc(C)cc3)c3cccc4c3c(cc3nc5ccccc5nc34)O2)cc1,2.5799,0.7104999999999999,2.8232,0.6637999999999997,/scratch/jaggbow/mol_xtb_coordinates/chromo5452/geom.xtbopt.xyz,/scratch/jaggbow/mol_xtb_coordinates/chromo5452/mmff.xyz,/scratch/jaggbow/mol_xtb_coordinates/chromo5452/basic.xyz,0,,,,,,
992,chromo0062,CCCCCCCCCCCCN1C(=O)c2cccc3c(N(Cc4ccccn4)Cc4ccccn4)c4ccccc4c(c23)C1=O,2.5244,0.9837,2.266,0.7755000000000001,/scratch/jaggbow/mol_xtb_coordinates/chromo0062/geom.xtbopt.xyz,/scratch/jaggbow/mol_xtb_coordinates/chromo0062/mmff.xyz,/scratch/jaggbow/mol_xtb_coordinates/chromo0062/basic.xyz,0,,,,,,
993,chromo0911,C[Si]1(C)c2cc(-c3ccc(N(c4ccccc4)c4ccccc4)cc3)ccc2C=Cc2ccc(-c3ccc(N(c4ccccc4)c4ccccc4)cc3)cc21,2.9909,0.6842999999999999,3.7838,0.4346999999999998,/scratch/jaggbow/mol_xtb_coordinates/chromo0911/geom.xtbopt.xyz,/scratch/jaggbow/mol_xtb_coordinates/chromo0911/mmff.xyz,/scratch/jaggbow/mol_xtb_coordinates/chromo0911/basic.xyz,0,,,,,,
994,chromo2353,CNC(=O)C(C)NC(=O)c1cccc2c1C#Cc1c(NC(=O)C(NC(C)=O)C(C)C)cccc1OCCCO2,3.7634,1.1004999999999998,3.8163,0.5626000000000002,/scratch/jaggbow/mol_xtb_coordinates/chromo2353/geom.xtbopt.xyz,/scratch/jaggbow/mol_xtb_coordinates/chromo2353/mmff.xyz,/scratch/jaggbow/mol_xtb_coordinates/chromo2353/basic.xyz,0,,,,,,
995,chromo2327,C=CC1CN2CCC1CC2C(OCc1ccccc1)c1ccnc2ccc(O)cc12,3.7689,1.0185,3.9433,0.7222999999999997,/scratch/jaggbow/mol_xtb_coordinates/chromo2327/geom.xtbopt.xyz,/scratch/jaggbow/mol_xtb_coordinates/chromo2327/mmff.xyz,/scratch/jaggbow/mol_xtb_coordinates/chromo2327/basic.xyz,0,,,,,,
996,chromo1929,CCN1C(=O)C(C2C(=O)c3c4ccccc4cc4cc5ccccc5c2c34)SC1=S,2.2452,1.2529,2.477,1.0531,/scratch/jaggbow/mol_xtb_coordinates/chromo1929/geom.xtbopt.xyz,/scratch/jaggbow/mol_xtb_coordinates/chromo1929/mmff.xyz,/scratch/jaggbow/mol_xtb_coordinates/chromo1929/basic.xyz,0,,,,,,
997,chromo2847,CN(C)c1ccc(C=Cc2cnc3ccccc3n2)cc1,2.8601,0.9685,3.3159,0.9311000000000004,/scratch/jaggbow/mol_xtb_coordinates/chromo2847/geom.xtbopt.xyz,/scratch/jaggbow/mol_xtb_coordinates/chromo2847/mmff.xyz,/scratch/jaggbow/mol_xtb_coordinates/chromo2847/basic.xyz,0,,,,,,
998,chromo2203,CC(C)(C)c1ccc(-c2c(-c3ccc(-n4c5ccccc5c5ccccc54)cc3)cc(-c3ccc(-n4c5ccccc5c5ccccc54)cc3)c(-c3ccc(C(C)(C)C)cc3)c2-c2ccc(C(C)(C)C)cc2)cc1,3.6973,0.6380999999999997,3.9894,0.4953999999999996,/scratch/jaggbow/mol_xtb_coordinates/chromo2203/geom.xtbopt.xyz,/scratch/jaggbow/mol_xtb_coordinates/chromo2203/mmff.xyz,/scratch/jaggbow/mol_xtb_coordinates/chromo2203/basic.xyz,1,,,,,,
999,chromo5333,Cc1ccc(C(=O)NC(C)(C)C)c2c1ccc1c3ccccc3c3ccccc3c12,3.4823,1.1812999999999998,3.6041,0.6543999999999999,/scratch/jaggbow/mol_xtb_coordinates/chromo5333/geom.xtbopt.xyz,/scratch/jaggbow/mol_xtb_coordinates/chromo5333/mmff.xyz,/scratch/jaggbow/mol_xtb_coordinates/chromo5333/basic.xyz,0,,,,,,
1000,chromo1532,CCCCCCCCCCCCN1C(=O)c2c(c3ccc4cc(-c5ccc(N(C)C)cc5)c(OC)cc4c3c3c2ccc2cc(-c4ccc(N(C)C)cc4)c(OC)cc23)C1=O,2.266,0.3974,2.8313,0.3522000000000003,/scratch/jaggbow/mol_xtb_coordinates/chromo1532/geom.xtbopt.xyz,/scratch/jaggbow/mol_xtb_coordinates/chromo1532/mmff.xyz,/scratch/jaggbow/mol_xtb_coordinates/chromo1532/basic.xyz,0,,,,,,
1001,chromo6770,CCCCCCCCOc1ccc(C#Cc2c3cc4ccccc4cc3c(C#Cc3ccc(F)cc3)c3cc4ccccc4cc23)cc1,1.5965,1.2721,2.1723,1.0554,/scratch/jaggbow/mol_xtb_coordinates/chromo6770/geom.xtbopt.xyz,/scratch/jaggbow/mol_xtb_coordinates/chromo6770/mmff.xyz,/scratch/jaggbow/mol_xtb_coordinates/chromo6770/basic.xyz,0,,,,,,
1002,chromo2989,c1ccc2c(-c3cncnc3)c3ccccc3c(-c3cncnc3)c2c1,3.1188,1.3956999999999995,3.3422,1.0919,/scratch/jaggbow/mol_xtb_coordinates/chromo2989/geom.xtbopt.xyz,/scratch/jaggbow/mol_xtb_coordinates/chromo2989/mmff.xyz,/scratch/jaggbow/mol_xtb_coordinates/chromo2989/basic.xyz,1,,,,,,
1003,chromo3846,Oc1c(-c2nc3c4ccc(-c5ccccc5)cc4c4cc(-c5ccccc5)ccc4c3[nH]2)cc2c3c1CCCN3CCC2,3.2656,0.7986,3.5925,0.5893999999999999,/scratch/jaggbow/mol_xtb_coordinates/chromo3846/geom.xtbopt.xyz,/scratch/jaggbow/mol_xtb_coordinates/chromo3846/mmff.xyz,/scratch/jaggbow/mol_xtb_coordinates/chromo3846/basic.xyz,0,,,,,,
1004,chromo0148,FC(F)(F)C(F)(F)C(F)(F)C(F)(F)C(F)(F)C(F)(F)C(F)(F)C(F)(F)CCOc1nnc(Cl)nn1,2.2619,0.8125999999999998,1.8971,0.0038,/scratch/jaggbow/mol_xtb_coordinates/chromo0148/geom.xtbopt.xyz,/scratch/jaggbow/mol_xtb_coordinates/chromo0148/mmff.xyz,/scratch/jaggbow/mol_xtb_coordinates/chromo0148/basic.xyz,0,,,,,,
1005,chromo2751,COc1ccc(C=CC2=[O+][B-](F)(F)OC(C=Cc3ccc(OC)cc3)=C2c2cccc(OC)c2)cc1,2.8296,0.9353,2.9766,0.8914,/scratch/jaggbow/mol_xtb_coordinates/chromo2751/geom.xtbopt.xyz,/scratch/jaggbow/mol_xtb_coordinates/chromo2751/mmff.xyz,/scratch/jaggbow/mol_xtb_coordinates/chromo2751/basic.xyz,1,,,,,,
1006,chromo1160,Cc1ccc(-c2ccc3ccc4cc(C(C)(C)C)cc5ccc2c3c45)cc1,3.4867,1.4347,3.6815,0.9159000000000002,/scratch/jaggbow/mol_xtb_coordinates/chromo1160/geom.xtbopt.xyz,/scratch/jaggbow/mol_xtb_coordinates/chromo1160/mmff.xyz,/scratch/jaggbow/mol_xtb_coordinates/chromo1160/basic.xyz,1,,,,,,
1007,chromo6257,COc1ccc(C#Cc2c3ccccc3c(C#Cc3ccc(OC)cc3)c3ccccc23)cc1,2.4072,1.1718,3.0197,1.0629999999999995,/scratch/jaggbow/mol_xtb_coordinates/chromo6257/geom.xtbopt.xyz,/scratch/jaggbow/mol_xtb_coordinates/chromo6257/mmff.xyz,/scratch/jaggbow/mol_xtb_coordinates/chromo6257/basic.xyz,1,,,,,,
1008,chromo3105,Cc1cc2ccsc2c2[nH]c3ccccc3c12,3.8735,0.9464,3.8845,0.5007999999999999,/scratch/jaggbow/mol_xtb_coordinates/chromo3105/geom.xtbopt.xyz,/scratch/jaggbow/mol_xtb_coordinates/chromo3105/mmff.xyz,/scratch/jaggbow/mol_xtb_coordinates/chromo3105/basic.xyz,0,,,,,,
1009,chromo6088,CCN(CC)c1ccc2c(c1)oc(=O)c1c(=O)oc3c(C)c4oc(=O)c5c(=O)oc6cc(N(CC)CC)ccc6c5c4cc3c12,2.8967,0.6844000000000001,3.1407,0.7249999999999996,/scratch/jaggbow/mol_xtb_coordinates/chromo6088/geom.xtbopt.xyz,/scratch/jaggbow/mol_xtb_coordinates/chromo6088/mmff.xyz,/scratch/jaggbow/mol_xtb_coordinates/chromo6088/basic.xyz,0,,,,,,
1010,chromo4762,CCCCCCOc1cc(N(CC)CC)ccc1C=CC(=C(C#N)C#N)c1ccc(N(c2ccccc2)c2ccccc2)cc1,2.4733,0.8226,3.0343,1.0023,/scratch/jaggbow/mol_xtb_coordinates/chromo4762/geom.xtbopt.xyz,/scratch/jaggbow/mol_xtb_coordinates/chromo4762/mmff.xyz,/scratch/jaggbow/mol_xtb_coordinates/chromo4762/basic.xyz,1,,,,,,
1011,chromo1636,Nc1ccc2c(c1)Cc1ccccc1-2,4.2446,1.3021000000000005,4.2542,0.8923000000000001,/scratch/jaggbow/mol_xtb_coordinates/chromo1636/geom.xtbopt.xyz,/scratch/jaggbow/mol_xtb_coordinates/chromo1636/mmff.xyz,/scratch/jaggbow/mol_xtb_coordinates/chromo1636/basic.xyz,0,,,,,,
1012,chromo3125,Cc1ccc(-c2c3nc(c(-c4ccco4)c4ccc([nH]4)c(-c4ccco4)c4nc(c(-c5ccco5)c5ccc2s5)C=C4)C=C3)cc1,1.9457,0.7363999999999999,2.0558,0.1880000000000001,/scratch/jaggbow/mol_xtb_coordinates/chromo3125/geom.xtbopt.xyz,/scratch/jaggbow/mol_xtb_coordinates/chromo3125/mmff.xyz,/scratch/jaggbow/mol_xtb_coordinates/chromo3125/basic.xyz,0,,,,,,
1013,chromo5005,c1ccc(-c2nc(-c3ccccc3)nc(-c3ccc(-n4c5ccccc5c5cc(-n6c7ccccc7c7ccccc76)ccc54)c4c5ccccc5n(-c5ccccc5)c34)n2)cc1,2.8978,0.0979000000000001,3.7603,0.3950999999999998,/scratch/jaggbow/mol_xtb_coordinates/chromo5005/geom.xtbopt.xyz,/scratch/jaggbow/mol_xtb_coordinates/chromo5005/mmff.xyz,/scratch/jaggbow/mol_xtb_coordinates/chromo5005/basic.xyz,1,,,,,,
1014,chromo5336,COc1ccc(C(=O)NC(C)(C)C)c2c1ccc1c3ccccc3c3ccccc3c12,3.4362,1.1126999999999998,3.572,0.7072000000000003,/scratch/jaggbow/mol_xtb_coordinates/chromo5336/geom.xtbopt.xyz,/scratch/jaggbow/mol_xtb_coordinates/chromo5336/mmff.xyz,/scratch/jaggbow/mol_xtb_coordinates/chromo5336/basic.xyz,0,,,,,,
1015,chromo4752,c1ccc(N(c2ccccc2)c2ccc3c(c2)-c2ccccc2C32c3ccccc3-n3c4ccccc4c4cccc2c43)cc1,3.4271,0.5815999999999999,3.6821,0.3921000000000001,/scratch/jaggbow/mol_xtb_coordinates/chromo4752/geom.xtbopt.xyz,/scratch/jaggbow/mol_xtb_coordinates/chromo4752/mmff.xyz,/scratch/jaggbow/mol_xtb_coordinates/chromo4752/basic.xyz,0,,,,,,
1016,chromo0344,CN(C)c1ccc(-c2nc3c(c4c2-c2ccc(C#N)cc2CC4)-c2ccc(C#N)cc2CC3)cc1,2.8869,0.5394999999999999,3.6,0.5096000000000003,/scratch/jaggbow/mol_xtb_coordinates/chromo0344/geom.xtbopt.xyz,/scratch/jaggbow/mol_xtb_coordinates/chromo0344/mmff.xyz,/scratch/jaggbow/mol_xtb_coordinates/chromo0344/basic.xyz,0,,,,,,
1017,chromo1823,CCN1C(=CC2=C([O-])C(=CC3=[N+](CC)c4ccccc4C3(C)C)C2=O)C(C)(C)c2ccccc21,2.2811,1.3420999999999998,2.3696,1.4288000000000003,/scratch/jaggbow/mol_xtb_coordinates/chromo1823/geom.xtbopt.xyz,/scratch/jaggbow/mol_xtb_coordinates/chromo1823/mmff.xyz,/scratch/jaggbow/mol_xtb_coordinates/chromo1823/basic.xyz,0,,,,,,
1018,chromo3867,C(=Cc1ccncn1)c1ccc(N(c2ccccc2)c2ccc(C=Cc3ccncn3)cc2)cc1,2.7449,0.7457999999999998,3.1588,0.5856999999999997,/scratch/jaggbow/mol_xtb_coordinates/chromo3867/geom.xtbopt.xyz,/scratch/jaggbow/mol_xtb_coordinates/chromo3867/mmff.xyz,/scratch/jaggbow/mol_xtb_coordinates/chromo3867/basic.xyz,0,,,,,,
1019,chromo4140,Brc1ccc(-c2nc(-c3ccc(C#Cc4ccc(-n5c6ccccc6c6ccccc65)cc4)cc3)nc(-c3ccc(C#Cc4ccc(-n5c6ccccc6c6ccccc65)cc4)cc3)n2)cc1,2.7497,0.4800999999999997,3.9312,0.4561000000000001,/scratch/jaggbow/mol_xtb_coordinates/chromo4140/geom.xtbopt.xyz,/scratch/jaggbow/mol_xtb_coordinates/chromo4140/mmff.xyz,/scratch/jaggbow/mol_xtb_coordinates/chromo4140/basic.xyz,1,,,,,,
1020,chromo3295,N#CSC1=CC2=C(c3c(Cl)cccc3Cl)c3cc(SC#N)c(NCc4ccccc4)n3[B-](F)(F)[N+]2=C1NCc1ccccc1,2.5844,1.3969,2.4477,1.6023,/scratch/jaggbow/mol_xtb_coordinates/chromo3295/geom.xtbopt.xyz,/scratch/jaggbow/mol_xtb_coordinates/chromo3295/mmff.xyz,/scratch/jaggbow/mol_xtb_coordinates/chromo3295/basic.xyz,1,,,,,,
1021,chromo2814,Cc1ccc2occ(CC(=O)NN)c2c1,4.9424,1.6333000000000002,4.6043,0.6426000000000003,/scratch/jaggbow/mol_xtb_coordinates/chromo2814/geom.xtbopt.xyz,/scratch/jaggbow/mol_xtb_coordinates/chromo2814/mmff.xyz,/scratch/jaggbow/mol_xtb_coordinates/chromo2814/basic.xyz,0,,,,,,
1022,chromo3908,COc1ccc(C2=[N+]3C(=Nc4c(-c5ccc6ccccc6c5)c(Br)c(-c5ccc(OC)cc5)n4[B-]3(F)F)C(c3ccc4ccccc4c3)=C2Br)cc1,1.9611,1.0602,2.3641,1.1894,/scratch/jaggbow/mol_xtb_coordinates/chromo3908/geom.xtbopt.xyz,/scratch/jaggbow/mol_xtb_coordinates/chromo3908/mmff.xyz,/scratch/jaggbow/mol_xtb_coordinates/chromo3908/basic.xyz,0,,,,,,
1023,chromo5563,CCCCCCCCCCCn1cccc1C1=[N+]2C(=Cc3c(C)cc(C)n3[B-]2(F)F)c2ccccc21,2.4537,1.2132,2.5344,1.1626000000000003,/scratch/jaggbow/mol_xtb_coordinates/chromo5563/geom.xtbopt.xyz,/scratch/jaggbow/mol_xtb_coordinates/chromo5563/mmff.xyz,/scratch/jaggbow/mol_xtb_coordinates/chromo5563/basic.xyz,0,,,,,,
1024,chromo2597,CCn1c2ccc(-c3ccc(-c4cccs4)s3)cc2c2cc(-c3ccc(-c4cccs4)s3)ccc21,3.1145,1.0051,3.3714,0.8033000000000001,/scratch/jaggbow/mol_xtb_coordinates/chromo2597/geom.xtbopt.xyz,/scratch/jaggbow/mol_xtb_coordinates/chromo2597/mmff.xyz,/scratch/jaggbow/mol_xtb_coordinates/chromo2597/basic.xyz,1,,,,,,
1025,chromo3416,CN(C)c1ccc2cc(C(C=Cc3c[nH]c4ccccc34)=C(C#N)C#N)c(=O)oc2c1,2.7651,1.0601999999999998,3.1018,0.9968999999999996,/scratch/jaggbow/mol_xtb_coordinates/chromo3416/geom.xtbopt.xyz,/scratch/jaggbow/mol_xtb_coordinates/chromo3416/mmff.xyz,/scratch/jaggbow/mol_xtb_coordinates/chromo3416/basic.xyz,1,,,,,,
1026,chromo0574,c1ccc(-c2nc(-c3c4ccccc4cc4ccccc34)n3ccccc23)cc1,2.5669,0.8391,3.2661,0.9623999999999996,/scratch/jaggbow/mol_xtb_coordinates/chromo0574/geom.xtbopt.xyz,/scratch/jaggbow/mol_xtb_coordinates/chromo0574/mmff.xyz,/scratch/jaggbow/mol_xtb_coordinates/chromo0574/basic.xyz,1,,,,,,
1027,chromo2832,O=P1(c2ccccc2)C(c2ccc(N(c3ccccc3)c3ccccc3)cc2)=Cc2ccccc21,2.8139,0.8047,3.3127,0.7004000000000001,/scratch/jaggbow/mol_xtb_coordinates/chromo2832/geom.xtbopt.xyz,/scratch/jaggbow/mol_xtb_coordinates/chromo2832/mmff.xyz,/scratch/jaggbow/mol_xtb_coordinates/chromo2832/basic.xyz,0,,,,,,
1028,chromo6780,CCCCCCn1c2cc(C=O)sc2c2sc3c(sc4c5sc(C=O)cc5n(CCCCCC)c43)c21,2.8113,1.0635,3.1392,0.9160000000000004,/scratch/jaggbow/mol_xtb_coordinates/chromo6780/geom.xtbopt.xyz,/scratch/jaggbow/mol_xtb_coordinates/chromo6780/mmff.xyz,/scratch/jaggbow/mol_xtb_coordinates/chromo6780/basic.xyz,0,,,,,,
1029,chromo1480,[C-]#[N+]c1ccc(-c2ccc(NC)cc2)cc1,3.8675,1.031,4.2297,0.8170000000000002,/scratch/jaggbow/mol_xtb_coordinates/chromo1480/geom.xtbopt.xyz,/scratch/jaggbow/mol_xtb_coordinates/chromo1480/mmff.xyz,/scratch/jaggbow/mol_xtb_coordinates/chromo1480/basic.xyz,1,,,,,,
1030,chromo2046,O=P(c1ccccc1)(c1ccccc1)c1ccc(-c2nc3ccccc3n2-c2ccc(P(=O)(c3ccccc3)c3ccccc3)cc2)cc1,3.9776,1.0673,4.3235,0.4739,/scratch/jaggbow/mol_xtb_coordinates/chromo2046/geom.xtbopt.xyz,/scratch/jaggbow/mol_xtb_coordinates/chromo2046/mmff.xyz,/scratch/jaggbow/mol_xtb_coordinates/chromo2046/basic.xyz,0,,,,,,
1031,chromo2071,CC1(C)c2ccccc2N(c2ccc(-c3n[n+]4c(o3)-c3ccccc3O[B-]4(F)F)cc2)c2ccccc21,2.3892,0.0088000000000003,3.1991,0.2840000000000002,/scratch/jaggbow/mol_xtb_coordinates/chromo2071/geom.xtbopt.xyz,/scratch/jaggbow/mol_xtb_coordinates/chromo2071/mmff.xyz,/scratch/jaggbow/mol_xtb_coordinates/chromo2071/basic.xyz,0,,,,,,
1032,chromo2438,COC(=O)c1cc(=O)n(C)c2cc(-c3cc(OC)c(OC)c(OC)c3)sc12,3.0095,1.1179,3.0778,0.9859999999999998,/scratch/jaggbow/mol_xtb_coordinates/chromo2438/geom.xtbopt.xyz,/scratch/jaggbow/mol_xtb_coordinates/chromo2438/mmff.xyz,/scratch/jaggbow/mol_xtb_coordinates/chromo2438/basic.xyz,1,,,,,,
1033,chromo3457,CCOC(=O)c1c(-c2cc3ccccc3oc2=O)nn(-c2ccccc2)c1C(=O)OCC,3.8294,1.2346,3.926,0.8848000000000003,/scratch/jaggbow/mol_xtb_coordinates/chromo3457/geom.xtbopt.xyz,/scratch/jaggbow/mol_xtb_coordinates/chromo3457/mmff.xyz,/scratch/jaggbow/mol_xtb_coordinates/chromo3457/basic.xyz,1,,,,,,
1034,chromo0392,COC(=O)c1ccc2ccc3cccc4ccc1c2c34,3.3933,1.4076,3.6389,1.0126,/scratch/jaggbow/mol_xtb_coordinates/chromo0392/geom.xtbopt.xyz,/scratch/jaggbow/mol_xtb_coordinates/chromo0392/mmff.xyz,/scratch/jaggbow/mol_xtb_coordinates/chromo0392/basic.xyz,1,,,,,,
1035,chromo6516,Cc1ccc(-c2[nH]c(=O)n3c2-c2ccccc2C3=O)c(O)c1,3.1487,1.1877999999999995,3.0915,0.9680999999999996,/scratch/jaggbow/mol_xtb_coordinates/chromo6516/geom.xtbopt.xyz,/scratch/jaggbow/mol_xtb_coordinates/chromo6516/mmff.xyz,/scratch/jaggbow/mol_xtb_coordinates/chromo6516/basic.xyz,0,,,,,,
1036,chromo5347,CC(C)(C)NC(=O)c1cccc2ccc3c4ccc(F)cc4c4cc(F)ccc4c3c12,3.4959,1.1787999999999998,3.6126,0.6259999999999999,/scratch/jaggbow/mol_xtb_coordinates/chromo5347/geom.xtbopt.xyz,/scratch/jaggbow/mol_xtb_coordinates/chromo5347/mmff.xyz,/scratch/jaggbow/mol_xtb_coordinates/chromo5347/basic.xyz,0,,,,,,
1037,chromo6285,Cc1cccc(-c2cnc3ccc4ccccc4n23)c1,3.6743,1.0947,3.9312,0.7502,/scratch/jaggbow/mol_xtb_coordinates/chromo6285/geom.xtbopt.xyz,/scratch/jaggbow/mol_xtb_coordinates/chromo6285/mmff.xyz,/scratch/jaggbow/mol_xtb_coordinates/chromo6285/basic.xyz,0,,,,,,
1038,chromo1619,c1ccc(-c2ccc3c4ccc(-c5ccccc5)c5c(-c6ccccc6)ccc(c6cccc2c63)c54)cc1,2.6026,1.1656999999999995,3.1025,0.9805,/scratch/jaggbow/mol_xtb_coordinates/chromo1619/geom.xtbopt.xyz,/scratch/jaggbow/mol_xtb_coordinates/chromo1619/mmff.xyz,/scratch/jaggbow/mol_xtb_coordinates/chromo1619/basic.xyz,0,,,,,,
1039,chromo6432,COC(=O)C1=C(C(=O)OC)C2(c3ccccc3-c3c(Br)cc(Br)cc32)C2(C=Cc3ccccc3)c3cc(OC)c(OC)cc3CCN12,3.4254,0.8763999999999998,3.5476,1.0704000000000002,/scratch/jaggbow/mol_xtb_coordinates/chromo6432/geom.xtbopt.xyz,/scratch/jaggbow/mol_xtb_coordinates/chromo6432/mmff.xyz,/scratch/jaggbow/mol_xtb_coordinates/chromo6432/basic.xyz,0,,,,,,
1040,chromo5089,CC(C)(C)c1ccc2c(c1)c1cc(C(C)(C)C)ccc1n2-c1ccc(C(=O)c2ccncc2)cc1,2.8692,0.3209000000000004,3.5754,0.4629000000000003,/scratch/jaggbow/mol_xtb_coordinates/chromo5089/geom.xtbopt.xyz,/scratch/jaggbow/mol_xtb_coordinates/chromo5089/mmff.xyz,/scratch/jaggbow/mol_xtb_coordinates/chromo5089/basic.xyz,1,,,,,,
1041,chromo4820,F[B-]1(F)N2C=CN=CC2=[N+]2[N+]1=Cc1c(-c3ccccc3)cc(-c3cccs3)n1[B-]2(F)F,2.637,0.8775,2.8906,1.0292,/scratch/jaggbow/mol_xtb_coordinates/chromo4820/geom.xtbopt.xyz,/scratch/jaggbow/mol_xtb_coordinates/chromo4820/mmff.xyz,/scratch/jaggbow/mol_xtb_coordinates/chromo4820/basic.xyz,0,,,,,,
1042,chromo5107,Cc1ccccc1-c1cc(-c2ccc(N3c4ccccc4C(C)(C)c4ccccc43)cc2)nc(-c2ccccc2)n1,2.7452,0.0085000000000001,3.6863,0.2963,/scratch/jaggbow/mol_xtb_coordinates/chromo5107/geom.xtbopt.xyz,/scratch/jaggbow/mol_xtb_coordinates/chromo5107/mmff.xyz,/scratch/jaggbow/mol_xtb_coordinates/chromo5107/basic.xyz,0,,,,,,
1043,chromo5919,COc1ccc(-c2cc(-c3ccc(C#N)cc3)nn2C)cc1,4.1448,1.2387,4.5681,0.9209,/scratch/jaggbow/mol_xtb_coordinates/chromo5919/geom.xtbopt.xyz,/scratch/jaggbow/mol_xtb_coordinates/chromo5919/mmff.xyz,/scratch/jaggbow/mol_xtb_coordinates/chromo5919/basic.xyz,1,,,,,,
1044,chromo0987,F[B-]1(F)n2c(cc(-c3ccccc3)c2-c2ccccc2)C(c2ccccc2)=C2C=C(c3ccccc3)C(c3ccccc3)=[N+]21,2.3914,1.0109,2.5535,1.0611000000000002,/scratch/jaggbow/mol_xtb_coordinates/chromo0987/geom.xtbopt.xyz,/scratch/jaggbow/mol_xtb_coordinates/chromo0987/mmff.xyz,/scratch/jaggbow/mol_xtb_coordinates/chromo0987/basic.xyz,1,,,,,,
1045,chromo1362,CCOC(=O)c1ccc(C2CC(c3cccc4ccccc34)=NN2c2ccc(OC)cc2)cc1,2.9279,0.9608,3.0286,0.9897,/scratch/jaggbow/mol_xtb_coordinates/chromo1362/geom.xtbopt.xyz,/scratch/jaggbow/mol_xtb_coordinates/chromo1362/mmff.xyz,/scratch/jaggbow/mol_xtb_coordinates/chromo1362/basic.xyz,1,,,,,,
1046,chromo2614,N#CC(C#N)=Cc1ccc2c(c1)c1ccccc1n2-c1cccc2ccccc12,3.1671,0.9914999999999998,3.4582,0.8425000000000002,/scratch/jaggbow/mol_xtb_coordinates/chromo2614/geom.xtbopt.xyz,/scratch/jaggbow/mol_xtb_coordinates/chromo2614/mmff.xyz,/scratch/jaggbow/mol_xtb_coordinates/chromo2614/basic.xyz,1,,,,,,
1047,chromo2554,CC(C)(C)c1ccc2c3c(c4ccc(C(C)(C)C)cc4c2c1)=[N+]1C(=C(c2ccccc2)c2cc4c5ccc(C(C)(C)C)cc5c5cc(C(C)(C)C)ccc5c4n2[B-]1(F)F)C=3,2.0699,0.8599000000000001,2.4813,0.952,/scratch/jaggbow/mol_xtb_coordinates/chromo2554/geom.xtbopt.xyz,/scratch/jaggbow/mol_xtb_coordinates/chromo2554/mmff.xyz,/scratch/jaggbow/mol_xtb_coordinates/chromo2554/basic.xyz,0,,,,,,
1048,chromo3412,O=C1Nc2ccccc2C1=CC(=O)c1ccc(Cl)cc1,3.2487,1.0114999999999998,2.4326,0.4341999999999999,/scratch/jaggbow/mol_xtb_coordinates/chromo3412/geom.xtbopt.xyz,/scratch/jaggbow/mol_xtb_coordinates/chromo3412/mmff.xyz,/scratch/jaggbow/mol_xtb_coordinates/chromo3412/basic.xyz,0,,,,,,
1049,chromo4717,O=Cc1ccc(-c2ccc(-c3nc4ccccc4s3)c(O)c2)s1,3.212,1.0156,3.525,0.8744999999999998,/scratch/jaggbow/mol_xtb_coordinates/chromo4717/geom.xtbopt.xyz,/scratch/jaggbow/mol_xtb_coordinates/chromo4717/mmff.xyz,/scratch/jaggbow/mol_xtb_coordinates/chromo4717/basic.xyz,1,,,,,,
1050,chromo1456,CN(C)c1ccc(C=C2N=C(c3ccccc3)OC2=O)cc1,2.9801,1.3017000000000003,3.1094,1.2324,/scratch/jaggbow/mol_xtb_coordinates/chromo1456/geom.xtbopt.xyz,/scratch/jaggbow/mol_xtb_coordinates/chromo1456/mmff.xyz,/scratch/jaggbow/mol_xtb_coordinates/chromo1456/basic.xyz,1,,,,,,
1051,chromo1148,O=C1c2ccccc2C2=Cc3cccc[n+]3[B-](F)(F)N12,3.3111,1.1938,3.175,1.0848999999999998,/scratch/jaggbow/mol_xtb_coordinates/chromo1148/geom.xtbopt.xyz,/scratch/jaggbow/mol_xtb_coordinates/chromo1148/mmff.xyz,/scratch/jaggbow/mol_xtb_coordinates/chromo1148/basic.xyz,0,,,,,,
1052,chromo4722,Oc1c(-c2cccs2)cccc1-c1nc2ccccc2s1,3.1817,0.6820000000000004,3.533,0.6023999999999998,/scratch/jaggbow/mol_xtb_coordinates/chromo4722/geom.xtbopt.xyz,/scratch/jaggbow/mol_xtb_coordinates/chromo4722/mmff.xyz,/scratch/jaggbow/mol_xtb_coordinates/chromo4722/basic.xyz,1,,,,,,
1053,chromo5396,CC(C)(C)c1ccc(-c2nc3c4ccc(-c5ccc6ccccc6c5)cc4c4cc(-c5ccc6ccccc6c5)ccc4c3n2-c2ccc(C(C)(C)C)cc2)cc1,3.3006,0.8580000000000001,3.7801,0.4485000000000001,/scratch/jaggbow/mol_xtb_coordinates/chromo5396/geom.xtbopt.xyz,/scratch/jaggbow/mol_xtb_coordinates/chromo5396/mmff.xyz,/scratch/jaggbow/mol_xtb_coordinates/chromo5396/basic.xyz,1,,,,,,
1054,chromo2392,C#Cc1cccc2ccccc12,4.0644,1.6107,4.2303,1.0580999999999996,/scratch/jaggbow/mol_xtb_coordinates/chromo2392/geom.xtbopt.xyz,/scratch/jaggbow/mol_xtb_coordinates/chromo2392/mmff.xyz,/scratch/jaggbow/mol_xtb_coordinates/chromo2392/basic.xyz,1,,,,,,
1055,chromo5341,CC(C)(C)NC(=O)c1ccc(-c2cc3ccccc3o2)c2ccc3c4ccccc4c4ccccc4c3c12,3.1978,1.0492,3.4825,0.7222999999999997,/scratch/jaggbow/mol_xtb_coordinates/chromo5341/geom.xtbopt.xyz,/scratch/jaggbow/mol_xtb_coordinates/chromo5341/mmff.xyz,/scratch/jaggbow/mol_xtb_coordinates/chromo5341/basic.xyz,0,,,,,,
1056,chromo3117,Cc1ccc(-c2c3nc(c(-c4ccc(C)cc4)c4ccc([nH]4)c(-c4ccc(C)cc4)c4nc(c(-c5ccc(C)cc5)c5ccc2[nH]5)C=C4)C=C3)cc1,2.131,0.7833999999999999,2.1031,0.209,/scratch/jaggbow/mol_xtb_coordinates/chromo3117/geom.xtbopt.xyz,/scratch/jaggbow/mol_xtb_coordinates/chromo3117/mmff.xyz,/scratch/jaggbow/mol_xtb_coordinates/chromo3117/basic.xyz,0,,,,,,
1057,chromo3411,COc1ccc(C(=O)C=C2C(=O)Nc3ccccc32)c(OC)c1,3.5747,1.2352,2.8068,0.4634,/scratch/jaggbow/mol_xtb_coordinates/chromo3411/geom.xtbopt.xyz,/scratch/jaggbow/mol_xtb_coordinates/chromo3411/mmff.xyz,/scratch/jaggbow/mol_xtb_coordinates/chromo3411/basic.xyz,0,,,,,,
1058,chromo6236,CCCCN(CCCC)c1ccc2c(c1)C#CC#Cc1cc(C(F)(F)F)ccc1C#Cc1cc(c3cc1C#Cc1ccc(N(CCCC)CCCC)cc1C#CC#Cc1cc(C(F)(F)F)ccc1C#C3)C#C2,2.1869,0.4305000000000001,3.2581,0.3936000000000001,/scratch/jaggbow/mol_xtb_coordinates/chromo6236/geom.xtbopt.xyz,/scratch/jaggbow/mol_xtb_coordinates/chromo6236/mmff.xyz,/scratch/jaggbow/mol_xtb_coordinates/chromo6236/basic.xyz,0,,,,,,
1059,chromo1165,COc1ccccc1-c1nc2c3ccccc3c3ccccc3c2n1-c1ccc(C)cc1,3.7926,0.9636,3.8058,0.3649,/scratch/jaggbow/mol_xtb_coordinates/chromo1165/geom.xtbopt.xyz,/scratch/jaggbow/mol_xtb_coordinates/chromo1165/mmff.xyz,/scratch/jaggbow/mol_xtb_coordinates/chromo1165/basic.xyz,1,,,,,,
1060,chromo2368,CN(C)c1ccc(C2=Nc3sc4cc(C(F)(F)F)ccc4[n+]3[B-](F)(F)O2)cc1,3.2618,0.8165,3.3688,0.8207,/scratch/jaggbow/mol_xtb_coordinates/chromo2368/geom.xtbopt.xyz,/scratch/jaggbow/mol_xtb_coordinates/chromo2368/mmff.xyz,/scratch/jaggbow/mol_xtb_coordinates/chromo2368/basic.xyz,0,,,,,,
1061,chromo1381,COc1ccc(-c2ccc(-c3ccc(C#N)s3)s2)cc1,3.1361,1.1948,3.437,1.029,/scratch/jaggbow/mol_xtb_coordinates/chromo1381/geom.xtbopt.xyz,/scratch/jaggbow/mol_xtb_coordinates/chromo1381/mmff.xyz,/scratch/jaggbow/mol_xtb_coordinates/chromo1381/basic.xyz,1,,,,,,
1062,chromo4022,CCCN1c2ccc(C#CC3=C4C=CC=[N+]4[B-](F)(F)n4cccc43)cc2Sc2cc(C#CC3=C4C=CC=[N+]4[B-](F)(F)n4cccc43)ccc21,2.2655,0.8469999999999998,2.519,0.9138000000000002,/scratch/jaggbow/mol_xtb_coordinates/chromo4022/geom.xtbopt.xyz,/scratch/jaggbow/mol_xtb_coordinates/chromo4022/mmff.xyz,/scratch/jaggbow/mol_xtb_coordinates/chromo4022/basic.xyz,0,,,,,,
1063,chromo2500,C(=Cc1ncnc2ccccc12)c1ccc(-c2ccc(N(c3ccccc3)c3ccccc3)cc2)cc1,2.5632,0.6014000000000002,3.4912,0.7295000000000003,/scratch/jaggbow/mol_xtb_coordinates/chromo2500/geom.xtbopt.xyz,/scratch/jaggbow/mol_xtb_coordinates/chromo2500/mmff.xyz,/scratch/jaggbow/mol_xtb_coordinates/chromo2500/basic.xyz,0,,,,,,
1064,chromo0767,CN(C)c1ccc(C=Cc2cc(C=Cc3ccc(N(C)C)cc3)nc(C=Cc3ccc(N(c4ccccc4)c4ccccc4)cc3)n2)cc1,2.8519,0.7774000000000001,3.3871,0.7224000000000004,/scratch/jaggbow/mol_xtb_coordinates/chromo0767/geom.xtbopt.xyz,/scratch/jaggbow/mol_xtb_coordinates/chromo0767/mmff.xyz,/scratch/jaggbow/mol_xtb_coordinates/chromo0767/basic.xyz,1,,,,,,
1065,chromo2906,c1ccc(N(c2ccccc2)c2ccc(-c3ccncn3)cc2)cc1,3.3004,0.7438999999999996,3.5384,0.6075000000000004,/scratch/jaggbow/mol_xtb_coordinates/chromo2906/geom.xtbopt.xyz,/scratch/jaggbow/mol_xtb_coordinates/chromo2906/mmff.xyz,/scratch/jaggbow/mol_xtb_coordinates/chromo2906/basic.xyz,1,,,,,,
1066,chromo3462,CCOC(=O)c1c(-c2cc3ccccc3oc2=O)nn(-c2ccc(OC)cc2)c1C(=O)OCC,3.5816,1.0032,3.9078,0.8521999999999998,/scratch/jaggbow/mol_xtb_coordinates/chromo3462/geom.xtbopt.xyz,/scratch/jaggbow/mol_xtb_coordinates/chromo3462/mmff.xyz,/scratch/jaggbow/mol_xtb_coordinates/chromo3462/basic.xyz,1,,,,,,
1067,chromo3352,CN(C)c1ccc(C#Cc2cc(C#Cc3ccc(C(F)(F)F)cc3)c3ccc4c(C#Cc5ccc(C(F)(F)F)cc5)cc(C#Cc5ccc(C(F)(F)F)cc5)c5ccc2c3c54)cc1,2.1229,0.7904,2.9687,0.7282000000000002,/scratch/jaggbow/mol_xtb_coordinates/chromo3352/geom.xtbopt.xyz,/scratch/jaggbow/mol_xtb_coordinates/chromo3352/mmff.xyz,/scratch/jaggbow/mol_xtb_coordinates/chromo3352/basic.xyz,1,,,,,,
1068,chromo2231,O=S1(=O)c2ccc(-c3c4ccccc4cc4ccccc34)cc2-c2cc(-c3c4ccccc4cc4ccccc34)ccc21,3.0663,1.2984,3.4277,1.1129000000000002,/scratch/jaggbow/mol_xtb_coordinates/chromo2231/geom.xtbopt.xyz,/scratch/jaggbow/mol_xtb_coordinates/chromo2231/mmff.xyz,/scratch/jaggbow/mol_xtb_coordinates/chromo2231/basic.xyz,0,,,,,,
1069,chromo5604,CCCCN1C(=O)C2=C(c3ccc(-c4ccccc4)cc3)NC(=O)C2=C1c1ccc(-c2ccccc2)cc1,2.4916,1.321,2.6039,1.1806,/scratch/jaggbow/mol_xtb_coordinates/chromo5604/geom.xtbopt.xyz,/scratch/jaggbow/mol_xtb_coordinates/chromo5604/mmff.xyz,/scratch/jaggbow/mol_xtb_coordinates/chromo5604/basic.xyz,0,,,,,,
1070,chromo5052,COc1ccc(-c2ccc3c(c2)c2cc(-c4ccc(OC)cc4)ccc2n3-c2ccc(C(=O)c3ccc4sc5ccccc5c4c3)cn2)cc1,2.839,0.3073999999999999,3.6596,0.4321000000000001,/scratch/jaggbow/mol_xtb_coordinates/chromo5052/geom.xtbopt.xyz,/scratch/jaggbow/mol_xtb_coordinates/chromo5052/mmff.xyz,/scratch/jaggbow/mol_xtb_coordinates/chromo5052/basic.xyz,1,,,,,,
1071,chromo5268,CC1=CC(C)=[N+]2C1=C(c1ccc(-c3c4ccccc4c(-c4ccccc4)c4ccccc34)cc1)c1c(C)cc(C)n1[B-]2(F)F,2.5975,1.0811000000000002,2.9041,1.4254000000000002,/scratch/jaggbow/mol_xtb_coordinates/chromo5268/geom.xtbopt.xyz,/scratch/jaggbow/mol_xtb_coordinates/chromo5268/mmff.xyz,/scratch/jaggbow/mol_xtb_coordinates/chromo5268/basic.xyz,1,,,,,,
1072,chromo3417,CN(C)c1ccc2cc(C(C=Cc3cn(C)c4ccccc34)=C(C#N)C#N)c(=O)oc2c1,2.7778,1.0894,3.0609,1.0054000000000003,/scratch/jaggbow/mol_xtb_coordinates/chromo3417/geom.xtbopt.xyz,/scratch/jaggbow/mol_xtb_coordinates/chromo3417/mmff.xyz,/scratch/jaggbow/mol_xtb_coordinates/chromo3417/basic.xyz,1,,,,,,
1073,chromo0205,Cc1nc(-c2cc(N)ccc2O)n2c1CCCC2,3.7371,0.9825,3.7875,0.6916000000000002,/scratch/jaggbow/mol_xtb_coordinates/chromo0205/geom.xtbopt.xyz,/scratch/jaggbow/mol_xtb_coordinates/chromo0205/mmff.xyz,/scratch/jaggbow/mol_xtb_coordinates/chromo0205/basic.xyz,0,,,,,,
1074,chromo0410,C(=Cc1nc(-c2ccccc2)[nH]c1C=Cc1ccccc1)c1ccccc1,3.0365,1.2988000000000002,3.4051,1.0379999999999998,/scratch/jaggbow/mol_xtb_coordinates/chromo0410/geom.xtbopt.xyz,/scratch/jaggbow/mol_xtb_coordinates/chromo0410/mmff.xyz,/scratch/jaggbow/mol_xtb_coordinates/chromo0410/basic.xyz,0,,,,,,
1075,chromo3095,Cc1cc2ccccc2c2c1c1ccccc1n2C,3.7019,1.0853000000000002,3.7397,0.5798000000000001,/scratch/jaggbow/mol_xtb_coordinates/chromo3095/geom.xtbopt.xyz,/scratch/jaggbow/mol_xtb_coordinates/chromo3095/mmff.xyz,/scratch/jaggbow/mol_xtb_coordinates/chromo3095/basic.xyz,0,,,,,,
1076,chromo2706,CN(C)c1ccc(C#Cc2ccc3ccc4c(C#Cc5ccc(N(C)C)cc5)ccc5ccc2c3c54)cc1,2.5426,0.9461000000000002,3.4846,0.9659,/scratch/jaggbow/mol_xtb_coordinates/chromo2706/geom.xtbopt.xyz,/scratch/jaggbow/mol_xtb_coordinates/chromo2706/mmff.xyz,/scratch/jaggbow/mol_xtb_coordinates/chromo2706/basic.xyz,1,,,,,,
1077,chromo3543,COc1ccc(-c2cnc(C=Cc3ccc(OC)c(OC)c3)o2)cc1,3.224,1.2659000000000002,3.4734,0.9756999999999998,/scratch/jaggbow/mol_xtb_coordinates/chromo3543/geom.xtbopt.xyz,/scratch/jaggbow/mol_xtb_coordinates/chromo3543/mmff.xyz,/scratch/jaggbow/mol_xtb_coordinates/chromo3543/basic.xyz,1,,,,,,
1078,chromo4229,C[Si](C)(c1ccc(-c2nc3ccccc3n2-c2ccccc2)cc1)c1ccc(-c2nc3ccccc3n2-c2ccccc2)cc1,4.0445,1.0825,4.2706,0.4651999999999998,/scratch/jaggbow/mol_xtb_coordinates/chromo4229/geom.xtbopt.xyz,/scratch/jaggbow/mol_xtb_coordinates/chromo4229/mmff.xyz,/scratch/jaggbow/mol_xtb_coordinates/chromo4229/basic.xyz,0,,,,,,
1079,chromo3821,Brc1cc(C=Cc2ccc(N(c3ccccc3)c3ccccc3)cc2)c(Br)cc1C=Cc1ccc(N(c2ccccc2)c2ccccc2)cc1,2.5273,0.8078999999999998,3.0649,0.5620000000000003,/scratch/jaggbow/mol_xtb_coordinates/chromo3821/geom.xtbopt.xyz,/scratch/jaggbow/mol_xtb_coordinates/chromo3821/mmff.xyz,/scratch/jaggbow/mol_xtb_coordinates/chromo3821/basic.xyz,1,,,,,,
1080,chromo5506,F[B-]1(F)OC(c2ccc(C(F)(F)F)cc2)=Cc2cc(Cl)nc[n+]21,3.6191,1.1545,3.5372,1.0254,/scratch/jaggbow/mol_xtb_coordinates/chromo5506/geom.xtbopt.xyz,/scratch/jaggbow/mol_xtb_coordinates/chromo5506/mmff.xyz,/scratch/jaggbow/mol_xtb_coordinates/chromo5506/basic.xyz,0,,,,,,
1081,chromo5091,O=C(c1ccncc1)c1ccc(-n2c3ccc(-n4c5ccccc5c5ccccc54)cc3c3cc(-n4c5ccccc5c5ccccc54)ccc32)cc1,2.578,0.0879999999999996,3.6467,0.4388000000000001,/scratch/jaggbow/mol_xtb_coordinates/chromo5091/geom.xtbopt.xyz,/scratch/jaggbow/mol_xtb_coordinates/chromo5091/mmff.xyz,/scratch/jaggbow/mol_xtb_coordinates/chromo5091/basic.xyz,1,,,,,,
1082,chromo0409,c1ccc(N(c2ccccc2)c2ccc(-c3ccc(-c4cc(-c5ccccn5)nc(-c5ccccn5)c4)cc3)cc2)cc1,3.1317,0.4813,3.8544,0.5070999999999999,/scratch/jaggbow/mol_xtb_coordinates/chromo0409/geom.xtbopt.xyz,/scratch/jaggbow/mol_xtb_coordinates/chromo0409/mmff.xyz,/scratch/jaggbow/mol_xtb_coordinates/chromo0409/basic.xyz,1,,,,,,
1083,chromo0538,N#CC(=CNc1ccc(C#N)cc1)c1nc(-c2ccccc2)cs1,3.3692,1.1408,3.4996,0.9568,/scratch/jaggbow/mol_xtb_coordinates/chromo0538/geom.xtbopt.xyz,/scratch/jaggbow/mol_xtb_coordinates/chromo0538/mmff.xyz,/scratch/jaggbow/mol_xtb_coordinates/chromo0538/basic.xyz,1,,,,,,
1084,chromo2483,COC(=O)c1nc2c(N)nc(N(C)C)nc2n1Cc1ccccc1,3.6943,1.0163000000000002,3.7415,0.9228999999999998,/scratch/jaggbow/mol_xtb_coordinates/chromo2483/geom.xtbopt.xyz,/scratch/jaggbow/mol_xtb_coordinates/chromo2483/mmff.xyz,/scratch/jaggbow/mol_xtb_coordinates/chromo2483/basic.xyz,0,,,,,,
1085,chromo1850,CCCC1=Cc2nc1ccc1[nH]c(cc1CCC)c1nc(c(NC(=O)CCCC(=O)OC)cc3[nH]c2cc3CCC)C(CCC)=C1,2.0855,0.804,2.128,0.5462,/scratch/jaggbow/mol_xtb_coordinates/chromo1850/geom.xtbopt.xyz,/scratch/jaggbow/mol_xtb_coordinates/chromo1850/mmff.xyz,/scratch/jaggbow/mol_xtb_coordinates/chromo1850/basic.xyz,0,,,,,,
1086,chromo1097,c1ccc(C2=C3c4ccccc4C4=[N+]3[B-]3(Oc5ccccc54)Oc4ccccc4-c4c5ccccc5c2n43)cc1,2.051,0.9749,2.1761,0.9653999999999998,/scratch/jaggbow/mol_xtb_coordinates/chromo1097/geom.xtbopt.xyz,/scratch/jaggbow/mol_xtb_coordinates/chromo1097/mmff.xyz,/scratch/jaggbow/mol_xtb_coordinates/chromo1097/basic.xyz,0,,,,,,
1087,chromo5327,C1=Cc2ccc(N(c3ccccc3)c3ccccc3)cc2C2(c3cc(N(c4ccccc4)c4ccccc4)ccc31)c1ccccc1-c1ccccc12,2.8795,0.7752000000000003,3.1772,0.4977,/scratch/jaggbow/mol_xtb_coordinates/chromo5327/geom.xtbopt.xyz,/scratch/jaggbow/mol_xtb_coordinates/chromo5327/mmff.xyz,/scratch/jaggbow/mol_xtb_coordinates/chromo5327/basic.xyz,0,,,,,,
1088,chromo6390,COc1c2ccccc2c(OC)c2c(C#C[Si](C(C)C)(C(C)C)C(C)C)c3cc4sccc4cc3c(C#C[Si](C(C)C)(C(C)C)C(C)C)c12,1.7686,1.2057,2.1988,0.9937999999999998,/scratch/jaggbow/mol_xtb_coordinates/chromo6390/geom.xtbopt.xyz,/scratch/jaggbow/mol_xtb_coordinates/chromo6390/mmff.xyz,/scratch/jaggbow/mol_xtb_coordinates/chromo6390/basic.xyz,0,,,,,,
1089,chromo0763,COc1ccc(C=Cc2cc(C=Cc3ccc(OC)cc3)nc(C=Cc3ccc(N(C)C)cc3)n2)cc1,2.7166,0.5789,3.5612,0.8944999999999999,/scratch/jaggbow/mol_xtb_coordinates/chromo0763/geom.xtbopt.xyz,/scratch/jaggbow/mol_xtb_coordinates/chromo0763/mmff.xyz,/scratch/jaggbow/mol_xtb_coordinates/chromo0763/basic.xyz,1,,,,,,
1090,chromo2236,c1ccc(-n2c(-c3ccc(-c4ccc(-c5ccc(-c6nc7c8ccccc8c8ccccc8c7n6-c6ccccc6)cc5)cc4)cc3)nc3ccccc32)cc1,3.2598,0.7058999999999997,3.8548,0.3567999999999998,/scratch/jaggbow/mol_xtb_coordinates/chromo2236/geom.xtbopt.xyz,/scratch/jaggbow/mol_xtb_coordinates/chromo2236/mmff.xyz,/scratch/jaggbow/mol_xtb_coordinates/chromo2236/basic.xyz,1,,,,,,
1091,chromo2178,N#Cc1cc(-n2c3ccccc3c3cc(Br)ccc32)c(-n2c3ccccc3c3cc(Br)ccc32)cc1C#N,2.8348,0.3214000000000001,3.4892,0.2948999999999997,/scratch/jaggbow/mol_xtb_coordinates/chromo2178/geom.xtbopt.xyz,/scratch/jaggbow/mol_xtb_coordinates/chromo2178/mmff.xyz,/scratch/jaggbow/mol_xtb_coordinates/chromo2178/basic.xyz,1,,,,,,
1092,chromo2753,COC(=O)c1ccc(C2=C(C=Cc3ccc(OC)cc3)O[B-](F)(F)[O+]=C2C=Cc2ccc(OC)cc2)cc1,2.815,0.919,2.9685,0.8760000000000003,/scratch/jaggbow/mol_xtb_coordinates/chromo2753/geom.xtbopt.xyz,/scratch/jaggbow/mol_xtb_coordinates/chromo2753/mmff.xyz,/scratch/jaggbow/mol_xtb_coordinates/chromo2753/basic.xyz,1,,,,,,
1093,chromo3163,COc1cc(C=Cc2nc3ccccc3s2)c(OC)cc1C=Cc1nc(C)nc(C=Cc2cc(OC)c(C=Cc3nc4ccccc4s3)cc2OC)n1,2.5699,0.9311,2.9993,0.6739999999999999,/scratch/jaggbow/mol_xtb_coordinates/chromo3163/geom.xtbopt.xyz,/scratch/jaggbow/mol_xtb_coordinates/chromo3163/mmff.xyz,/scratch/jaggbow/mol_xtb_coordinates/chromo3163/basic.xyz,1,,,,,,
1094,chromo3294,F[B-]1(F)n2c(NCc3ccccc3)ccc2C(c2c(Cl)cccc2Cl)=C2C=CC(NCc3ccccc3)=[N+]21,2.6992,1.5184999999999995,2.6918,1.6392000000000002,/scratch/jaggbow/mol_xtb_coordinates/chromo3294/geom.xtbopt.xyz,/scratch/jaggbow/mol_xtb_coordinates/chromo3294/mmff.xyz,/scratch/jaggbow/mol_xtb_coordinates/chromo3294/basic.xyz,1,,,,,,
1095,chromo0541,COc1ccc(-c2csc(-c3ccncc3)n2)cc1,3.3541,0.9099999999999996,3.8637,0.8494000000000002,/scratch/jaggbow/mol_xtb_coordinates/chromo0541/geom.xtbopt.xyz,/scratch/jaggbow/mol_xtb_coordinates/chromo0541/mmff.xyz,/scratch/jaggbow/mol_xtb_coordinates/chromo0541/basic.xyz,1,,,,,,
1096,chromo3290,COC1=[N+]2C(=C(c3ccccc3)c3ccc(OC)n3[B-]2(F)F)C=C1SC#N,2.839,1.3606,2.7965,1.5375,/scratch/jaggbow/mol_xtb_coordinates/chromo3290/geom.xtbopt.xyz,/scratch/jaggbow/mol_xtb_coordinates/chromo3290/mmff.xyz,/scratch/jaggbow/mol_xtb_coordinates/chromo3290/basic.xyz,1,,,,,,
1097,chromo6446,N#Cc1ccc(N(c2ccc(C#N)cc2)c2ccc3c4cccc5c(N(c6ccc(C#N)cc6)c6ccc(C#N)cc6)ccc(c6cccc2c63)c54)cc1,2.4813,1.0335,2.6989,0.6995,/scratch/jaggbow/mol_xtb_coordinates/chromo6446/geom.xtbopt.xyz,/scratch/jaggbow/mol_xtb_coordinates/chromo6446/mmff.xyz,/scratch/jaggbow/mol_xtb_coordinates/chromo6446/basic.xyz,0,,,,,,
1098,chromo2041,O=P(c1ccccc1)(c1ccccc1)c1cccc(-n2c(-c3ccccc3P(=O)(c3ccccc3)c3ccccc3)nc3ccccc32)c1,4.2561,0.9845000000000002,4.4043,0.4897,/scratch/jaggbow/mol_xtb_coordinates/chromo2041/geom.xtbopt.xyz,/scratch/jaggbow/mol_xtb_coordinates/chromo2041/mmff.xyz,/scratch/jaggbow/mol_xtb_coordinates/chromo2041/basic.xyz,0,,,,,,
1099,chromo6232,CCCCN(CCCC)c1ccc2c#cc3cc4c#cc5ccc(N(CCCC)CCCC)cc5c#cc#cc5cc(C(F)(F)F)ccc5c#cc4cc3c#cc3ccc(C(F)(F)F)cc3c#cc#cc2c1,2.4957,0.6344999999999998,3.4466,0.4443000000000001,/scratch/jaggbow/mol_xtb_coordinates/chromo6232/geom.xtbopt.xyz,/scratch/jaggbow/mol_xtb_coordinates/chromo6232/mmff.xyz,/scratch/jaggbow/mol_xtb_coordinates/chromo6232/basic.xyz,0,,,,,,
1100,chromo2484,COC(=O)c1nc2c(N(C)C)nc(N(C)C)nc2n1Cc1ccccc1,3.6393,1.0031,3.6882,0.9300000000000002,/scratch/jaggbow/mol_xtb_coordinates/chromo2484/geom.xtbopt.xyz,/scratch/jaggbow/mol_xtb_coordinates/chromo2484/mmff.xyz,/scratch/jaggbow/mol_xtb_coordinates/chromo2484/basic.xyz,0,,,,,,
1101,chromo3466,COC(=O)c1c(-c2cc3ccccc3oc2=O)nn(-c2cccc(F)c2)c1C(=O)OC,3.8617,1.2582999999999998,3.9503,0.8786999999999998,/scratch/jaggbow/mol_xtb_coordinates/chromo3466/geom.xtbopt.xyz,/scratch/jaggbow/mol_xtb_coordinates/chromo3466/mmff.xyz,/scratch/jaggbow/mol_xtb_coordinates/chromo3466/basic.xyz,1,,,,,,
1102,chromo2430,COc1ccc(-c2cc3c(s2)c(C)cc(=O)n3C)cc1,3.4069,1.2014,3.4243,0.9354,/scratch/jaggbow/mol_xtb_coordinates/chromo2430/geom.xtbopt.xyz,/scratch/jaggbow/mol_xtb_coordinates/chromo2430/mmff.xyz,/scratch/jaggbow/mol_xtb_coordinates/chromo2430/basic.xyz,1,,,,,,
1103,chromo6439,COc1cc2c(cc1OC)C1=CC(c3ccc(C)cc3)C3(C(C#N)=C(C#N)N1CC2)c1ccccc1-c1ccccc13,3.2819,0.9246,3.5368,1.0501999999999998,/scratch/jaggbow/mol_xtb_coordinates/chromo6439/geom.xtbopt.xyz,/scratch/jaggbow/mol_xtb_coordinates/chromo6439/mmff.xyz,/scratch/jaggbow/mol_xtb_coordinates/chromo6439/basic.xyz,0,,,,,,
1104,chromo5461,CCCC1=C(CCC)c2cccc3c2c(cc2nc4ccccc4nc23)O1,2.6169,0.7468999999999997,2.8266,0.6857000000000002,/scratch/jaggbow/mol_xtb_coordinates/chromo5461/geom.xtbopt.xyz,/scratch/jaggbow/mol_xtb_coordinates/chromo5461/mmff.xyz,/scratch/jaggbow/mol_xtb_coordinates/chromo5461/basic.xyz,0,,,,,,
1105,chromo1816,CC(=O)Nc1ccccc1C(=O)OC1CC(C)CCC1C(C)C,4.0851,0.8845999999999998,3.8665,0.5962999999999998,/scratch/jaggbow/mol_xtb_coordinates/chromo1816/geom.xtbopt.xyz,/scratch/jaggbow/mol_xtb_coordinates/chromo1816/mmff.xyz,/scratch/jaggbow/mol_xtb_coordinates/chromo1816/basic.xyz,1,,,,,,
1106,chromo4714,O=Cc1ccc(-c2ccc(-c3nc4ccccc4s3)c(O)c2)o1,3.2457,1.0862999999999996,3.5443,0.8637999999999999,/scratch/jaggbow/mol_xtb_coordinates/chromo4714/geom.xtbopt.xyz,/scratch/jaggbow/mol_xtb_coordinates/chromo4714/mmff.xyz,/scratch/jaggbow/mol_xtb_coordinates/chromo4714/basic.xyz,1,,,,,,
1107,chromo5575,CCc1c(C)[nH]c(C2=[N+]3C(=Cc4c(C)c(CC)c(C=Cc5ccc(N(C)C)cc5)n4[B-]3(F)F)c3ccccc32)c1C,1.9567,0.9798,2.2879,1.1502,/scratch/jaggbow/mol_xtb_coordinates/chromo5575/geom.xtbopt.xyz,/scratch/jaggbow/mol_xtb_coordinates/chromo5575/mmff.xyz,/scratch/jaggbow/mol_xtb_coordinates/chromo5575/basic.xyz,0,,,,,,
1108,chromo3312,CN(c1ccccc1)c1ccc(C=C2C(=O)c3ccccc3S2(=O)=O)cc1,2.9063,0.9227,3.0561,0.9221999999999996,/scratch/jaggbow/mol_xtb_coordinates/chromo3312/geom.xtbopt.xyz,/scratch/jaggbow/mol_xtb_coordinates/chromo3312/mmff.xyz,/scratch/jaggbow/mol_xtb_coordinates/chromo3312/basic.xyz,0,,,,,,
1109,chromo5574,CCOC(=O)COc1ccc(C=CC2=C3c4ccccc4C(c4ccc[nH]4)=[N+]3[B-](F)(F)n3ccc(C)c32)cc1,2.3842,1.1611999999999998,2.6402,1.2621,/scratch/jaggbow/mol_xtb_coordinates/chromo5574/geom.xtbopt.xyz,/scratch/jaggbow/mol_xtb_coordinates/chromo5574/mmff.xyz,/scratch/jaggbow/mol_xtb_coordinates/chromo5574/basic.xyz,0,,,,,,
1110,chromo5564,Cc1ccc(C2=[N+]3C(=Cc4c(C)cc(C)n4[B-]3(F)F)c3ccccc32)[nH]1,2.4388,1.2779,2.634,1.2998999999999998,/scratch/jaggbow/mol_xtb_coordinates/chromo5564/geom.xtbopt.xyz,/scratch/jaggbow/mol_xtb_coordinates/chromo5564/mmff.xyz,/scratch/jaggbow/mol_xtb_coordinates/chromo5564/basic.xyz,0,,,,,,
1111,chromo4628,CC(C)(C)c1ccc(-c2cc(-c3ccc(-c4cc(-c5ccc(C(C)(C)C)cc5)c(C(=O)NCc5ccccc5)s4)s3)sc2C(=O)NCc2ccccc2)cc1,2.9147,1.1541,3.2094,0.924,/scratch/jaggbow/mol_xtb_coordinates/chromo4628/geom.xtbopt.xyz,/scratch/jaggbow/mol_xtb_coordinates/chromo4628/mmff.xyz,/scratch/jaggbow/mol_xtb_coordinates/chromo4628/basic.xyz,1,,,,,,
1112,chromo6121,CCCc1c(C(=O)c2ccc3c4c(cccc24)-c2cccc4c2C3CC=C4)c2ccc3cccc4c5cccc6ccc1c(c65)c2c34,2.7871,0.7798000000000003,3.4232,0.7257000000000002,/scratch/jaggbow/mol_xtb_coordinates/chromo6121/geom.xtbopt.xyz,/scratch/jaggbow/mol_xtb_coordinates/chromo6121/mmff.xyz,/scratch/jaggbow/mol_xtb_coordinates/chromo6121/basic.xyz,0,,,,,,
1113,chromo2172,O=c1c2ccccc2sc2ccc(-n3c4ccccc4c4ccccc43)cc12,2.8403,0.2730999999999999,3.3443,0.6355,/scratch/jaggbow/mol_xtb_coordinates/chromo2172/geom.xtbopt.xyz,/scratch/jaggbow/mol_xtb_coordinates/chromo2172/mmff.xyz,/scratch/jaggbow/mol_xtb_coordinates/chromo2172/basic.xyz,0,,,,,,
1114,chromo4433,CN1c2ccc(C(=O)c3ccccc3)cc2Sc2cc(C(=O)c3ccccc3)ccc21,3.0306,0.4912000000000001,2.7483,0.3858999999999999,/scratch/jaggbow/mol_xtb_coordinates/chromo4433/geom.xtbopt.xyz,/scratch/jaggbow/mol_xtb_coordinates/chromo4433/mmff.xyz,/scratch/jaggbow/mol_xtb_coordinates/chromo4433/basic.xyz,0,,,,,,
1115,chromo6179,CN(C)c1ccc(C2=C3C=C(c4ccc(C=O)cc4)SC34c3ccccc3C2c2ccccc24)cc1,2.4101,0.9524,2.8675,0.9337000000000002,/scratch/jaggbow/mol_xtb_coordinates/chromo6179/geom.xtbopt.xyz,/scratch/jaggbow/mol_xtb_coordinates/chromo6179/mmff.xyz,/scratch/jaggbow/mol_xtb_coordinates/chromo6179/basic.xyz,0,,,,,,
1116,chromo2755,CCCCCCN(CCCCCC)c1ccc(C#Cc2ccc([N+](=O)[O-])cc2)cc1,2.7379,0.6685999999999996,3.4427,0.8043,/scratch/jaggbow/mol_xtb_coordinates/chromo2755/geom.xtbopt.xyz,/scratch/jaggbow/mol_xtb_coordinates/chromo2755/mmff.xyz,/scratch/jaggbow/mol_xtb_coordinates/chromo2755/basic.xyz,1,,,,,,
1117,chromo4223,CC(C)(C)c1ccc2c(c1)sc1[n+]2[B-](F)(F)n2c(c3cccc4c(Br)ccc2c43)=C1C#N,2.5134,0.9129999999999998,2.5195,0.7851999999999999,/scratch/jaggbow/mol_xtb_coordinates/chromo4223/geom.xtbopt.xyz,/scratch/jaggbow/mol_xtb_coordinates/chromo4223/mmff.xyz,/scratch/jaggbow/mol_xtb_coordinates/chromo4223/basic.xyz,0,,,,,,
1118,chromo2538,CN(C)c1ccc(C2=Nc3scc(-c4ccc(N(C)C)cc4)[n+]3[B-](F)(F)O2)cc1,2.9376,0.5189000000000004,3.449,0.8390999999999997,/scratch/jaggbow/mol_xtb_coordinates/chromo2538/geom.xtbopt.xyz,/scratch/jaggbow/mol_xtb_coordinates/chromo2538/mmff.xyz,/scratch/jaggbow/mol_xtb_coordinates/chromo2538/basic.xyz,0,,,,,,
1119,chromo4917,c1ccc2c(c1)Sc1ccccc1N2c1ccc2c(ccc3nc4ccc5cc(N6c7ccccc7Sc7ccccc76)ccc5c4nc32)c1,2.1167,0.0028999999999999,3.0045,0.1707,/scratch/jaggbow/mol_xtb_coordinates/chromo4917/geom.xtbopt.xyz,/scratch/jaggbow/mol_xtb_coordinates/chromo4917/mmff.xyz,/scratch/jaggbow/mol_xtb_coordinates/chromo4917/basic.xyz,0,,,,,,
1120,chromo6644,CCCCCCOc1cc(C=C2C(=O)c3ccccc3C2=C(C#N)C#N)c(OCCCCCC)cc1C=C1C(=O)c2ccccc2C1=C(C#N)C#N,1.923,0.6501000000000001,2.3028,0.4675,/scratch/jaggbow/mol_xtb_coordinates/chromo6644/geom.xtbopt.xyz,/scratch/jaggbow/mol_xtb_coordinates/chromo6644/mmff.xyz,/scratch/jaggbow/mol_xtb_coordinates/chromo6644/basic.xyz,0,,,,,,
1121,chromo2021,Cc1cc(C)c(B(c2ccccc2-n2c3ccccc3c3ccccc32)c2c(C)cc(C)cc2C)c(C)c1,2.8489,0.0827,3.4509,0.1012999999999997,/scratch/jaggbow/mol_xtb_coordinates/chromo2021/geom.xtbopt.xyz,/scratch/jaggbow/mol_xtb_coordinates/chromo2021/mmff.xyz,/scratch/jaggbow/mol_xtb_coordinates/chromo2021/basic.xyz,1,,,,,,
1122,chromo5517,CCC1(CC)c2cc(N(C)C)ccc2-c2ccc(C(F)(F)F)cc21,3.8787,1.1260999999999997,3.8684,0.8851,/scratch/jaggbow/mol_xtb_coordinates/chromo5517/geom.xtbopt.xyz,/scratch/jaggbow/mol_xtb_coordinates/chromo5517/mmff.xyz,/scratch/jaggbow/mol_xtb_coordinates/chromo5517/basic.xyz,0,,,,,,
1123,chromo4023,C(=Cc1cnc2ccccc2n1)c1cnccn1,3.2345,1.1857000000000002,3.3313,0.4941,/scratch/jaggbow/mol_xtb_coordinates/chromo4023/geom.xtbopt.xyz,/scratch/jaggbow/mol_xtb_coordinates/chromo4023/mmff.xyz,/scratch/jaggbow/mol_xtb_coordinates/chromo4023/basic.xyz,0,,,,,,
1124,chromo2328,O=C1NC(=O)C(c2c[nH]c3ccccc23)=C1c1c[nH]c2ccccc12,2.546,0.8431999999999997,2.151,0.6609999999999998,/scratch/jaggbow/mol_xtb_coordinates/chromo2328/geom.xtbopt.xyz,/scratch/jaggbow/mol_xtb_coordinates/chromo2328/mmff.xyz,/scratch/jaggbow/mol_xtb_coordinates/chromo2328/basic.xyz,0,,,,,,
1125,chromo1811,CCN(CC)c1ccc2cc(C#N)c(=NC(=O)c3ccccc3)oc2c1,3.2655,1.1111999999999995,3.2902,0.975,/scratch/jaggbow/mol_xtb_coordinates/chromo1811/geom.xtbopt.xyz,/scratch/jaggbow/mol_xtb_coordinates/chromo1811/mmff.xyz,/scratch/jaggbow/mol_xtb_coordinates/chromo1811/basic.xyz,1,,,,,,
1126,chromo2842,C(=Cc1ccncn1)c1ccc(N(c2ccccc2)c2ccccc2)cc1,2.9624,0.8952,3.2781,0.7284999999999999,/scratch/jaggbow/mol_xtb_coordinates/chromo2842/geom.xtbopt.xyz,/scratch/jaggbow/mol_xtb_coordinates/chromo2842/mmff.xyz,/scratch/jaggbow/mol_xtb_coordinates/chromo2842/basic.xyz,0,,,,,,
1127,chromo0702,C[Si](C)(C)c1ccc2ccc3c([Si](C)(C)C)ccc4ccc1c2c43,3.5089,1.4792,3.7107,0.9811,/scratch/jaggbow/mol_xtb_coordinates/chromo0702/geom.xtbopt.xyz,/scratch/jaggbow/mol_xtb_coordinates/chromo0702/mmff.xyz,/scratch/jaggbow/mol_xtb_coordinates/chromo0702/basic.xyz,1,,,,,,
1128,chromo4108,CN(C)c1ccc2c3c(ccc2c1)CCCC3=O,3.023,0.8056000000000001,2.8233,0.6209000000000002,/scratch/jaggbow/mol_xtb_coordinates/chromo4108/geom.xtbopt.xyz,/scratch/jaggbow/mol_xtb_coordinates/chromo4108/mmff.xyz,/scratch/jaggbow/mol_xtb_coordinates/chromo4108/basic.xyz,0,,,,,,
1129,chromo5441,Nc1cccc2c1ccc1[n+]2[B-](F)(F)n2c-1cc1c3ccccc3c3ccccc3c12,2.5182,0.6472000000000002,2.9678,0.6600000000000001,/scratch/jaggbow/mol_xtb_coordinates/chromo5441/geom.xtbopt.xyz,/scratch/jaggbow/mol_xtb_coordinates/chromo5441/mmff.xyz,/scratch/jaggbow/mol_xtb_coordinates/chromo5441/basic.xyz,0,,,,,,
1130,chromo5457,c1ccc2c(C3=C(c4cccc5ccccc45)c4cccc5c4c(cc4nc6ccccc6nc45)O3)cccc2c1,2.6474,0.7534000000000003,2.8529,0.6608999999999998,/scratch/jaggbow/mol_xtb_coordinates/chromo5457/geom.xtbopt.xyz,/scratch/jaggbow/mol_xtb_coordinates/chromo5457/mmff.xyz,/scratch/jaggbow/mol_xtb_coordinates/chromo5457/basic.xyz,0,,,,,,
1131,chromo6702,C1=CB2C=Cc3ccccc3N2C=C1,4.0879,1.1542000000000003,4.1371,0.5937000000000001,/scratch/jaggbow/mol_xtb_coordinates/chromo6702/geom.xtbopt.xyz,/scratch/jaggbow/mol_xtb_coordinates/chromo6702/mmff.xyz,/scratch/jaggbow/mol_xtb_coordinates/chromo6702/basic.xyz,0,,,,,,
1132,chromo2002,Cc1ccc2c(c1)C(C)(C)c1cc(C)ccc1N2c1ccc2c(c1)C(C)(C)c1cc(N3c4ccc(C)cc4C(C)(C)c4cc(C)ccc43)ccc1S2(=O)=O,2.8828,0.0123999999999999,4.0846,0.6513,/scratch/jaggbow/mol_xtb_coordinates/chromo2002/geom.xtbopt.xyz,/scratch/jaggbow/mol_xtb_coordinates/chromo2002/mmff.xyz,/scratch/jaggbow/mol_xtb_coordinates/chromo2002/basic.xyz,0,,,,,,
1133,chromo3064,CC1=NC(=Cc2ccccc2N)C(=O)N1C,3.1491,1.3671999999999995,2.776,1.1124999999999998,/scratch/jaggbow/mol_xtb_coordinates/chromo3064/geom.xtbopt.xyz,/scratch/jaggbow/mol_xtb_coordinates/chromo3064/mmff.xyz,/scratch/jaggbow/mol_xtb_coordinates/chromo3064/basic.xyz,0,,,,,,
1134,chromo3523,Cc1ccc(OCc2cc(=O)oc3c2ccc2ccccc23)cc1,3.665,1.1706,3.7118,0.7390000000000003,/scratch/jaggbow/mol_xtb_coordinates/chromo3523/geom.xtbopt.xyz,/scratch/jaggbow/mol_xtb_coordinates/chromo3523/mmff.xyz,/scratch/jaggbow/mol_xtb_coordinates/chromo3523/basic.xyz,0,,,,,,
1135,chromo6522,O=C1c2ccccc2-c2c(-c3cc(Br)ccc3O)[nH]c(=O)n21,3.1193,1.1793,3.1539,0.9804,/scratch/jaggbow/mol_xtb_coordinates/chromo6522/geom.xtbopt.xyz,/scratch/jaggbow/mol_xtb_coordinates/chromo6522/mmff.xyz,/scratch/jaggbow/mol_xtb_coordinates/chromo6522/basic.xyz,0,,,,,,
1136,chromo3536,COc1ccc(-c2cnc(-c3cccnc3)o2)cc1OC,3.4881,1.0907,3.6997,0.9251999999999998,/scratch/jaggbow/mol_xtb_coordinates/chromo3536/geom.xtbopt.xyz,/scratch/jaggbow/mol_xtb_coordinates/chromo3536/mmff.xyz,/scratch/jaggbow/mol_xtb_coordinates/chromo3536/basic.xyz,1,,,,,,
1137,chromo2269,CC[B-]1(CC)c2cccc3c4c5c(cccc5c(c23)-c2cccc(C)[n+]21)[B-](CC)(CC)[n+]1c(C)cccc1-4,1.9482,0.8652,2.3241,0.8049,/scratch/jaggbow/mol_xtb_coordinates/chromo2269/geom.xtbopt.xyz,/scratch/jaggbow/mol_xtb_coordinates/chromo2269/mmff.xyz,/scratch/jaggbow/mol_xtb_coordinates/chromo2269/basic.xyz,0,,,,,,
1138,chromo5568,CCc1c(C)c2n(c1C)[B-](F)(F)[N+]1=C(c3ccc[nH]3)c3ccccc3C1=C2,2.4357,1.2692,2.6175,1.2871,/scratch/jaggbow/mol_xtb_coordinates/chromo5568/geom.xtbopt.xyz,/scratch/jaggbow/mol_xtb_coordinates/chromo5568/mmff.xyz,/scratch/jaggbow/mol_xtb_coordinates/chromo5568/basic.xyz,0,,,,,,
1139,chromo1717,O=c1cc(-c2nc3ccccn3c2NC2CCCCC2)occ1OCc1ccccc1,3.3709,0.8866999999999998,3.2195,0.6623999999999999,/scratch/jaggbow/mol_xtb_coordinates/chromo1717/geom.xtbopt.xyz,/scratch/jaggbow/mol_xtb_coordinates/chromo1717/mmff.xyz,/scratch/jaggbow/mol_xtb_coordinates/chromo1717/basic.xyz,0,,,,,,
1140,chromo2224,COc1cc(OC)cc(C2=[O+][B-](F)(F)OC(c3cccs3)=C2)c1,2.9734,0.6119999999999997,3.2236,0.8924999999999996,/scratch/jaggbow/mol_xtb_coordinates/chromo2224/geom.xtbopt.xyz,/scratch/jaggbow/mol_xtb_coordinates/chromo2224/mmff.xyz,/scratch/jaggbow/mol_xtb_coordinates/chromo2224/basic.xyz,1,,,,,,
1141,chromo4455,COc1cc2c3ccccc3c3cncnc3c2c(OC)c1OC,3.8158,0.9573,3.7763,0.1453000000000002,/scratch/jaggbow/mol_xtb_coordinates/chromo4455/geom.xtbopt.xyz,/scratch/jaggbow/mol_xtb_coordinates/chromo4455/mmff.xyz,/scratch/jaggbow/mol_xtb_coordinates/chromo4455/basic.xyz,0,,,,,,
1142,chromo3358,Cc1ccc(C)n1-c1cccc(C#N)c1,3.0684,0.0325000000000001,4.433,0.3651999999999997,/scratch/jaggbow/mol_xtb_coordinates/chromo3358/geom.xtbopt.xyz,/scratch/jaggbow/mol_xtb_coordinates/chromo3358/mmff.xyz,/scratch/jaggbow/mol_xtb_coordinates/chromo3358/basic.xyz,0,,,,,,
1143,chromo6371,Clc1ccccc1N1c2sc3ccccc3c2Sc2c1sc1ccccc21,3.0775,0.5758000000000001,2.4584,0.4666000000000001,/scratch/jaggbow/mol_xtb_coordinates/chromo6371/geom.xtbopt.xyz,/scratch/jaggbow/mol_xtb_coordinates/chromo6371/mmff.xyz,/scratch/jaggbow/mol_xtb_coordinates/chromo6371/basic.xyz,0,,,,,,
1144,chromo3813,F[B-]1(F)Oc2ccc(Br)cc2-c2c3c(c4c([n+]21)CCc1ccccc1-4)CCc1ccccc1-3,3.1949,0.6934,3.4368,0.5829,/scratch/jaggbow/mol_xtb_coordinates/chromo3813/geom.xtbopt.xyz,/scratch/jaggbow/mol_xtb_coordinates/chromo3813/mmff.xyz,/scratch/jaggbow/mol_xtb_coordinates/chromo3813/basic.xyz,0,,,,,,
1145,chromo1533,O=C1CCCC2=C1CC1=C(CCCC1=O)N2NC(=O)c1ccccc1,3.3629,0.9025999999999996,2.9913,0.8066999999999998,/scratch/jaggbow/mol_xtb_coordinates/chromo1533/geom.xtbopt.xyz,/scratch/jaggbow/mol_xtb_coordinates/chromo1533/mmff.xyz,/scratch/jaggbow/mol_xtb_coordinates/chromo1533/basic.xyz,0,,,,,,
1146,chromo4073,CN(C)c1ccc2cc(C3=[O+][B-](F)(F)OC(c4ccc(C#N)cc4)=C3)ccc2c1,2.5337,0.5726,2.8989,0.7626,/scratch/jaggbow/mol_xtb_coordinates/chromo4073/geom.xtbopt.xyz,/scratch/jaggbow/mol_xtb_coordinates/chromo4073/mmff.xyz,/scratch/jaggbow/mol_xtb_coordinates/chromo4073/basic.xyz,1,,,,,,
1147,chromo3646,CN(C)c1ccc(C=CC=Cc2nc3ccccc3o2)cc1,3.0347,1.3377,3.2712,1.0728999999999995,/scratch/jaggbow/mol_xtb_coordinates/chromo3646/geom.xtbopt.xyz,/scratch/jaggbow/mol_xtb_coordinates/chromo3646/mmff.xyz,/scratch/jaggbow/mol_xtb_coordinates/chromo3646/basic.xyz,0,,,,,,
1148,chromo0504,CC(C)c1cccc(C(C)C)c1N1C(=O)c2cccc3c(Oc4ccc(C(C)(C)C)cc4)ccc(c23)C1=O,3.4365,1.1471,3.4628,0.8547000000000002,/scratch/jaggbow/mol_xtb_coordinates/chromo0504/geom.xtbopt.xyz,/scratch/jaggbow/mol_xtb_coordinates/chromo0504/mmff.xyz,/scratch/jaggbow/mol_xtb_coordinates/chromo0504/basic.xyz,0,,,,,,
1149,chromo6589,c1ccc2c(c1)Cc1cc3c(cc1-2)Cc1ccccc1-3,3.9956,1.289,4.1914,0.8083999999999998,/scratch/jaggbow/mol_xtb_coordinates/chromo6589/geom.xtbopt.xyz,/scratch/jaggbow/mol_xtb_coordinates/chromo6589/mmff.xyz,/scratch/jaggbow/mol_xtb_coordinates/chromo6589/basic.xyz,0,,,,,,
1150,chromo0573,Oc1ccc2ccccc2c1-c1nc(-c2ccccc2)c2ccccn12,3.1396,0.9142,3.22,0.6227,/scratch/jaggbow/mol_xtb_coordinates/chromo0573/geom.xtbopt.xyz,/scratch/jaggbow/mol_xtb_coordinates/chromo0573/mmff.xyz,/scratch/jaggbow/mol_xtb_coordinates/chromo0573/basic.xyz,1,,,,,,
1151,chromo1809,CCN(CC)c1ccc2cc(C#N)c(=NC(C)=O)oc2c1,3.2967,1.1547,3.3209,1.0076999999999998,/scratch/jaggbow/mol_xtb_coordinates/chromo1809/geom.xtbopt.xyz,/scratch/jaggbow/mol_xtb_coordinates/chromo1809/mmff.xyz,/scratch/jaggbow/mol_xtb_coordinates/chromo1809/basic.xyz,1,,,,,,
1152,chromo6117,COc1cc(C(=O)c2c(C)c3ccc4cccc5c6cccc7ccc2c(c76)c3c45)cc(OC)c1OC,3.1981,1.1971000000000005,3.4444,0.6589,/scratch/jaggbow/mol_xtb_coordinates/chromo6117/geom.xtbopt.xyz,/scratch/jaggbow/mol_xtb_coordinates/chromo6117/mmff.xyz,/scratch/jaggbow/mol_xtb_coordinates/chromo6117/basic.xyz,0,,,,,,
1153,chromo0346,N#Cc1ccc2c(c1)CCc1nc(-c3ccc([N+](=O)[O-])cc3)c3c(c1-2)CCc1cc(C#N)ccc1-3,3.3779,0.8329999999999997,4.0072,0.5886,/scratch/jaggbow/mol_xtb_coordinates/chromo0346/geom.xtbopt.xyz,/scratch/jaggbow/mol_xtb_coordinates/chromo0346/mmff.xyz,/scratch/jaggbow/mol_xtb_coordinates/chromo0346/basic.xyz,0,,,,,,
1154,chromo1182,Cc1ccc(-n2c(-c3cccc4cc[nH]c34)nc3c4ccccc4c4ccccc4c32)cc1,3.5145,0.9516999999999998,3.7094,0.5967000000000002,/scratch/jaggbow/mol_xtb_coordinates/chromo1182/geom.xtbopt.xyz,/scratch/jaggbow/mol_xtb_coordinates/chromo1182/mmff.xyz,/scratch/jaggbow/mol_xtb_coordinates/chromo1182/basic.xyz,1,,,,,,
1155,chromo2848,C(=Cc1cnc2ccccc2n1)c1ccc(N2CCCCC2)cc1,2.8977,0.9857,3.3312,0.8959000000000001,/scratch/jaggbow/mol_xtb_coordinates/chromo2848/geom.xtbopt.xyz,/scratch/jaggbow/mol_xtb_coordinates/chromo2848/mmff.xyz,/scratch/jaggbow/mol_xtb_coordinates/chromo2848/basic.xyz,0,,,,,,
1156,chromo4112,CCCCCCc1ccc(-n2c3[n+](c4c5ccccc5c5ccccc5c42)[B-](C)(C)c2cc(-n4c5ccccc5c5ccccc54)ccc2-3)cc1,3.2565,0.5804,3.695,0.4137999999999997,/scratch/jaggbow/mol_xtb_coordinates/chromo4112/geom.xtbopt.xyz,/scratch/jaggbow/mol_xtb_coordinates/chromo4112/mmff.xyz,/scratch/jaggbow/mol_xtb_coordinates/chromo4112/basic.xyz,0,,,,,,
1157,chromo1083,CC1=c2c3c4cccc5cccc(c=3c(C)[n+]2[B-](F)(F)n2c(C)c3cc6c(-c7ccccc7)c7c(c(-c8ccccc8)c6cc3c21)-c1cccc2cccc-7c12)c54,2.0467,0.8639999999999999,2.4205,0.9695,/scratch/jaggbow/mol_xtb_coordinates/chromo1083/geom.xtbopt.xyz,/scratch/jaggbow/mol_xtb_coordinates/chromo1083/mmff.xyz,/scratch/jaggbow/mol_xtb_coordinates/chromo1083/basic.xyz,0,,,,,,
1158,chromo2882,CCCCn1c2ccccc2c2ccc3c4cc(-c5cccc(F)c5)ccc4n(CCCC)c3c21,3.5556,0.6614,3.522,0.4457,/scratch/jaggbow/mol_xtb_coordinates/chromo2882/geom.xtbopt.xyz,/scratch/jaggbow/mol_xtb_coordinates/chromo2882/mmff.xyz,/scratch/jaggbow/mol_xtb_coordinates/chromo2882/basic.xyz,0,,,,,,
1159,chromo6106,CC(C)[Si](C#Cc1ccc(C#C[Si](C(C)C)(C(C)C)C(C)C)c2nc3cc4c(cc3nc12)C1c2ccccc2C4c2ccccc21)(C(C)C)C(C)C,2.6672,1.0459999999999998,2.9537,0.7343000000000002,/scratch/jaggbow/mol_xtb_coordinates/chromo6106/geom.xtbopt.xyz,/scratch/jaggbow/mol_xtb_coordinates/chromo6106/mmff.xyz,/scratch/jaggbow/mol_xtb_coordinates/chromo6106/basic.xyz,0,,,,,,
1160,chromo2448,Cn1c(=O)cc(C(=O)c2ccccc2)c2sc(-c3ccc(N(c4ccccc4)c4ccccc4)cc3)cc21,2.4485,0.6736000000000002,2.9001,0.7135000000000002,/scratch/jaggbow/mol_xtb_coordinates/chromo2448/geom.xtbopt.xyz,/scratch/jaggbow/mol_xtb_coordinates/chromo2448/mmff.xyz,/scratch/jaggbow/mol_xtb_coordinates/chromo2448/basic.xyz,1,,,,,,
1161,chromo5505,F[B-]1(F)OC(c2ccccc2)=Cc2cc(Cl)nc[n+]21,3.6063,1.1183,3.5262,1.0364,/scratch/jaggbow/mol_xtb_coordinates/chromo5505/geom.xtbopt.xyz,/scratch/jaggbow/mol_xtb_coordinates/chromo5505/mmff.xyz,/scratch/jaggbow/mol_xtb_coordinates/chromo5505/basic.xyz,0,,,,,,
1162,chromo2000,CC1(C)c2ccccc2N(c2ccc3c(c2)S(=O)(=O)c2cc(N4c5ccccc5C(C)(C)c5ccccc54)ccc2C3(C)C)c2ccccc21,3.0072,0.0217,4.0483,0.6145,/scratch/jaggbow/mol_xtb_coordinates/chromo2000/geom.xtbopt.xyz,/scratch/jaggbow/mol_xtb_coordinates/chromo2000/mmff.xyz,/scratch/jaggbow/mol_xtb_coordinates/chromo2000/basic.xyz,0,,,,,,
1163,chromo2557,COc1cccc(C2=c3c(c4ccc(C(C)(C)C)cc4c4cc(C(C)(C)C)ccc34)=[N+]3C2=C(c2ccccc2)c2c(-c4cccc(OC)c4)c4c5ccc(C(C)(C)C)cc5c5cc(C(C)(C)C)ccc5c4n2[B-]3(F)F)c1,2.0782,0.8738999999999999,2.4838,0.9171,/scratch/jaggbow/mol_xtb_coordinates/chromo2557/geom.xtbopt.xyz,/scratch/jaggbow/mol_xtb_coordinates/chromo2557/mmff.xyz,/scratch/jaggbow/mol_xtb_coordinates/chromo2557/basic.xyz,0,,,,,,
1164,chromo6392,COc1c2ccccc2c(OC)c2c(C#CC(C)(C)C)c3cc4ccccc4cc3c(C#CC(C)(C)C)c12,1.6213,1.3778,2.094,1.0679999999999998,/scratch/jaggbow/mol_xtb_coordinates/chromo6392/geom.xtbopt.xyz,/scratch/jaggbow/mol_xtb_coordinates/chromo6392/mmff.xyz,/scratch/jaggbow/mol_xtb_coordinates/chromo6392/basic.xyz,0,,,,,,
1165,chromo5375,COc1ccc(N(c2ccccc2)c2ccc3ccc4c(N(c5ccccc5)c5ccc(OC)cc5)ccc5ccc2c3c54)cc1,2.6112,0.7661000000000002,2.748,0.5431000000000004,/scratch/jaggbow/mol_xtb_coordinates/chromo5375/geom.xtbopt.xyz,/scratch/jaggbow/mol_xtb_coordinates/chromo5375/mmff.xyz,/scratch/jaggbow/mol_xtb_coordinates/chromo5375/basic.xyz,1,,,,,,
1166,chromo1930,O=C1c2ccccc2C(=O)C1C1C(=O)c2c3ccccc3cc3cc4ccccc4c1c23,2.2487,1.2677999999999998,2.4624,1.0378,/scratch/jaggbow/mol_xtb_coordinates/chromo1930/geom.xtbopt.xyz,/scratch/jaggbow/mol_xtb_coordinates/chromo1930/mmff.xyz,/scratch/jaggbow/mol_xtb_coordinates/chromo1930/basic.xyz,0,,,,,,
1167,chromo6438,COc1cc2c(cc1OC)C1=CC(c3ccc(Cl)cc3)C3(C(C#N)=C(C#N)N1CC2)c1ccccc1-c1ccccc13,3.2703,0.9053,3.5397,1.0490999999999997,/scratch/jaggbow/mol_xtb_coordinates/chromo6438/geom.xtbopt.xyz,/scratch/jaggbow/mol_xtb_coordinates/chromo6438/mmff.xyz,/scratch/jaggbow/mol_xtb_coordinates/chromo6438/basic.xyz,0,,,,,,
1168,chromo2007,CC1(C)c2ccccc2-c2cc3c4ccccc4n(-c4ccc(-c5nc(-c6ccccc6)nc(-c6ccccc6)n5)cc4)c3cc21,2.8082,0.2329999999999996,3.7624,0.3668999999999998,/scratch/jaggbow/mol_xtb_coordinates/chromo2007/geom.xtbopt.xyz,/scratch/jaggbow/mol_xtb_coordinates/chromo2007/mmff.xyz,/scratch/jaggbow/mol_xtb_coordinates/chromo2007/basic.xyz,0,,,,,,
1169,chromo1786,CCCCC(CC)COc1ccc2nc(-c3ccc(-c4cccs4)s3)sc2c1,3.0999,1.1813999999999998,3.3693,0.9674999999999998,/scratch/jaggbow/mol_xtb_coordinates/chromo1786/geom.xtbopt.xyz,/scratch/jaggbow/mol_xtb_coordinates/chromo1786/mmff.xyz,/scratch/jaggbow/mol_xtb_coordinates/chromo1786/basic.xyz,1,,,,,,
1170,chromo6517,COc1cccc(-c2[nH]c(=O)n3c2-c2ccccc2C3=O)c1O,3.1662,1.2030999999999998,3.088,0.9595000000000002,/scratch/jaggbow/mol_xtb_coordinates/chromo6517/geom.xtbopt.xyz,/scratch/jaggbow/mol_xtb_coordinates/chromo6517/mmff.xyz,/scratch/jaggbow/mol_xtb_coordinates/chromo6517/basic.xyz,0,,,,,,
1171,chromo2451,COc1ccc(C#Cc2ccc(C#Cc3ccc(P(=O)(c4ccccc4)c4ccccc4)cc3)cc2)cc1,3.2168,1.0208,4.1113,0.7298999999999998,/scratch/jaggbow/mol_xtb_coordinates/chromo2451/geom.xtbopt.xyz,/scratch/jaggbow/mol_xtb_coordinates/chromo2451/mmff.xyz,/scratch/jaggbow/mol_xtb_coordinates/chromo2451/basic.xyz,1,,,,,,
1172,chromo2505,c1ccc(N(c2ccccc2)c2ccc(-c3nc(-c4ccc(N(c5ccccc5)c5ccccc5)cc4)c4ccccc4n3)cc2)cc1,2.7538,0.4620000000000002,3.5084,0.5404,/scratch/jaggbow/mol_xtb_coordinates/chromo2505/geom.xtbopt.xyz,/scratch/jaggbow/mol_xtb_coordinates/chromo2505/mmff.xyz,/scratch/jaggbow/mol_xtb_coordinates/chromo2505/basic.xyz,0,,,,,,
1173,chromo6756,O=c1c2cccc3cccc(c32)c2nc3c4ccccc4c4ccccc4c3n12,2.3959,0.6316000000000002,2.7809,0.5503999999999998,/scratch/jaggbow/mol_xtb_coordinates/chromo6756/geom.xtbopt.xyz,/scratch/jaggbow/mol_xtb_coordinates/chromo6756/mmff.xyz,/scratch/jaggbow/mol_xtb_coordinates/chromo6756/basic.xyz,0,,,,,,
1174,chromo5650,CCN(CC)c1ccc2c(c1)oc(=O)c1c(C)nc3c(c(C)nn3-c3ccccc3)c12,3.3652,0.8376000000000001,3.5078,0.7204999999999999,/scratch/jaggbow/mol_xtb_coordinates/chromo5650/geom.xtbopt.xyz,/scratch/jaggbow/mol_xtb_coordinates/chromo5650/mmff.xyz,/scratch/jaggbow/mol_xtb_coordinates/chromo5650/basic.xyz,0,,,,,,
1175,chromo6456,CCCCCCc1cc2c(=O)c3cc(CCCCCC)cc4c(=O)c5cc(CCCCCC)cc6c(=O)c(c1)c2n(c34)c65,3.1719,0.6295999999999999,3.3643,0.6432000000000002,/scratch/jaggbow/mol_xtb_coordinates/chromo6456/geom.xtbopt.xyz,/scratch/jaggbow/mol_xtb_coordinates/chromo6456/mmff.xyz,/scratch/jaggbow/mol_xtb_coordinates/chromo6456/basic.xyz,0,,,,,,
1176,chromo2175,O=C1c2cc(-n3c4ccccc4c4ccccc43)ccc2S(=O)(=O)c2ccc(-n3c4ccccc4c4ccccc43)cc21,2.303,0.1398000000000001,3.4812,0.2205999999999996,/scratch/jaggbow/mol_xtb_coordinates/chromo2175/geom.xtbopt.xyz,/scratch/jaggbow/mol_xtb_coordinates/chromo2175/mmff.xyz,/scratch/jaggbow/mol_xtb_coordinates/chromo2175/basic.xyz,0,,,,,,
1177,chromo2290,c1ccc(C2CCN3COc4c5ccccc5c5c6c7c(c2c3c46)C(c2ccccc2)CCN7CO5)cc1,2.6556,1.0474,2.6459,0.8039000000000001,/scratch/jaggbow/mol_xtb_coordinates/chromo2290/geom.xtbopt.xyz,/scratch/jaggbow/mol_xtb_coordinates/chromo2290/mmff.xyz,/scratch/jaggbow/mol_xtb_coordinates/chromo2290/basic.xyz,0,,,,,,
1178,chromo5920,CN(C)c1ccc(-c2cc(-c3ccccc3)nn2C)cc1,4.4047,1.2729,4.0485,0.5549999999999997,/scratch/jaggbow/mol_xtb_coordinates/chromo5920/geom.xtbopt.xyz,/scratch/jaggbow/mol_xtb_coordinates/chromo5920/mmff.xyz,/scratch/jaggbow/mol_xtb_coordinates/chromo5920/basic.xyz,1,,,,,,
1179,chromo0698,C[Si](C)(C)c1ccc2ccc3cccc4ccc1c2c34,3.6103,1.5343,3.737,0.9817,/scratch/jaggbow/mol_xtb_coordinates/chromo0698/geom.xtbopt.xyz,/scratch/jaggbow/mol_xtb_coordinates/chromo0698/mmff.xyz,/scratch/jaggbow/mol_xtb_coordinates/chromo0698/basic.xyz,1,,,,,,
1180,chromo3815,CCCCC(CC)Cn1c2cc(C#N)ccc2c2ccc(C#Cc3ccc4ccc5c(C#Cc6ccc7c8ccc(C#N)cc8n(CC(CC)CCCC)c7c6)ccc6ccc3c4c65)cc21,2.5177,0.9102,3.3682,0.8577999999999997,/scratch/jaggbow/mol_xtb_coordinates/chromo3815/geom.xtbopt.xyz,/scratch/jaggbow/mol_xtb_coordinates/chromo3815/mmff.xyz,/scratch/jaggbow/mol_xtb_coordinates/chromo3815/basic.xyz,1,,,,,,
1181,chromo2436,COC(=O)c1cc(=O)n(C)c2cc(-c3ccc4c(c3)OCO4)sc12,3.003,1.12,3.0428,0.979,/scratch/jaggbow/mol_xtb_coordinates/chromo2436/geom.xtbopt.xyz,/scratch/jaggbow/mol_xtb_coordinates/chromo2436/mmff.xyz,/scratch/jaggbow/mol_xtb_coordinates/chromo2436/basic.xyz,1,,,,,,
1182,chromo6079,CCNc1cc2oc(=O)c3c(=O)oc4ccccc4c3c2cc1C,3.1916,0.9260000000000002,3.3471,0.8431000000000002,/scratch/jaggbow/mol_xtb_coordinates/chromo6079/geom.xtbopt.xyz,/scratch/jaggbow/mol_xtb_coordinates/chromo6079/mmff.xyz,/scratch/jaggbow/mol_xtb_coordinates/chromo6079/basic.xyz,0,,,,,,
1183,chromo6458,CC(C)[Si](C#Cc1cc2c(=S)c3cc(C#C[Si](C(C)C)(C(C)C)C(C)C)cc4c(=S)c5cc(C#C[Si](C(C)C)(C(C)C)C(C)C)cc6c(=S)c(c1)c2n(c34)c65)(C(C)C)C(C)C,1.8007,0.3211999999999999,2.0685,0.1214999999999997,/scratch/jaggbow/mol_xtb_coordinates/chromo6458/geom.xtbopt.xyz,/scratch/jaggbow/mol_xtb_coordinates/chromo6458/mmff.xyz,/scratch/jaggbow/mol_xtb_coordinates/chromo6458/basic.xyz,0,,,,,,
1184,chromo0198,CCCCN1C(=Cc2c(-c3ccc(N(C)C)cc3)c(=O)c2=O)C=Cc2ccccc21,2.4404,0.9502,2.7329,1.0669,/scratch/jaggbow/mol_xtb_coordinates/chromo0198/geom.xtbopt.xyz,/scratch/jaggbow/mol_xtb_coordinates/chromo0198/mmff.xyz,/scratch/jaggbow/mol_xtb_coordinates/chromo0198/basic.xyz,0,,,,,,
1185,chromo0995,CC1=C(C#Cc2ccc([Si](c3ccccc3)(c3ccccc3)c3ccccc3)cc2)C(C)=[N+]2C1=C(c1ccccc1)c1c(C)c(C#Cc3ccc([Si](c4ccccc4)(c4ccccc4)c4ccccc4)cc3)c(C)n1[B-]2(F)F,2.2825,0.8411000000000002,2.5983,1.0702,/scratch/jaggbow/mol_xtb_coordinates/chromo0995/geom.xtbopt.xyz,/scratch/jaggbow/mol_xtb_coordinates/chromo0995/mmff.xyz,/scratch/jaggbow/mol_xtb_coordinates/chromo0995/basic.xyz,1,,,,,,
1186,chromo6394,COc1c2ccccc2c(OC)c2c(C#Cc3ccccc3)c3cc4ccccc4cc3c(C#Cc3ccccc3)c12,1.5079,1.3266,2.104,1.0379,/scratch/jaggbow/mol_xtb_coordinates/chromo6394/geom.xtbopt.xyz,/scratch/jaggbow/mol_xtb_coordinates/chromo6394/mmff.xyz,/scratch/jaggbow/mol_xtb_coordinates/chromo6394/basic.xyz,0,,,,,,
1187,chromo0199,CN(C)c1ccc(-c2c(C=C3C=Cc4ccccc4N3Cc3ccccc3)c(=O)c2=O)cc1,2.4502,0.953,2.6925,1.0457,/scratch/jaggbow/mol_xtb_coordinates/chromo0199/geom.xtbopt.xyz,/scratch/jaggbow/mol_xtb_coordinates/chromo0199/mmff.xyz,/scratch/jaggbow/mol_xtb_coordinates/chromo0199/basic.xyz,0,,,,,,
1188,chromo3856,C(=Cc1ccnc2ccccc12)c1ccc(C=Cc2ccnc3ccccc23)cc1,3.0296,1.1481,3.5108,0.7720000000000002,/scratch/jaggbow/mol_xtb_coordinates/chromo3856/geom.xtbopt.xyz,/scratch/jaggbow/mol_xtb_coordinates/chromo3856/mmff.xyz,/scratch/jaggbow/mol_xtb_coordinates/chromo3856/basic.xyz,0,,,,,,
1189,chromo1712,O=c1cc(-c2ccccc2)oc(-c2ccc(-c3nc4ccccn4c3NC3CCCCC3)cc2)c1,3.4372,0.8074999999999997,3.1199,0.6223999999999998,/scratch/jaggbow/mol_xtb_coordinates/chromo1712/geom.xtbopt.xyz,/scratch/jaggbow/mol_xtb_coordinates/chromo1712/mmff.xyz,/scratch/jaggbow/mol_xtb_coordinates/chromo1712/basic.xyz,0,,,,,,
1190,chromo5266,CC1=CC(C)=[N+]2C1=C(c1c3ccccc3c(C)c3ccccc13)c1c(C)cc(C)n1[B-]2(F)F,2.3999,0.8928,2.8989,1.4253999999999998,/scratch/jaggbow/mol_xtb_coordinates/chromo5266/geom.xtbopt.xyz,/scratch/jaggbow/mol_xtb_coordinates/chromo5266/mmff.xyz,/scratch/jaggbow/mol_xtb_coordinates/chromo5266/basic.xyz,1,,,,,,
1191,chromo0270,CCCCn1c(-c2ccc(-c3nnc(-c4ccccc4)o3)cc2)nc2c3ccccc3c3ccccc3c21,3.1263,0.6276999999999999,3.8015,0.395,/scratch/jaggbow/mol_xtb_coordinates/chromo0270/geom.xtbopt.xyz,/scratch/jaggbow/mol_xtb_coordinates/chromo0270/mmff.xyz,/scratch/jaggbow/mol_xtb_coordinates/chromo0270/basic.xyz,1,,,,,,
1192,chromo2044,O=P(c1ccccc1)(c1ccccc1)c1ccc(-n2c(-c3cccc(P(=O)(c4ccccc4)c4ccccc4)c3)nc3ccccc32)cc1,3.9726,0.9318,4.2524,0.5220999999999996,/scratch/jaggbow/mol_xtb_coordinates/chromo2044/geom.xtbopt.xyz,/scratch/jaggbow/mol_xtb_coordinates/chromo2044/mmff.xyz,/scratch/jaggbow/mol_xtb_coordinates/chromo2044/basic.xyz,0,,,,,,
1193,chromo6223,CCCCN(CCCC)c1ccc(C#Cc2cc(C#Cc3ccc(N(CCCC)CCCC)cc3)c(C#Cc3c(F)c(F)c(F)c(F)c3F)cc2C#Cc2c(F)c(F)c(F)c(F)c2F)cc1,2.5053,0.6868000000000001,3.398,0.5842,/scratch/jaggbow/mol_xtb_coordinates/chromo6223/geom.xtbopt.xyz,/scratch/jaggbow/mol_xtb_coordinates/chromo6223/mmff.xyz,/scratch/jaggbow/mol_xtb_coordinates/chromo6223/basic.xyz,1,,,,,,
1194,chromo1102,CCOC(=O)COc1ccc(C=CC2=[N+]3C(=Cc4c5ccccc5c(-c5[nH]c(C)cc5C)n4[B-]3(F)F)C(C)=C2)cc1,2.0632,1.0866000000000002,2.373,1.1329000000000002,/scratch/jaggbow/mol_xtb_coordinates/chromo1102/geom.xtbopt.xyz,/scratch/jaggbow/mol_xtb_coordinates/chromo1102/mmff.xyz,/scratch/jaggbow/mol_xtb_coordinates/chromo1102/basic.xyz,0,,,,,,
1195,chromo2111,FC(F)(F)c1ccc(-c2nnc(-c3cc(-n4c5ccccc5c5ccccc54)c(-n4c5ccccc5c5ccccc54)cc3-c3nnc(-c4ccc(C(F)(F)F)cc4)o3)o2)cc1,2.7055,0.2829999999999999,3.6799,0.3548999999999997,/scratch/jaggbow/mol_xtb_coordinates/chromo2111/geom.xtbopt.xyz,/scratch/jaggbow/mol_xtb_coordinates/chromo2111/mmff.xyz,/scratch/jaggbow/mol_xtb_coordinates/chromo2111/basic.xyz,1,,,,,,
1196,chromo2297,Clc1cc(Cl)c(B2c3ccccc3Nc3ccccc32)c(Cl)c1,3.5397,0.8194999999999997,3.5094,0.7465999999999999,/scratch/jaggbow/mol_xtb_coordinates/chromo2297/geom.xtbopt.xyz,/scratch/jaggbow/mol_xtb_coordinates/chromo2297/mmff.xyz,/scratch/jaggbow/mol_xtb_coordinates/chromo2297/basic.xyz,0,,,,,,
1197,chromo3906,COc1ccc2cc(C3=[N+]4C(=Nc5c(-c6ccccc6)cc(-c6ccc7cc(OC)ccc7c6)n5[B-]4(F)F)C(c4ccccc4)=C3Br)ccc2c1,1.9011,1.0224,2.3752,1.1686,/scratch/jaggbow/mol_xtb_coordinates/chromo3906/geom.xtbopt.xyz,/scratch/jaggbow/mol_xtb_coordinates/chromo3906/mmff.xyz,/scratch/jaggbow/mol_xtb_coordinates/chromo3906/basic.xyz,0,,,,,,
1198,chromo4707,Oc1ccc(-c2ccco2)cc1-c1nc2ccccc2s1,3.1076,0.6406000000000001,3.6661,0.6085000000000003,/scratch/jaggbow/mol_xtb_coordinates/chromo4707/geom.xtbopt.xyz,/scratch/jaggbow/mol_xtb_coordinates/chromo4707/mmff.xyz,/scratch/jaggbow/mol_xtb_coordinates/chromo4707/basic.xyz,1,,,,,,
1199,chromo6568,COC(=O)C1=C(C(=O)OC)C2=CC3c4ccccc4C2([Se]1)c1ccccc13,2.9983,1.2498,2.933,1.0098999999999998,/scratch/jaggbow/mol_xtb_coordinates/chromo6568/geom.xtbopt.xyz,/scratch/jaggbow/mol_xtb_coordinates/chromo6568/mmff.xyz,/scratch/jaggbow/mol_xtb_coordinates/chromo6568/basic.xyz,0,,,,,,
1200,chromo0841,O=P1(c2ccccc2)C2=C(c3ccccc31)S(=O)(=O)c1ccccc12,3.1607,1.1674999999999998,3.7407,0.9234,/scratch/jaggbow/mol_xtb_coordinates/chromo0841/geom.xtbopt.xyz,/scratch/jaggbow/mol_xtb_coordinates/chromo0841/mmff.xyz,/scratch/jaggbow/mol_xtb_coordinates/chromo0841/basic.xyz,0,,,,,,
1201,chromo2354,CC(=O)Nc1cccc2c1C#Cc1c(cccc1C(=O)N(C)C)OCCCO2,3.5418,0.9985999999999996,3.9239,0.6087000000000002,/scratch/jaggbow/mol_xtb_coordinates/chromo2354/geom.xtbopt.xyz,/scratch/jaggbow/mol_xtb_coordinates/chromo2354/mmff.xyz,/scratch/jaggbow/mol_xtb_coordinates/chromo2354/basic.xyz,0,,,,,,
1202,chromo2398,CCN(CC)c1ccc(C=NC(C#N)=C(C#N)N=Cc2ccc(N(CC)CC)cc2O)c(O)c1,2.4349,1.0298999999999998,2.6706,0.8474999999999999,/scratch/jaggbow/mol_xtb_coordinates/chromo2398/geom.xtbopt.xyz,/scratch/jaggbow/mol_xtb_coordinates/chromo2398/mmff.xyz,/scratch/jaggbow/mol_xtb_coordinates/chromo2398/basic.xyz,1,,,,,,
1203,chromo5491,O=c1c2ccc(N3CCCCC3)cc2oc2cc(N3CCCCC3)ccc12,3.7285,0.7292000000000001,3.7283,0.6322999999999999,/scratch/jaggbow/mol_xtb_coordinates/chromo5491/geom.xtbopt.xyz,/scratch/jaggbow/mol_xtb_coordinates/chromo5491/mmff.xyz,/scratch/jaggbow/mol_xtb_coordinates/chromo5491/basic.xyz,0,,,,,,
1204,chromo5602,CCCCN1C(=O)C2=C(c3ccc(Br)cc3)NC(=O)C2=C1c1ccc(Br)cc1,2.5794,1.4025,2.6065,1.2174,/scratch/jaggbow/mol_xtb_coordinates/chromo5602/geom.xtbopt.xyz,/scratch/jaggbow/mol_xtb_coordinates/chromo5602/mmff.xyz,/scratch/jaggbow/mol_xtb_coordinates/chromo5602/basic.xyz,0,,,,,,
1205,chromo4981,Cc1cc(C)c(B(c2c(C)cc(C)cc2C)c2c(C)cccc2-n2c3ccc(C(C)(C)C)cc3c3cc(C(C)(C)C)ccc32)c(C)c1,2.7656,0.0481000000000002,3.3784,0.0601000000000002,/scratch/jaggbow/mol_xtb_coordinates/chromo4981/geom.xtbopt.xyz,/scratch/jaggbow/mol_xtb_coordinates/chromo4981/mmff.xyz,/scratch/jaggbow/mol_xtb_coordinates/chromo4981/basic.xyz,1,,,,,,
1206,chromo6107,CC(C)[Si](C#Cc1ccc(C#C[Si](C(C)C)(C(C)C)C(C)C)c2nc3ccccc3nc12)(C(C)C)C(C)C,2.5946,1.0502999999999998,2.8812,0.7252000000000001,/scratch/jaggbow/mol_xtb_coordinates/chromo6107/geom.xtbopt.xyz,/scratch/jaggbow/mol_xtb_coordinates/chromo6107/mmff.xyz,/scratch/jaggbow/mol_xtb_coordinates/chromo6107/basic.xyz,0,,,,,,
1207,chromo0566,c1ccc(-c2nc(-c3ccccc3)n3ccccc23)cc1,3.2323,0.987,3.3047,0.6496,/scratch/jaggbow/mol_xtb_coordinates/chromo0566/geom.xtbopt.xyz,/scratch/jaggbow/mol_xtb_coordinates/chromo0566/mmff.xyz,/scratch/jaggbow/mol_xtb_coordinates/chromo0566/basic.xyz,0,,,,,,
1208,chromo3374,COc1cc(OC)cc(C2=CC(c3ccccc3)=C(c3ccccc3)C2)c1,3.2749,1.4041,3.2308,1.0067999999999997,/scratch/jaggbow/mol_xtb_coordinates/chromo3374/geom.xtbopt.xyz,/scratch/jaggbow/mol_xtb_coordinates/chromo3374/mmff.xyz,/scratch/jaggbow/mol_xtb_coordinates/chromo3374/basic.xyz,1,,,,,,
1209,chromo0643,N#Cc1cc(-n2c3ccccc3c3ccccc32)c(-n2c3ccccc3c3ccccc32)cc1C#N,2.8482,0.3422,3.4392,0.3233000000000001,/scratch/jaggbow/mol_xtb_coordinates/chromo0643/geom.xtbopt.xyz,/scratch/jaggbow/mol_xtb_coordinates/chromo0643/mmff.xyz,/scratch/jaggbow/mol_xtb_coordinates/chromo0643/basic.xyz,1,,,,,,
1210,chromo2506,CN(C)c1ccc(C#Cc2ncnc3ccccc23)cc1,3.106,0.8976999999999999,3.7147,0.3490999999999999,/scratch/jaggbow/mol_xtb_coordinates/chromo2506/geom.xtbopt.xyz,/scratch/jaggbow/mol_xtb_coordinates/chromo2506/mmff.xyz,/scratch/jaggbow/mol_xtb_coordinates/chromo2506/basic.xyz,0,,,,,,
1211,chromo4518,CCN1c2ccc(-c3cc(-c4ccccc4)[nH]n3)cc2Sc2cc(-c3cc(-c4ccccc4)[nH]n3)ccc21,3.4732,0.6804999999999999,3.0274,0.3755999999999999,/scratch/jaggbow/mol_xtb_coordinates/chromo4518/geom.xtbopt.xyz,/scratch/jaggbow/mol_xtb_coordinates/chromo4518/mmff.xyz,/scratch/jaggbow/mol_xtb_coordinates/chromo4518/basic.xyz,0,,,,,,
1212,chromo0278,COc1c2ccccc2c(OC)c2c1c1ccc(C)cc1n2C,3.2722,1.0452000000000004,3.2041,0.6917,/scratch/jaggbow/mol_xtb_coordinates/chromo0278/geom.xtbopt.xyz,/scratch/jaggbow/mol_xtb_coordinates/chromo0278/mmff.xyz,/scratch/jaggbow/mol_xtb_coordinates/chromo0278/basic.xyz,0,,,,,,
1213,chromo1535,COc1ccc(C(=O)NN2C3=C(CC4=C2CCCC4=O)C(=O)CCC3)cc1,3.4881,1.0358,2.9714,0.8117000000000001,/scratch/jaggbow/mol_xtb_coordinates/chromo1535/geom.xtbopt.xyz,/scratch/jaggbow/mol_xtb_coordinates/chromo1535/mmff.xyz,/scratch/jaggbow/mol_xtb_coordinates/chromo1535/basic.xyz,0,,,,,,
1214,chromo4769,c1ccc(C2=C3C4=C(C5=[N+]3[B-]3(Oc6ccccc65)Oc5ccccc5-c5c6c(c2n53)C2CCC6CC2)C2CCC4CC2)cc1,2.2731,0.9352999999999998,2.2587,0.9028,/scratch/jaggbow/mol_xtb_coordinates/chromo4769/geom.xtbopt.xyz,/scratch/jaggbow/mol_xtb_coordinates/chromo4769/mmff.xyz,/scratch/jaggbow/mol_xtb_coordinates/chromo4769/basic.xyz,0,,,,,,
1215,chromo5446,N#Cc1cc(-c2ccc(C=Cc3ccc(N(c4ccccc4)c4ccccc4)cc3)c(C#N)c2)ccc1C=Cc1ccc(N(c2ccccc2)c2ccccc2)cc1,2.4569,0.6603000000000001,3.1435,0.5613999999999999,/scratch/jaggbow/mol_xtb_coordinates/chromo5446/geom.xtbopt.xyz,/scratch/jaggbow/mol_xtb_coordinates/chromo5446/mmff.xyz,/scratch/jaggbow/mol_xtb_coordinates/chromo5446/basic.xyz,1,,,,,,
1216,chromo6778,CCCCCCCC(CCCCCCC)N1C(=O)c2c(C#N)cc3c4cc(C#N)c5c6c(c(C#N)cc(c7cc(C#N)c(c2c37)C1=O)c64)C(=O)N(C(CCCCCCC)CCCCCCC)C5=O,2.3964,1.1324999999999998,2.8295,0.9557,/scratch/jaggbow/mol_xtb_coordinates/chromo6778/geom.xtbopt.xyz,/scratch/jaggbow/mol_xtb_coordinates/chromo6778/mmff.xyz,/scratch/jaggbow/mol_xtb_coordinates/chromo6778/basic.xyz,0,,,,,,
1217,chromo1947,COC(=O)c1c2ccccc2nc2ccccc12,3.1367,1.3369999999999995,3.4472,0.987,/scratch/jaggbow/mol_xtb_coordinates/chromo1947/geom.xtbopt.xyz,/scratch/jaggbow/mol_xtb_coordinates/chromo1947/mmff.xyz,/scratch/jaggbow/mol_xtb_coordinates/chromo1947/basic.xyz,0,,,,,,
1218,chromo0697,CC(C)(C)c1ccc2ccc3cccc4ccc1c2c34,3.63,1.5532,3.7213,0.98,/scratch/jaggbow/mol_xtb_coordinates/chromo0697/geom.xtbopt.xyz,/scratch/jaggbow/mol_xtb_coordinates/chromo0697/mmff.xyz,/scratch/jaggbow/mol_xtb_coordinates/chromo0697/basic.xyz,1,,,,,,
1219,chromo2853,CN(C)c1ccc(-c2ccc(C=Cc3ccncn3)cc2)cc1,2.9406,0.8268999999999997,3.6126,0.7629000000000001,/scratch/jaggbow/mol_xtb_coordinates/chromo2853/geom.xtbopt.xyz,/scratch/jaggbow/mol_xtb_coordinates/chromo2853/mmff.xyz,/scratch/jaggbow/mol_xtb_coordinates/chromo2853/basic.xyz,1,,,,,,
1220,chromo3909,COc1ccc2cc(C3=[N+]4C(=Nc5c(-c6ccc7ccccc7c6)cc(-c6ccc7cc(OC)ccc7c6)n5[B-]4(F)F)C(c4ccc5ccccc5c4)=C3)ccc2c1,1.8485,1.0104000000000002,2.3253,1.104,/scratch/jaggbow/mol_xtb_coordinates/chromo3909/geom.xtbopt.xyz,/scratch/jaggbow/mol_xtb_coordinates/chromo3909/mmff.xyz,/scratch/jaggbow/mol_xtb_coordinates/chromo3909/basic.xyz,0,,,,,,
1221,chromo2296,ClB1c2ccccc2Nc2ccccc21,3.5605,0.8044000000000002,3.5802,0.7883,/scratch/jaggbow/mol_xtb_coordinates/chromo2296/geom.xtbopt.xyz,/scratch/jaggbow/mol_xtb_coordinates/chromo2296/mmff.xyz,/scratch/jaggbow/mol_xtb_coordinates/chromo2296/basic.xyz,0,,,,,,
1222,chromo3844,Oc1cc2c(cc1-c1nc3c4ccccc4c4ccccc4c3[nH]1)c1ccccc1n2-c1ccccc1,3.4782,0.8134000000000001,3.6715,0.4761000000000002,/scratch/jaggbow/mol_xtb_coordinates/chromo3844/geom.xtbopt.xyz,/scratch/jaggbow/mol_xtb_coordinates/chromo3844/mmff.xyz,/scratch/jaggbow/mol_xtb_coordinates/chromo3844/basic.xyz,0,,,,,,
1223,chromo5345,CC(C)(C)NC(=O)c1cccc2ccc3c4cc(F)ccc4c4ccc(F)cc4c3c12,3.4647,1.146,3.6035,0.6166999999999998,/scratch/jaggbow/mol_xtb_coordinates/chromo5345/geom.xtbopt.xyz,/scratch/jaggbow/mol_xtb_coordinates/chromo5345/mmff.xyz,/scratch/jaggbow/mol_xtb_coordinates/chromo5345/basic.xyz,0,,,,,,
1224,chromo5346,CC(C)(C)NC(=O)c1cccc2ccc3c4cc(Cl)ccc4c4ccc(Cl)cc4c3c12,3.474,1.1631,3.602,0.6130999999999998,/scratch/jaggbow/mol_xtb_coordinates/chromo5346/geom.xtbopt.xyz,/scratch/jaggbow/mol_xtb_coordinates/chromo5346/mmff.xyz,/scratch/jaggbow/mol_xtb_coordinates/chromo5346/basic.xyz,0,,,,,,
1225,chromo5459,CC1=C(C)c2cccc3c2c(cc2nc4ccccc4nc23)O1,2.6044,0.7470000000000001,2.8474,0.7071000000000001,/scratch/jaggbow/mol_xtb_coordinates/chromo5459/geom.xtbopt.xyz,/scratch/jaggbow/mol_xtb_coordinates/chromo5459/mmff.xyz,/scratch/jaggbow/mol_xtb_coordinates/chromo5459/basic.xyz,0,,,,,,
1226,chromo5731,O=C1c2ccccc2C2=Cc3ccc4ccccc4[n+]3[B-](F)(F)N12,3.0351,1.0472,2.9598,0.9676,/scratch/jaggbow/mol_xtb_coordinates/chromo5731/geom.xtbopt.xyz,/scratch/jaggbow/mol_xtb_coordinates/chromo5731/mmff.xyz,/scratch/jaggbow/mol_xtb_coordinates/chromo5731/basic.xyz,0,,,,,,
1227,chromo3243,Cc1ccc2c(CC(=O)NN)coc2c1,4.979,1.6848,4.6322,0.7126000000000001,/scratch/jaggbow/mol_xtb_coordinates/chromo3243/geom.xtbopt.xyz,/scratch/jaggbow/mol_xtb_coordinates/chromo3243/mmff.xyz,/scratch/jaggbow/mol_xtb_coordinates/chromo3243/basic.xyz,0,,,,,,
1228,chromo3554,C(#Cc1cccc2ccccc12)c1ncc(-c2ccccc2)o1,3.2632,1.1868,3.7062,0.8839000000000001,/scratch/jaggbow/mol_xtb_coordinates/chromo3554/geom.xtbopt.xyz,/scratch/jaggbow/mol_xtb_coordinates/chromo3554/mmff.xyz,/scratch/jaggbow/mol_xtb_coordinates/chromo3554/basic.xyz,1,,,,,,
1229,chromo0281,COc1ccc2c3c(OC)c4ccccc4c(OC)c3n(C)c2c1,3.3362,1.0884999999999998,3.2387,0.6746000000000003,/scratch/jaggbow/mol_xtb_coordinates/chromo0281/geom.xtbopt.xyz,/scratch/jaggbow/mol_xtb_coordinates/chromo0281/mmff.xyz,/scratch/jaggbow/mol_xtb_coordinates/chromo0281/basic.xyz,0,,,,,,
1230,chromo2264,c1ccc2c(c1)c1ccccc1n2-c1ccc(-c2ccc(-n3c4ccccc4c4ccccc43)nc2-n2c3ccccc3c3ccccc32)nn1,3.1688,0.4733,3.5658,0.2973999999999996,/scratch/jaggbow/mol_xtb_coordinates/chromo2264/geom.xtbopt.xyz,/scratch/jaggbow/mol_xtb_coordinates/chromo2264/mmff.xyz,/scratch/jaggbow/mol_xtb_coordinates/chromo2264/basic.xyz,1,,,,,,
1231,chromo2996,N#Cc1cnc(-c2c3ccccc3c(-c3ncc(C#N)cn3)c3ccccc23)nc1,2.5676,0.9419000000000002,3.362,1.0807000000000002,/scratch/jaggbow/mol_xtb_coordinates/chromo2996/geom.xtbopt.xyz,/scratch/jaggbow/mol_xtb_coordinates/chromo2996/mmff.xyz,/scratch/jaggbow/mol_xtb_coordinates/chromo2996/basic.xyz,1,,,,,,
1232,chromo3328,Cc1cc(O)c(C(C)C)cc1N=Cc1ccc([N+](=O)[O-])cc1,2.7162,0.6975000000000002,3.0167,0.5430000000000001,/scratch/jaggbow/mol_xtb_coordinates/chromo3328/geom.xtbopt.xyz,/scratch/jaggbow/mol_xtb_coordinates/chromo3328/mmff.xyz,/scratch/jaggbow/mol_xtb_coordinates/chromo3328/basic.xyz,1,,,,,,
1233,chromo6266,COc1ccc(C#Cc2c3ccccc3c(C#Cc3ccc(OC)cc3)c3cc4ccccc4cc23)cc1,1.9794,1.1761,2.522,1.0601999999999998,/scratch/jaggbow/mol_xtb_coordinates/chromo6266/geom.xtbopt.xyz,/scratch/jaggbow/mol_xtb_coordinates/chromo6266/mmff.xyz,/scratch/jaggbow/mol_xtb_coordinates/chromo6266/basic.xyz,0,,,,,,
1234,chromo2530,Cc1cc(C)c(C2=C3C=C(C=CC(=O)OC(C)(C)C)C=[N+]3[B-](F)(F)n3c2ccc3N2CCCC2)c(C)c1,2.7405,1.3107,2.7508,1.3803999999999998,/scratch/jaggbow/mol_xtb_coordinates/chromo2530/geom.xtbopt.xyz,/scratch/jaggbow/mol_xtb_coordinates/chromo2530/mmff.xyz,/scratch/jaggbow/mol_xtb_coordinates/chromo2530/basic.xyz,1,,,,,,
1235,chromo4834,CC1(C)c2ccccc2N(c2ccc(-c3nc(-c4ccccn4)n(-c4ccc(N5c6ccccc6C(C)(C)c6ccccc65)cc4)n3)cc2)c2ccccc21,2.9776,0.0048999999999996,3.8637,0.4780000000000002,/scratch/jaggbow/mol_xtb_coordinates/chromo4834/geom.xtbopt.xyz,/scratch/jaggbow/mol_xtb_coordinates/chromo4834/mmff.xyz,/scratch/jaggbow/mol_xtb_coordinates/chromo4834/basic.xyz,0,,,,,,
1236,chromo5109,[O-]c1c(-c2ccccc2)cc(-[n+]2c(-c3ccccc3)cc(-c3ccccc3)cc2-c2ccccc2)cc1-c1ccccc1,1.4926,1.0229,2.0416,1.1809999999999998,/scratch/jaggbow/mol_xtb_coordinates/chromo5109/geom.xtbopt.xyz,/scratch/jaggbow/mol_xtb_coordinates/chromo5109/mmff.xyz,/scratch/jaggbow/mol_xtb_coordinates/chromo5109/basic.xyz,1,,,,,,
1237,chromo3467,CCOC(=O)c1c(-c2cc3ccccc3oc2=O)nn(-c2ccc(Cl)cc2)c1C(=O)OCC,3.9147,1.2906,3.9275,0.8751000000000002,/scratch/jaggbow/mol_xtb_coordinates/chromo3467/geom.xtbopt.xyz,/scratch/jaggbow/mol_xtb_coordinates/chromo3467/mmff.xyz,/scratch/jaggbow/mol_xtb_coordinates/chromo3467/basic.xyz,1,,,,,,
1238,chromo6443,COc1cc2c(cc1OC)C1=CC(c3ccccc3)C3(C(C#N)=C(C#N)N1CC2)c1cc(Br)ccc1-c1ccc(Br)cc13,3.2243,0.8885999999999998,3.5562,1.0652,/scratch/jaggbow/mol_xtb_coordinates/chromo6443/geom.xtbopt.xyz,/scratch/jaggbow/mol_xtb_coordinates/chromo6443/mmff.xyz,/scratch/jaggbow/mol_xtb_coordinates/chromo6443/basic.xyz,0,,,,,,
1239,chromo6761,CC(C)[Si](C#Cc1c2cc3ccccc3cc2c(C#C[Si](C)(C)C)c2cc3ccccc3cc12)(C(C)C)C(C)C,1.6915,1.3358,2.154,1.0898,/scratch/jaggbow/mol_xtb_coordinates/chromo6761/geom.xtbopt.xyz,/scratch/jaggbow/mol_xtb_coordinates/chromo6761/mmff.xyz,/scratch/jaggbow/mol_xtb_coordinates/chromo6761/basic.xyz,0,,,,,,
1240,chromo4219,CC(C)(C)c1ccc2c(c1)sc1[n+]2[B-](F)(F)n2c(c3cccc4c(Br)ccc2c43)=N1,2.6836,0.8941000000000001,2.6385,0.6783000000000001,/scratch/jaggbow/mol_xtb_coordinates/chromo4219/geom.xtbopt.xyz,/scratch/jaggbow/mol_xtb_coordinates/chromo4219/mmff.xyz,/scratch/jaggbow/mol_xtb_coordinates/chromo4219/basic.xyz,0,,,,,,
1241,chromo2524,COC(=O)C=CC1=CC2=C(c3c(C)cc(C)cc3C)c3cc(C=CC(=O)OC)cn3[B-](F)(F)[N+]2=C1,2.5244,0.9965,2.6925,1.0879,/scratch/jaggbow/mol_xtb_coordinates/chromo2524/geom.xtbopt.xyz,/scratch/jaggbow/mol_xtb_coordinates/chromo2524/mmff.xyz,/scratch/jaggbow/mol_xtb_coordinates/chromo2524/basic.xyz,1,,,,,,
1242,chromo4602,COc1ccc(-c2cc3c(ccc4sc5ccc6sccc6c5c43)s2)cc1,3.3629,0.9634999999999998,3.5696,0.6705999999999999,/scratch/jaggbow/mol_xtb_coordinates/chromo4602/geom.xtbopt.xyz,/scratch/jaggbow/mol_xtb_coordinates/chromo4602/mmff.xyz,/scratch/jaggbow/mol_xtb_coordinates/chromo4602/basic.xyz,0,,,,,,
1243,chromo5556,CCc1c(C)[nH]c(C2=[N+]3C(=Cc4c(C)c(CC)c(C)n4[B-]3(F)F)c3ccccc32)c1C,2.3486,1.1900999999999995,2.5272,1.2153,/scratch/jaggbow/mol_xtb_coordinates/chromo5556/geom.xtbopt.xyz,/scratch/jaggbow/mol_xtb_coordinates/chromo5556/mmff.xyz,/scratch/jaggbow/mol_xtb_coordinates/chromo5556/basic.xyz,0,,,,,,
1244,chromo2758,CCCCCCN(CCCCCC)c1ccc(C#Cc2ccc(N(CCCCCC)CCCCCC)cc2)cc1,3.6171,1.1293000000000002,4.0238,0.8255999999999997,/scratch/jaggbow/mol_xtb_coordinates/chromo2758/geom.xtbopt.xyz,/scratch/jaggbow/mol_xtb_coordinates/chromo2758/mmff.xyz,/scratch/jaggbow/mol_xtb_coordinates/chromo2758/basic.xyz,1,,,,,,
1245,chromo5570,CCOC(=O)COc1ccc(C=Cc2cc(C)c3n2[B-](F)(F)[N+]2=C(c4[nH]c(C)cc4C)c4ccccc4C2=C3)cc1,2.0632,1.0866000000000002,2.3672,1.1294,/scratch/jaggbow/mol_xtb_coordinates/chromo5570/geom.xtbopt.xyz,/scratch/jaggbow/mol_xtb_coordinates/chromo5570/mmff.xyz,/scratch/jaggbow/mol_xtb_coordinates/chromo5570/basic.xyz,0,,,,,,
1246,chromo3288,N#CSC1=CC2=C(c3ccccc3)c3ccc(N4CCOCC4)n3[B-](F)(F)[N+]2=C1N1CCOCC1,2.5025,1.2197,2.4225,1.4689,/scratch/jaggbow/mol_xtb_coordinates/chromo3288/geom.xtbopt.xyz,/scratch/jaggbow/mol_xtb_coordinates/chromo3288/mmff.xyz,/scratch/jaggbow/mol_xtb_coordinates/chromo3288/basic.xyz,1,,,,,,
1247,chromo3408,Cc1ccc(C(=O)C=C2C(=O)Nc3ccccc32)cc1,3.3249,1.061,2.6215,0.4418999999999999,/scratch/jaggbow/mol_xtb_coordinates/chromo3408/geom.xtbopt.xyz,/scratch/jaggbow/mol_xtb_coordinates/chromo3408/mmff.xyz,/scratch/jaggbow/mol_xtb_coordinates/chromo3408/basic.xyz,0,,,,,,
1248,chromo0753,COc1ccc(C=Cc2cc(C=Cc3ccc(OC)cc3)ncn2)cc1,3.2283,0.9983,3.6962,0.8045,/scratch/jaggbow/mol_xtb_coordinates/chromo0753/geom.xtbopt.xyz,/scratch/jaggbow/mol_xtb_coordinates/chromo0753/mmff.xyz,/scratch/jaggbow/mol_xtb_coordinates/chromo0753/basic.xyz,1,,,,,,
1249,chromo3127,Cc1ccc(-c2c3nc(c(-c4ccc(C)cc4)c4ccc(s4)c(-c4ccc(C)cc4)c4nc(c(-c5ccc(C)cc5)c5ccc2s5)C=C4)C=C3)cc1,2.0074,0.7532000000000001,2.0303,0.1074999999999999,/scratch/jaggbow/mol_xtb_coordinates/chromo3127/geom.xtbopt.xyz,/scratch/jaggbow/mol_xtb_coordinates/chromo3127/mmff.xyz,/scratch/jaggbow/mol_xtb_coordinates/chromo3127/basic.xyz,0,,,,,,
1250,chromo0275,CCCCn1c(-c2ccc(-c3nnc(-c4ccc(-c5nc6c7ccccc7c7ccccc7c6n5CCCC)cc4)o3)cc2)nc2c3ccccc3c3ccccc3c21,2.9348,0.5264000000000002,3.8461,0.3721999999999998,/scratch/jaggbow/mol_xtb_coordinates/chromo0275/geom.xtbopt.xyz,/scratch/jaggbow/mol_xtb_coordinates/chromo0275/mmff.xyz,/scratch/jaggbow/mol_xtb_coordinates/chromo0275/basic.xyz,1,,,,,,
1251,chromo1104,CCOC(=O)COc1ccc(C=CC2=C3C(C)=CC(C=Cc4ccc(OCC(=O)OCC)cc4)=[N+]3[B-](F)(F)n3c2c2ccccc2c3-c2[nH]c(C)cc2C)cc1,1.9905,1.0011,2.3736,1.0394,/scratch/jaggbow/mol_xtb_coordinates/chromo1104/geom.xtbopt.xyz,/scratch/jaggbow/mol_xtb_coordinates/chromo1104/mmff.xyz,/scratch/jaggbow/mol_xtb_coordinates/chromo1104/basic.xyz,0,,,,,,
1252,chromo4347,CCCc1ccc(C#Cc2cc(C#Cc3ccc(N(C)C)cc3)c3ccc4c(C#Cc5ccc(N(C)C)cc5)cc(C#Cc5ccc(CCC)cc5)c5ccc2c3c54)cc1,2.2041,0.8618999999999999,2.9931,0.7319,/scratch/jaggbow/mol_xtb_coordinates/chromo4347/geom.xtbopt.xyz,/scratch/jaggbow/mol_xtb_coordinates/chromo4347/mmff.xyz,/scratch/jaggbow/mol_xtb_coordinates/chromo4347/basic.xyz,1,,,,,,
1253,chromo5449,N#Cc1cc(C=Cc2ccc(N(c3ccccc3)c3ccccc3)cc2)ccc1C=Cc1ccc(C=Cc2ccc(N(c3ccccc3)c3ccccc3)cc2)cc1C#N,2.2342,0.6886999999999999,3.0838,0.5235000000000003,/scratch/jaggbow/mol_xtb_coordinates/chromo5449/geom.xtbopt.xyz,/scratch/jaggbow/mol_xtb_coordinates/chromo5449/mmff.xyz,/scratch/jaggbow/mol_xtb_coordinates/chromo5449/basic.xyz,1,,,,,,
1254,chromo1808,COC(=O)C=CC=Cc1ccc(N(C)C)cc1,3.3485,1.4484,3.5202,1.2355999999999998,/scratch/jaggbow/mol_xtb_coordinates/chromo1808/geom.xtbopt.xyz,/scratch/jaggbow/mol_xtb_coordinates/chromo1808/mmff.xyz,/scratch/jaggbow/mol_xtb_coordinates/chromo1808/basic.xyz,1,,,,,,
1255,chromo3548,C(=Cc1ncc(-c2ccc(OCc3ccccc3)c(OCc3ccccc3)c2)o1)c1cccc(N2CCCC2)c1,3.1198,1.1207,3.01,0.5610999999999997,/scratch/jaggbow/mol_xtb_coordinates/chromo3548/geom.xtbopt.xyz,/scratch/jaggbow/mol_xtb_coordinates/chromo3548/mmff.xyz,/scratch/jaggbow/mol_xtb_coordinates/chromo3548/basic.xyz,0,,,,,,
1256,chromo4693,c1ccc(-c2c3ccccc3nc3cc4ccccc4cc23)cc1,2.4755,1.2878999999999998,2.8361,1.03,/scratch/jaggbow/mol_xtb_coordinates/chromo4693/geom.xtbopt.xyz,/scratch/jaggbow/mol_xtb_coordinates/chromo4693/mmff.xyz,/scratch/jaggbow/mol_xtb_coordinates/chromo4693/basic.xyz,0,,,,,,
1257,chromo1112,F[B-]1(F)n2c(-c3ccccc3)cc(-c3cccs3)c2N=C2C(c3cccs3)=CC(c3ccccc3)=[N+]21,2.0518,1.226,2.2641,1.0831,/scratch/jaggbow/mol_xtb_coordinates/chromo1112/geom.xtbopt.xyz,/scratch/jaggbow/mol_xtb_coordinates/chromo1112/mmff.xyz,/scratch/jaggbow/mol_xtb_coordinates/chromo1112/basic.xyz,0,,,,,,
1258,chromo4222,CC(C)(C)c1ccc2c(c1)sc1[n+]2[B-](F)(F)n2c(c3cccc4cccc2c43)=C1C#N,2.6058,0.9471999999999998,2.5483,0.7940999999999998,/scratch/jaggbow/mol_xtb_coordinates/chromo4222/geom.xtbopt.xyz,/scratch/jaggbow/mol_xtb_coordinates/chromo4222/mmff.xyz,/scratch/jaggbow/mol_xtb_coordinates/chromo4222/basic.xyz,0,,,,,,
1259,chromo4587,Cc1ccc(-c2c3nc(c(-c4ccc(C)cc4)c4ccc([nH]4)c(-c4ccc(OC(=O)C(C)c5cccc(C(=O)c6ccccc6)c5)cc4)c4nc(c(-c5ccc(C)cc5)c5ccc2[nH]5)C=C4)C=C3)cc1,2.1435,0.7832999999999999,2.0894,0.1946999999999998,/scratch/jaggbow/mol_xtb_coordinates/chromo4587/geom.xtbopt.xyz,/scratch/jaggbow/mol_xtb_coordinates/chromo4587/mmff.xyz,/scratch/jaggbow/mol_xtb_coordinates/chromo4587/basic.xyz,0,,,,,,
1260,chromo5473,CCCCOc1ccc(-c2cc3c(o2)c(-c2ccc(OCCCC)cc2)c2n3[B-](F)(F)[N+]3=Cc4c(-c5ccc(OCCCC)cc5)c5oc(-c6ccc(OCCCC)cc6)cc5n4[B-](F)(F)[N+]3=C2)cc1,2.1966,0.7979,2.473,0.912,/scratch/jaggbow/mol_xtb_coordinates/chromo5473/geom.xtbopt.xyz,/scratch/jaggbow/mol_xtb_coordinates/chromo5473/mmff.xyz,/scratch/jaggbow/mol_xtb_coordinates/chromo5473/basic.xyz,0,,,,,,
1261,chromo1224,CC1=C2C=CC=[N+]2[B-](F)(F)n2cccc21,3.1588,1.4897999999999998,2.9831,1.5037999999999998,/scratch/jaggbow/mol_xtb_coordinates/chromo1224/geom.xtbopt.xyz,/scratch/jaggbow/mol_xtb_coordinates/chromo1224/mmff.xyz,/scratch/jaggbow/mol_xtb_coordinates/chromo1224/basic.xyz,1,,,,,,
1262,chromo2008,c1ccc(-c2nc(-c3ccccc3)nc(-c3ccc(-n4c5ccccc5c5c6c(ccc54)-c4ccccc4C6(c4ccccc4)c4ccccc4)cc3)n2)cc1,2.7647,0.2094,3.7183,0.3669000000000002,/scratch/jaggbow/mol_xtb_coordinates/chromo2008/geom.xtbopt.xyz,/scratch/jaggbow/mol_xtb_coordinates/chromo2008/mmff.xyz,/scratch/jaggbow/mol_xtb_coordinates/chromo2008/basic.xyz,0,,,,,,
1263,chromo2237,c1ccc2c(c1)-c1ccccc1C21c2cc(-c3ccc(-n4c5ccccc5c5ccccc54)cc3)ccc2Sc2ccc(-c3ccc(-n4c5ccccc5c5ccccc54)cc3)cc21,3.5387,0.6286999999999998,3.977,0.472,/scratch/jaggbow/mol_xtb_coordinates/chromo2237/geom.xtbopt.xyz,/scratch/jaggbow/mol_xtb_coordinates/chromo2237/mmff.xyz,/scratch/jaggbow/mol_xtb_coordinates/chromo2237/basic.xyz,0,,,,,,
1264,chromo3558,C(#Cc1cccs1)c1ncc(-c2ccccc2)o1,3.4324,1.2974,3.8222,0.9728,/scratch/jaggbow/mol_xtb_coordinates/chromo3558/geom.xtbopt.xyz,/scratch/jaggbow/mol_xtb_coordinates/chromo3558/mmff.xyz,/scratch/jaggbow/mol_xtb_coordinates/chromo3558/basic.xyz,0,,,,,,
1265,chromo3707,C(#Cc1cc(C#Cc2ccccc2)c(C#Cc2ccccc2)c(C#Cc2ccccc2)c1C#Cc1ccccc1)c1ccccc1,2.8765,0.9625,3.7241,0.5808,/scratch/jaggbow/mol_xtb_coordinates/chromo3707/geom.xtbopt.xyz,/scratch/jaggbow/mol_xtb_coordinates/chromo3707/mmff.xyz,/scratch/jaggbow/mol_xtb_coordinates/chromo3707/basic.xyz,1,,,,,,
1266,chromo1462,CCCCCCCC(=O)Oc1ccc2c3cccc4c(OC(=O)CCCCCCC)ccc(c5cccc1c52)c43,2.7821,1.2865999999999995,3.1304,1.0238999999999998,/scratch/jaggbow/mol_xtb_coordinates/chromo1462/geom.xtbopt.xyz,/scratch/jaggbow/mol_xtb_coordinates/chromo1462/mmff.xyz,/scratch/jaggbow/mol_xtb_coordinates/chromo1462/basic.xyz,0,,,,,,
1267,chromo0762,COc1ccc(C=Cc2nc(C=Cc3ccc(N(c4ccccc4)c4ccccc4)cc3)cc(C=Cc3ccc(N(c4ccccc4)c4ccccc4)cc3)n2)cc1,2.6945,0.6539999999999999,3.3004,0.5590999999999999,/scratch/jaggbow/mol_xtb_coordinates/chromo0762/geom.xtbopt.xyz,/scratch/jaggbow/mol_xtb_coordinates/chromo0762/mmff.xyz,/scratch/jaggbow/mol_xtb_coordinates/chromo0762/basic.xyz,1,,,,,,
1268,chromo2812,CCN(CC)c1ccc2cc(-c3nc4cc(C(=O)Nc5cccc(OC)c5)ccc4o3)c(=O)oc2c1,3.1021,1.003,3.2382,0.8995000000000002,/scratch/jaggbow/mol_xtb_coordinates/chromo2812/geom.xtbopt.xyz,/scratch/jaggbow/mol_xtb_coordinates/chromo2812/mmff.xyz,/scratch/jaggbow/mol_xtb_coordinates/chromo2812/basic.xyz,1,,,,,,
1269,chromo0253,COc1ccc2cc(C#CC3=C4CCc5ccccc5C4=[O+][B-](F)(F)O3)ccc2c1,2.925,0.8663999999999996,3.2299,0.9612000000000004,/scratch/jaggbow/mol_xtb_coordinates/chromo0253/geom.xtbopt.xyz,/scratch/jaggbow/mol_xtb_coordinates/chromo0253/mmff.xyz,/scratch/jaggbow/mol_xtb_coordinates/chromo0253/basic.xyz,0,,,,,,
1270,chromo4813,CCN(CC)c1ccc2cc(-c3nc4c5cccc6ccc7cccc(c7c65)c4n3-c3ccc(C(C)(C)C)cc3)c(=O)oc2c1,2.8303,0.6520999999999999,3.3618,0.8338000000000001,/scratch/jaggbow/mol_xtb_coordinates/chromo4813/geom.xtbopt.xyz,/scratch/jaggbow/mol_xtb_coordinates/chromo4813/mmff.xyz,/scratch/jaggbow/mol_xtb_coordinates/chromo4813/basic.xyz,0,,,,,,
1271,chromo2492,CC(C)c1cccc(C(C)C)c1N1C(=O)c2ccc3c4c(-c5ccc(C(=O)O)cc5)c5ccc6c7c(cc8c9cc(C(=O)O)ccc9c(c9ccc(c2c39)C1=O)c4c8c57)C(=O)N(c1c(C(C)C)cccc1C(C)C)C6=O,2.0305,1.0472,2.5265,0.919,/scratch/jaggbow/mol_xtb_coordinates/chromo2492/geom.xtbopt.xyz,/scratch/jaggbow/mol_xtb_coordinates/chromo2492/mmff.xyz,/scratch/jaggbow/mol_xtb_coordinates/chromo2492/basic.xyz,0,,,,,,
1272,chromo1175,Cc1ccc(N2C(c3ccccc3[NH-])=[NH+]C(c3ccccc3)C2c2ccccc2)cc1,3.9404,0.8944000000000001,3.739,0.5453999999999999,/scratch/jaggbow/mol_xtb_coordinates/chromo1175/geom.xtbopt.xyz,/scratch/jaggbow/mol_xtb_coordinates/chromo1175/mmff.xyz,/scratch/jaggbow/mol_xtb_coordinates/chromo1175/basic.xyz,1,,,,,,
1273,chromo2139,S=P1(c2ccccc2)c2cccc3c4c5ccccc5c5ccccc5c4c4ccc1n4c23,2.8899,0.8336000000000001,2.9893,0.5207000000000002,/scratch/jaggbow/mol_xtb_coordinates/chromo2139/geom.xtbopt.xyz,/scratch/jaggbow/mol_xtb_coordinates/chromo2139/mmff.xyz,/scratch/jaggbow/mol_xtb_coordinates/chromo2139/basic.xyz,0,,,,,,
1274,chromo3847,Oc1cc(N(c2ccccc2)c2ccccc2)ccc1-c1nc2c3ccc(-c4ccccc4)cc3c3cc(-c4ccccc4)ccc3c2[nH]1,3.194,0.7559,3.5519,0.4706999999999999,/scratch/jaggbow/mol_xtb_coordinates/chromo3847/geom.xtbopt.xyz,/scratch/jaggbow/mol_xtb_coordinates/chromo3847/mmff.xyz,/scratch/jaggbow/mol_xtb_coordinates/chromo3847/basic.xyz,0,,,,,,
1275,chromo5619,CC(C)(C)c1ccc(-c2c3ccccc3c3n2[B-](F)(F)[N+]2=Cc4c5ccccc5c(-c5ccc(C(C)(C)C)cc5)n4[B-](F)(F)[N+]2=C3)cc1,2.4254,0.8993999999999998,2.5313,0.9947,/scratch/jaggbow/mol_xtb_coordinates/chromo5619/geom.xtbopt.xyz,/scratch/jaggbow/mol_xtb_coordinates/chromo5619/mmff.xyz,/scratch/jaggbow/mol_xtb_coordinates/chromo5619/basic.xyz,0,,,,,,
1276,chromo5724,CC(=O)c1c(NC(C(=O)O)C(C)C)c2ccc(N(C)C)cc2oc1=O,3.7069,0.9042,3.5792,0.8180000000000001,/scratch/jaggbow/mol_xtb_coordinates/chromo5724/geom.xtbopt.xyz,/scratch/jaggbow/mol_xtb_coordinates/chromo5724/mmff.xyz,/scratch/jaggbow/mol_xtb_coordinates/chromo5724/basic.xyz,1,,,,,,
1277,chromo0255,F[B-]1(F)OC(C#Cc2ccccc2)=CC(c2ccccc2)=[O+]1,3.4091,1.0676,3.5053,1.0323000000000002,/scratch/jaggbow/mol_xtb_coordinates/chromo0255/geom.xtbopt.xyz,/scratch/jaggbow/mol_xtb_coordinates/chromo0255/mmff.xyz,/scratch/jaggbow/mol_xtb_coordinates/chromo0255/basic.xyz,0,,,,,,
1278,chromo1814,CCN(CC)c1ccc2cc(C#N)c(=NC(=O)c3ccco3)oc2c1,3.2389,1.0826000000000002,3.3444,1.0113999999999996,/scratch/jaggbow/mol_xtb_coordinates/chromo1814/geom.xtbopt.xyz,/scratch/jaggbow/mol_xtb_coordinates/chromo1814/mmff.xyz,/scratch/jaggbow/mol_xtb_coordinates/chromo1814/basic.xyz,1,,,,,,
1279,chromo5623,COc1ccc(-c2sc3c(-c4ccc(OC)cc4)c4n(c3c2-c2ccc(OC)cc2)[B-](F)(F)[N+]2=Cc3c(-c5ccc(OC)cc5)c5sc(-c6ccc(OC)cc6)c(-c6ccc(OC)cc6)c5n3[B-](F)(F)[N+]2=C4)cc1,2.1826,0.6975999999999998,2.4477,0.7765000000000002,/scratch/jaggbow/mol_xtb_coordinates/chromo5623/geom.xtbopt.xyz,/scratch/jaggbow/mol_xtb_coordinates/chromo5623/mmff.xyz,/scratch/jaggbow/mol_xtb_coordinates/chromo5623/basic.xyz,0,,,,,,
1280,chromo4081,CCN(CC)c1ccc2cc(C=CC(=C(C#N)C#N)c3ccc(N(c4ccccc4)c4ccccc4)cc3)c(=O)oc2c1,2.0616,0.5526,2.807,0.8153999999999999,/scratch/jaggbow/mol_xtb_coordinates/chromo4081/geom.xtbopt.xyz,/scratch/jaggbow/mol_xtb_coordinates/chromo4081/mmff.xyz,/scratch/jaggbow/mol_xtb_coordinates/chromo4081/basic.xyz,1,,,,,,
1281,chromo0764,CN(C)c1ccc(C=Cc2cc(C=Cc3ccc(N(C)C)cc3)nc(C=Cc3ccc(N(C)C)cc3)n2)cc1,2.8164,0.7195999999999998,3.4991,0.8228999999999997,/scratch/jaggbow/mol_xtb_coordinates/chromo0764/geom.xtbopt.xyz,/scratch/jaggbow/mol_xtb_coordinates/chromo0764/mmff.xyz,/scratch/jaggbow/mol_xtb_coordinates/chromo0764/basic.xyz,1,,,,,,
1282,chromo3808,CCOc1cccc(-c2nc3c(c4c2-c2ccccc2CC4)-c2ccccc2CC3)c1O,3.8665,0.9737999999999998,3.802,0.5453000000000001,/scratch/jaggbow/mol_xtb_coordinates/chromo3808/geom.xtbopt.xyz,/scratch/jaggbow/mol_xtb_coordinates/chromo3808/mmff.xyz,/scratch/jaggbow/mol_xtb_coordinates/chromo3808/basic.xyz,0,,,,,,
1283,chromo0916,COc1ccc(-c2ccc3c(c2)C=Cc2cc(-c4ccc(OC)cc4)ccc2[Si]3(C)C)cc1,3.8587,1.251,4.5073,0.7856999999999998,/scratch/jaggbow/mol_xtb_coordinates/chromo0916/geom.xtbopt.xyz,/scratch/jaggbow/mol_xtb_coordinates/chromo0916/mmff.xyz,/scratch/jaggbow/mol_xtb_coordinates/chromo0916/basic.xyz,0,,,,,,
1284,chromo4996,CC(C)(C)c1ccc2c(c1)c1cc(C(C)(C)C)ccc1n2-c1cccc(-c2nc(-c3cccc(-n4c5ccc(C(C)(C)C)cc5c5cc(C(C)(C)C)ccc54)c3)nc(-c3cccc(P(=O)(c4ccccc4)c4ccccc4)c3)n2)c1,2.6722,0.1314000000000001,3.8539,0.4144000000000001,/scratch/jaggbow/mol_xtb_coordinates/chromo4996/geom.xtbopt.xyz,/scratch/jaggbow/mol_xtb_coordinates/chromo4996/mmff.xyz,/scratch/jaggbow/mol_xtb_coordinates/chromo4996/basic.xyz,1,,,,,,
1285,chromo2785,Cc1ccc(Sc2cc3ccc4cccc5ccc(c2)c3c45)cc1,3.4021,1.2839,3.4874,0.6952000000000003,/scratch/jaggbow/mol_xtb_coordinates/chromo2785/geom.xtbopt.xyz,/scratch/jaggbow/mol_xtb_coordinates/chromo2785/mmff.xyz,/scratch/jaggbow/mol_xtb_coordinates/chromo2785/basic.xyz,1,,,,,,
1286,chromo3807,F[B-]1(F)Oc2ccc3ccccc3c2-c2c3c(c4c([n+]21)CCc1ccccc1-4)CCc1ccccc1-3,3.0182,0.7370000000000001,3.2789,0.6202000000000001,/scratch/jaggbow/mol_xtb_coordinates/chromo3807/geom.xtbopt.xyz,/scratch/jaggbow/mol_xtb_coordinates/chromo3807/mmff.xyz,/scratch/jaggbow/mol_xtb_coordinates/chromo3807/basic.xyz,0,,,,,,
1287,chromo0871,Cc1ccc(-n2c(-c3ccc(C(F)(F)F)cc3)nc(-c3ccccc3O)c2-c2ccccc2O)cc1,3.3401,0.5329999999999999,3.9198,0.5846999999999998,/scratch/jaggbow/mol_xtb_coordinates/chromo0871/geom.xtbopt.xyz,/scratch/jaggbow/mol_xtb_coordinates/chromo0871/mmff.xyz,/scratch/jaggbow/mol_xtb_coordinates/chromo0871/basic.xyz,1,,,,,,
1288,chromo1549,Cc1ccc2cc3c(=O)n(C)c(=O)n(C)c3nc2c1,3.67,0.9506,3.6649,0.5951,/scratch/jaggbow/mol_xtb_coordinates/chromo1549/geom.xtbopt.xyz,/scratch/jaggbow/mol_xtb_coordinates/chromo1549/mmff.xyz,/scratch/jaggbow/mol_xtb_coordinates/chromo1549/basic.xyz,0,,,,,,
1289,chromo0875,COc1ccccc1-c1nc(-c2ccc(C(F)(F)F)cc2)n(-c2ccc(C)cc2)c1-c1ccccc1OC,3.7981,0.8942999999999999,3.9614,0.6422999999999996,/scratch/jaggbow/mol_xtb_coordinates/chromo0875/geom.xtbopt.xyz,/scratch/jaggbow/mol_xtb_coordinates/chromo0875/mmff.xyz,/scratch/jaggbow/mol_xtb_coordinates/chromo0875/basic.xyz,1,,,,,,
1290,chromo4084,CCN(CC)c1ccc2cc(C(Cl)=CC=CC(=C(C#N)C#N)c3ccc4c(c3)c3ccccc3n4CC)c(=O)oc2c1,2.3804,1.0488,2.7946,0.6968000000000001,/scratch/jaggbow/mol_xtb_coordinates/chromo4084/geom.xtbopt.xyz,/scratch/jaggbow/mol_xtb_coordinates/chromo4084/mmff.xyz,/scratch/jaggbow/mol_xtb_coordinates/chromo4084/basic.xyz,1,,,,,,
1291,chromo4504,CN(C)c1ccc(-c2cccc3nsnc23)cc1,2.4836,0.6787000000000001,3.4894,0.8047,/scratch/jaggbow/mol_xtb_coordinates/chromo4504/geom.xtbopt.xyz,/scratch/jaggbow/mol_xtb_coordinates/chromo4504/mmff.xyz,/scratch/jaggbow/mol_xtb_coordinates/chromo4504/basic.xyz,0,,,,,,
1292,chromo5943,CC1(C)CC(C=Cc2ccc(-n3c4ccccc4c4ccccc43)cc2)=CC(=C(C#N)C#N)C1,2.3453,0.8598999999999999,3.1942,1.0637,/scratch/jaggbow/mol_xtb_coordinates/chromo5943/geom.xtbopt.xyz,/scratch/jaggbow/mol_xtb_coordinates/chromo5943/mmff.xyz,/scratch/jaggbow/mol_xtb_coordinates/chromo5943/basic.xyz,1,,,,,,
1293,chromo4214,F[B-]1(F)n2c(c3cccc4cccc2c43)=Nc2cccc(Cl)[n+]21,2.8334,0.9894,2.7168,0.7166999999999999,/scratch/jaggbow/mol_xtb_coordinates/chromo4214/geom.xtbopt.xyz,/scratch/jaggbow/mol_xtb_coordinates/chromo4214/mmff.xyz,/scratch/jaggbow/mol_xtb_coordinates/chromo4214/basic.xyz,0,,,,,,
1294,chromo2839,CSc1ccc(C=Cc2ccncn2)cc1,3.4992,1.2901000000000002,3.8462,1.0202,/scratch/jaggbow/mol_xtb_coordinates/chromo2839/geom.xtbopt.xyz,/scratch/jaggbow/mol_xtb_coordinates/chromo2839/mmff.xyz,/scratch/jaggbow/mol_xtb_coordinates/chromo2839/basic.xyz,1,,,,,,
1295,chromo4907,c1ccc2c(-c3c4ccccc4c(-c4ccc(-c5ccc(-n6c7ccccc7c7ccccc76)cc5)cc4)c4ccccc34)cccc2c1,3.1317,1.3993,3.2665,0.9826,/scratch/jaggbow/mol_xtb_coordinates/chromo4907/geom.xtbopt.xyz,/scratch/jaggbow/mol_xtb_coordinates/chromo4907/mmff.xyz,/scratch/jaggbow/mol_xtb_coordinates/chromo4907/basic.xyz,1,,,,,,
1296,chromo4970,c1ccc(-c2nc(-c3ccccc3)nc(-c3cc(-n4c5ccccc5c5ccccc54)c(-n4c5ccccc5c5ncccc54)c(-n4c5ccccc5c5ccccc54)c3)n2)cc1,2.7483,0.1351999999999997,3.8206,0.3876000000000004,/scratch/jaggbow/mol_xtb_coordinates/chromo4970/geom.xtbopt.xyz,/scratch/jaggbow/mol_xtb_coordinates/chromo4970/mmff.xyz,/scratch/jaggbow/mol_xtb_coordinates/chromo4970/basic.xyz,1,,,,,,
1297,chromo2279,CCCCC(CC)Cn1c2cc(C#N)c(-c3ccc(N(c4ccccc4)c4ccccc4)cc3)cc2c2cc(-c3ccc(N(c4ccccc4)c4ccccc4)cc3)c(C#N)cc21,2.5813,0.1996000000000002,3.4336,0.5151000000000003,/scratch/jaggbow/mol_xtb_coordinates/chromo2279/geom.xtbopt.xyz,/scratch/jaggbow/mol_xtb_coordinates/chromo2279/mmff.xyz,/scratch/jaggbow/mol_xtb_coordinates/chromo2279/basic.xyz,1,,,,,,
1298,chromo3904,COc1ccc(C2=[N+]3C(=Nc4c(-c5ccccc5)c(Br)c(-c5ccc(OC)cc5)n4[B-]3(F)F)C(c3ccccc3)=C2Br)cc1,2.0433,1.1342,2.4194,1.2462,/scratch/jaggbow/mol_xtb_coordinates/chromo3904/geom.xtbopt.xyz,/scratch/jaggbow/mol_xtb_coordinates/chromo3904/mmff.xyz,/scratch/jaggbow/mol_xtb_coordinates/chromo3904/basic.xyz,0,,,,,,
1299,chromo0413,Cc1ccc(C=Cc2nc(-c3ccccc3)[nH]c2C=Cc2ccc(C)cc2)cc1,2.9959,1.2667999999999997,3.3137,0.9066,/scratch/jaggbow/mol_xtb_coordinates/chromo0413/geom.xtbopt.xyz,/scratch/jaggbow/mol_xtb_coordinates/chromo0413/mmff.xyz,/scratch/jaggbow/mol_xtb_coordinates/chromo0413/basic.xyz,1,,,,,,
1300,chromo3158,CCN(CC)c1ccc2cc(C=C(C#N)c3nc4ccccc4s3)c(=O)oc2c1,2.6664,1.0711,2.9617,0.9339,/scratch/jaggbow/mol_xtb_coordinates/chromo3158/geom.xtbopt.xyz,/scratch/jaggbow/mol_xtb_coordinates/chromo3158/mmff.xyz,/scratch/jaggbow/mol_xtb_coordinates/chromo3158/basic.xyz,1,,,,,,
1301,chromo4172,CCN1c2ccc(C=NNc3ccccn3)cc2Sc2cc(C=NNc3ccccn3)ccc21,3.0155,0.8300999999999998,2.8289,0.4479999999999999,/scratch/jaggbow/mol_xtb_coordinates/chromo4172/geom.xtbopt.xyz,/scratch/jaggbow/mol_xtb_coordinates/chromo4172/mmff.xyz,/scratch/jaggbow/mol_xtb_coordinates/chromo4172/basic.xyz,0,,,,,,
1302,chromo4597,c1ccc2c(-c3cc4c(ccc5sccc54)s3)cccc2c1,3.5617,1.1377000000000002,3.7488,0.7859000000000003,/scratch/jaggbow/mol_xtb_coordinates/chromo4597/geom.xtbopt.xyz,/scratch/jaggbow/mol_xtb_coordinates/chromo4597/mmff.xyz,/scratch/jaggbow/mol_xtb_coordinates/chromo4597/basic.xyz,0,,,,,,
1303,chromo0919,C[Si]1(C)c2ccc(-c3ccc(-c4cccs4)s3)cc2C=Cc2cc(-c3ccc(-c4cccs4)s3)ccc21,3.3464,1.226,3.5434,0.9687,/scratch/jaggbow/mol_xtb_coordinates/chromo0919/geom.xtbopt.xyz,/scratch/jaggbow/mol_xtb_coordinates/chromo0919/mmff.xyz,/scratch/jaggbow/mol_xtb_coordinates/chromo0919/basic.xyz,0,,,,,,
1304,chromo2880,CCCCn1c2ccccc2c2ccc3c4cc(-c5ccc6ccccc6c5)ccc4n(CCCC)c3c21,3.5071,0.9055,3.511,0.4415,/scratch/jaggbow/mol_xtb_coordinates/chromo2880/geom.xtbopt.xyz,/scratch/jaggbow/mol_xtb_coordinates/chromo2880/mmff.xyz,/scratch/jaggbow/mol_xtb_coordinates/chromo2880/basic.xyz,0,,,,,,
1305,chromo1371,CC(=O)O[B-]1(OC(C)=O)OC(C=CC=Cc2ccccc2)=CC(C=CC=Cc2ccccc2)=[O+]1,2.6476,1.0853000000000002,2.9839,0.8944000000000001,/scratch/jaggbow/mol_xtb_coordinates/chromo1371/geom.xtbopt.xyz,/scratch/jaggbow/mol_xtb_coordinates/chromo1371/mmff.xyz,/scratch/jaggbow/mol_xtb_coordinates/chromo1371/basic.xyz,0,,,,,,
1306,chromo5942,CC1(C)CC(C=Cc2ccc(-n3cncn3)cc2)=CC(=C(C#N)C#N)C1,3.0248,1.5193,3.428,1.2972,/scratch/jaggbow/mol_xtb_coordinates/chromo5942/geom.xtbopt.xyz,/scratch/jaggbow/mol_xtb_coordinates/chromo5942/mmff.xyz,/scratch/jaggbow/mol_xtb_coordinates/chromo5942/basic.xyz,0,,,,,,
1307,chromo2618,CC(C)(C)c1ccc2c(c1)c1cc(C(C)(C)C)ccc1n2-c1ccc(C#Cc2ccc(C#Cc3ccc(C=C(C#N)C#N)cc3)cc2)cc1,2.0751,0.3107,3.684,0.8655000000000004,/scratch/jaggbow/mol_xtb_coordinates/chromo2618/geom.xtbopt.xyz,/scratch/jaggbow/mol_xtb_coordinates/chromo2618/mmff.xyz,/scratch/jaggbow/mol_xtb_coordinates/chromo2618/basic.xyz,1,,,,,,
1308,chromo2411,CCN(CC)c1ccc(C=NC2CCCCC2N=Cc2ccc(N(CC)CC)cc2O)c(O)c1,3.7887,1.0120999999999998,3.9556,0.9176000000000002,/scratch/jaggbow/mol_xtb_coordinates/chromo2411/geom.xtbopt.xyz,/scratch/jaggbow/mol_xtb_coordinates/chromo2411/mmff.xyz,/scratch/jaggbow/mol_xtb_coordinates/chromo2411/basic.xyz,1,,,,,,
1309,chromo5311,Cc1cc(C)c(B2c3cc(C)ccc3N3c4ccc(C)cc4B(c4c(C)cc(C)cc4C)c4cc(C)cc2c43)c(C)c1,2.9439,0.5022000000000002,2.9924,0.5026000000000002,/scratch/jaggbow/mol_xtb_coordinates/chromo5311/geom.xtbopt.xyz,/scratch/jaggbow/mol_xtb_coordinates/chromo5311/mmff.xyz,/scratch/jaggbow/mol_xtb_coordinates/chromo5311/basic.xyz,0,,,,,,
1310,chromo0326,CCOC(=O)N=c1oc2cc(OC)cc(OC)c2cc1C#N,3.4738,1.1957000000000004,3.675,0.9960999999999998,/scratch/jaggbow/mol_xtb_coordinates/chromo0326/geom.xtbopt.xyz,/scratch/jaggbow/mol_xtb_coordinates/chromo0326/mmff.xyz,/scratch/jaggbow/mol_xtb_coordinates/chromo0326/basic.xyz,1,,,,,,
1311,chromo1382,COc1cc(OC)cc(-c2ccc(-c3ccc(C#N)s3)s2)c1,3.2899,1.2946999999999995,3.4785,1.0423999999999998,/scratch/jaggbow/mol_xtb_coordinates/chromo1382/geom.xtbopt.xyz,/scratch/jaggbow/mol_xtb_coordinates/chromo1382/mmff.xyz,/scratch/jaggbow/mol_xtb_coordinates/chromo1382/basic.xyz,1,,,,,,
1312,chromo5073,c1ccc(-c2nc(-c3ccccc3)nc(-c3ccc(-n4c5ccccc5c5cc6c(cc54)c4ccccc4n6-c4ccccc4)cc3)n2)cc1,2.6427,0.1934,3.3115,0.5104000000000002,/scratch/jaggbow/mol_xtb_coordinates/chromo5073/geom.xtbopt.xyz,/scratch/jaggbow/mol_xtb_coordinates/chromo5073/mmff.xyz,/scratch/jaggbow/mol_xtb_coordinates/chromo5073/basic.xyz,0,,,,,,
1313,chromo2312,CCCCC1=Cc2c3ccc4cccc5ccc(c6cc(-c7ccc(N(c8ccccc8)c8ccccc8)cc7)n(c26)P1(=O)c1ccccc1)c3c45,2.5115,0.9216999999999996,3.0225,0.9163,/scratch/jaggbow/mol_xtb_coordinates/chromo2312/geom.xtbopt.xyz,/scratch/jaggbow/mol_xtb_coordinates/chromo2312/mmff.xyz,/scratch/jaggbow/mol_xtb_coordinates/chromo2312/basic.xyz,0,,,,,,
1314,chromo5328,C1=Cc2ccc(N(c3ccccc3)c3cccc4ccccc34)cc2C2(c3cc(N(c4ccccc4)c4cccc5ccccc45)ccc31)c1ccccc1-c1ccccc12,2.8458,0.7259000000000002,3.1119,0.3624999999999998,/scratch/jaggbow/mol_xtb_coordinates/chromo5328/geom.xtbopt.xyz,/scratch/jaggbow/mol_xtb_coordinates/chromo5328/mmff.xyz,/scratch/jaggbow/mol_xtb_coordinates/chromo5328/basic.xyz,0,,,,,,
1315,chromo0259,COc1ccc(C=CC2=CC(c3ccccc3)=[O+][B-](F)(F)O2)cc1,3.1506,1.061,3.2174,0.9687,/scratch/jaggbow/mol_xtb_coordinates/chromo0259/geom.xtbopt.xyz,/scratch/jaggbow/mol_xtb_coordinates/chromo0259/mmff.xyz,/scratch/jaggbow/mol_xtb_coordinates/chromo0259/basic.xyz,1,,,,,,
1316,chromo5371,N#Cc1ccc(N(c2ccccc2)c2ccc3ccc4c(N(c5ccccc5)c5ccc(C#N)cc5)ccc5ccc2c3c54)cc1,2.7839,0.8717000000000001,2.8944,0.5514000000000001,/scratch/jaggbow/mol_xtb_coordinates/chromo5371/geom.xtbopt.xyz,/scratch/jaggbow/mol_xtb_coordinates/chromo5371/mmff.xyz,/scratch/jaggbow/mol_xtb_coordinates/chromo5371/basic.xyz,1,,,,,,
1317,chromo3305,CCCCCCN1C(=O)c2cccc3c(-c4ccc(-c5cc(-c6ccc(OC)cc6)n(-c6ccccc6)n5)s4)ccc(c23)C1=O,2.7772,0.7683,3.0588,0.6707000000000001,/scratch/jaggbow/mol_xtb_coordinates/chromo3305/geom.xtbopt.xyz,/scratch/jaggbow/mol_xtb_coordinates/chromo3305/mmff.xyz,/scratch/jaggbow/mol_xtb_coordinates/chromo3305/basic.xyz,0,,,,,,
1318,chromo0272,CCCCn1c(-c2ccc(-c3nnc(-c4cccs4)o3)cc2)nc2c3ccccc3c3ccccc3c21,3.0668,0.6444000000000001,3.8412,0.7787000000000002,/scratch/jaggbow/mol_xtb_coordinates/chromo0272/geom.xtbopt.xyz,/scratch/jaggbow/mol_xtb_coordinates/chromo0272/mmff.xyz,/scratch/jaggbow/mol_xtb_coordinates/chromo0272/basic.xyz,1,,,,,,
1319,chromo2278,CCCCC(CC)Cn1c2cc(C#N)ccc2c2cc(-c3ccc(N(c4ccccc4)c4ccccc4)cc3)c(C#N)cc21,2.5816,0.1585,3.4481,0.5131000000000001,/scratch/jaggbow/mol_xtb_coordinates/chromo2278/geom.xtbopt.xyz,/scratch/jaggbow/mol_xtb_coordinates/chromo2278/mmff.xyz,/scratch/jaggbow/mol_xtb_coordinates/chromo2278/basic.xyz,1,,,,,,
1320,chromo2852,CN(C)c1ccc(C=Cc2cccnn2)cc1,3.3307,1.1852,3.5511,1.0600999999999998,/scratch/jaggbow/mol_xtb_coordinates/chromo2852/geom.xtbopt.xyz,/scratch/jaggbow/mol_xtb_coordinates/chromo2852/mmff.xyz,/scratch/jaggbow/mol_xtb_coordinates/chromo2852/basic.xyz,1,,,,,,
1321,chromo0412,Cc1ccc(-c2nc(C=Cc3ccccc3)c(C=Cc3ccccc3)[nH]2)cc1,3.0291,1.2998,3.3501,0.8437999999999999,/scratch/jaggbow/mol_xtb_coordinates/chromo0412/geom.xtbopt.xyz,/scratch/jaggbow/mol_xtb_coordinates/chromo0412/mmff.xyz,/scratch/jaggbow/mol_xtb_coordinates/chromo0412/basic.xyz,1,,,,,,
1322,chromo0908,C[Si]1(C)c2ccccc2-c2ccccc21,4.2972,1.3414,4.6948,0.8727999999999998,/scratch/jaggbow/mol_xtb_coordinates/chromo0908/geom.xtbopt.xyz,/scratch/jaggbow/mol_xtb_coordinates/chromo0908/mmff.xyz,/scratch/jaggbow/mol_xtb_coordinates/chromo0908/basic.xyz,0,,,,,,
1323,chromo3160,CCN(CC)c1ccc2c(C#N)c(C=C(C#N)c3nc4ccccc4s3)c(=O)oc2c1,2.5135,0.9719,2.563,0.7421000000000002,/scratch/jaggbow/mol_xtb_coordinates/chromo3160/geom.xtbopt.xyz,/scratch/jaggbow/mol_xtb_coordinates/chromo3160/mmff.xyz,/scratch/jaggbow/mol_xtb_coordinates/chromo3160/basic.xyz,1,,,,,,
1324,chromo0917,C[Si]1(C)c2ccc(-c3ccc(N(c4ccccc4)c4ccccc4)cc3)cc2C=Cc2cc(-c3ccc(N(c4ccccc4)c4ccccc4)cc3)ccc21,3.3335,0.7481,4.0314,0.4998999999999998,/scratch/jaggbow/mol_xtb_coordinates/chromo0917/geom.xtbopt.xyz,/scratch/jaggbow/mol_xtb_coordinates/chromo0917/mmff.xyz,/scratch/jaggbow/mol_xtb_coordinates/chromo0917/basic.xyz,0,,,,,,
1325,chromo2326,C#CC1CN2CCC1CC2C(O)c1ccnc2ccc(OC)cc12,3.8783,1.036,3.8933,0.7582,/scratch/jaggbow/mol_xtb_coordinates/chromo2326/geom.xtbopt.xyz,/scratch/jaggbow/mol_xtb_coordinates/chromo2326/mmff.xyz,/scratch/jaggbow/mol_xtb_coordinates/chromo2326/basic.xyz,0,,,,,,
1326,chromo2704,CN(C)c1ccc(C#Cc2ccc3ccc4ccc(C#Cc5ccc(N(C)C)cc5)c5ccc2c3c45)cc1,2.5332,0.9351999999999998,3.1642,0.7602000000000002,/scratch/jaggbow/mol_xtb_coordinates/chromo2704/geom.xtbopt.xyz,/scratch/jaggbow/mol_xtb_coordinates/chromo2704/mmff.xyz,/scratch/jaggbow/mol_xtb_coordinates/chromo2704/basic.xyz,1,,,,,,
1327,chromo3550,C(=Cc1ncc(-c2ccc(OCc3ccccc3)c(OCc3ccccc3)c2)o1)c1cccc(N2CCN(c3ccccc3)CC2)c1,3.1379,1.1654000000000002,3.433,0.9034,/scratch/jaggbow/mol_xtb_coordinates/chromo3550/geom.xtbopt.xyz,/scratch/jaggbow/mol_xtb_coordinates/chromo3550/mmff.xyz,/scratch/jaggbow/mol_xtb_coordinates/chromo3550/basic.xyz,0,,,,,,
1328,chromo3737,CCn1c2ccccc2c2cc(C=Cc3cc(C=Cc4ccc5c(c4)c4ccccc4n5CC)nc(SC)n3)ccc21,2.9525,0.7404000000000002,3.461,0.5778999999999996,/scratch/jaggbow/mol_xtb_coordinates/chromo3737/geom.xtbopt.xyz,/scratch/jaggbow/mol_xtb_coordinates/chromo3737/mmff.xyz,/scratch/jaggbow/mol_xtb_coordinates/chromo3737/basic.xyz,1,,,,,,
1329,chromo4221,N#CC1=c2c3cccc4c(Br)ccc(c43)n2[B-](F)(F)[n+]2ccccc21,2.5731,0.9774000000000004,2.5736,0.8251999999999999,/scratch/jaggbow/mol_xtb_coordinates/chromo4221/geom.xtbopt.xyz,/scratch/jaggbow/mol_xtb_coordinates/chromo4221/mmff.xyz,/scratch/jaggbow/mol_xtb_coordinates/chromo4221/basic.xyz,0,,,,,,
1330,chromo2475,CN(C)c1nc(N)nc2c1nc(C#N)n2Cc1ccccc1,3.9715,1.2083,4.0656,1.0337,/scratch/jaggbow/mol_xtb_coordinates/chromo2475/geom.xtbopt.xyz,/scratch/jaggbow/mol_xtb_coordinates/chromo2475/mmff.xyz,/scratch/jaggbow/mol_xtb_coordinates/chromo2475/basic.xyz,0,,,,,,
1331,chromo3560,CN(C)c1ccc(C=Cc2cnc(C=Cc3ccc(C#N)cc3)o2)cc1,2.4509,0.8971999999999998,3.0308,0.8906000000000001,/scratch/jaggbow/mol_xtb_coordinates/chromo3560/geom.xtbopt.xyz,/scratch/jaggbow/mol_xtb_coordinates/chromo3560/mmff.xyz,/scratch/jaggbow/mol_xtb_coordinates/chromo3560/basic.xyz,1,,,,,,
1332,chromo0130,Nc1ccc2c3cccc4cccc(c5cccc1c52)c43,2.644,1.197,2.986,1.0307000000000002,/scratch/jaggbow/mol_xtb_coordinates/chromo0130/geom.xtbopt.xyz,/scratch/jaggbow/mol_xtb_coordinates/chromo0130/mmff.xyz,/scratch/jaggbow/mol_xtb_coordinates/chromo0130/basic.xyz,0,,,,,,
1333,chromo3456,CCOC(=O)c1c(-c2c(Cl)c3cc(C)ccc3oc2=O)nn(-c2cccc(Cl)c2)c1C(=O)OCC,3.8644,1.2096999999999998,3.9219,0.8586999999999998,/scratch/jaggbow/mol_xtb_coordinates/chromo3456/geom.xtbopt.xyz,/scratch/jaggbow/mol_xtb_coordinates/chromo3456/mmff.xyz,/scratch/jaggbow/mol_xtb_coordinates/chromo3456/basic.xyz,1,,,,,,
1334,chromo0256,COc1ccc(C=CC2=C3CCc4ccccc4C3=[O+][B-](F)(F)O2)cc1,3.0588,1.0532000000000004,3.0965,0.9720999999999996,/scratch/jaggbow/mol_xtb_coordinates/chromo0256/geom.xtbopt.xyz,/scratch/jaggbow/mol_xtb_coordinates/chromo0256/mmff.xyz,/scratch/jaggbow/mol_xtb_coordinates/chromo0256/basic.xyz,0,,,,,,
1335,chromo1039,CCC1=C(C)C2=C(C=Cc3ccc(OC)cc3)c3c(C)c(CC)c(C)n3[B-](F)(F)[N+]2=C1C,2.677,1.2451,2.7539,1.3109999999999995,/scratch/jaggbow/mol_xtb_coordinates/chromo1039/geom.xtbopt.xyz,/scratch/jaggbow/mol_xtb_coordinates/chromo1039/mmff.xyz,/scratch/jaggbow/mol_xtb_coordinates/chromo1039/basic.xyz,1,,,,,,
1336,chromo2212,O=S(=O)(c1ccc(-c2ccc3c(c2)c2ccccc2n3-c2ccccc2)cc1)c1ccc(-c2ccc3c(c2)c2ccccc2n3-c2ccccc2)cc1,3.6009,0.6467,3.9024,0.4853,/scratch/jaggbow/mol_xtb_coordinates/chromo2212/geom.xtbopt.xyz,/scratch/jaggbow/mol_xtb_coordinates/chromo2212/mmff.xyz,/scratch/jaggbow/mol_xtb_coordinates/chromo2212/basic.xyz,1,,,,,,
1337,chromo2793,CN(C)c1ccc(C=C2CCC(=Cc3ccc(N(C)C)cc3)C2=O)cc1,2.9293,0.8801999999999999,3.2009,0.7471999999999999,/scratch/jaggbow/mol_xtb_coordinates/chromo2793/geom.xtbopt.xyz,/scratch/jaggbow/mol_xtb_coordinates/chromo2793/mmff.xyz,/scratch/jaggbow/mol_xtb_coordinates/chromo2793/basic.xyz,1,,,,,,
1338,chromo2949,O=C(NN=Cc1ccccc1O)c1cccc2ccccc12,3.5365,0.9201,3.9703,0.8481000000000001,/scratch/jaggbow/mol_xtb_coordinates/chromo2949/geom.xtbopt.xyz,/scratch/jaggbow/mol_xtb_coordinates/chromo2949/mmff.xyz,/scratch/jaggbow/mol_xtb_coordinates/chromo2949/basic.xyz,1,,,,,,
1339,chromo2311,CCCCC1=Cc2c3ccc4cccc5ccc(c6cc(-c7ccccc7)n(c26)P1(=O)c1ccccc1)c3c45,2.8188,1.2137,2.9538,0.8525,/scratch/jaggbow/mol_xtb_coordinates/chromo2311/geom.xtbopt.xyz,/scratch/jaggbow/mol_xtb_coordinates/chromo2311/mmff.xyz,/scratch/jaggbow/mol_xtb_coordinates/chromo2311/basic.xyz,0,,,,,,
1340,chromo0478,CCCCN1C(=O)c2cccc3cc(C#CC#Cc4cc5c6c(cccc6c4)C(=O)N(CCCC)C5=O)cc(c23)C1=O,2.9828,1.0378,3.624,0.8214000000000001,/scratch/jaggbow/mol_xtb_coordinates/chromo0478/geom.xtbopt.xyz,/scratch/jaggbow/mol_xtb_coordinates/chromo0478/mmff.xyz,/scratch/jaggbow/mol_xtb_coordinates/chromo0478/basic.xyz,0,,,,,,
1341,chromo5440,O=[N+]([O-])c1cccc2c1ccc1[n+]2[B-](F)(F)n2c-1cc1c3ccccc3c3ccccc3c12,1.9776,0.4620999999999999,2.7979,0.6824999999999997,/scratch/jaggbow/mol_xtb_coordinates/chromo5440/geom.xtbopt.xyz,/scratch/jaggbow/mol_xtb_coordinates/chromo5440/mmff.xyz,/scratch/jaggbow/mol_xtb_coordinates/chromo5440/basic.xyz,0,,,,,,
1342,chromo5508,F[B-]1(F)OC(c2ccccc2)=Cc2cc3[n+](c[n+]21)[B-](F)(F)OC(c1ccccc1)=C3,3.0326,0.9123,3.166,0.8632,/scratch/jaggbow/mol_xtb_coordinates/chromo5508/geom.xtbopt.xyz,/scratch/jaggbow/mol_xtb_coordinates/chromo5508/mmff.xyz,/scratch/jaggbow/mol_xtb_coordinates/chromo5508/basic.xyz,0,,,,,,
1343,chromo2520,Cc1cc(C)c(C2=C3C=C(C=CC(=O)OCc4ccccc4)C=[N+]3[B-](F)(F)n3cccc32)c(C)c1,2.7642,1.1780000000000002,2.8165,1.2378,/scratch/jaggbow/mol_xtb_coordinates/chromo2520/geom.xtbopt.xyz,/scratch/jaggbow/mol_xtb_coordinates/chromo2520/mmff.xyz,/scratch/jaggbow/mol_xtb_coordinates/chromo2520/basic.xyz,1,,,,,,
1344,chromo2835,c1ccc(-c2cc3cc4ccccc4cc3p2-c2ccccc2)cc1,3.5383,1.3201,3.8758,0.9785999999999996,/scratch/jaggbow/mol_xtb_coordinates/chromo2835/geom.xtbopt.xyz,/scratch/jaggbow/mol_xtb_coordinates/chromo2835/mmff.xyz,/scratch/jaggbow/mol_xtb_coordinates/chromo2835/basic.xyz,0,,,,,,
1345,chromo0150,C=CCOc1nnc(OCCC(F)(F)C(F)(F)C(F)(F)C(F)(F)C(F)(F)C(F)(F)C(F)(F)C(F)(F)F)nn1,2.2537,0.7920999999999998,1.8678,0.0019,/scratch/jaggbow/mol_xtb_coordinates/chromo0150/geom.xtbopt.xyz,/scratch/jaggbow/mol_xtb_coordinates/chromo0150/mmff.xyz,/scratch/jaggbow/mol_xtb_coordinates/chromo0150/basic.xyz,0,,,,,,
1346,chromo4015,Oc1ccccc1C=Nc1ccc(Cn2cncn2)cc1,3.6041,1.0347999999999995,3.5724,0.5129000000000001,/scratch/jaggbow/mol_xtb_coordinates/chromo4015/geom.xtbopt.xyz,/scratch/jaggbow/mol_xtb_coordinates/chromo4015/mmff.xyz,/scratch/jaggbow/mol_xtb_coordinates/chromo4015/basic.xyz,1,,,,,,
1347,chromo0748,c1ccc2c(c1)ccc1ccc3c(c12)-c1c(ccc2ccc4ccccc4c12)C3,3.2575,1.0208999999999997,3.5468,0.7156000000000002,/scratch/jaggbow/mol_xtb_coordinates/chromo0748/geom.xtbopt.xyz,/scratch/jaggbow/mol_xtb_coordinates/chromo0748/mmff.xyz,/scratch/jaggbow/mol_xtb_coordinates/chromo0748/basic.xyz,0,,,,,,
1348,chromo0480,CCCCN1C(=O)c2cccc3c(C#CC#Cc4ccc5c6c(cccc46)C(=O)N(CCCC)C5=O)ccc(c23)C1=O,2.6841,0.9982,3.2932,0.7888000000000002,/scratch/jaggbow/mol_xtb_coordinates/chromo0480/geom.xtbopt.xyz,/scratch/jaggbow/mol_xtb_coordinates/chromo0480/mmff.xyz,/scratch/jaggbow/mol_xtb_coordinates/chromo0480/basic.xyz,0,,,,,,
1349,chromo1824,CCN1C(=CC2=C([O-])C(=Cc3sc4ccccc4[n+]3CC)C2=O)Sc2ccccc21,2.201,1.282,2.3535,1.4182,/scratch/jaggbow/mol_xtb_coordinates/chromo1824/geom.xtbopt.xyz,/scratch/jaggbow/mol_xtb_coordinates/chromo1824/mmff.xyz,/scratch/jaggbow/mol_xtb_coordinates/chromo1824/basic.xyz,0,,,,,,
1350,chromo0315,[O-][n+]1c(-c2ccc(Br)cc2)cc(N2CCOCC2)nc1C=Cc1ccccc1,2.6109,0.8777999999999999,2.4844,0.7288999999999999,/scratch/jaggbow/mol_xtb_coordinates/chromo0315/geom.xtbopt.xyz,/scratch/jaggbow/mol_xtb_coordinates/chromo0315/mmff.xyz,/scratch/jaggbow/mol_xtb_coordinates/chromo0315/basic.xyz,0,,,,,,
1351,chromo3470,CCOC(=O)c1c(C(=O)OC)c(-c2cc3cc(OC)ccc3oc2=O)nn1-c1ccccc1,3.5568,1.0851000000000002,3.6213,0.7830000000000004,/scratch/jaggbow/mol_xtb_coordinates/chromo3470/geom.xtbopt.xyz,/scratch/jaggbow/mol_xtb_coordinates/chromo3470/mmff.xyz,/scratch/jaggbow/mol_xtb_coordinates/chromo3470/basic.xyz,1,,,,,,
1352,chromo0837,[BH3-][P+]1(c2ccccc2)c2ccccc2-c2sc3ccccc3c21,3.7047,1.2359999999999998,3.9106,0.9570000000000004,/scratch/jaggbow/mol_xtb_coordinates/chromo0837/geom.xtbopt.xyz,/scratch/jaggbow/mol_xtb_coordinates/chromo0837/mmff.xyz,/scratch/jaggbow/mol_xtb_coordinates/chromo0837/basic.xyz,0,,,,,,
1353,chromo3057,Cc1cc(-c2ccc(C(C)(C)C)cc2)c2nsnc2c1-c1ccc(C(C)(C)C)cc1,2.9844,1.0262,3.812,0.9114,/scratch/jaggbow/mol_xtb_coordinates/chromo3057/geom.xtbopt.xyz,/scratch/jaggbow/mol_xtb_coordinates/chromo3057/mmff.xyz,/scratch/jaggbow/mol_xtb_coordinates/chromo3057/basic.xyz,0,,,,,,
1354,chromo2275,CCCCn1c2ccc(C#N)cc2c2cc(C#N)cc(-c3ccc(N(c4ccccc4)c4ccccc4)cc3)c21,3.4396,0.451,3.8057,0.4175999999999997,/scratch/jaggbow/mol_xtb_coordinates/chromo2275/geom.xtbopt.xyz,/scratch/jaggbow/mol_xtb_coordinates/chromo2275/mmff.xyz,/scratch/jaggbow/mol_xtb_coordinates/chromo2275/basic.xyz,1,,,,,,
1355,chromo2749,COc1ccc2cc(C=CC3=[O+][B-](F)(F)OC(C=Cc4ccc5cc(OC)ccc5c4)=C3c3ccccc3)ccc2c1,2.6371,0.7979000000000003,2.9054,0.8129000000000004,/scratch/jaggbow/mol_xtb_coordinates/chromo2749/geom.xtbopt.xyz,/scratch/jaggbow/mol_xtb_coordinates/chromo2749/mmff.xyz,/scratch/jaggbow/mol_xtb_coordinates/chromo2749/basic.xyz,1,,,,,,
1356,chromo0785,c1ccc(C2=C(c3ccccn3)[Si](c3ccccc3)(c3ccccc3)c3ccccc32)cc1,3.5597,1.3584,3.9054,1.0062000000000002,/scratch/jaggbow/mol_xtb_coordinates/chromo0785/geom.xtbopt.xyz,/scratch/jaggbow/mol_xtb_coordinates/chromo0785/mmff.xyz,/scratch/jaggbow/mol_xtb_coordinates/chromo0785/basic.xyz,0,,,,,,
1357,chromo2646,CC(C)(C)c1ccc(-c2ccc3c(-c4ccc(C(C)(C)C)c5ccccc45)cc4c5cc(-c6ccc(C(C)(C)C)c7ccccc67)ccc5c(-c5ccc(C(C)(C)C)c6ccccc56)cc4c3c2)c2ccccc12,3.3682,1.0132999999999996,3.6992,0.6328,/scratch/jaggbow/mol_xtb_coordinates/chromo2646/geom.xtbopt.xyz,/scratch/jaggbow/mol_xtb_coordinates/chromo2646/mmff.xyz,/scratch/jaggbow/mol_xtb_coordinates/chromo2646/basic.xyz,0,,,,,,
1358,chromo1624,CN(C)c1cc(C#N)c(N(C)C)c(C#N)c1,3.4011,0.5988000000000002,2.6921,0.7664,/scratch/jaggbow/mol_xtb_coordinates/chromo1624/geom.xtbopt.xyz,/scratch/jaggbow/mol_xtb_coordinates/chromo1624/mmff.xyz,/scratch/jaggbow/mol_xtb_coordinates/chromo1624/basic.xyz,1,,,,,,
1359,chromo4603,COc1ccc(-c2cc3c(ccc4sc5ccc6sc(-c7ccc(C#N)cc7)cc6c5c43)s2)cc1,2.853,0.6226000000000003,3.3941,0.5964,/scratch/jaggbow/mol_xtb_coordinates/chromo4603/geom.xtbopt.xyz,/scratch/jaggbow/mol_xtb_coordinates/chromo4603/mmff.xyz,/scratch/jaggbow/mol_xtb_coordinates/chromo4603/basic.xyz,0,,,,,,
1360,chromo0301,CN(C)c1ccc(C=Cc2nc(N3CCOCC3)c3c([n+]2[O-])CCCC3)cc1,2.9645,1.2101000000000002,2.9008,0.8331,/scratch/jaggbow/mol_xtb_coordinates/chromo0301/geom.xtbopt.xyz,/scratch/jaggbow/mol_xtb_coordinates/chromo0301/mmff.xyz,/scratch/jaggbow/mol_xtb_coordinates/chromo0301/basic.xyz,0,,,,,,
1361,chromo2489,COCCOCCOCN1C(=O)c2ccc3c(-c4ccccc4)c4c5ccc6c7c(ccc(c(-c8ccccc8)c4c4ccc(c2c34)C1=O)c75)C(=O)N(COCCOCCOC)C6=O,1.9406,1.1556000000000002,2.4189,1.0692,/scratch/jaggbow/mol_xtb_coordinates/chromo2489/geom.xtbopt.xyz,/scratch/jaggbow/mol_xtb_coordinates/chromo2489/mmff.xyz,/scratch/jaggbow/mol_xtb_coordinates/chromo2489/basic.xyz,0,,,,,,
1362,chromo5565,CCc1c(C)[nH]c(C2=[N+]3C(=Cc4c(C)cc(C)n4[B-]3(F)F)c3ccccc32)c1C,2.3801,1.2173,2.5658,1.2388,/scratch/jaggbow/mol_xtb_coordinates/chromo5565/geom.xtbopt.xyz,/scratch/jaggbow/mol_xtb_coordinates/chromo5565/mmff.xyz,/scratch/jaggbow/mol_xtb_coordinates/chromo5565/basic.xyz,0,,,,,,
1363,chromo2217,FC(F)(F)c1cc2n(n1)[B-]1(c3ccccc3Oc3ccccc31)[n+]1ccc3ccccc3c1-2,2.2361,0.0179999999999997,3.5729,0.8294000000000001,/scratch/jaggbow/mol_xtb_coordinates/chromo2217/geom.xtbopt.xyz,/scratch/jaggbow/mol_xtb_coordinates/chromo2217/mmff.xyz,/scratch/jaggbow/mol_xtb_coordinates/chromo2217/basic.xyz,0,,,,,,
1364,chromo2531,Cc1cc(C)c(C2=C3C=C(C=CC(=O)OC(C)(C)C)C=[N+]3[B-](F)(F)n3c2ccc3N2CCOCC2)c(C)c1,2.6848,1.2831,2.7191,1.3659,/scratch/jaggbow/mol_xtb_coordinates/chromo2531/geom.xtbopt.xyz,/scratch/jaggbow/mol_xtb_coordinates/chromo2531/mmff.xyz,/scratch/jaggbow/mol_xtb_coordinates/chromo2531/basic.xyz,1,,,,,,
1365,chromo2991,COCc1ncc(-c2c3ccccc3c(-c3cnc(COC)nc3)c3ccccc23)cn1,3.0901,1.3755000000000002,3.1838,0.9854000000000004,/scratch/jaggbow/mol_xtb_coordinates/chromo2991/geom.xtbopt.xyz,/scratch/jaggbow/mol_xtb_coordinates/chromo2991/mmff.xyz,/scratch/jaggbow/mol_xtb_coordinates/chromo2991/basic.xyz,1,,,,,,
1366,chromo2943,COc1cc2c(cc1C=CC(=C(C#N)C#N)c1ccccc1)c1ccccc1n2C,2.877,1.1733999999999998,3.2071,1.0267,/scratch/jaggbow/mol_xtb_coordinates/chromo2943/geom.xtbopt.xyz,/scratch/jaggbow/mol_xtb_coordinates/chromo2943/mmff.xyz,/scratch/jaggbow/mol_xtb_coordinates/chromo2943/basic.xyz,1,,,,,,
1367,chromo4524,CCCCCCCCOc1ccc(C#Cc2ccc3c(c2)c2ccccc2n3CCCCCCCC)c(OCCCCCCCC)c1,3.648,0.8827000000000003,3.7622,0.4474,/scratch/jaggbow/mol_xtb_coordinates/chromo4524/geom.xtbopt.xyz,/scratch/jaggbow/mol_xtb_coordinates/chromo4524/mmff.xyz,/scratch/jaggbow/mol_xtb_coordinates/chromo4524/basic.xyz,1,,,,,,
1368,chromo2472,CNc1ncc2nc(C#N)n(Cc3ccccc3)c2n1,3.8009,1.2052,3.9789,1.0120999999999998,/scratch/jaggbow/mol_xtb_coordinates/chromo2472/geom.xtbopt.xyz,/scratch/jaggbow/mol_xtb_coordinates/chromo2472/mmff.xyz,/scratch/jaggbow/mol_xtb_coordinates/chromo2472/basic.xyz,0,,,,,,
1369,chromo4890,CC1=C(c2cccs2)C(C)=[N+]2C1=C(c1ccccc1)c1c(C)c(-c3cccs3)c(C)n1[B-]2(F)F,2.6166,1.122,2.4967,1.0248000000000002,/scratch/jaggbow/mol_xtb_coordinates/chromo4890/geom.xtbopt.xyz,/scratch/jaggbow/mol_xtb_coordinates/chromo4890/mmff.xyz,/scratch/jaggbow/mol_xtb_coordinates/chromo4890/basic.xyz,1,,,,,,
1370,chromo0569,CN(C)c1ccc(-c2nc(-c3ccccc3)c3ccccn23)cc1,3.0792,0.9013,3.2032,0.6231999999999998,/scratch/jaggbow/mol_xtb_coordinates/chromo0569/geom.xtbopt.xyz,/scratch/jaggbow/mol_xtb_coordinates/chromo0569/mmff.xyz,/scratch/jaggbow/mol_xtb_coordinates/chromo0569/basic.xyz,0,,,,,,
1371,chromo0836,c1ccc(-p2c3ccccc3c3sc4ccccc4c32)cc1,3.776,1.2554999999999996,3.9007,0.9461,/scratch/jaggbow/mol_xtb_coordinates/chromo0836/geom.xtbopt.xyz,/scratch/jaggbow/mol_xtb_coordinates/chromo0836/mmff.xyz,/scratch/jaggbow/mol_xtb_coordinates/chromo0836/basic.xyz,0,,,,,,
1372,chromo3016,CCCCCCc1ccc2c3c(ccc2c1)O[B-](F)(F)[N+](c1cc([N+]2=Cc4c(ccc5cc(CCCCCC)ccc45)O[B-]2(F)F)cc([N+]2=Cc4c(ccc5cc(CCCCCC)ccc45)O[B-]2(F)F)c1)=C3,2.9776,0.8752,3.0369,0.8472,/scratch/jaggbow/mol_xtb_coordinates/chromo3016/geom.xtbopt.xyz,/scratch/jaggbow/mol_xtb_coordinates/chromo3016/mmff.xyz,/scratch/jaggbow/mol_xtb_coordinates/chromo3016/basic.xyz,0,,,,,,
1373,chromo4453,c1ccc2c(c1)c1ccccc1c1ncncc21,3.9615,1.0361000000000002,4.0218,0.1903999999999999,/scratch/jaggbow/mol_xtb_coordinates/chromo4453/geom.xtbopt.xyz,/scratch/jaggbow/mol_xtb_coordinates/chromo4453/mmff.xyz,/scratch/jaggbow/mol_xtb_coordinates/chromo4453/basic.xyz,0,,,,,,
1374,chromo4461,CCN1c2ccc(C=C(C#N)c3ccccc3)cc2Sc2cc(C=C(C#N)c3ccccc3)ccc21,2.6662,0.6995,2.5463,0.4401000000000001,/scratch/jaggbow/mol_xtb_coordinates/chromo4461/geom.xtbopt.xyz,/scratch/jaggbow/mol_xtb_coordinates/chromo4461/mmff.xyz,/scratch/jaggbow/mol_xtb_coordinates/chromo4461/basic.xyz,0,,,,,,
1375,chromo2496,C(=Cc1ncc2ccccc2n1)c1ccc(-c2ccc(N(c3ccccc3)c3ccccc3)cc2)cc1,2.6709,0.6541000000000001,3.6452,0.7142,/scratch/jaggbow/mol_xtb_coordinates/chromo2496/geom.xtbopt.xyz,/scratch/jaggbow/mol_xtb_coordinates/chromo2496/mmff.xyz,/scratch/jaggbow/mol_xtb_coordinates/chromo2496/basic.xyz,0,,,,,,
1376,chromo4904,c1ccc2cc(-c3c4ccccc4c(-c4ccc(-n5c6ccccc6c6ccccc65)cc4)c4ccccc34)ccc2c1,3.1184,1.3869999999999998,3.282,0.9965000000000002,/scratch/jaggbow/mol_xtb_coordinates/chromo4904/geom.xtbopt.xyz,/scratch/jaggbow/mol_xtb_coordinates/chromo4904/mmff.xyz,/scratch/jaggbow/mol_xtb_coordinates/chromo4904/basic.xyz,1,,,,,,
1377,chromo1028,COc1ccc(C2=C3C(C=Cc4cc(OC)c(OC)c(OC)c4)=C(C=O)C(C=Cc4cc(OC)c(OC)c(OC)c4)=[N+]3[B-](F)(F)n3c(C=Cc4cc(OC)c(OC)c(OC)c4)c(C=O)c(C=Cc4cc(OC)c(OC)c(OC)c4)c32)cc1,1.7192,0.7604000000000001,2.2655,0.7409999999999999,/scratch/jaggbow/mol_xtb_coordinates/chromo1028/geom.xtbopt.xyz,/scratch/jaggbow/mol_xtb_coordinates/chromo1028/mmff.xyz,/scratch/jaggbow/mol_xtb_coordinates/chromo1028/basic.xyz,1,,,,,,
1378,chromo1788,CCCCC(CC)COc1ccc2nc(-c3ccc(-c4ccc(N(C)C)cc4)s3)sc2c1,3.0115,0.9892999999999996,3.3102,0.8502000000000001,/scratch/jaggbow/mol_xtb_coordinates/chromo1788/geom.xtbopt.xyz,/scratch/jaggbow/mol_xtb_coordinates/chromo1788/mmff.xyz,/scratch/jaggbow/mol_xtb_coordinates/chromo1788/basic.xyz,1,,,,,,
1379,chromo1889,c1ccc2c(c1)c1ccccc1c1[nH]c(-c3ccc(-c4nc5c6ccccc6c6ccccc6c5[nH]4)cc3)nc21,3.0667,0.7841999999999998,3.5331,0.5076,/scratch/jaggbow/mol_xtb_coordinates/chromo1889/geom.xtbopt.xyz,/scratch/jaggbow/mol_xtb_coordinates/chromo1889/mmff.xyz,/scratch/jaggbow/mol_xtb_coordinates/chromo1889/basic.xyz,0,,,,,,
1380,chromo1027,COc1ccc(C2=C3C(C=Cc4cc(OC)c(OC)c(OC)c4)=C(C=O)C(C)=[N+]3[B-](F)(F)n3c(C=Cc4cc(OC)c(OC)c(OC)c4)c(C=O)c(C=Cc4cc(OC)c(OC)c(OC)c4)c32)cc1,1.8929,0.8388,2.326,0.8354000000000001,/scratch/jaggbow/mol_xtb_coordinates/chromo1027/geom.xtbopt.xyz,/scratch/jaggbow/mol_xtb_coordinates/chromo1027/mmff.xyz,/scratch/jaggbow/mol_xtb_coordinates/chromo1027/basic.xyz,1,,,,,,
1381,chromo3022,Cc1nc2ccc(C=Cc3ccc(N(C)C)cc3)cc2nc1-c1ccccc1,2.8148,0.8136000000000001,3.149,0.6478000000000002,/scratch/jaggbow/mol_xtb_coordinates/chromo3022/geom.xtbopt.xyz,/scratch/jaggbow/mol_xtb_coordinates/chromo3022/mmff.xyz,/scratch/jaggbow/mol_xtb_coordinates/chromo3022/basic.xyz,0,,,,,,
1382,chromo5041,CC1(C)c2ccccc2-c2cc3c4cc(-n5c6ccccc6c6ccccc65)ccc4n(-c4ccc(-c5nc(-c6ccccc6)nc(-c6ccccc6)n5)cc4)c3cc21,2.7405,0.1551999999999997,3.7718,0.4177999999999997,/scratch/jaggbow/mol_xtb_coordinates/chromo5041/geom.xtbopt.xyz,/scratch/jaggbow/mol_xtb_coordinates/chromo5041/mmff.xyz,/scratch/jaggbow/mol_xtb_coordinates/chromo5041/basic.xyz,0,,,,,,
1383,chromo0994,CC1=C(C#Cc2ccc(B(c3c(C)cc(C)cc3C)c3c(C)cc(C)cc3C)cc2)C(C)=[N+]2C1=C(c1ccccc1)c1c(C)c(C#Cc3ccc(B(c4c(C)cc(C)cc4C)c4c(C)cc(C)cc4C)cc3)c(C)n1[B-]2(F)F,2.2606,0.8083000000000002,2.6107,1.0553,/scratch/jaggbow/mol_xtb_coordinates/chromo0994/geom.xtbopt.xyz,/scratch/jaggbow/mol_xtb_coordinates/chromo0994/mmff.xyz,/scratch/jaggbow/mol_xtb_coordinates/chromo0994/basic.xyz,1,,,,,,
1384,chromo1662,CC1=CC(C)=[N+]2C1=C(c1c(-c3ccccn3)nc3ccccn13)c1c(C)cc(C)n1[B-]2(F)F,2.5269,1.1043999999999998,2.8523,1.4126,/scratch/jaggbow/mol_xtb_coordinates/chromo1662/geom.xtbopt.xyz,/scratch/jaggbow/mol_xtb_coordinates/chromo1662/mmff.xyz,/scratch/jaggbow/mol_xtb_coordinates/chromo1662/basic.xyz,1,,,,,,
1385,chromo3708,COc1ccc(C#Cc2cc(C#Cc3ccc(OC)cc3)c(C#Cc3ccc(OC)cc3)c(C#Cc3ccc(OC)cc3)c2C#Cc2ccc(OC)cc2)cc1,2.7969,0.9097,3.7163,0.5918999999999999,/scratch/jaggbow/mol_xtb_coordinates/chromo3708/geom.xtbopt.xyz,/scratch/jaggbow/mol_xtb_coordinates/chromo3708/mmff.xyz,/scratch/jaggbow/mol_xtb_coordinates/chromo3708/basic.xyz,1,,,,,,
1386,chromo1525,CCCCCCCCCCCCN1C(=O)c2c(c3ccc4cc(-c5ccc(F)cc5)c(OC)cc4c3c3c2ccc2cc(-c4ccc(F)cc4)c(OC)cc23)C1=O,2.5648,0.5671999999999999,2.8484,0.3487,/scratch/jaggbow/mol_xtb_coordinates/chromo1525/geom.xtbopt.xyz,/scratch/jaggbow/mol_xtb_coordinates/chromo1525/mmff.xyz,/scratch/jaggbow/mol_xtb_coordinates/chromo1525/basic.xyz,0,,,,,,
1387,chromo4168,CCN1c2ccc(C=NNc3ccccn3)cc2Sc2cc(-c3ccccc3)ccc21,3.2101,0.9726000000000004,2.9272,0.4582000000000001,/scratch/jaggbow/mol_xtb_coordinates/chromo4168/geom.xtbopt.xyz,/scratch/jaggbow/mol_xtb_coordinates/chromo4168/mmff.xyz,/scratch/jaggbow/mol_xtb_coordinates/chromo4168/basic.xyz,0,,,,,,
1388,chromo3373,COc1cc(OC)cc(-c2ccc(C3=CC(c4ccccc4)=C(c4ccccc4)C3)cc2)c1,3.118,1.325,3.2016,0.9725,/scratch/jaggbow/mol_xtb_coordinates/chromo3373/geom.xtbopt.xyz,/scratch/jaggbow/mol_xtb_coordinates/chromo3373/mmff.xyz,/scratch/jaggbow/mol_xtb_coordinates/chromo3373/basic.xyz,1,,,,,,
1389,chromo4181,CCN(CC)c1ccc(N=Nc2nc3ccc(Br)cc3s2)cc1,2.5922,0.9785,1.8211,0.2854999999999998,/scratch/jaggbow/mol_xtb_coordinates/chromo4181/geom.xtbopt.xyz,/scratch/jaggbow/mol_xtb_coordinates/chromo4181/mmff.xyz,/scratch/jaggbow/mol_xtb_coordinates/chromo4181/basic.xyz,1,,,,,,
1390,chromo1181,Cc1ccc(-n2c(-c3ccccc3[N-]S(=O)(=O)c3ccc(C)cc3)[nH+]c3c4ccccc4c4ccccc4c32)cc1,3.6488,0.9435000000000002,1.7155,0.2002999999999999,/scratch/jaggbow/mol_xtb_coordinates/chromo1181/geom.xtbopt.xyz,/scratch/jaggbow/mol_xtb_coordinates/chromo1181/mmff.xyz,/scratch/jaggbow/mol_xtb_coordinates/chromo1181/basic.xyz,0,,,,,,
1391,chromo0801,CC1(C)C2=C(c3ccccc31)S(=O)(=O)c1ccccc12,3.4299,1.2681,3.7113,0.9249999999999998,/scratch/jaggbow/mol_xtb_coordinates/chromo0801/geom.xtbopt.xyz,/scratch/jaggbow/mol_xtb_coordinates/chromo0801/mmff.xyz,/scratch/jaggbow/mol_xtb_coordinates/chromo0801/basic.xyz,0,,,,,,
1392,chromo1126,Cc1ccc(C2=[N+]3C(=Nc4c5ccccc5c(-c5ccc(C)s5)n4[B-]3(F)F)c3ccccc32)s1,1.8859,1.3562,2.2779,1.3853,/scratch/jaggbow/mol_xtb_coordinates/chromo1126/geom.xtbopt.xyz,/scratch/jaggbow/mol_xtb_coordinates/chromo1126/mmff.xyz,/scratch/jaggbow/mol_xtb_coordinates/chromo1126/basic.xyz,0,,,,,,
1393,chromo2221,COc1cc(OC)cc(C2=[O+][B-](F)(F)OC(c3ccccc3)=C2)c1,3.0559,0.5943,3.1082,0.6585999999999999,/scratch/jaggbow/mol_xtb_coordinates/chromo2221/geom.xtbopt.xyz,/scratch/jaggbow/mol_xtb_coordinates/chromo2221/mmff.xyz,/scratch/jaggbow/mol_xtb_coordinates/chromo2221/basic.xyz,1,,,,,,
1394,chromo2285,O=[N+]([O-])c1ccc([N+]2=CC3=C(O[B-]2(F)F)c2ccccc2SC3)cc1,2.8687,0.7185999999999999,2.7617,0.7258999999999998,/scratch/jaggbow/mol_xtb_coordinates/chromo2285/geom.xtbopt.xyz,/scratch/jaggbow/mol_xtb_coordinates/chromo2285/mmff.xyz,/scratch/jaggbow/mol_xtb_coordinates/chromo2285/basic.xyz,0,,,,,,
1395,chromo4670,N#CC(C#N)=C(C=Cc1ccc(N(c2ccccc2)c2ccc(C=CC(=C(C#N)C#N)c3ccccc3)cc2)cc1)c1ccccc1,2.3419,0.7639999999999998,2.8402,0.6772,/scratch/jaggbow/mol_xtb_coordinates/chromo4670/geom.xtbopt.xyz,/scratch/jaggbow/mol_xtb_coordinates/chromo4670/mmff.xyz,/scratch/jaggbow/mol_xtb_coordinates/chromo4670/basic.xyz,1,,,,,,
1396,chromo0046,ClP1(Cl)=NP(Cl)(Oc2ccc3ccc4cccc5ccc2c3c45)=NP(Cl)(Oc2ccc3ccc4cccc5ccc2c3c45)=N1,3.3501,1.2578999999999998,2.7372,0.0618000000000003,/scratch/jaggbow/mol_xtb_coordinates/chromo0046/geom.xtbopt.xyz,/scratch/jaggbow/mol_xtb_coordinates/chromo0046/mmff.xyz,/scratch/jaggbow/mol_xtb_coordinates/chromo0046/basic.xyz,1,,,,,,
1397,chromo0777,CN(C)c1ccc(C=Cc2ccnc(C=Cc3ccc(N(C)C)cc3)n2)cc1,3.0144,0.8803000000000001,3.4015,0.8054999999999999,/scratch/jaggbow/mol_xtb_coordinates/chromo0777/geom.xtbopt.xyz,/scratch/jaggbow/mol_xtb_coordinates/chromo0777/mmff.xyz,/scratch/jaggbow/mol_xtb_coordinates/chromo0777/basic.xyz,1,,,,,,
1398,chromo2082,O=P(c1ccc(N2c3ccccc3Oc3ccccc32)cc1)(c1ccc(N2c3ccccc3Oc3ccccc32)cc1)c1ccc(N2c3ccccc3Oc3ccccc32)cc1,2.7225,0.0182999999999999,3.094,0.3677999999999999,/scratch/jaggbow/mol_xtb_coordinates/chromo2082/geom.xtbopt.xyz,/scratch/jaggbow/mol_xtb_coordinates/chromo2082/mmff.xyz,/scratch/jaggbow/mol_xtb_coordinates/chromo2082/basic.xyz,0,,,,,,
1399,chromo0913,C[Si]1(C)c2cc(-c3ccc(-c4cccs4)s3)ccc2C=Cc2ccc(-c3ccc(-c4cccs4)s3)cc21,2.8104,0.8916999999999999,3.2559,0.7448000000000001,/scratch/jaggbow/mol_xtb_coordinates/chromo0913/geom.xtbopt.xyz,/scratch/jaggbow/mol_xtb_coordinates/chromo0913/mmff.xyz,/scratch/jaggbow/mol_xtb_coordinates/chromo0913/basic.xyz,0,,,,,,
1400,chromo4920,c1ccc(N(c2ccccc2)c2ccc3c(ccc4nc5ccc6cc(N(c7ccccc7)c7ccccc7)ccc6c5nc43)c2)cc1,2.5882,0.4428000000000001,3.1332,0.3677999999999999,/scratch/jaggbow/mol_xtb_coordinates/chromo4920/geom.xtbopt.xyz,/scratch/jaggbow/mol_xtb_coordinates/chromo4920/mmff.xyz,/scratch/jaggbow/mol_xtb_coordinates/chromo4920/basic.xyz,0,,,,,,
1401,chromo2446,COC(=O)c1cc(=O)n(C)c2cc(-c3ccc(N4CCN(C)CC4)cc3)sc12,2.8779,1.0356,3.0536,0.9655,/scratch/jaggbow/mol_xtb_coordinates/chromo2446/geom.xtbopt.xyz,/scratch/jaggbow/mol_xtb_coordinates/chromo2446/mmff.xyz,/scratch/jaggbow/mol_xtb_coordinates/chromo2446/basic.xyz,1,,,,,,
1402,chromo1828,CC[n+]1c(C=C2C(=O)C(C=C3N(C)c4ccccc4C3(C)C)=C2[O-])[se]c2ccccc21,2.2149,1.2623000000000002,2.6644,1.3033,/scratch/jaggbow/mol_xtb_coordinates/chromo1828/geom.xtbopt.xyz,/scratch/jaggbow/mol_xtb_coordinates/chromo1828/mmff.xyz,/scratch/jaggbow/mol_xtb_coordinates/chromo1828/basic.xyz,0,,,,,,
1403,chromo2216,FC(F)(F)c1cc2n(n1)[B-]1(c3ccccc3-c3ccccc31)[n+]1ccc3ccccc3c1-2,2.2325,0.0383999999999997,3.5637,0.8196999999999997,/scratch/jaggbow/mol_xtb_coordinates/chromo2216/geom.xtbopt.xyz,/scratch/jaggbow/mol_xtb_coordinates/chromo2216/mmff.xyz,/scratch/jaggbow/mol_xtb_coordinates/chromo2216/basic.xyz,0,,,,,,
1404,chromo0328,CCN(CC)c1ccc2ccc(=O)oc2c1,3.7376,1.2282000000000002,3.6632,1.0042,/scratch/jaggbow/mol_xtb_coordinates/chromo0328/geom.xtbopt.xyz,/scratch/jaggbow/mol_xtb_coordinates/chromo0328/mmff.xyz,/scratch/jaggbow/mol_xtb_coordinates/chromo0328/basic.xyz,1,,,,,,
1405,chromo3453,CCOC(=O)c1c(-c2c(Cl)c3ccccc3oc2=O)nn(-c2ccc(Br)cc2)c1C(=O)OCC,3.7765,1.0956,3.9589,0.8699999999999997,/scratch/jaggbow/mol_xtb_coordinates/chromo3453/geom.xtbopt.xyz,/scratch/jaggbow/mol_xtb_coordinates/chromo3453/mmff.xyz,/scratch/jaggbow/mol_xtb_coordinates/chromo3453/basic.xyz,1,,,,,,
1406,chromo3475,CCOC(=O)c1c(-c2cc3ccc(OC)cc3oc2=O)nn(-c2cccc(Cl)c2)c1C(=O)OCC,3.8472,1.2820999999999998,3.8209,0.9081,/scratch/jaggbow/mol_xtb_coordinates/chromo3475/geom.xtbopt.xyz,/scratch/jaggbow/mol_xtb_coordinates/chromo3475/mmff.xyz,/scratch/jaggbow/mol_xtb_coordinates/chromo3475/basic.xyz,1,,,,,,
1407,chromo2502,CN(C)c1ccc(-c2ncnc3ccccc23)cc1,3.2916,0.7569999999999997,3.4832,0.6501999999999999,/scratch/jaggbow/mol_xtb_coordinates/chromo2502/geom.xtbopt.xyz,/scratch/jaggbow/mol_xtb_coordinates/chromo2502/mmff.xyz,/scratch/jaggbow/mol_xtb_coordinates/chromo2502/basic.xyz,0,,,,,,
1408,chromo0340,CN(C)c1ccc(-c2nc3c(c4c2-c2ccccc2CC4)-c2ccccc2CC3)cc1,3.3562,0.7605999999999997,3.8641,0.5914999999999999,/scratch/jaggbow/mol_xtb_coordinates/chromo0340/geom.xtbopt.xyz,/scratch/jaggbow/mol_xtb_coordinates/chromo0340/mmff.xyz,/scratch/jaggbow/mol_xtb_coordinates/chromo0340/basic.xyz,0,,,,,,
1409,chromo2081,O=P(c1ccccc1)(c1ccc(N2c3ccccc3Oc3ccccc32)cc1)c1ccc(N2c3ccccc3Oc3ccccc32)cc1,2.7957,0.0171999999999998,3.1347,0.3746,/scratch/jaggbow/mol_xtb_coordinates/chromo2081/geom.xtbopt.xyz,/scratch/jaggbow/mol_xtb_coordinates/chromo2081/mmff.xyz,/scratch/jaggbow/mol_xtb_coordinates/chromo2081/basic.xyz,0,,,,,,
1410,chromo5468,N#CC1N=c2cc3c4c(cccc4c2=NC1C#N)C(c1ccccc1)=C(c1ccccc1)O3,2.2968,0.8646000000000003,2.2372,0.679,/scratch/jaggbow/mol_xtb_coordinates/chromo5468/geom.xtbopt.xyz,/scratch/jaggbow/mol_xtb_coordinates/chromo5468/mmff.xyz,/scratch/jaggbow/mol_xtb_coordinates/chromo5468/basic.xyz,0,,,,,,
1411,chromo1111,F[B-]1(F)n2c(-c3cccs3)cc(-c3ccccc3)c2N=C2C(c3ccccc3)=CC(c3cccs3)=[N+]21,2.0607,1.2926000000000002,2.4256,1.3402000000000005,/scratch/jaggbow/mol_xtb_coordinates/chromo1111/geom.xtbopt.xyz,/scratch/jaggbow/mol_xtb_coordinates/chromo1111/mmff.xyz,/scratch/jaggbow/mol_xtb_coordinates/chromo1111/basic.xyz,0,,,,,,
1412,chromo1223,CC1=[N+]2C(=Cc3cccn3[B-]2(F)F)C=C1,3.1191,1.5757,3.0267,1.5772,/scratch/jaggbow/mol_xtb_coordinates/chromo1223/geom.xtbopt.xyz,/scratch/jaggbow/mol_xtb_coordinates/chromo1223/mmff.xyz,/scratch/jaggbow/mol_xtb_coordinates/chromo1223/basic.xyz,1,,,,,,
1413,chromo4053,Cc1c(C)c(-c2cccnc2)c(C)c(C)c1B(c1c(C)c(C)c(-c2cccnc2)c(C)c1C)c1c(C)c(C)c(-c2cccnc2)c(C)c1C,3.6785,0.5285000000000002,4.0586,0.2781000000000002,/scratch/jaggbow/mol_xtb_coordinates/chromo4053/geom.xtbopt.xyz,/scratch/jaggbow/mol_xtb_coordinates/chromo4053/mmff.xyz,/scratch/jaggbow/mol_xtb_coordinates/chromo4053/basic.xyz,1,,,,,,
1414,chromo3472,CCOC(=O)c1c(-c2cc3cc(OC)ccc3oc2=O)nn(-c2cccc(Cl)c2)c1C(=O)OCC,3.5466,1.0753000000000004,3.6136,0.7456,/scratch/jaggbow/mol_xtb_coordinates/chromo3472/geom.xtbopt.xyz,/scratch/jaggbow/mol_xtb_coordinates/chromo3472/mmff.xyz,/scratch/jaggbow/mol_xtb_coordinates/chromo3472/basic.xyz,1,,,,,,
1415,chromo4765,CCCCCCOc1cc(N(CC)CC)ccc1C=C(C#N)c1ccc(C=CC(=C(C#N)C#N)c2ccc3c(c2)c2ccccc2n3CC)s1,2.2239,0.9775,2.6516,0.8140000000000003,/scratch/jaggbow/mol_xtb_coordinates/chromo4765/geom.xtbopt.xyz,/scratch/jaggbow/mol_xtb_coordinates/chromo4765/mmff.xyz,/scratch/jaggbow/mol_xtb_coordinates/chromo4765/basic.xyz,1,,,,,,
1416,chromo0249,COc1ccc2c(c1)CCC1=C(C#Cc3ccccc3)O[B-](F)(F)[O+]=C12,3.141,1.0101,3.2223,0.9483,/scratch/jaggbow/mol_xtb_coordinates/chromo0249/geom.xtbopt.xyz,/scratch/jaggbow/mol_xtb_coordinates/chromo0249/mmff.xyz,/scratch/jaggbow/mol_xtb_coordinates/chromo0249/basic.xyz,0,,,,,,
1417,chromo1437,CCCCN(CCCC)c1ccc2nc3c4ccccc4c(=O)c(-c4c5ccccc5cc5ccccc45)c-3oc2c1,1.8049,0.1896,2.7634,1.0729,/scratch/jaggbow/mol_xtb_coordinates/chromo1437/geom.xtbopt.xyz,/scratch/jaggbow/mol_xtb_coordinates/chromo1437/mmff.xyz,/scratch/jaggbow/mol_xtb_coordinates/chromo1437/basic.xyz,0,,,,,,
1418,chromo2425,COC(=O)c1cc(=O)n(C)c2cc(-c3ccc(OC)cc3)sc12,3.0308,1.1442,3.0728,0.9731,/scratch/jaggbow/mol_xtb_coordinates/chromo2425/geom.xtbopt.xyz,/scratch/jaggbow/mol_xtb_coordinates/chromo2425/mmff.xyz,/scratch/jaggbow/mol_xtb_coordinates/chromo2425/basic.xyz,1,,,,,,
1419,chromo3482,CCOC(=O)c1c(-c2cc3cc4c(cc3oc2=O)OC(C)(C)CC4)nn(-c2ccccc2)c1C(=O)OCC,3.7229,1.1959,3.7526,0.8880000000000003,/scratch/jaggbow/mol_xtb_coordinates/chromo3482/geom.xtbopt.xyz,/scratch/jaggbow/mol_xtb_coordinates/chromo3482/mmff.xyz,/scratch/jaggbow/mol_xtb_coordinates/chromo3482/basic.xyz,0,,,,,,
1420,chromo5450,N#Cc1cc(C=Cc2ccc(C=Cc3ccc(N(c4ccccc4)c4ccccc4)cc3)c(C#N)c2)ccc1C=Cc1ccc(N(c2ccccc2)c2ccccc2)cc1,2.2719,0.6971,3.041,0.5137999999999998,/scratch/jaggbow/mol_xtb_coordinates/chromo5450/geom.xtbopt.xyz,/scratch/jaggbow/mol_xtb_coordinates/chromo5450/mmff.xyz,/scratch/jaggbow/mol_xtb_coordinates/chromo5450/basic.xyz,1,,,,,,
1421,chromo4598,N#Cc1ccc(-c2cc3c(ccc4sccc43)s2)cc1,3.4217,1.0790000000000002,3.7268,0.9005000000000001,/scratch/jaggbow/mol_xtb_coordinates/chromo4598/geom.xtbopt.xyz,/scratch/jaggbow/mol_xtb_coordinates/chromo4598/mmff.xyz,/scratch/jaggbow/mol_xtb_coordinates/chromo4598/basic.xyz,0,,,,,,
1422,chromo4621,CCOC(=O)c1sc(-c2ccc(-c3cc(-c4cccs4)c(C(=O)OCC)s3)s2)cc1-c1cccs1,2.8871,1.1444000000000003,3.1924,0.9838,/scratch/jaggbow/mol_xtb_coordinates/chromo4621/geom.xtbopt.xyz,/scratch/jaggbow/mol_xtb_coordinates/chromo4621/mmff.xyz,/scratch/jaggbow/mol_xtb_coordinates/chromo4621/basic.xyz,0,,,,,,
1423,chromo2831,COc1ccc(C2=Cc3ccccc3P2(=O)c2ccccc2)cc1,3.364,1.2041,3.8919,1.0591,/scratch/jaggbow/mol_xtb_coordinates/chromo2831/geom.xtbopt.xyz,/scratch/jaggbow/mol_xtb_coordinates/chromo2831/mmff.xyz,/scratch/jaggbow/mol_xtb_coordinates/chromo2831/basic.xyz,0,,,,,,
1424,chromo3473,CCOC(=O)c1c(-c2cc3ccc(OC)cc3oc2=O)nn(-c2ccccc2)c1C(=O)OCC,3.8468,1.2784,3.808,0.9124999999999996,/scratch/jaggbow/mol_xtb_coordinates/chromo3473/geom.xtbopt.xyz,/scratch/jaggbow/mol_xtb_coordinates/chromo3473/mmff.xyz,/scratch/jaggbow/mol_xtb_coordinates/chromo3473/basic.xyz,1,,,,,,
1425,chromo3300,CCCCCCN1C(=O)c2cccc3c(-c4ccc(-c5cc(-c6ccc(Cl)cc6)nn5-c5ccccc5)s4)ccc(c23)C1=O,2.882,0.8092999999999999,3.1408,0.6713,/scratch/jaggbow/mol_xtb_coordinates/chromo3300/geom.xtbopt.xyz,/scratch/jaggbow/mol_xtb_coordinates/chromo3300/mmff.xyz,/scratch/jaggbow/mol_xtb_coordinates/chromo3300/basic.xyz,0,,,,,,
1426,chromo3556,C(#Cc1ncc(-c2ccccc2)o1)c1cccnc1,3.5376,1.2432,3.9263,0.9745999999999996,/scratch/jaggbow/mol_xtb_coordinates/chromo3556/geom.xtbopt.xyz,/scratch/jaggbow/mol_xtb_coordinates/chromo3556/mmff.xyz,/scratch/jaggbow/mol_xtb_coordinates/chromo3556/basic.xyz,0,,,,,,
1427,chromo4110,CCCCCCc1ccc(-n2c3[n+](c4c5ccccc5c5ccccc5c42)[B-](C)(C)c2ccccc2-3)cc1,3.6975,0.9413999999999998,3.7714,0.4512999999999998,/scratch/jaggbow/mol_xtb_coordinates/chromo4110/geom.xtbopt.xyz,/scratch/jaggbow/mol_xtb_coordinates/chromo4110/mmff.xyz,/scratch/jaggbow/mol_xtb_coordinates/chromo4110/basic.xyz,0,,,,,,
1428,chromo4992,CC(C)(C)c1ccc2c(c1)c1cc(C(C)(C)C)ccc1n2-c1ccccc1-c1nc(-c2ccccc2P(=O)(c2ccccc2)c2ccccc2)nc(-c2ccccc2P(=O)(c2ccccc2)c2ccccc2)n1,2.6461,0.0613000000000001,3.4772,0.2404999999999999,/scratch/jaggbow/mol_xtb_coordinates/chromo4992/geom.xtbopt.xyz,/scratch/jaggbow/mol_xtb_coordinates/chromo4992/mmff.xyz,/scratch/jaggbow/mol_xtb_coordinates/chromo4992/basic.xyz,1,,,,,,
1429,chromo5221,CCCCN1C(=O)C(=CC=C2N(CCCC)c3ccccc3N2CCCC)C(=O)N(CCCC)C1=S,2.7324,0.6318000000000001,3.0372,1.0234,/scratch/jaggbow/mol_xtb_coordinates/chromo5221/geom.xtbopt.xyz,/scratch/jaggbow/mol_xtb_coordinates/chromo5221/mmff.xyz,/scratch/jaggbow/mol_xtb_coordinates/chromo5221/basic.xyz,0,,,,,,
1430,chromo5262,CC1=[N+]2C(=C(c3c4ccccc4c(C)c4ccccc34)c3ccc(C)n3[B-]2(F)F)C=C1,2.1715,0.6712,2.9396,1.4674,/scratch/jaggbow/mol_xtb_coordinates/chromo5262/geom.xtbopt.xyz,/scratch/jaggbow/mol_xtb_coordinates/chromo5262/mmff.xyz,/scratch/jaggbow/mol_xtb_coordinates/chromo5262/basic.xyz,1,,,,,,
1431,chromo5269,CCC1=C(C)C2=C(c3c4ccccc4cc4ccccc34)c3c(C)c(CC)c(C)n3[B-](F)(F)[N+]2=C1C,2.5239,1.0740999999999998,2.7952,1.3423999999999998,/scratch/jaggbow/mol_xtb_coordinates/chromo5269/geom.xtbopt.xyz,/scratch/jaggbow/mol_xtb_coordinates/chromo5269/mmff.xyz,/scratch/jaggbow/mol_xtb_coordinates/chromo5269/basic.xyz,1,,,,,,
1432,chromo5397,CC(C)(C)c1ccc(-c2nc3c4ccc(-c5cccc6ccccc56)cc4c4cc(-c5cccc6ccccc56)ccc4c3n2-c2ccc(C(C)(C)C)cc2)cc1,3.4133,0.8816000000000002,3.788,0.4666999999999999,/scratch/jaggbow/mol_xtb_coordinates/chromo5397/geom.xtbopt.xyz,/scratch/jaggbow/mol_xtb_coordinates/chromo5397/mmff.xyz,/scratch/jaggbow/mol_xtb_coordinates/chromo5397/basic.xyz,1,,,,,,
1433,chromo5715,C#Cn1c(-c2cc(-c3nc4ccccc4n3C#C)cc(-c3nc4ccccc4n3C#C)c2)nc2ccccc21,3.7106,1.029,4.1495,0.6162999999999998,/scratch/jaggbow/mol_xtb_coordinates/chromo5715/geom.xtbopt.xyz,/scratch/jaggbow/mol_xtb_coordinates/chromo5715/mmff.xyz,/scratch/jaggbow/mol_xtb_coordinates/chromo5715/basic.xyz,0,,,,,,
1434,chromo5892,C1=[N+](c2ccccc2)[B-](c2ccccc2)(c2ccccc2)Oc2c1ccc1c3c(ccc21)C=[N+](c1ccccc1)[B-](c1ccccc1)(c1ccccc1)O3,2.2843,0.7041,2.432,0.6852,/scratch/jaggbow/mol_xtb_coordinates/chromo5892/geom.xtbopt.xyz,/scratch/jaggbow/mol_xtb_coordinates/chromo5892/mmff.xyz,/scratch/jaggbow/mol_xtb_coordinates/chromo5892/basic.xyz,0,,,,,,
1435,chromo5900,CCN(CC)c1ccc([N+]2=Cc3ccc4c5c(ccc4c3O[B-]2(c2ccccc2)c2ccccc2)C=[N+](c2ccc([N+](=O)[O-])cc2)[B-](c2ccccc2)(c2ccccc2)O5)cc1,2.0151,0.5470999999999999,2.4261,0.6944999999999999,/scratch/jaggbow/mol_xtb_coordinates/chromo5900/geom.xtbopt.xyz,/scratch/jaggbow/mol_xtb_coordinates/chromo5900/mmff.xyz,/scratch/jaggbow/mol_xtb_coordinates/chromo5900/basic.xyz,0,,,,,,
1436,chromo0652,N#Cc1c(-n2c3ccccc3c3ccccc32)c(-n2c3ccccc3c3ccccc32)c(-n2c3ccccc3c3ccccc32)c(-n2c3ccccc3c3ccccc32)c1-n1c2ccccc2c2ccccc21,2.7262,0.1930999999999998,3.5148,0.2247000000000003,/scratch/jaggbow/mol_xtb_coordinates/chromo0652/geom.xtbopt.xyz,/scratch/jaggbow/mol_xtb_coordinates/chromo0652/mmff.xyz,/scratch/jaggbow/mol_xtb_coordinates/chromo0652/basic.xyz,1,,,,,,
1437,chromo3116,C=CCOC(=O)C(C#N)=C1C=C(C=Cc2ccc(N(C)C)cc2)OC(C=Cc2ccc(N(C)C)cc2)=C1,2.586,0.8535999999999999,3.0589,0.8651999999999997,/scratch/jaggbow/mol_xtb_coordinates/chromo3116/geom.xtbopt.xyz,/scratch/jaggbow/mol_xtb_coordinates/chromo3116/mmff.xyz,/scratch/jaggbow/mol_xtb_coordinates/chromo3116/basic.xyz,0,,,,,,
1438,chromo4710,Oc1ccc(-c2cccs2)cc1-c1nc2ccccc2s1,3.2401,0.6928000000000001,3.6323,0.5884999999999998,/scratch/jaggbow/mol_xtb_coordinates/chromo4710/geom.xtbopt.xyz,/scratch/jaggbow/mol_xtb_coordinates/chromo4710/mmff.xyz,/scratch/jaggbow/mol_xtb_coordinates/chromo4710/basic.xyz,1,,,,,,
1439,chromo5840,c1ccc([B-]23NC(C4CCCCC4)=Nc4cccc([n+]42)N=C(C2CCCCC2)N3)cc1,3.2853,0.6724999999999999,3.1895,0.5439999999999996,/scratch/jaggbow/mol_xtb_coordinates/chromo5840/geom.xtbopt.xyz,/scratch/jaggbow/mol_xtb_coordinates/chromo5840/mmff.xyz,/scratch/jaggbow/mol_xtb_coordinates/chromo5840/basic.xyz,0,,,,,,
1440,chromo0317,CCN(CC)c1ccc2cc(C#N)c(=N)oc2c1,3.4375,1.2736,3.4439,1.0500000000000005,/scratch/jaggbow/mol_xtb_coordinates/chromo0317/geom.xtbopt.xyz,/scratch/jaggbow/mol_xtb_coordinates/chromo0317/mmff.xyz,/scratch/jaggbow/mol_xtb_coordinates/chromo0317/basic.xyz,1,,,,,,
1441,chromo2447,COC(=O)c1cc(=O)n(C)c2cc(-c3cc4c5c(c3)CCCN5CCC4)sc12,2.697,0.9260000000000002,3.0564,0.9658000000000002,/scratch/jaggbow/mol_xtb_coordinates/chromo2447/geom.xtbopt.xyz,/scratch/jaggbow/mol_xtb_coordinates/chromo2447/mmff.xyz,/scratch/jaggbow/mol_xtb_coordinates/chromo2447/basic.xyz,0,,,,,,
1442,chromo4897,c1ccc(N2c3ccccc3B3c4ccccc4N(c4ccccc4)c4cccc2c43)cc1,3.1298,0.4921999999999999,3.1747,0.5197000000000003,/scratch/jaggbow/mol_xtb_coordinates/chromo4897/geom.xtbopt.xyz,/scratch/jaggbow/mol_xtb_coordinates/chromo4897/mmff.xyz,/scratch/jaggbow/mol_xtb_coordinates/chromo4897/basic.xyz,0,,,,,,
1443,chromo0694,CCCCc1cc(CCCC)c2ccc3c(CCCC)cc(CCCC)c4ccc1c2c43,3.3806,1.4339999999999995,3.5886,0.9388999999999998,/scratch/jaggbow/mol_xtb_coordinates/chromo0694/geom.xtbopt.xyz,/scratch/jaggbow/mol_xtb_coordinates/chromo0694/mmff.xyz,/scratch/jaggbow/mol_xtb_coordinates/chromo0694/basic.xyz,1,,,,,,
1444,chromo1464,O=[N+]([O-])c1ccc(C#Cc2ccc3ccccc3c2)cc1,3.0467,0.4872000000000001,4.145,0.7902999999999998,/scratch/jaggbow/mol_xtb_coordinates/chromo1464/geom.xtbopt.xyz,/scratch/jaggbow/mol_xtb_coordinates/chromo1464/mmff.xyz,/scratch/jaggbow/mol_xtb_coordinates/chromo1464/basic.xyz,1,,,,,,
1445,chromo4344,c1ccc(N(c2ccccc2)c2ccc(-c3ccc(-c4nc(-c5ccccn5)n(-c5ccccc5)n4)cc3)cc2)cc1,3.2261,0.5539000000000001,3.803,0.4782999999999999,/scratch/jaggbow/mol_xtb_coordinates/chromo4344/geom.xtbopt.xyz,/scratch/jaggbow/mol_xtb_coordinates/chromo4344/mmff.xyz,/scratch/jaggbow/mol_xtb_coordinates/chromo4344/basic.xyz,1,,,,,,
1446,chromo5415,O=c1c2ccccc2n(-c2ccc(-c3ccc(-n4c5ccccc5c(=O)c5ccccc54)cc3)cc2)c2ccccc12,3.4051,0.6036999999999999,3.5372,0.8559000000000001,/scratch/jaggbow/mol_xtb_coordinates/chromo5415/geom.xtbopt.xyz,/scratch/jaggbow/mol_xtb_coordinates/chromo5415/mmff.xyz,/scratch/jaggbow/mol_xtb_coordinates/chromo5415/basic.xyz,0,,,,,,
1447,chromo5270,CCC1=C(C)C2=C(c3c4ccccc4c(C)c4ccccc34)c3c(C)c(CC)c(C)n3[B-](F)(F)[N+]2=C1C,2.4422,0.9885000000000002,2.7983,1.3439,/scratch/jaggbow/mol_xtb_coordinates/chromo5270/geom.xtbopt.xyz,/scratch/jaggbow/mol_xtb_coordinates/chromo5270/mmff.xyz,/scratch/jaggbow/mol_xtb_coordinates/chromo5270/basic.xyz,1,,,,,,
1448,chromo2951,O=C(NN=Cc1ccccc1O)c1ccc([N+](=O)[O-])cc1,2.7081,0.2507000000000001,3.8759,0.7949000000000002,/scratch/jaggbow/mol_xtb_coordinates/chromo2951/geom.xtbopt.xyz,/scratch/jaggbow/mol_xtb_coordinates/chromo2951/mmff.xyz,/scratch/jaggbow/mol_xtb_coordinates/chromo2951/basic.xyz,1,,,,,,
1449,chromo0122,CC1=CC(C)=[N+]2C1=C(c1ccccc1)c1c(C)cc(C)n1[B-]2(F)F,3.0322,1.513,2.9144,1.4357000000000002,/scratch/jaggbow/mol_xtb_coordinates/chromo0122/geom.xtbopt.xyz,/scratch/jaggbow/mol_xtb_coordinates/chromo0122/mmff.xyz,/scratch/jaggbow/mol_xtb_coordinates/chromo0122/basic.xyz,1,,,,,,
1450,chromo0933,c1cc2sc3ccsc3c2s1,4.2913,1.6643999999999997,4.3559,1.2774,/scratch/jaggbow/mol_xtb_coordinates/chromo0933/geom.xtbopt.xyz,/scratch/jaggbow/mol_xtb_coordinates/chromo0933/mmff.xyz,/scratch/jaggbow/mol_xtb_coordinates/chromo0933/basic.xyz,0,,,,,,
1451,chromo2471,N#Cc1nc2cnc(N)nc2n1Cc1ccccc1,4.0377,1.3137,4.1444,1.0603000000000002,/scratch/jaggbow/mol_xtb_coordinates/chromo2471/geom.xtbopt.xyz,/scratch/jaggbow/mol_xtb_coordinates/chromo2471/mmff.xyz,/scratch/jaggbow/mol_xtb_coordinates/chromo2471/basic.xyz,0,,,,,,
1452,chromo4238,CSc1cc(-c2cc3cc4c5c(c3oc2=O)CCCN5CCC4)oc(=O)c1C#N,2.8297,1.0063,3.0779,0.9079000000000002,/scratch/jaggbow/mol_xtb_coordinates/chromo4238/geom.xtbopt.xyz,/scratch/jaggbow/mol_xtb_coordinates/chromo4238/mmff.xyz,/scratch/jaggbow/mol_xtb_coordinates/chromo4238/basic.xyz,0,,,,,,
1453,chromo5496,CCC1=C(C)C2=Cc3c4ccccc4c4n3[B-](c3ccncc3)(Oc3ccccc3-4)[N+]2=C1C,2.3271,1.0899,2.3163,1.0113,/scratch/jaggbow/mol_xtb_coordinates/chromo5496/geom.xtbopt.xyz,/scratch/jaggbow/mol_xtb_coordinates/chromo5496/mmff.xyz,/scratch/jaggbow/mol_xtb_coordinates/chromo5496/basic.xyz,0,,,,,,
1454,chromo0320,COc1ccc2oc(=N)c(C#N)cc2c1,3.0824,1.0328,3.2214,0.8071000000000002,/scratch/jaggbow/mol_xtb_coordinates/chromo0320/geom.xtbopt.xyz,/scratch/jaggbow/mol_xtb_coordinates/chromo0320/mmff.xyz,/scratch/jaggbow/mol_xtb_coordinates/chromo0320/basic.xyz,1,,,,,,
1455,chromo1829,CC[n+]1c(C=C2C(=O)C(C=C3N(C)c4ccc(Cl)cc4C3(C)C)=C2[O-])sc2ccccc21,2.262,1.3096,2.3251,1.3967999999999998,/scratch/jaggbow/mol_xtb_coordinates/chromo1829/geom.xtbopt.xyz,/scratch/jaggbow/mol_xtb_coordinates/chromo1829/mmff.xyz,/scratch/jaggbow/mol_xtb_coordinates/chromo1829/basic.xyz,0,,,,,,
1456,chromo3317,CCCCN(c1ccccc1)c1ccc2c(c1)C(CC)(CC)c1cc(C=Cc3ccc(C=C(C#N)C(=O)O)s3)ccc1-2,2.0373,0.6326,2.9909,0.9925,/scratch/jaggbow/mol_xtb_coordinates/chromo3317/geom.xtbopt.xyz,/scratch/jaggbow/mol_xtb_coordinates/chromo3317/mmff.xyz,/scratch/jaggbow/mol_xtb_coordinates/chromo3317/basic.xyz,0,,,,,,
1457,chromo1827,CC[n+]1c(C=C2C(=O)C(C=C3N(C)c4ccccc4C3(C)C)=C2[O-])sc2ccccc21,2.2783,1.3237,2.3364,1.4211999999999998,/scratch/jaggbow/mol_xtb_coordinates/chromo1827/geom.xtbopt.xyz,/scratch/jaggbow/mol_xtb_coordinates/chromo1827/mmff.xyz,/scratch/jaggbow/mol_xtb_coordinates/chromo1827/basic.xyz,0,,,,,,
1458,chromo1156,CC1=NN(c2cccc3ccccc23)[B-](F)(F)[n+]2ccccc21,2.7433,0.8717000000000001,2.9508,0.9728,/scratch/jaggbow/mol_xtb_coordinates/chromo1156/geom.xtbopt.xyz,/scratch/jaggbow/mol_xtb_coordinates/chromo1156/mmff.xyz,/scratch/jaggbow/mol_xtb_coordinates/chromo1156/basic.xyz,0,,,,,,
1459,chromo3549,CN1CCN(c2cccc(C=Cc3ncc(-c4ccc(OCc5ccccc5)c(OCc5ccccc5)c4)o3)c2)CC1,3.1593,1.1975,3.2691,0.7378,/scratch/jaggbow/mol_xtb_coordinates/chromo3549/geom.xtbopt.xyz,/scratch/jaggbow/mol_xtb_coordinates/chromo3549/mmff.xyz,/scratch/jaggbow/mol_xtb_coordinates/chromo3549/basic.xyz,0,,,,,,
1460,chromo0193,CCCCCCCCCCn1nnc(-c2ccc(C#Cc3ccc(C#Cc4ccc(-c5nnn(CCCCCCCCCC)n5)cc4)c4nc5c6ccccc6c6ccccc6c5nc34)cc2)n1,2.4438,0.8418999999999999,3.1669,0.6496,/scratch/jaggbow/mol_xtb_coordinates/chromo0193/geom.xtbopt.xyz,/scratch/jaggbow/mol_xtb_coordinates/chromo0193/mmff.xyz,/scratch/jaggbow/mol_xtb_coordinates/chromo0193/basic.xyz,0,,,,,,
1461,chromo6932,CC(C)(C)c1cc2ccc3ccc(-c4ccccc4)c4ccc(c1)c2c34,3.5061,1.4503,3.6837,0.9178000000000002,/scratch/jaggbow/mol_xtb_coordinates/chromo6932/geom.xtbopt.xyz,/scratch/jaggbow/mol_xtb_coordinates/chromo6932/mmff.xyz,/scratch/jaggbow/mol_xtb_coordinates/chromo6932/basic.xyz,1,,,,,,
1462,chromo2610,O=Cc1ccc2c(c1)c1ccccc1n2-c1cc2ccccc2c2ccccc12,3.5637,0.8466,3.7731,0.5036,/scratch/jaggbow/mol_xtb_coordinates/chromo2610/geom.xtbopt.xyz,/scratch/jaggbow/mol_xtb_coordinates/chromo2610/mmff.xyz,/scratch/jaggbow/mol_xtb_coordinates/chromo2610/basic.xyz,1,,,,,,
1463,chromo5762,COc1ccc(-c2cc(C=Cc3ccc(N(c4ccccc4)c4ccccc4)cc3)c(C#N)c(N3CCCCC3)c2)cc1,2.9099,0.8584999999999998,3.0844,0.4426000000000001,/scratch/jaggbow/mol_xtb_coordinates/chromo5762/geom.xtbopt.xyz,/scratch/jaggbow/mol_xtb_coordinates/chromo5762/mmff.xyz,/scratch/jaggbow/mol_xtb_coordinates/chromo5762/basic.xyz,1,,,,,,
1464,chromo0403,c1ccc(-c2ccc(-c3cc(-c4ccccn4)nc(-c4ccccn4)c3)cc2)cc1,3.9511,1.0919,4.3852,0.5550000000000002,/scratch/jaggbow/mol_xtb_coordinates/chromo0403/geom.xtbopt.xyz,/scratch/jaggbow/mol_xtb_coordinates/chromo0403/mmff.xyz,/scratch/jaggbow/mol_xtb_coordinates/chromo0403/basic.xyz,1,,,,,,
1465,chromo4082,CCN(CC)c1ccc2cc(C(Cl)=CC=CC(=C(C#N)C#N)c3ccc(N(c4ccccc4)c4ccccc4)cc3)c(=O)oc2c1,2.083,0.5606000000000002,2.7687,0.7069000000000001,/scratch/jaggbow/mol_xtb_coordinates/chromo4082/geom.xtbopt.xyz,/scratch/jaggbow/mol_xtb_coordinates/chromo4082/mmff.xyz,/scratch/jaggbow/mol_xtb_coordinates/chromo4082/basic.xyz,1,,,,,,
1466,chromo4385,Fc1ccc(-c2cc3c4c(c2)CCc2cc(-c5ccc(F)cc5)cc(c2-4)CC3)cc1,3.7274,1.1031,4.0489,0.6972999999999998,/scratch/jaggbow/mol_xtb_coordinates/chromo4385/geom.xtbopt.xyz,/scratch/jaggbow/mol_xtb_coordinates/chromo4385/mmff.xyz,/scratch/jaggbow/mol_xtb_coordinates/chromo4385/basic.xyz,0,,,,,,
1467,chromo0701,CC(C)(C)c1ccc2ccc3c(C(C)(C)C)ccc4ccc1c2c43,3.5437,1.5154999999999998,3.6783,0.9776000000000002,/scratch/jaggbow/mol_xtb_coordinates/chromo0701/geom.xtbopt.xyz,/scratch/jaggbow/mol_xtb_coordinates/chromo0701/mmff.xyz,/scratch/jaggbow/mol_xtb_coordinates/chromo0701/basic.xyz,1,,,,,,
1468,chromo2999,c1ccc(-c2c3ccccc3c(-c3cncnc3)c3ccccc23)cc1,3.1426,1.4112999999999998,3.3488,1.0826000000000002,/scratch/jaggbow/mol_xtb_coordinates/chromo2999/geom.xtbopt.xyz,/scratch/jaggbow/mol_xtb_coordinates/chromo2999/mmff.xyz,/scratch/jaggbow/mol_xtb_coordinates/chromo2999/basic.xyz,1,,,,,,
1469,chromo0434,Cc1cc(O)c(C(=O)C=Cc2ccccc2[N+](=O)[O-])c(=O)o1,3.4374,0.9162999999999996,3.5475,0.6991,/scratch/jaggbow/mol_xtb_coordinates/chromo0434/geom.xtbopt.xyz,/scratch/jaggbow/mol_xtb_coordinates/chromo0434/mmff.xyz,/scratch/jaggbow/mol_xtb_coordinates/chromo0434/basic.xyz,0,,,,,,
1470,chromo0699,Cc1ccc2ccc3c(C)ccc4ccc1c2c43,3.5853,1.5389,3.7216,1.0356999999999998,/scratch/jaggbow/mol_xtb_coordinates/chromo0699/geom.xtbopt.xyz,/scratch/jaggbow/mol_xtb_coordinates/chromo0699/mmff.xyz,/scratch/jaggbow/mol_xtb_coordinates/chromo0699/basic.xyz,1,,,,,,
1471,chromo5376,c1ccc(N(c2ccccc2)c2ccc(N(c3ccccc3)c3ccc4ccc5c(N(c6ccccc6)c6ccc(N(c7ccccc7)c7ccccc7)cc6)ccc6ccc3c4c65)cc2)cc1,2.4621,0.6294,2.766,0.5066999999999999,/scratch/jaggbow/mol_xtb_coordinates/chromo5376/geom.xtbopt.xyz,/scratch/jaggbow/mol_xtb_coordinates/chromo5376/mmff.xyz,/scratch/jaggbow/mol_xtb_coordinates/chromo5376/basic.xyz,1,,,,,,
1472,chromo4375,CCCCCC#Cc1cc(C#CCCCCC)c2ccc3c(C(=O)c4ccccc4)cc(C#CCCCCC)c4ccc1c2c43,2.693,1.113,3.1603,0.8746999999999998,/scratch/jaggbow/mol_xtb_coordinates/chromo4375/geom.xtbopt.xyz,/scratch/jaggbow/mol_xtb_coordinates/chromo4375/mmff.xyz,/scratch/jaggbow/mol_xtb_coordinates/chromo4375/basic.xyz,1,,,,,,
1473,chromo1125,CN(C)c1ccc(C2=[N+]3C(=Nc4c5ccccc5c(-c5ccc(N(C)C)cc5)n4[B-]3(F)F)c3ccccc32)cc1,1.8927,1.2094,2.2508,1.2691,/scratch/jaggbow/mol_xtb_coordinates/chromo1125/geom.xtbopt.xyz,/scratch/jaggbow/mol_xtb_coordinates/chromo1125/mmff.xyz,/scratch/jaggbow/mol_xtb_coordinates/chromo1125/basic.xyz,0,,,,,,
1474,chromo0571,c1ccc(-c2nc(-c3ccc(N(c4ccccc4)c4ccccc4)cc3)n3ccccc23)cc1,3.1042,0.8989000000000003,3.2694,0.6396000000000002,/scratch/jaggbow/mol_xtb_coordinates/chromo0571/geom.xtbopt.xyz,/scratch/jaggbow/mol_xtb_coordinates/chromo0571/mmff.xyz,/scratch/jaggbow/mol_xtb_coordinates/chromo0571/basic.xyz,0,,,,,,
1475,chromo2905,C(=Cc1ncccn1)c1ccc(-c2ccc(N(c3ccccc3)c3ccccc3)cc2)cc1,2.853,0.7029000000000001,3.6749,0.6411000000000002,/scratch/jaggbow/mol_xtb_coordinates/chromo2905/geom.xtbopt.xyz,/scratch/jaggbow/mol_xtb_coordinates/chromo2905/mmff.xyz,/scratch/jaggbow/mol_xtb_coordinates/chromo2905/basic.xyz,0,,,,,,
1476,chromo3051,CC12CCC(c3nc4ccc(-c5cccs5)cc4nc31)C2(C)C,3.542,1.0080999999999998,3.6612,0.6705000000000001,/scratch/jaggbow/mol_xtb_coordinates/chromo3051/geom.xtbopt.xyz,/scratch/jaggbow/mol_xtb_coordinates/chromo3051/mmff.xyz,/scratch/jaggbow/mol_xtb_coordinates/chromo3051/basic.xyz,0,,,,,,
1477,chromo5271,CCC1=C(C)C2=C(c3c4ccccc4c(-c4ccccc4)c4ccccc34)c3c(C)c(CC)c(C)n3[B-](F)(F)[N+]2=C1C,2.4617,1.0094,2.7992,1.3475,/scratch/jaggbow/mol_xtb_coordinates/chromo5271/geom.xtbopt.xyz,/scratch/jaggbow/mol_xtb_coordinates/chromo5271/mmff.xyz,/scratch/jaggbow/mol_xtb_coordinates/chromo5271/basic.xyz,1,,,,,,
1478,chromo3157,CCN(CC)c1ccc2cc(C=C(C#N)c3nc4ccccc4o3)c(=O)oc2c1,2.7201,1.0792,2.9653,0.9354,/scratch/jaggbow/mol_xtb_coordinates/chromo3157/geom.xtbopt.xyz,/scratch/jaggbow/mol_xtb_coordinates/chromo3157/mmff.xyz,/scratch/jaggbow/mol_xtb_coordinates/chromo3157/basic.xyz,1,,,,,,
1479,chromo5643,CCN(CC)c1ccc2c(c1)oc(=O)c1cc3cnn(-c4ccccc4)c3nc12,3.1668,0.6828999999999996,3.6988,0.7624,/scratch/jaggbow/mol_xtb_coordinates/chromo5643/geom.xtbopt.xyz,/scratch/jaggbow/mol_xtb_coordinates/chromo5643/mmff.xyz,/scratch/jaggbow/mol_xtb_coordinates/chromo5643/basic.xyz,0,,,,,,
1480,chromo4506,C(#Cc1cccc2nsnc12)c1ccc(-n2c3ccccc3c3ccccc32)cc1,2.4861,0.7233,3.7127,0.835,/scratch/jaggbow/mol_xtb_coordinates/chromo4506/geom.xtbopt.xyz,/scratch/jaggbow/mol_xtb_coordinates/chromo4506/mmff.xyz,/scratch/jaggbow/mol_xtb_coordinates/chromo4506/basic.xyz,1,,,,,,
1481,chromo3778,CCCCCCCCCCCCC(CCCCCCCCCC)Cn1c2cc(C=CC=C(C#N)C#N)c3cccc4c5cccc6c(C=CC=C(C#N)C#N)cc1c(c65)c2c34,1.995,0.9298000000000002,2.6499,0.5795000000000003,/scratch/jaggbow/mol_xtb_coordinates/chromo3778/geom.xtbopt.xyz,/scratch/jaggbow/mol_xtb_coordinates/chromo3778/mmff.xyz,/scratch/jaggbow/mol_xtb_coordinates/chromo3778/basic.xyz,0,,,,,,
1482,chromo2809,CCN(CC)c1ccc2cc(-c3nc4cc(C(=O)Nc5ccc(C)cc5[N+](=O)[O-])ccc4o3)c(=O)oc2c1,2.6236,0.5309000000000004,3.0367,0.6977000000000002,/scratch/jaggbow/mol_xtb_coordinates/chromo2809/geom.xtbopt.xyz,/scratch/jaggbow/mol_xtb_coordinates/chromo2809/mmff.xyz,/scratch/jaggbow/mol_xtb_coordinates/chromo2809/basic.xyz,1,,,,,,
1483,chromo3537,COc1cc(-c2cnc(-c3ccncc3)o2)cc(OC)c1OC,3.5111,1.1088,3.5931,0.9079000000000002,/scratch/jaggbow/mol_xtb_coordinates/chromo3537/geom.xtbopt.xyz,/scratch/jaggbow/mol_xtb_coordinates/chromo3537/mmff.xyz,/scratch/jaggbow/mol_xtb_coordinates/chromo3537/basic.xyz,1,,,,,,
1484,chromo0063,CC(=O)N(Cc1ccccn1)c1c2ccccc2c2c3c(cccc13)C(=O)N(Cc1ccccn1)C2=O,2.7315,1.2194,2.8651,0.8999999999999999,/scratch/jaggbow/mol_xtb_coordinates/chromo0063/geom.xtbopt.xyz,/scratch/jaggbow/mol_xtb_coordinates/chromo0063/mmff.xyz,/scratch/jaggbow/mol_xtb_coordinates/chromo0063/basic.xyz,0,,,,,,
1485,chromo0260,COc1ccc2cc(C=CC3=CC(c4ccccc4)=[O+][B-](F)(F)O3)ccc2c1,2.9272,0.9198,3.1931,0.9137,/scratch/jaggbow/mol_xtb_coordinates/chromo0260/geom.xtbopt.xyz,/scratch/jaggbow/mol_xtb_coordinates/chromo0260/mmff.xyz,/scratch/jaggbow/mol_xtb_coordinates/chromo0260/basic.xyz,1,,,,,,
1486,chromo1206,C(=Cc1ccc(-c2ccncc2)cc1)c1ccc(-c2ccncc2)cc1,3.4258,1.3025000000000002,3.9227,0.9505999999999996,/scratch/jaggbow/mol_xtb_coordinates/chromo1206/geom.xtbopt.xyz,/scratch/jaggbow/mol_xtb_coordinates/chromo1206/mmff.xyz,/scratch/jaggbow/mol_xtb_coordinates/chromo1206/basic.xyz,1,,,,,,
1487,chromo2137,O=P1(c2ccccc2)c2cccc3c4ccccc4c4ccc1n4c23,3.3017,0.6179999999999999,3.6097,0.3246000000000002,/scratch/jaggbow/mol_xtb_coordinates/chromo2137/geom.xtbopt.xyz,/scratch/jaggbow/mol_xtb_coordinates/chromo2137/mmff.xyz,/scratch/jaggbow/mol_xtb_coordinates/chromo2137/basic.xyz,0,,,,,,
1488,chromo2507,C(#Cc1ncnc2ccccc12)c1ccc(N(c2ccccc2)c2ccccc2)cc1,2.8333,0.6905000000000001,3.712,0.5214000000000003,/scratch/jaggbow/mol_xtb_coordinates/chromo2507/geom.xtbopt.xyz,/scratch/jaggbow/mol_xtb_coordinates/chromo2507/mmff.xyz,/scratch/jaggbow/mol_xtb_coordinates/chromo2507/basic.xyz,0,,,,,,
1489,chromo4727,COc1cccc(-n2c(-c3ccc(F)cc3)nc(C)c2C)c1,3.9655,0.9228,4.247,0.7244999999999999,/scratch/jaggbow/mol_xtb_coordinates/chromo4727/geom.xtbopt.xyz,/scratch/jaggbow/mol_xtb_coordinates/chromo4727/mmff.xyz,/scratch/jaggbow/mol_xtb_coordinates/chromo4727/basic.xyz,1,,,,,,
1490,chromo4516,CC1(C)CC(C=Cc2cn(-c3ccccc3)nc2-c2ccccc2)=CC(=C(C#N)C#N)C1,2.8968,1.3641,3.2147,1.1786000000000003,/scratch/jaggbow/mol_xtb_coordinates/chromo4516/geom.xtbopt.xyz,/scratch/jaggbow/mol_xtb_coordinates/chromo4516/mmff.xyz,/scratch/jaggbow/mol_xtb_coordinates/chromo4516/basic.xyz,0,,,,,,
1491,chromo1434,CCCCN(CCCC)c1ccc2nc3c4ccccc4c(=O)c(OC(=C(C(F)(C(F)(F)F)C(F)(F)F)C(F)(C(F)(F)F)C(F)(F)F)C(F)(F)F)c-3oc2c1,2.5533,1.1399,2.517,1.0427,/scratch/jaggbow/mol_xtb_coordinates/chromo1434/geom.xtbopt.xyz,/scratch/jaggbow/mol_xtb_coordinates/chromo1434/mmff.xyz,/scratch/jaggbow/mol_xtb_coordinates/chromo1434/basic.xyz,0,,,,,,
1492,chromo5838,c1ccc(C2=Nc3cccc4[n+]3[B-](c3ccccc3)(N2)NC(c2ccccc2)=N4)cc1,2.9974,0.5688,3.0782,0.5289999999999999,/scratch/jaggbow/mol_xtb_coordinates/chromo5838/geom.xtbopt.xyz,/scratch/jaggbow/mol_xtb_coordinates/chromo5838/mmff.xyz,/scratch/jaggbow/mol_xtb_coordinates/chromo5838/basic.xyz,0,,,,,,
1493,chromo2595,CCn1c2c(-c3ccc(-c4cccs4)s3)cc(C(C)(C)C)cc2c2cc(C(C)(C)C)cc(-c3ccc(-c4cccs4)s3)c21,3.4235,1.0866000000000002,3.6511,0.908,/scratch/jaggbow/mol_xtb_coordinates/chromo2595/geom.xtbopt.xyz,/scratch/jaggbow/mol_xtb_coordinates/chromo2595/mmff.xyz,/scratch/jaggbow/mol_xtb_coordinates/chromo2595/basic.xyz,1,,,,,,
1494,chromo4224,CCCCCCCCCCCCNc1cccc2[n+]1[B-](F)(F)n1c(c3cccc4cccc1c43)=N2,2.7698,0.9761,2.6849,0.7076999999999998,/scratch/jaggbow/mol_xtb_coordinates/chromo4224/geom.xtbopt.xyz,/scratch/jaggbow/mol_xtb_coordinates/chromo4224/mmff.xyz,/scratch/jaggbow/mol_xtb_coordinates/chromo4224/basic.xyz,0,,,,,,
1495,chromo0681,N#Cc1ccc(-c2cn3cc(-c4ccccc4)c[n+]3[n-]2)cc1,3.1173,0.5713000000000004,3.2983,0.5814999999999997,/scratch/jaggbow/mol_xtb_coordinates/chromo0681/geom.xtbopt.xyz,/scratch/jaggbow/mol_xtb_coordinates/chromo0681/mmff.xyz,/scratch/jaggbow/mol_xtb_coordinates/chromo0681/basic.xyz,0,,,,,,
1496,chromo3654,O=Cc1c(O)c(-c2nc3ccccc3s2)cc2ccccc12,3.0567,0.8711000000000002,3.4065,0.7513000000000001,/scratch/jaggbow/mol_xtb_coordinates/chromo3654/geom.xtbopt.xyz,/scratch/jaggbow/mol_xtb_coordinates/chromo3654/mmff.xyz,/scratch/jaggbow/mol_xtb_coordinates/chromo3654/basic.xyz,1,,,,,,
1497,chromo2444,CN(C)c1ccc(-c2cc3c(s2)c(C(=O)c2ccccc2)cc(=O)n3Cc2ccccc2)cc1,2.4893,0.7022000000000002,2.8637,0.6642000000000001,/scratch/jaggbow/mol_xtb_coordinates/chromo2444/geom.xtbopt.xyz,/scratch/jaggbow/mol_xtb_coordinates/chromo2444/mmff.xyz,/scratch/jaggbow/mol_xtb_coordinates/chromo2444/basic.xyz,1,,,,,,
1498,chromo4179,CCN(CC)c1ccc(N=Nc2nc3ccc(OC)cc3s2)cc1,2.6292,1.0451,2.0415,0.5251000000000001,/scratch/jaggbow/mol_xtb_coordinates/chromo4179/geom.xtbopt.xyz,/scratch/jaggbow/mol_xtb_coordinates/chromo4179/mmff.xyz,/scratch/jaggbow/mol_xtb_coordinates/chromo4179/basic.xyz,1,,,,,,
1499,chromo3910,COc1ccc2cc(C3=[N+]4C(=Nc5c(-c6ccc7ccccc7c6)c(Br)c(-c6ccc7cc(OC)ccc7c6)n5[B-]4(F)F)C(c4ccc5ccccc5c4)=C3Br)ccc2c1,1.8439,0.9494,2.3635,1.1573000000000002,/scratch/jaggbow/mol_xtb_coordinates/chromo3910/geom.xtbopt.xyz,/scratch/jaggbow/mol_xtb_coordinates/chromo3910/mmff.xyz,/scratch/jaggbow/mol_xtb_coordinates/chromo3910/basic.xyz,0,,,,,,
1500,chromo0431,Cc1cc(O)c(C(=O)C=Cc2ccc(Cl)cc2)c(=O)o1,3.469,1.1662,3.5122,0.7229000000000001,/scratch/jaggbow/mol_xtb_coordinates/chromo0431/geom.xtbopt.xyz,/scratch/jaggbow/mol_xtb_coordinates/chromo0431/mmff.xyz,/scratch/jaggbow/mol_xtb_coordinates/chromo0431/basic.xyz,0,,,,,,
1501,chromo2369,CN(C)c1ccc(C2=Nc3sc4c(F)c(F)c(F)c(F)c4[n+]3[B-](F)(F)O2)cc1,3.2698,0.8311000000000002,3.3495,0.8327999999999998,/scratch/jaggbow/mol_xtb_coordinates/chromo2369/geom.xtbopt.xyz,/scratch/jaggbow/mol_xtb_coordinates/chromo2369/mmff.xyz,/scratch/jaggbow/mol_xtb_coordinates/chromo2369/basic.xyz,0,,,,,,
1502,chromo5841,CCCCCCCCCCCCCCCCCCOc1ccc([B-]23NC(c4ccccc4)=Nc4cccc([n+]42)N=C(c2ccccc2)N3)cc1,2.9931,0.5871,3.0543,0.5202,/scratch/jaggbow/mol_xtb_coordinates/chromo5841/geom.xtbopt.xyz,/scratch/jaggbow/mol_xtb_coordinates/chromo5841/mmff.xyz,/scratch/jaggbow/mol_xtb_coordinates/chromo5841/basic.xyz,0,,,,,,
1503,chromo1370,CC(=O)O[B-]1(OC(C)=O)OC(C=Cc2cccc3ccccc23)=CC(C=Cc2cccc3ccccc23)=[O+]1,2.64,0.8528000000000002,2.9349,0.7405999999999997,/scratch/jaggbow/mol_xtb_coordinates/chromo1370/geom.xtbopt.xyz,/scratch/jaggbow/mol_xtb_coordinates/chromo1370/mmff.xyz,/scratch/jaggbow/mol_xtb_coordinates/chromo1370/basic.xyz,1,,,,,,
1504,chromo2888,CCCCn1c2ccc(-c3ccc(C(F)(F)F)cc3)cc2c2ccc3c4cc(-c5ccc(C(F)(F)F)cc5)ccc4n(CCCC)c3c21,3.5006,0.6326999999999998,3.5485,0.4657,/scratch/jaggbow/mol_xtb_coordinates/chromo2888/geom.xtbopt.xyz,/scratch/jaggbow/mol_xtb_coordinates/chromo2888/mmff.xyz,/scratch/jaggbow/mol_xtb_coordinates/chromo2888/basic.xyz,0,,,,,,
1505,chromo3301,CCCCCCN1C(=O)c2cccc3c(-c4ccc(-c5cc(-c6cccc7ccccc67)nn5-c5ccccc5)s4)ccc(c23)C1=O,2.7008,0.6295999999999999,3.1768,0.6755,/scratch/jaggbow/mol_xtb_coordinates/chromo3301/geom.xtbopt.xyz,/scratch/jaggbow/mol_xtb_coordinates/chromo3301/mmff.xyz,/scratch/jaggbow/mol_xtb_coordinates/chromo3301/basic.xyz,0,,,,,,
1506,chromo3843,Oc1cc(N(c2ccccc2)c2ccccc2)ccc1-c1nc2c3ccccc3c3ccccc3c2[nH]1,3.4295,0.7873000000000001,3.5133,0.4861,/scratch/jaggbow/mol_xtb_coordinates/chromo3843/geom.xtbopt.xyz,/scratch/jaggbow/mol_xtb_coordinates/chromo3843/mmff.xyz,/scratch/jaggbow/mol_xtb_coordinates/chromo3843/basic.xyz,0,,,,,,
1507,chromo4383,CC(C)(C)c1ccc(-c2cc3c4c(c2)CCc2cc(-c5ccc(C(C)(C)C)cc5)cc(c2-4)CC3)cc1,3.67,1.0648,4.187,0.6618000000000004,/scratch/jaggbow/mol_xtb_coordinates/chromo4383/geom.xtbopt.xyz,/scratch/jaggbow/mol_xtb_coordinates/chromo4383/mmff.xyz,/scratch/jaggbow/mol_xtb_coordinates/chromo4383/basic.xyz,0,,,,,,
1508,chromo0756,C(=Cc1cc(C=Cc2ccccc2)nc(C=Cc2ccccc2)n1)c1ccccc1,3.1739,0.9662000000000002,3.7831,0.7164000000000001,/scratch/jaggbow/mol_xtb_coordinates/chromo0756/geom.xtbopt.xyz,/scratch/jaggbow/mol_xtb_coordinates/chromo0756/mmff.xyz,/scratch/jaggbow/mol_xtb_coordinates/chromo0756/basic.xyz,0,,,,,,
1509,chromo3074,CN(C)c1ccc(C#Cc2ccc(-c3cc(N(C)C)c4ccccc4c3)cc2)cc1,3.2751,0.964,3.6732,0.7825000000000002,/scratch/jaggbow/mol_xtb_coordinates/chromo3074/geom.xtbopt.xyz,/scratch/jaggbow/mol_xtb_coordinates/chromo3074/mmff.xyz,/scratch/jaggbow/mol_xtb_coordinates/chromo3074/basic.xyz,1,,,,,,
1510,chromo0319,COc1cccc2cc(C#N)c(=N)oc12,3.3814,1.0905,3.3125,0.7246999999999999,/scratch/jaggbow/mol_xtb_coordinates/chromo0319/geom.xtbopt.xyz,/scratch/jaggbow/mol_xtb_coordinates/chromo0319/mmff.xyz,/scratch/jaggbow/mol_xtb_coordinates/chromo0319/basic.xyz,1,,,,,,
1511,chromo2495,C(=Cc1ncc2ccccc2n1)c1ccc(N2CCCCC2)cc1,2.9483,0.9495000000000002,3.4457,0.9171,/scratch/jaggbow/mol_xtb_coordinates/chromo2495/geom.xtbopt.xyz,/scratch/jaggbow/mol_xtb_coordinates/chromo2495/mmff.xyz,/scratch/jaggbow/mol_xtb_coordinates/chromo2495/basic.xyz,0,,,,,,
1512,chromo1666,CC1=C(c2ccccc2)C(C)=[N+]2C1=C(c1c(-c3ccccn3)nc3ccccn13)c1c(C)cc(C)n1[B-]2(F)F,2.5173,1.1128,2.7617,1.3137,/scratch/jaggbow/mol_xtb_coordinates/chromo1666/geom.xtbopt.xyz,/scratch/jaggbow/mol_xtb_coordinates/chromo1666/mmff.xyz,/scratch/jaggbow/mol_xtb_coordinates/chromo1666/basic.xyz,1,,,,,,
1513,chromo2001,Cc1cc2c(cc1N1c3ccccc3C(C)(C)c3ccccc31)C(C)(C)c1cc(N3c4ccccc4C(C)(C)c4ccccc43)c(C)cc1S2(=O)=O,3.0724,0.0135999999999998,4.094,0.6942000000000004,/scratch/jaggbow/mol_xtb_coordinates/chromo2001/geom.xtbopt.xyz,/scratch/jaggbow/mol_xtb_coordinates/chromo2001/mmff.xyz,/scratch/jaggbow/mol_xtb_coordinates/chromo2001/basic.xyz,0,,,,,,
1514,chromo2826,O=P1(c2ccccc2)C(c2ccc(N(c3ccccc3)c3ccccc3)cc2)=Cc2cc3ccccc3cc21,2.8326,0.8226999999999998,3.3138,0.6892,/scratch/jaggbow/mol_xtb_coordinates/chromo2826/geom.xtbopt.xyz,/scratch/jaggbow/mol_xtb_coordinates/chromo2826/mmff.xyz,/scratch/jaggbow/mol_xtb_coordinates/chromo2826/basic.xyz,0,,,,,,
1515,chromo4692,Cc1ccc2nc3cc4ccccc4cc3c(-c3ccccc3)c2c1,2.4917,1.2821999999999998,2.8342,1.0213,/scratch/jaggbow/mol_xtb_coordinates/chromo4692/geom.xtbopt.xyz,/scratch/jaggbow/mol_xtb_coordinates/chromo4692/mmff.xyz,/scratch/jaggbow/mol_xtb_coordinates/chromo4692/basic.xyz,0,,,,,,
1516,chromo5645,CCN(CC)c1ccc2c(c1)oc(=O)c1cc3c(-c4ccccc4)nn(-c4ccccc4)c3nc12,3.1095,0.6918000000000002,3.6323,0.6942999999999997,/scratch/jaggbow/mol_xtb_coordinates/chromo5645/geom.xtbopt.xyz,/scratch/jaggbow/mol_xtb_coordinates/chromo5645/mmff.xyz,/scratch/jaggbow/mol_xtb_coordinates/chromo5645/basic.xyz,0,,,,,,
1517,chromo2857,C(=Cc1cnc2ccccc2n1)c1ccc(-c2ccc(N(c3ccccc3)c3ccccc3)cc2)cc1,2.5518,0.6254000000000002,3.4312,0.6120000000000001,/scratch/jaggbow/mol_xtb_coordinates/chromo2857/geom.xtbopt.xyz,/scratch/jaggbow/mol_xtb_coordinates/chromo2857/mmff.xyz,/scratch/jaggbow/mol_xtb_coordinates/chromo2857/basic.xyz,0,,,,,,
1518,chromo4916,CC1(C)c2ccccc2-c2cc3c(cc21)c1ccccc1n3-c1ccncc1,3.7606,1.024,3.713,0.4258999999999999,/scratch/jaggbow/mol_xtb_coordinates/chromo4916/geom.xtbopt.xyz,/scratch/jaggbow/mol_xtb_coordinates/chromo4916/mmff.xyz,/scratch/jaggbow/mol_xtb_coordinates/chromo4916/basic.xyz,0,,,,,,
1519,chromo1714,CC(C)(C)Nc1c(-c2ccc(-c3cc(=O)cc(-c4ccccc4)o3)cc2)nc2ccccn12,3.4063,0.7654999999999998,3.6955,0.6055000000000001,/scratch/jaggbow/mol_xtb_coordinates/chromo1714/geom.xtbopt.xyz,/scratch/jaggbow/mol_xtb_coordinates/chromo1714/mmff.xyz,/scratch/jaggbow/mol_xtb_coordinates/chromo1714/basic.xyz,0,,,,,,
1520,chromo2827,O=P1(c2ccccc2)C(c2ccc(C(F)(F)F)cc2)=Cc2cc3ccccc3cc21,3.514,1.3018999999999998,3.8833,1.0140000000000002,/scratch/jaggbow/mol_xtb_coordinates/chromo2827/geom.xtbopt.xyz,/scratch/jaggbow/mol_xtb_coordinates/chromo2827/mmff.xyz,/scratch/jaggbow/mol_xtb_coordinates/chromo2827/basic.xyz,0,,,,,,
1521,chromo5349,COc1ccc2c(c1)c1cc(OC)ccc1c1c2ccc2cccc(C(=O)NC(C)(C)C)c21,3.3444,1.0713,3.5273,0.6364999999999998,/scratch/jaggbow/mol_xtb_coordinates/chromo5349/geom.xtbopt.xyz,/scratch/jaggbow/mol_xtb_coordinates/chromo5349/mmff.xyz,/scratch/jaggbow/mol_xtb_coordinates/chromo5349/basic.xyz,0,,,,,,
1522,chromo5705,CCCCCCCCCn1c(-c2cc(-c3nc4ccccc4n3CCCCCCCCC)cc(-c3nc4ccccc4n3CCCCCCCCC)c2)nc2ccccc21,3.8768,0.9688999999999997,4.4767,0.5314000000000001,/scratch/jaggbow/mol_xtb_coordinates/chromo5705/geom.xtbopt.xyz,/scratch/jaggbow/mol_xtb_coordinates/chromo5705/mmff.xyz,/scratch/jaggbow/mol_xtb_coordinates/chromo5705/basic.xyz,0,,,,,,
1523,chromo5726,CCC(C)C(Nc1c(C(C)=O)c(=O)oc2cc(N(C)C)ccc12)C(=O)O,3.6824,0.9061,3.5774,0.8169999999999997,/scratch/jaggbow/mol_xtb_coordinates/chromo5726/geom.xtbopt.xyz,/scratch/jaggbow/mol_xtb_coordinates/chromo5726/mmff.xyz,/scratch/jaggbow/mol_xtb_coordinates/chromo5726/basic.xyz,1,,,,,,
1524,chromo5727,CC(=O)c1c(NC(Cc2ccccc2)C(=O)O)c2ccc(N(C)C)cc2oc1=O,3.7365,0.927,3.6454,0.8119000000000001,/scratch/jaggbow/mol_xtb_coordinates/chromo5727/geom.xtbopt.xyz,/scratch/jaggbow/mol_xtb_coordinates/chromo5727/mmff.xyz,/scratch/jaggbow/mol_xtb_coordinates/chromo5727/basic.xyz,1,,,,,,
1525,chromo5764,N#Cc1c(C=Cc2ccc(N(c3ccccc3)c3ccccc3)cc2)cc(-c2ccccc2)cc1N1CCCCC1,2.8722,0.8485,3.0542,0.4793999999999996,/scratch/jaggbow/mol_xtb_coordinates/chromo5764/geom.xtbopt.xyz,/scratch/jaggbow/mol_xtb_coordinates/chromo5764/mmff.xyz,/scratch/jaggbow/mol_xtb_coordinates/chromo5764/basic.xyz,1,,,,,,
1526,chromo0796,Cc1c(C)c(C)c2c(c1C)COc1ccccc1C#Cc1ccccc1OC2,3.9286,1.2702,4.3181,0.7092,/scratch/jaggbow/mol_xtb_coordinates/chromo0796/geom.xtbopt.xyz,/scratch/jaggbow/mol_xtb_coordinates/chromo0796/mmff.xyz,/scratch/jaggbow/mol_xtb_coordinates/chromo0796/basic.xyz,0,,,,,,
1527,chromo4680,Cc1ccc2nc3cc4c(cc3c(-c3ccccc3)c2c1)[Si](C)(C)O[Si]4(C)C,3.1793,1.3299,3.4881,0.9277000000000002,/scratch/jaggbow/mol_xtb_coordinates/chromo4680/geom.xtbopt.xyz,/scratch/jaggbow/mol_xtb_coordinates/chromo4680/mmff.xyz,/scratch/jaggbow/mol_xtb_coordinates/chromo4680/basic.xyz,0,,,,,,
1528,chromo4683,C[Si]1(C)O[Si](C)(C)c2cc3c(-c4ccccc4)c4cc([N+](=O)[O-])ccc4nc3cc21,2.8889,1.1064,3.2603,0.7820999999999998,/scratch/jaggbow/mol_xtb_coordinates/chromo4683/geom.xtbopt.xyz,/scratch/jaggbow/mol_xtb_coordinates/chromo4683/mmff.xyz,/scratch/jaggbow/mol_xtb_coordinates/chromo4683/basic.xyz,0,,,,,,
1529,chromo4696,Fc1ccc(-c2c3ccccc3nc3cc4ccccc4cc23)cc1,2.4693,1.2857,2.8319,1.0324,/scratch/jaggbow/mol_xtb_coordinates/chromo4696/geom.xtbopt.xyz,/scratch/jaggbow/mol_xtb_coordinates/chromo4696/mmff.xyz,/scratch/jaggbow/mol_xtb_coordinates/chromo4696/basic.xyz,0,,,,,,
1530,chromo4933,Cc1cc(C)c(B(c2ccc(N3c4ccccc4C(C)(C)c4ccccc43)cc2)c2c(C)cc(C)cc2C)c(C)c1,2.6151,0.0091999999999998,3.3748,0.0095,/scratch/jaggbow/mol_xtb_coordinates/chromo4933/geom.xtbopt.xyz,/scratch/jaggbow/mol_xtb_coordinates/chromo4933/mmff.xyz,/scratch/jaggbow/mol_xtb_coordinates/chromo4933/basic.xyz,0,,,,,,
1531,chromo4980,Cc1cc(C)c(B(c2c(C)cc(C)cc2C)c2c(C)cccc2-n2c3ccccc3c3ccccc32)c(C)c1,2.8667,0.0698999999999996,3.5143,0.1473,/scratch/jaggbow/mol_xtb_coordinates/chromo4980/geom.xtbopt.xyz,/scratch/jaggbow/mol_xtb_coordinates/chromo4980/mmff.xyz,/scratch/jaggbow/mol_xtb_coordinates/chromo4980/basic.xyz,1,,,,,,
1532,chromo5220,CC[n+]1c(C=Cc2c([O-])ccc3ccc(=O)oc23)sc2ccccc21,2.3619,0.9763,3.7555,0.7842000000000002,/scratch/jaggbow/mol_xtb_coordinates/chromo5220/geom.xtbopt.xyz,/scratch/jaggbow/mol_xtb_coordinates/chromo5220/mmff.xyz,/scratch/jaggbow/mol_xtb_coordinates/chromo5220/basic.xyz,0,,,,,,
1533,chromo5264,CC1=[N+]2C(=C(c3ccc(-c4c5ccccc5c(-c5ccccc5)c5ccccc45)cc3)c3ccc(C)n3[B-]2(F)F)C=C1,2.3331,0.8138999999999998,2.902,1.4299000000000002,/scratch/jaggbow/mol_xtb_coordinates/chromo5264/geom.xtbopt.xyz,/scratch/jaggbow/mol_xtb_coordinates/chromo5264/mmff.xyz,/scratch/jaggbow/mol_xtb_coordinates/chromo5264/basic.xyz,1,,,,,,
1534,chromo5359,CC(C)(C)c1ccc(-c2nc3c4ccccc4c4ccccc4c3n2-c2ccc(-c3ccc(N(c4ccccc4)c4ccccc4)cc3)cc2)cc1,3.3729,0.6560999999999999,3.828,0.3933,/scratch/jaggbow/mol_xtb_coordinates/chromo5359/geom.xtbopt.xyz,/scratch/jaggbow/mol_xtb_coordinates/chromo5359/mmff.xyz,/scratch/jaggbow/mol_xtb_coordinates/chromo5359/basic.xyz,1,,,,,,
1535,chromo5372,Fc1ccc(N(c2ccccc2)c2ccc3ccc4c(N(c5ccccc5)c5ccc(F)cc5)ccc5ccc2c3c54)cc1,2.7126,0.8448000000000002,2.8258,0.5587,/scratch/jaggbow/mol_xtb_coordinates/chromo5372/geom.xtbopt.xyz,/scratch/jaggbow/mol_xtb_coordinates/chromo5372/mmff.xyz,/scratch/jaggbow/mol_xtb_coordinates/chromo5372/basic.xyz,1,,,,,,
1536,chromo5442,O=[N+]([O-])c1ccc2c(ccc3[n+]2[B-](F)(F)n2c-3cc3c4ccccc4c4ccccc4c32)c1,2.2717,0.6713,2.9066,0.762,/scratch/jaggbow/mol_xtb_coordinates/chromo5442/geom.xtbopt.xyz,/scratch/jaggbow/mol_xtb_coordinates/chromo5442/mmff.xyz,/scratch/jaggbow/mol_xtb_coordinates/chromo5442/basic.xyz,0,,,,,,
1537,chromo5494,CCC1=C(C)C2=Cc3c4ccccc4c4n3[B-](c3ccccc3)(Oc3ccccc3-4)[N+]2=C1C,2.3266,1.0865,2.3037,0.9972,/scratch/jaggbow/mol_xtb_coordinates/chromo5494/geom.xtbopt.xyz,/scratch/jaggbow/mol_xtb_coordinates/chromo5494/mmff.xyz,/scratch/jaggbow/mol_xtb_coordinates/chromo5494/basic.xyz,0,,,,,,
1538,chromo5495,CCC1=C(C)C2=Cc3c4ccccc4c4n3[B-](c3ccc(OC)cc3)(Oc3ccccc3-4)[N+]2=C1C,2.3004,1.0590999999999997,2.3002,0.9932999999999998,/scratch/jaggbow/mol_xtb_coordinates/chromo5495/geom.xtbopt.xyz,/scratch/jaggbow/mol_xtb_coordinates/chromo5495/mmff.xyz,/scratch/jaggbow/mol_xtb_coordinates/chromo5495/basic.xyz,0,,,,,,
1539,chromo5507,CN(C)c1ccc(C2=Cc3cc(Cl)nc[n+]3[B-](F)(F)O2)cc1,3.1266,0.8359999999999999,3.2387,0.9286000000000004,/scratch/jaggbow/mol_xtb_coordinates/chromo5507/geom.xtbopt.xyz,/scratch/jaggbow/mol_xtb_coordinates/chromo5507/mmff.xyz,/scratch/jaggbow/mol_xtb_coordinates/chromo5507/basic.xyz,0,,,,,,
1540,chromo4833,c1ccc(-c2nc(-c3ccc(N4c5ccccc5Oc5ccccc54)cc3)nn2-c2ccc(N3c4ccccc4Oc4ccccc43)cc2)nc1,2.5316,0.0045999999999999,3.1038,0.3690000000000002,/scratch/jaggbow/mol_xtb_coordinates/chromo4833/geom.xtbopt.xyz,/scratch/jaggbow/mol_xtb_coordinates/chromo4833/mmff.xyz,/scratch/jaggbow/mol_xtb_coordinates/chromo4833/basic.xyz,0,,,,,,
1541,chromo0937,COC(=O)C(Cc1ccc2oc(-c3ccc(N(C)c4ccccc4)cc3)nc2c1)NC(=O)OC(C)(C)C,3.3744,0.8254000000000001,3.6078,0.6781000000000001,/scratch/jaggbow/mol_xtb_coordinates/chromo0937/geom.xtbopt.xyz,/scratch/jaggbow/mol_xtb_coordinates/chromo0937/mmff.xyz,/scratch/jaggbow/mol_xtb_coordinates/chromo0937/basic.xyz,0,,,,,,
1542,chromo2393,C#Cc1ccc2ccc3cccc4ccc1c2c34,3.4548,1.5048,3.7198,1.0755000000000003,/scratch/jaggbow/mol_xtb_coordinates/chromo2393/geom.xtbopt.xyz,/scratch/jaggbow/mol_xtb_coordinates/chromo2393/mmff.xyz,/scratch/jaggbow/mol_xtb_coordinates/chromo2393/basic.xyz,1,,,,,,
1543,chromo0872,Cc1ccc(-n2c(-c3ccccc3O)nc(-c3ccccc3O)c2-c2ccccc2O)cc1,3.8081,0.8159000000000001,4.0195,0.6017999999999999,/scratch/jaggbow/mol_xtb_coordinates/chromo0872/geom.xtbopt.xyz,/scratch/jaggbow/mol_xtb_coordinates/chromo0872/mmff.xyz,/scratch/jaggbow/mol_xtb_coordinates/chromo0872/basic.xyz,1,,,,,,
1544,chromo2338,c1ccc(-c2c3c(c(-c4ccccc4)c4cc5ccccc5cc24)Cc2c(c(-c4ccccc4)c4cc5ccccc5cc4c2-c2ccccc2)C3)cc1,3.0872,1.2819000000000005,3.394,1.1344000000000003,/scratch/jaggbow/mol_xtb_coordinates/chromo2338/geom.xtbopt.xyz,/scratch/jaggbow/mol_xtb_coordinates/chromo2338/mmff.xyz,/scratch/jaggbow/mol_xtb_coordinates/chromo2338/basic.xyz,0,,,,,,
1545,chromo4713,Oc1cc(-c2ccco2)ccc1-c1nc2ccccc2s1,3.3916,1.0594,3.6689,0.7521999999999998,/scratch/jaggbow/mol_xtb_coordinates/chromo4713/geom.xtbopt.xyz,/scratch/jaggbow/mol_xtb_coordinates/chromo4713/mmff.xyz,/scratch/jaggbow/mol_xtb_coordinates/chromo4713/basic.xyz,1,,,,,,
1546,chromo5424,CN1c2ccc3c(c2-c2ccccc2S1(=O)=O)-c1ccccc1S(=O)(=O)N3C,3.3381,0.6356999999999999,2.5757,0.5267999999999997,/scratch/jaggbow/mol_xtb_coordinates/chromo5424/geom.xtbopt.xyz,/scratch/jaggbow/mol_xtb_coordinates/chromo5424/mmff.xyz,/scratch/jaggbow/mol_xtb_coordinates/chromo5424/basic.xyz,0,,,,,,
1547,chromo5572,CCOC(=O)COc1ccc(C=CC2=C3c4ccccc4C(c4[nH]c(C)cc4C)=[N+]3[B-](F)(F)n3c(C)cc(C)c32)cc1,2.2763,1.0911,2.5204,1.1784,/scratch/jaggbow/mol_xtb_coordinates/chromo5572/geom.xtbopt.xyz,/scratch/jaggbow/mol_xtb_coordinates/chromo5572/mmff.xyz,/scratch/jaggbow/mol_xtb_coordinates/chromo5572/basic.xyz,0,,,,,,
1548,chromo3703,COc1ccc(C#Cc2c(C#Cc3ccc(OC)cc3)c(C#Cc3ccc(OC)cc3)c(C#Cc3ccc(OC)cc3)c(C#Cc3ccc(OC)cc3)c2C#Cc2ccc(OC)cc2)cc1,2.5803,0.7845999999999997,3.4645,0.4159999999999999,/scratch/jaggbow/mol_xtb_coordinates/chromo3703/geom.xtbopt.xyz,/scratch/jaggbow/mol_xtb_coordinates/chromo3703/mmff.xyz,/scratch/jaggbow/mol_xtb_coordinates/chromo3703/basic.xyz,1,,,,,,
1549,chromo4083,CCN(CC)c1ccc2cc(C=CC(=C(C#N)C#N)c3ccc4c(c3)c3ccccc3n4CC)c(=O)oc2c1,2.4256,0.9114000000000002,2.5187,0.3035000000000001,/scratch/jaggbow/mol_xtb_coordinates/chromo4083/geom.xtbopt.xyz,/scratch/jaggbow/mol_xtb_coordinates/chromo4083/mmff.xyz,/scratch/jaggbow/mol_xtb_coordinates/chromo4083/basic.xyz,1,,,,,,
1550,chromo2824,N#Cc1ccc(C2=Cc3cc4ccccc4cc3P2(=O)c2ccccc2)cc1,3.4263,1.2687,3.8687,1.0426000000000002,/scratch/jaggbow/mol_xtb_coordinates/chromo2824/geom.xtbopt.xyz,/scratch/jaggbow/mol_xtb_coordinates/chromo2824/mmff.xyz,/scratch/jaggbow/mol_xtb_coordinates/chromo2824/basic.xyz,0,,,,,,
1551,chromo3280,CCCSc1ccc2n1[B-](F)(F)[N+]1=CC=CC1=C2c1ccccc1,2.5557,1.0323999999999998,2.8138,1.4885000000000002,/scratch/jaggbow/mol_xtb_coordinates/chromo3280/geom.xtbopt.xyz,/scratch/jaggbow/mol_xtb_coordinates/chromo3280/mmff.xyz,/scratch/jaggbow/mol_xtb_coordinates/chromo3280/basic.xyz,1,,,,,,
1552,chromo5085,CC(C)(C)c1ccc2c(c1)c1cc(C(C)(C)C)ccc1n2-c1cc(C(=O)c2cccnc2)cc(-n2c3ccc(C(C)(C)C)cc3c3cc(C(C)(C)C)ccc32)c1,2.6778,0.1252999999999997,3.5548,0.2527000000000003,/scratch/jaggbow/mol_xtb_coordinates/chromo5085/geom.xtbopt.xyz,/scratch/jaggbow/mol_xtb_coordinates/chromo5085/mmff.xyz,/scratch/jaggbow/mol_xtb_coordinates/chromo5085/basic.xyz,1,,,,,,
1553,chromo5649,CCN(CC)c1ccc2c(c1)oc(=O)c1c(C)nc3c(cnn3-c3ccccc3)c12,3.4017,0.8773999999999997,3.529,0.7505999999999999,/scratch/jaggbow/mol_xtb_coordinates/chromo5649/geom.xtbopt.xyz,/scratch/jaggbow/mol_xtb_coordinates/chromo5649/mmff.xyz,/scratch/jaggbow/mol_xtb_coordinates/chromo5649/basic.xyz,0,,,,,,
1554,chromo5229,CCCCN1C(=O)c2cccc3c([O-])c(C=Cc4sc5ccccc5[n+]4CC)cc(c23)C1=O,2.5142,1.1366000000000005,3.2312,0.7714999999999996,/scratch/jaggbow/mol_xtb_coordinates/chromo5229/geom.xtbopt.xyz,/scratch/jaggbow/mol_xtb_coordinates/chromo5229/mmff.xyz,/scratch/jaggbow/mol_xtb_coordinates/chromo5229/basic.xyz,0,,,,,,
1555,chromo3053,COC1(OC)C2(Cl)c3nc4ccc(-c5cccs5)cc4nc3C1(Cl)C1CC3C(CC12)C1(Cl)c2nc4ccc(-c5cccs5)cc4nc2C3(Cl)C1(OC)OC,3.3978,0.9493,3.602,0.6808000000000001,/scratch/jaggbow/mol_xtb_coordinates/chromo3053/geom.xtbopt.xyz,/scratch/jaggbow/mol_xtb_coordinates/chromo3053/mmff.xyz,/scratch/jaggbow/mol_xtb_coordinates/chromo3053/basic.xyz,0,,,,,,
1556,chromo5050,COc1ccc(-c2ccc3c(c2)c2cc(-c4ccc(OC)cc4)ccc2n3-c2ccc(C(=O)c3ccc4sc5ccccc5c4c3)cc2)cc1,2.8505,0.2266999999999996,3.7396,0.3746999999999998,/scratch/jaggbow/mol_xtb_coordinates/chromo5050/geom.xtbopt.xyz,/scratch/jaggbow/mol_xtb_coordinates/chromo5050/mmff.xyz,/scratch/jaggbow/mol_xtb_coordinates/chromo5050/basic.xyz,1,,,,,,
1557,chromo2126,O=C(c1ccncc1)c1cc(-n2c3ccccc3c3ccccc32)ccc1-n1c2ccccc2c2ccccc21,2.6601,0.1277999999999997,3.24,0.1534000000000004,/scratch/jaggbow/mol_xtb_coordinates/chromo2126/geom.xtbopt.xyz,/scratch/jaggbow/mol_xtb_coordinates/chromo2126/mmff.xyz,/scratch/jaggbow/mol_xtb_coordinates/chromo2126/basic.xyz,1,,,,,,
1558,chromo2270,CC[B-]1(CC)c2cccc3cc4ccccc4c(c23)-c2cccc(C)[n+]21,2.3648,0.9419999999999996,2.6965,0.8347,/scratch/jaggbow/mol_xtb_coordinates/chromo2270/geom.xtbopt.xyz,/scratch/jaggbow/mol_xtb_coordinates/chromo2270/mmff.xyz,/scratch/jaggbow/mol_xtb_coordinates/chromo2270/basic.xyz,0,,,,,,
1559,chromo5399,CC(C)(C)c1ccc(-c2nc3c4ccc(-c5c6ccccc6cc6ccccc56)cc4c4cc(-c5c6ccccc6cc6ccccc56)ccc4c3n2-c2ccc(C(C)(C)C)cc2)cc1,3.0377,1.276,3.358,1.0373,/scratch/jaggbow/mol_xtb_coordinates/chromo5399/geom.xtbopt.xyz,/scratch/jaggbow/mol_xtb_coordinates/chromo5399/mmff.xyz,/scratch/jaggbow/mol_xtb_coordinates/chromo5399/basic.xyz,1,,,,,,
1560,chromo5716,C#Cn1c(-c2cc(-c3nc4ccc(C)cc4n3C#C)cc(-c3nc4ccc(C)cc4n3C#C)c2)nc2ccc(C)cc21,3.6457,0.9991000000000004,4.1378,0.6066000000000003,/scratch/jaggbow/mol_xtb_coordinates/chromo5716/geom.xtbopt.xyz,/scratch/jaggbow/mol_xtb_coordinates/chromo5716/mmff.xyz,/scratch/jaggbow/mol_xtb_coordinates/chromo5716/basic.xyz,0,,,,,,
1561,chromo1669,COc1ccc(C2=C(C)C3=C(c4c(-c5ccccn5)nc5ccccn45)c4c(C)c(-c5ccc(OC)cc5)c(C)n4[B-](F)(F)[N+]3=C2C)cc1,2.462,1.0952000000000002,2.6315,1.1803,/scratch/jaggbow/mol_xtb_coordinates/chromo1669/geom.xtbopt.xyz,/scratch/jaggbow/mol_xtb_coordinates/chromo1669/mmff.xyz,/scratch/jaggbow/mol_xtb_coordinates/chromo1669/basic.xyz,1,,,,,,
1562,chromo4237,CCN(CC)c1ccc2cc(-c3cc(SC)c(C#N)c(=O)o3)c(=O)oc2c1,2.8841,1.0239,3.1313,0.9041,/scratch/jaggbow/mol_xtb_coordinates/chromo4237/geom.xtbopt.xyz,/scratch/jaggbow/mol_xtb_coordinates/chromo4237/mmff.xyz,/scratch/jaggbow/mol_xtb_coordinates/chromo4237/basic.xyz,1,,,,,,
1563,chromo2900,COc1ccc(-c2ncccn2)cc1,4.1647,1.1831999999999998,4.3598,0.7496,/scratch/jaggbow/mol_xtb_coordinates/chromo2900/geom.xtbopt.xyz,/scratch/jaggbow/mol_xtb_coordinates/chromo2900/mmff.xyz,/scratch/jaggbow/mol_xtb_coordinates/chromo2900/basic.xyz,1,,,,,,
1564,chromo3132,C(=Cc1ccc(C=CSC=C2CCCC2)cc1)SC=C1CCCC1,3.3808,1.2384,3.7258,0.907,/scratch/jaggbow/mol_xtb_coordinates/chromo3132/geom.xtbopt.xyz,/scratch/jaggbow/mol_xtb_coordinates/chromo3132/mmff.xyz,/scratch/jaggbow/mol_xtb_coordinates/chromo3132/basic.xyz,1,,,,,,
1565,chromo0992,CC1=C(C#Cc2ccccc2)C(C)=[N+]2C1=C(c1ccccc1)c1c(C)c(C#Cc3ccccc3)c(C)n1[B-]2(F)F,2.3026,0.8659999999999999,2.6158,1.0879,/scratch/jaggbow/mol_xtb_coordinates/chromo0992/geom.xtbopt.xyz,/scratch/jaggbow/mol_xtb_coordinates/chromo0992/mmff.xyz,/scratch/jaggbow/mol_xtb_coordinates/chromo0992/basic.xyz,1,,,,,,
1566,chromo1530,CCCCCCCCCCCCN1C(=O)c2c(c3ccc4cc(-c5ccc(OC)cc5)c(OC)cc4c3c3c2ccc2cc(-c4ccc(OC)cc4)c(OC)cc23)C1=O,2.5368,0.5751999999999999,2.8619,0.3925,/scratch/jaggbow/mol_xtb_coordinates/chromo1530/geom.xtbopt.xyz,/scratch/jaggbow/mol_xtb_coordinates/chromo1530/mmff.xyz,/scratch/jaggbow/mol_xtb_coordinates/chromo1530/basic.xyz,0,,,,,,
1567,chromo1479,[C-]#[N+]c1ccc(-c2ccc(N)cc2)cc1,4.0136,1.1284,4.3947,0.8589000000000002,/scratch/jaggbow/mol_xtb_coordinates/chromo1479/geom.xtbopt.xyz,/scratch/jaggbow/mol_xtb_coordinates/chromo1479/mmff.xyz,/scratch/jaggbow/mol_xtb_coordinates/chromo1479/basic.xyz,1,,,,,,
1568,chromo5941,CC1(C)CC(C=Cc2ccc(-n3cccn3)cc2)=CC(=C(C#N)C#N)C1,2.9096,1.4173000000000002,3.3588,1.2512,/scratch/jaggbow/mol_xtb_coordinates/chromo5941/geom.xtbopt.xyz,/scratch/jaggbow/mol_xtb_coordinates/chromo5941/mmff.xyz,/scratch/jaggbow/mol_xtb_coordinates/chromo5941/basic.xyz,0,,,,,,
1569,chromo2947,O=C(NN=Cc1ccccc1O)c1ccccc1,3.6435,0.985,3.9378,0.8696000000000002,/scratch/jaggbow/mol_xtb_coordinates/chromo2947/geom.xtbopt.xyz,/scratch/jaggbow/mol_xtb_coordinates/chromo2947/mmff.xyz,/scratch/jaggbow/mol_xtb_coordinates/chromo2947/basic.xyz,1,,,,,,
1570,chromo0316,C(=Cc1nc2c(c(N3CCOCC3)n1)CCCC2)c1ccccc1,3.8708,1.5137999999999998,3.9848,0.8512999999999997,/scratch/jaggbow/mol_xtb_coordinates/chromo0316/geom.xtbopt.xyz,/scratch/jaggbow/mol_xtb_coordinates/chromo0316/mmff.xyz,/scratch/jaggbow/mol_xtb_coordinates/chromo0316/basic.xyz,0,,,,,,
1571,chromo4343,c1ccc(-n2nc(-c3ccc(-c4ccc5c(c4)C(c4ccccc4)(c4ccccc4)c4ccccc4-5)cc3)nc2-c2ccccn2)cc1,3.6664,0.9792999999999998,4.2821,0.6790999999999996,/scratch/jaggbow/mol_xtb_coordinates/chromo4343/geom.xtbopt.xyz,/scratch/jaggbow/mol_xtb_coordinates/chromo4343/mmff.xyz,/scratch/jaggbow/mol_xtb_coordinates/chromo4343/basic.xyz,0,,,,,,
1572,chromo4915,CC1(C)c2ccccc2-c2cc3c(cc21)c1ccccc1n3-c1cccnc1,3.7104,0.9712999999999998,3.6876,0.4290000000000002,/scratch/jaggbow/mol_xtb_coordinates/chromo4915/geom.xtbopt.xyz,/scratch/jaggbow/mol_xtb_coordinates/chromo4915/mmff.xyz,/scratch/jaggbow/mol_xtb_coordinates/chromo4915/basic.xyz,0,,,,,,
1573,chromo0120,Cc1ccc(N(c2ccc(C)cc2)c2ccc(-c3ccc4c(c3)C(=O)c3ccccc3C4=O)cc2)cc1,2.0253,0.1818000000000001,2.9736,0.3178999999999998,/scratch/jaggbow/mol_xtb_coordinates/chromo0120/geom.xtbopt.xyz,/scratch/jaggbow/mol_xtb_coordinates/chromo0120/mmff.xyz,/scratch/jaggbow/mol_xtb_coordinates/chromo0120/basic.xyz,0,,,,,,
1574,chromo0683,Cc1cn2cc(-c3ccccc3)[n-][n+]2c1,3.7677,0.7473000000000001,3.6999,0.6351,/scratch/jaggbow/mol_xtb_coordinates/chromo0683/geom.xtbopt.xyz,/scratch/jaggbow/mol_xtb_coordinates/chromo0683/mmff.xyz,/scratch/jaggbow/mol_xtb_coordinates/chromo0683/basic.xyz,0,,,,,,
1575,chromo3285,N#CSC1=CC2=C(c3ccccc3)c3ccc(SC#N)n3[B-](F)(F)[N+]2=C1N1CCOCC1,2.662,1.2948,2.56,1.4281,/scratch/jaggbow/mol_xtb_coordinates/chromo3285/geom.xtbopt.xyz,/scratch/jaggbow/mol_xtb_coordinates/chromo3285/mmff.xyz,/scratch/jaggbow/mol_xtb_coordinates/chromo3285/basic.xyz,1,,,,,,
1576,chromo5559,CC1=C2c3ccccc3C(c3[nH]c(C)cc3C)=[N+]2[B-](F)(F)n2c(C)cc(C)c21,2.3856,1.1549000000000005,2.5404,1.1971,/scratch/jaggbow/mol_xtb_coordinates/chromo5559/geom.xtbopt.xyz,/scratch/jaggbow/mol_xtb_coordinates/chromo5559/mmff.xyz,/scratch/jaggbow/mol_xtb_coordinates/chromo5559/basic.xyz,0,,,,,,
1577,chromo2540,CN(C)c1ccc(C2=Nc3scc(-c4ccc([N+](=O)[O-])cc4)[n+]3[B-](F)(F)O2)cc1,2.9333,0.4832000000000001,3.3929,0.8397000000000001,/scratch/jaggbow/mol_xtb_coordinates/chromo2540/geom.xtbopt.xyz,/scratch/jaggbow/mol_xtb_coordinates/chromo2540/mmff.xyz,/scratch/jaggbow/mol_xtb_coordinates/chromo2540/basic.xyz,0,,,,,,
1578,chromo3318,CCCCCN(c1ccccc1)c1ccc2c(c1)C(CC)(CC)c1cc(C=Cc3ccc(C=C(C#N)C(=O)O)s3)ccc1-2,2.0409,0.6416000000000002,2.9774,0.9724,/scratch/jaggbow/mol_xtb_coordinates/chromo3318/geom.xtbopt.xyz,/scratch/jaggbow/mol_xtb_coordinates/chromo3318/mmff.xyz,/scratch/jaggbow/mol_xtb_coordinates/chromo3318/basic.xyz,0,,,,,,
1579,chromo4725,Oc1ccccc1-c1nc2ccccc2s1,3.7057,0.9924000000000004,3.9004,0.6938999999999997,/scratch/jaggbow/mol_xtb_coordinates/chromo4725/geom.xtbopt.xyz,/scratch/jaggbow/mol_xtb_coordinates/chromo4725/mmff.xyz,/scratch/jaggbow/mol_xtb_coordinates/chromo4725/basic.xyz,1,,,,,,
1580,chromo2523,Cc1cc(C)c(C2=C3C=C(C=CC(=O)OC(C)(C)C)C=[N+]3[B-](F)(F)n3cc(C=CC(=O)OC(C)(C)C)cc32)c(C)c1,2.4599,0.9481000000000002,2.6745,1.0757,/scratch/jaggbow/mol_xtb_coordinates/chromo2523/geom.xtbopt.xyz,/scratch/jaggbow/mol_xtb_coordinates/chromo2523/mmff.xyz,/scratch/jaggbow/mol_xtb_coordinates/chromo2523/basic.xyz,1,,,,,,
1581,chromo2845,Brc1ccc(C=Cc2cnc3ccccc3n2)cc1,3.3178,1.2803,3.4161,0.5872000000000002,/scratch/jaggbow/mol_xtb_coordinates/chromo2845/geom.xtbopt.xyz,/scratch/jaggbow/mol_xtb_coordinates/chromo2845/mmff.xyz,/scratch/jaggbow/mol_xtb_coordinates/chromo2845/basic.xyz,0,,,,,,
1582,chromo2308,CC(C)(C)c1ccc(-c2c3cccc4c(-c5ccccc5)cc5c(-c6ccc(C(C)(C)C)cc6)c6cccc7c(-c8ccccc8)cc2c(c76)c5c43)cc1,2.7153,1.3928,3.0793,1.1086,/scratch/jaggbow/mol_xtb_coordinates/chromo2308/geom.xtbopt.xyz,/scratch/jaggbow/mol_xtb_coordinates/chromo2308/mmff.xyz,/scratch/jaggbow/mol_xtb_coordinates/chromo2308/basic.xyz,0,,,,,,
1583,chromo5472,CCCCOc1ccc(-c2oc3cc4n(c3c2-c2ccc(OCCCC)cc2)[B-](F)(F)[N+]2=Cc3cc5oc(-c6ccc(OCCCC)cc6)c(-c6ccc(OCCCC)cc6)c5n3[B-](F)(F)[N+]2=C4)cc1,2.1641,0.8039999999999998,2.5095,1.0207000000000002,/scratch/jaggbow/mol_xtb_coordinates/chromo5472/geom.xtbopt.xyz,/scratch/jaggbow/mol_xtb_coordinates/chromo5472/mmff.xyz,/scratch/jaggbow/mol_xtb_coordinates/chromo5472/basic.xyz,0,,,,,,
1584,chromo0147,FC(F)(F)C(F)(F)C(F)(F)C(F)(F)C(F)(F)C(F)(F)CCOc1nnc(Cl)nn1,2.2619,0.8125999999999998,1.8832,0.0032,/scratch/jaggbow/mol_xtb_coordinates/chromo0147/geom.xtbopt.xyz,/scratch/jaggbow/mol_xtb_coordinates/chromo0147/mmff.xyz,/scratch/jaggbow/mol_xtb_coordinates/chromo0147/basic.xyz,0,,,,,,
1585,chromo3239,COc1cc(C=CC2=CC(C=Cc3ccc(O)c(OC)c3)=[O+][B-](F)(F)O2)ccc1O,2.7565,0.9047,2.9927,0.8427000000000002,/scratch/jaggbow/mol_xtb_coordinates/chromo3239/geom.xtbopt.xyz,/scratch/jaggbow/mol_xtb_coordinates/chromo3239/mmff.xyz,/scratch/jaggbow/mol_xtb_coordinates/chromo3239/basic.xyz,1,,,,,,
1586,chromo2174,O=C1c2ccccc2S(=O)(=O)c2ccc(-n3c4ccccc4c4ccccc43)cc21,2.3894,0.1412,3.5405,0.2213000000000002,/scratch/jaggbow/mol_xtb_coordinates/chromo2174/geom.xtbopt.xyz,/scratch/jaggbow/mol_xtb_coordinates/chromo2174/mmff.xyz,/scratch/jaggbow/mol_xtb_coordinates/chromo2174/basic.xyz,0,,,,,,
1587,chromo0503,COc1ccc(Oc2ccc3c4c(cccc24)C(=O)N(c2c(C(C)C)cccc2C(C)C)C3=O)cc1,3.4399,1.1505,3.462,0.8738000000000001,/scratch/jaggbow/mol_xtb_coordinates/chromo0503/geom.xtbopt.xyz,/scratch/jaggbow/mol_xtb_coordinates/chromo0503/mmff.xyz,/scratch/jaggbow/mol_xtb_coordinates/chromo0503/basic.xyz,0,,,,,,
1588,chromo5443,Nc1ccc2c(ccc3[n+]2[B-](F)(F)n2c-3cc3c4ccccc4c4ccccc4c32)c1,2.38,0.6557999999999999,2.7746,0.7364000000000002,/scratch/jaggbow/mol_xtb_coordinates/chromo5443/geom.xtbopt.xyz,/scratch/jaggbow/mol_xtb_coordinates/chromo5443/mmff.xyz,/scratch/jaggbow/mol_xtb_coordinates/chromo5443/basic.xyz,0,,,,,,
1589,chromo6909,c1ccc2c(c1)c1ccccc1n2P1(n2c3ccccc3c3ccccc32)=NP(n2c3ccccc3c3ccccc32)(n2c3ccccc3c3ccccc32)=NP(n2c3ccccc3c3ccccc32)(n2c3ccccc3c3ccccc32)=N1,4.3151,1.1456,1.7382,0.0849999999999999,/scratch/jaggbow/mol_xtb_coordinates/chromo6909/geom.xtbopt.xyz,/scratch/jaggbow/mol_xtb_coordinates/chromo6909/mmff.xyz,/scratch/jaggbow/mol_xtb_coordinates/chromo6909/basic.xyz,1,,,,,,
1590,chromo3210,CCNc1cccc2c1C(=O)c1ccccc1C2=O,2.5785,0.7686999999999999,2.1687,0.8711999999999998,/scratch/jaggbow/mol_xtb_coordinates/chromo3210/geom.xtbopt.xyz,/scratch/jaggbow/mol_xtb_coordinates/chromo3210/mmff.xyz,/scratch/jaggbow/mol_xtb_coordinates/chromo3210/basic.xyz,0,,,,,,
1591,chromo3212,O=C1c2ccccc2C(=O)c2c(NCCNc3nc(Cl)nc(Cl)n3)cccc21,2.6549,0.746,2.1794,0.6175999999999997,/scratch/jaggbow/mol_xtb_coordinates/chromo3212/geom.xtbopt.xyz,/scratch/jaggbow/mol_xtb_coordinates/chromo3212/mmff.xyz,/scratch/jaggbow/mol_xtb_coordinates/chromo3212/basic.xyz,0,,,,,,
1592,chromo5471,COc1ccc(C2=C(c3ccc(OC)cc3)c3cccc4c5c(cc(c34)O2)=NC(C#N)C(C#N)N=5)cc1,2.1972,0.7898000000000001,2.2287,0.6938,/scratch/jaggbow/mol_xtb_coordinates/chromo5471/geom.xtbopt.xyz,/scratch/jaggbow/mol_xtb_coordinates/chromo5471/mmff.xyz,/scratch/jaggbow/mol_xtb_coordinates/chromo5471/basic.xyz,0,,,,,,
1593,chromo0044,CCC12C(=C3C(=C4c5ccc(-c6ccc(C)s6)cc5S(=O)(=O)C41CC)C(F)(F)C(F)(F)C3(F)F)c1ccc(-c3ccc(C)s3)cc1S2(=O)=O,2.3042,1.0266999999999995,2.8426,0.7993999999999999,/scratch/jaggbow/mol_xtb_coordinates/chromo0044/geom.xtbopt.xyz,/scratch/jaggbow/mol_xtb_coordinates/chromo0044/mmff.xyz,/scratch/jaggbow/mol_xtb_coordinates/chromo0044/basic.xyz,0,,,,,,
1594,chromo3100,Cc1cc2ccccc2c2c1c1ccccc1n2-c1ccc(C#N)cc1,3.0847,0.4704000000000001,3.7052,0.5448,/scratch/jaggbow/mol_xtb_coordinates/chromo3100/geom.xtbopt.xyz,/scratch/jaggbow/mol_xtb_coordinates/chromo3100/mmff.xyz,/scratch/jaggbow/mol_xtb_coordinates/chromo3100/basic.xyz,0,,,,,,
1595,chromo3104,CCCCCc1c(C)c2c3ccccc3[nH]c2c2ccccc12,3.7262,1.0935,3.7336,0.5768,/scratch/jaggbow/mol_xtb_coordinates/chromo3104/geom.xtbopt.xyz,/scratch/jaggbow/mol_xtb_coordinates/chromo3104/mmff.xyz,/scratch/jaggbow/mol_xtb_coordinates/chromo3104/basic.xyz,0,,,,,,
1596,chromo1106,COc1ccc(C2=[N+]3C(=Nc4c(-c5ccccc5)cc(-c5ccc(OC)cc5)n4[B-]3(F)F)C(c3ccccc3)=C2)cc1,2.0699,1.1966,2.4272,1.2494,/scratch/jaggbow/mol_xtb_coordinates/chromo1106/geom.xtbopt.xyz,/scratch/jaggbow/mol_xtb_coordinates/chromo1106/mmff.xyz,/scratch/jaggbow/mol_xtb_coordinates/chromo1106/basic.xyz,0,,,,,,
1597,chromo2316,CC(=O)c1c2c(cc3cc(N(C)C)ccc13)CCC2,3.1479,0.8256999999999999,3.3662,0.6280999999999999,/scratch/jaggbow/mol_xtb_coordinates/chromo2316/geom.xtbopt.xyz,/scratch/jaggbow/mol_xtb_coordinates/chromo2316/mmff.xyz,/scratch/jaggbow/mol_xtb_coordinates/chromo2316/basic.xyz,0,,,,,,
1598,chromo1474,CCCC(=O)c1c2c(c(C(=O)CCC)c3c1OC(CC(=O)OC)(C(=O)OC)O3)OCO2,2.9464,0.8280000000000003,2.5726,0.7579,/scratch/jaggbow/mol_xtb_coordinates/chromo1474/geom.xtbopt.xyz,/scratch/jaggbow/mol_xtb_coordinates/chromo1474/mmff.xyz,/scratch/jaggbow/mol_xtb_coordinates/chromo1474/basic.xyz,0,,,,,,
1599,chromo2850,CN(C)c1ccc(C=Cc2cnccn2)cc1,3.2274,1.1446999999999998,3.5559,1.0707,/scratch/jaggbow/mol_xtb_coordinates/chromo2850/geom.xtbopt.xyz,/scratch/jaggbow/mol_xtb_coordinates/chromo2850/mmff.xyz,/scratch/jaggbow/mol_xtb_coordinates/chromo2850/basic.xyz,1,,,,,,
1600,chromo5448,N#Cc1cc(C=Cc2ccc(N(c3ccccc3)c3ccccc3)cc2)ccc1C=Cc1ccc(C=Cc2ccc(N(c3ccccc3)c3ccccc3)cc2)cc1,2.3405,0.7493000000000001,3.1262,0.532,/scratch/jaggbow/mol_xtb_coordinates/chromo5448/geom.xtbopt.xyz,/scratch/jaggbow/mol_xtb_coordinates/chromo5448/mmff.xyz,/scratch/jaggbow/mol_xtb_coordinates/chromo5448/basic.xyz,1,,,,,,
1601,chromo0765,CN(C)c1ccc(C=Cc2nc(C=Cc3ccc(N(c4ccccc4)c4ccccc4)cc3)cc(C=Cc3ccc(N(c4ccccc4)c4ccccc4)cc3)n2)cc1,2.6112,0.5737000000000001,3.4091,0.7332999999999998,/scratch/jaggbow/mol_xtb_coordinates/chromo0765/geom.xtbopt.xyz,/scratch/jaggbow/mol_xtb_coordinates/chromo0765/mmff.xyz,/scratch/jaggbow/mol_xtb_coordinates/chromo0765/basic.xyz,1,,,,,,
1602,chromo3098,COc1ccc(-n2c3ccccc3c3c(C)cc4ccccc4c32)cc1,3.7588,1.0777,3.7202,0.5498000000000003,/scratch/jaggbow/mol_xtb_coordinates/chromo3098/geom.xtbopt.xyz,/scratch/jaggbow/mol_xtb_coordinates/chromo3098/mmff.xyz,/scratch/jaggbow/mol_xtb_coordinates/chromo3098/basic.xyz,0,,,,,,
1603,chromo1199,O=Cc1cc(N2CCCCC2)c2ccc3c(N4CCCCC4)cc(N4CCCCC4)c4ccc1c2c43,2.6413,1.0319000000000005,2.737,0.8369000000000002,/scratch/jaggbow/mol_xtb_coordinates/chromo1199/geom.xtbopt.xyz,/scratch/jaggbow/mol_xtb_coordinates/chromo1199/mmff.xyz,/scratch/jaggbow/mol_xtb_coordinates/chromo1199/basic.xyz,1,,,,,,
1604,chromo4371,O=c1c2ccccc2nc2ccc(-c3ccc(-c4ccc(N(c5ccccc5)c5ccccc5)cc4)cc3)cn12,2.9289,0.7772999999999999,3.5421,0.9116,/scratch/jaggbow/mol_xtb_coordinates/chromo4371/geom.xtbopt.xyz,/scratch/jaggbow/mol_xtb_coordinates/chromo4371/mmff.xyz,/scratch/jaggbow/mol_xtb_coordinates/chromo4371/basic.xyz,0,,,,,,
1605,chromo0420,Clc1ccc(C=Cc2nc(-c3ccccc3)[nH]c2C=Cc2ccc(Cl)cc2)cc1,2.9666,1.2614,3.3604,1.0185,/scratch/jaggbow/mol_xtb_coordinates/chromo0420/geom.xtbopt.xyz,/scratch/jaggbow/mol_xtb_coordinates/chromo0420/mmff.xyz,/scratch/jaggbow/mol_xtb_coordinates/chromo0420/basic.xyz,1,,,,,,
1606,chromo4351,Clc1nnc(Oc2ccc(N(c3ccccc3)c3ccccc3)cc2)nn1,1.5658,0.1787,1.8932,0.0028999999999999,/scratch/jaggbow/mol_xtb_coordinates/chromo4351/geom.xtbopt.xyz,/scratch/jaggbow/mol_xtb_coordinates/chromo4351/mmff.xyz,/scratch/jaggbow/mol_xtb_coordinates/chromo4351/basic.xyz,0,,,,,,
1607,chromo1529,CCCCCCCCCCCCN1C(=O)c2c(c3ccc4cc(-c5ccc(-c6ccccc6)cc5)c(OC)cc4c3c3c2ccc2cc(-c4ccc(-c5ccccc5)cc4)c(OC)cc23)C1=O,2.5648,0.5781000000000001,2.8464,0.3288999999999999,/scratch/jaggbow/mol_xtb_coordinates/chromo1529/geom.xtbopt.xyz,/scratch/jaggbow/mol_xtb_coordinates/chromo1529/mmff.xyz,/scratch/jaggbow/mol_xtb_coordinates/chromo1529/basic.xyz,0,,,,,,
1608,chromo2029,Cc1cc(-n2c3ccccc3c3cc(C#N)ccc32)ccc1-c1ccc(S(=O)(=O)c2ccccc2)cc1C,3.9697,0.8506999999999998,3.8519,0.3873999999999999,/scratch/jaggbow/mol_xtb_coordinates/chromo2029/geom.xtbopt.xyz,/scratch/jaggbow/mol_xtb_coordinates/chromo2029/mmff.xyz,/scratch/jaggbow/mol_xtb_coordinates/chromo2029/basic.xyz,1,,,,,,
1609,chromo3119,Cc1ccc(-c2c3nc(c(-c4ccco4)c4ccc([nH]4)c(-c4ccc(C)cc4)c4nc(c(-c5ccco5)c5ccc2[nH]5)C=C4)C=C3)cc1,2.0882,0.7752000000000001,2.1002,0.2935000000000001,/scratch/jaggbow/mol_xtb_coordinates/chromo3119/geom.xtbopt.xyz,/scratch/jaggbow/mol_xtb_coordinates/chromo3119/mmff.xyz,/scratch/jaggbow/mol_xtb_coordinates/chromo3119/basic.xyz,0,,,,,,
1610,chromo4216,Cc1csc2[n+]1[B-](F)(F)n1c(c3cccc4cccc1c43)=N2,2.8582,1.0216,2.7106,0.8018999999999998,/scratch/jaggbow/mol_xtb_coordinates/chromo4216/geom.xtbopt.xyz,/scratch/jaggbow/mol_xtb_coordinates/chromo4216/mmff.xyz,/scratch/jaggbow/mol_xtb_coordinates/chromo4216/basic.xyz,0,,,,,,
1611,chromo4574,COc1cc(C=Cc2ccccn2)c(OC)cc1C=O,3.1423,1.1688,3.2002,0.8459000000000003,/scratch/jaggbow/mol_xtb_coordinates/chromo4574/geom.xtbopt.xyz,/scratch/jaggbow/mol_xtb_coordinates/chromo4574/mmff.xyz,/scratch/jaggbow/mol_xtb_coordinates/chromo4574/basic.xyz,1,,,,,,
1612,chromo5644,CCN(CC)c1ccc2c(c1)oc(=O)c1cc3c(C)nn(-c4ccccc4)c3nc12,3.2028,0.6859999999999999,3.6957,0.7355,/scratch/jaggbow/mol_xtb_coordinates/chromo5644/geom.xtbopt.xyz,/scratch/jaggbow/mol_xtb_coordinates/chromo5644/mmff.xyz,/scratch/jaggbow/mol_xtb_coordinates/chromo5644/basic.xyz,0,,,,,,
1613,chromo4694,Clc1ccc2nc3cc4ccccc4cc3c(-c3ccccc3)c2c1,2.4421,1.2635999999999998,2.8089,1.0191,/scratch/jaggbow/mol_xtb_coordinates/chromo4694/geom.xtbopt.xyz,/scratch/jaggbow/mol_xtb_coordinates/chromo4694/mmff.xyz,/scratch/jaggbow/mol_xtb_coordinates/chromo4694/basic.xyz,0,,,,,,
1614,chromo1162,COc1ccccc1-c1nc2c3ccccc3c3ccccc3c2o1,3.5957,1.0718,3.7173,0.6553,/scratch/jaggbow/mol_xtb_coordinates/chromo1162/geom.xtbopt.xyz,/scratch/jaggbow/mol_xtb_coordinates/chromo1162/mmff.xyz,/scratch/jaggbow/mol_xtb_coordinates/chromo1162/basic.xyz,0,,,,,,
1615,chromo2745,COc1ccc(C=CC2=CC(C=Cc3ccc(OC)cc3)=[O+][B-](F)(F)O2)cc1,2.8807,0.9387,3.0534,0.8626,/scratch/jaggbow/mol_xtb_coordinates/chromo2745/geom.xtbopt.xyz,/scratch/jaggbow/mol_xtb_coordinates/chromo2745/mmff.xyz,/scratch/jaggbow/mol_xtb_coordinates/chromo2745/basic.xyz,1,,,,,,
1616,chromo0844,CCCCCC(=O)c1cccc2sc3c(c12)P(=O)(c1ccccc1)c1ccccc1-3,3.493,1.1094,3.1359,0.6122999999999998,/scratch/jaggbow/mol_xtb_coordinates/chromo0844/geom.xtbopt.xyz,/scratch/jaggbow/mol_xtb_coordinates/chromo0844/mmff.xyz,/scratch/jaggbow/mol_xtb_coordinates/chromo0844/basic.xyz,0,,,,,,
1617,chromo0313,[O-][n+]1c(C=Cc2cccs2)nc(N2CCOCC2)c2c1CCCC2,2.9079,1.2768000000000002,2.869,0.9022,/scratch/jaggbow/mol_xtb_coordinates/chromo0313/geom.xtbopt.xyz,/scratch/jaggbow/mol_xtb_coordinates/chromo0313/mmff.xyz,/scratch/jaggbow/mol_xtb_coordinates/chromo0313/basic.xyz,0,,,,,,
1618,chromo3471,CCOC(=O)c1c(-c2cc3cc(OC)ccc3oc2=O)nn(-c2cccc(C)c2)c1C(=O)OCC,3.5595,1.0890999999999995,3.6217,0.7585000000000002,/scratch/jaggbow/mol_xtb_coordinates/chromo3471/geom.xtbopt.xyz,/scratch/jaggbow/mol_xtb_coordinates/chromo3471/mmff.xyz,/scratch/jaggbow/mol_xtb_coordinates/chromo3471/basic.xyz,1,,,,,,
1619,chromo3113,Cc1cc2sccc2c2[nH]c3ccccc3c12,3.9696,0.9939,3.9447,0.5154000000000001,/scratch/jaggbow/mol_xtb_coordinates/chromo3113/geom.xtbopt.xyz,/scratch/jaggbow/mol_xtb_coordinates/chromo3113/mmff.xyz,/scratch/jaggbow/mol_xtb_coordinates/chromo3113/basic.xyz,0,,,,,,
1620,chromo4511,CCOC(=O)C(C#N)=Cc1cn(-c2ccccc2)nc1-c1ccccc1,3.5077,1.0349,3.7361,0.9554999999999998,/scratch/jaggbow/mol_xtb_coordinates/chromo4511/geom.xtbopt.xyz,/scratch/jaggbow/mol_xtb_coordinates/chromo4511/mmff.xyz,/scratch/jaggbow/mol_xtb_coordinates/chromo4511/basic.xyz,0,,,,,,
1621,chromo4826,N#CC(=Cc1cc(C=C(C#N)c2ccc(C(F)(F)F)cc2)c(-c2ccc(N(c3ccccc3)c3ccccc3)cc2)cc1-c1ccc(N(c2ccccc2)c2ccccc2)cc1)c1ccc(C(F)(F)F)cc1,2.5624,0.4628999999999998,3.2973,0.2732000000000001,/scratch/jaggbow/mol_xtb_coordinates/chromo4826/geom.xtbopt.xyz,/scratch/jaggbow/mol_xtb_coordinates/chromo4826/mmff.xyz,/scratch/jaggbow/mol_xtb_coordinates/chromo4826/basic.xyz,1,,,,,,
1622,chromo3324,COc1ccc(C=Nc2cc(C(C)C)c(O)cc2C)cc1,3.4598,1.0307,3.5016,0.5179999999999998,/scratch/jaggbow/mol_xtb_coordinates/chromo3324/geom.xtbopt.xyz,/scratch/jaggbow/mol_xtb_coordinates/chromo3324/mmff.xyz,/scratch/jaggbow/mol_xtb_coordinates/chromo3324/basic.xyz,1,,,,,,
1623,chromo2220,CC(C)(C)c1ccc(-n2c(-c3ccc(-c4cccc(-c5c(-c6ccccc6)nc6ccccn56)c4)cc3)nc3c4ccccc4c4ccccc4c32)cc1,3.4409,0.8292000000000002,3.796,0.5886,/scratch/jaggbow/mol_xtb_coordinates/chromo2220/geom.xtbopt.xyz,/scratch/jaggbow/mol_xtb_coordinates/chromo2220/mmff.xyz,/scratch/jaggbow/mol_xtb_coordinates/chromo2220/basic.xyz,1,,,,,,
1624,chromo2791,CN(C)c1ccc(C=C2CCCC2=O)cc1,3.37,1.1396000000000002,3.5908,1.1103,/scratch/jaggbow/mol_xtb_coordinates/chromo2791/geom.xtbopt.xyz,/scratch/jaggbow/mol_xtb_coordinates/chromo2791/mmff.xyz,/scratch/jaggbow/mol_xtb_coordinates/chromo2791/basic.xyz,1,,,,,,
1625,chromo0492,Cn1c(=O)c(N=Nc2cc(S(=O)(=O)O)ccc2S(=O)(=O)O)c(O)c2ccccc21,2.7389,0.7709000000000001,1.8593,0.0461,/scratch/jaggbow/mol_xtb_coordinates/chromo0492/geom.xtbopt.xyz,/scratch/jaggbow/mol_xtb_coordinates/chromo0492/mmff.xyz,/scratch/jaggbow/mol_xtb_coordinates/chromo0492/basic.xyz,0,,,,,,
1626,chromo4830,c1ccc(-n2nc(-c3ccc(N4c5ccccc5Oc5ccccc54)cc3)nc2-c2ccccn2)cc1,2.6717,0.0066999999999999,3.0666,0.3674000000000004,/scratch/jaggbow/mol_xtb_coordinates/chromo4830/geom.xtbopt.xyz,/scratch/jaggbow/mol_xtb_coordinates/chromo4830/mmff.xyz,/scratch/jaggbow/mol_xtb_coordinates/chromo4830/basic.xyz,0,,,,,,
1627,chromo4374,C[Si](C)(C)C#Cc1cc(C#C[Si](C)(C)C)c2ccc3c(C(=O)c4ccccc4)cc(C#C[Si](C)(C)C)c4ccc1c2c43,2.695,1.1341,3.2122,0.8767,/scratch/jaggbow/mol_xtb_coordinates/chromo4374/geom.xtbopt.xyz,/scratch/jaggbow/mol_xtb_coordinates/chromo4374/mmff.xyz,/scratch/jaggbow/mol_xtb_coordinates/chromo4374/basic.xyz,1,,,,,,
1628,chromo4768,F[B-]1(F)n2c(c3c(c2-c2ccccc2)C2C=CC3CC2)C(c2ccccc2)=C2C3=C(C(c4ccccc4)=[N+]21)C1C=CC3CC1,2.5485,1.1219,2.6156,1.0788000000000002,/scratch/jaggbow/mol_xtb_coordinates/chromo4768/geom.xtbopt.xyz,/scratch/jaggbow/mol_xtb_coordinates/chromo4768/mmff.xyz,/scratch/jaggbow/mol_xtb_coordinates/chromo4768/basic.xyz,0,,,,,,
1629,chromo3483,CCOC(=O)c1c(-c2cc3cc4c(cc3oc2=O)OC(C)(C)CC4)nn(-c2cccc(C)c2)c1C(=O)OCC,3.7933,1.2643999999999995,3.7911,0.8822000000000001,/scratch/jaggbow/mol_xtb_coordinates/chromo3483/geom.xtbopt.xyz,/scratch/jaggbow/mol_xtb_coordinates/chromo3483/mmff.xyz,/scratch/jaggbow/mol_xtb_coordinates/chromo3483/basic.xyz,0,,,,,,
1630,chromo2611,C(#Cc1ccc2c(c1)c1cc(C#Cc3ccccc3)ccc1n2-c1cc2ccccc2c2ccccc12)c1ccccc1,3.1033,0.5314000000000001,3.7318,0.4316,/scratch/jaggbow/mol_xtb_coordinates/chromo2611/geom.xtbopt.xyz,/scratch/jaggbow/mol_xtb_coordinates/chromo2611/mmff.xyz,/scratch/jaggbow/mol_xtb_coordinates/chromo2611/basic.xyz,1,,,,,,
1631,chromo5451,c1ccc(C2=C(c3ccccc3)c3cccc4c3c(cc3nc5ccccc5nc34)O2)cc1,2.6093,0.7276000000000002,2.8449,0.6709,/scratch/jaggbow/mol_xtb_coordinates/chromo5451/geom.xtbopt.xyz,/scratch/jaggbow/mol_xtb_coordinates/chromo5451/mmff.xyz,/scratch/jaggbow/mol_xtb_coordinates/chromo5451/basic.xyz,0,,,,,,
1632,chromo2075,Cc1cc(C)c(B(c2c(C)cc(C)cc2C)N2c3ccccc3C3(c4ccccc4-c4ccccc43)c3ccccc32)c(C)c1,3.0124,0.4182000000000001,3.2345,0.3242000000000002,/scratch/jaggbow/mol_xtb_coordinates/chromo2075/geom.xtbopt.xyz,/scratch/jaggbow/mol_xtb_coordinates/chromo2075/mmff.xyz,/scratch/jaggbow/mol_xtb_coordinates/chromo2075/basic.xyz,0,,,,,,
1633,chromo3711,C(#Cc1cc(C#Cc2cccs2)c(C#Cc2cccs2)c(C#Cc2cccs2)c1C#Cc1cccs1)c1cccs1,2.6074,0.9259000000000002,3.4614,0.7030999999999996,/scratch/jaggbow/mol_xtb_coordinates/chromo3711/geom.xtbopt.xyz,/scratch/jaggbow/mol_xtb_coordinates/chromo3711/mmff.xyz,/scratch/jaggbow/mol_xtb_coordinates/chromo3711/basic.xyz,1,,,,,,
1634,chromo0769,COc1ccc(C=Cc2cc(C=Cc3ccc(OC)cc3)nc(C=Cc3ccc4cc(OC)ccc4c3)n2)cc1,3.0178,0.8733999999999997,3.7164,0.8812000000000002,/scratch/jaggbow/mol_xtb_coordinates/chromo0769/geom.xtbopt.xyz,/scratch/jaggbow/mol_xtb_coordinates/chromo0769/mmff.xyz,/scratch/jaggbow/mol_xtb_coordinates/chromo0769/basic.xyz,1,,,,,,
1635,chromo3283,CCCSC1=[N+]2C(=C(c3ccccc3)c3ccc(SCCC)n3[B-]2(F)F)C=C1,2.5495,1.1537000000000002,2.6589,1.4108,/scratch/jaggbow/mol_xtb_coordinates/chromo3283/geom.xtbopt.xyz,/scratch/jaggbow/mol_xtb_coordinates/chromo3283/mmff.xyz,/scratch/jaggbow/mol_xtb_coordinates/chromo3283/basic.xyz,1,,,,,,
1636,chromo0430,Cc1cc(O)c(C(=O)C=Cc2cccc(O)c2)c(=O)o1,3.3565,1.0343,3.5186,0.7385000000000002,/scratch/jaggbow/mol_xtb_coordinates/chromo0430/geom.xtbopt.xyz,/scratch/jaggbow/mol_xtb_coordinates/chromo0430/mmff.xyz,/scratch/jaggbow/mol_xtb_coordinates/chromo0430/basic.xyz,0,,,,,,
1637,chromo2995,c1cnc(-c2c3ccccc3c(-c3ncccn3)c3ccccc23)nc1,3.0175,1.3226,3.3936,1.1047000000000002,/scratch/jaggbow/mol_xtb_coordinates/chromo2995/geom.xtbopt.xyz,/scratch/jaggbow/mol_xtb_coordinates/chromo2995/mmff.xyz,/scratch/jaggbow/mol_xtb_coordinates/chromo2995/basic.xyz,1,,,,,,
1638,chromo3097,Cc1cc2ccccc2c2c1c1ccccc1n2-c1ccccc1,3.7544,1.0781999999999998,3.7197,0.5512000000000001,/scratch/jaggbow/mol_xtb_coordinates/chromo3097/geom.xtbopt.xyz,/scratch/jaggbow/mol_xtb_coordinates/chromo3097/mmff.xyz,/scratch/jaggbow/mol_xtb_coordinates/chromo3097/basic.xyz,0,,,,,,
1639,chromo3162,COc1cc(C=Cc2nc3ccccc3o2)c(OC)cc1C=Cc1nc(C)nc(C)n1,2.7619,1.0990999999999995,3.051,0.7975000000000003,/scratch/jaggbow/mol_xtb_coordinates/chromo3162/geom.xtbopt.xyz,/scratch/jaggbow/mol_xtb_coordinates/chromo3162/mmff.xyz,/scratch/jaggbow/mol_xtb_coordinates/chromo3162/basic.xyz,0,,,,,,
1640,chromo2238,c1ccc(N(c2ccccc2)c2ccc(-c3ccc4c(c3)C3(c5cc(-c6ccc(N(c7ccccc7)c7ccccc7)cc6)ccc5S4)c4ccccc4-c4ccccc43)cc2)cc1,3.37,0.6311,3.9271,0.5381999999999998,/scratch/jaggbow/mol_xtb_coordinates/chromo2238/geom.xtbopt.xyz,/scratch/jaggbow/mol_xtb_coordinates/chromo2238/mmff.xyz,/scratch/jaggbow/mol_xtb_coordinates/chromo2238/basic.xyz,0,,,,,,
1641,chromo2519,COC(=O)C=CC1=CC2=C(c3c(C)cc(C)cc3C)c3cccn3[B-](F)(F)[N+]2=C1,2.7696,1.1842,2.8264,1.2481,/scratch/jaggbow/mol_xtb_coordinates/chromo2519/geom.xtbopt.xyz,/scratch/jaggbow/mol_xtb_coordinates/chromo2519/mmff.xyz,/scratch/jaggbow/mol_xtb_coordinates/chromo2519/basic.xyz,1,,,,,,
1642,chromo2036,Cc1nn(-c2ccccc2)c2c1c(=O)oc1ccc(-n3c4ccccc4c4cc(-n5c6ccccc6c6ccccc65)ccc43)cc12,3.0772,0.1088,3.7252,0.4388999999999998,/scratch/jaggbow/mol_xtb_coordinates/chromo2036/geom.xtbopt.xyz,/scratch/jaggbow/mol_xtb_coordinates/chromo2036/mmff.xyz,/scratch/jaggbow/mol_xtb_coordinates/chromo2036/basic.xyz,0,,,,,,
1643,chromo5566,Cc1cc(C)n2c1C=C1c3ccccc3C(c3c[nH]c4ccccc34)=[N+]1[B-]2(F)F,2.4984,1.2460000000000002,2.5962,1.2248,/scratch/jaggbow/mol_xtb_coordinates/chromo5566/geom.xtbopt.xyz,/scratch/jaggbow/mol_xtb_coordinates/chromo5566/mmff.xyz,/scratch/jaggbow/mol_xtb_coordinates/chromo5566/basic.xyz,0,,,,,,
1644,chromo2350,COC(=O)c1cccc2c1C#Cc1c(N)cccc1OCCCO2,3.044,0.6962000000000002,3.4037,0.5632000000000001,/scratch/jaggbow/mol_xtb_coordinates/chromo2350/geom.xtbopt.xyz,/scratch/jaggbow/mol_xtb_coordinates/chromo2350/mmff.xyz,/scratch/jaggbow/mol_xtb_coordinates/chromo2350/basic.xyz,0,,,,,,
1645,chromo4020,CCCN1c2ccc(C3=C4C=CC=[N+]4[B-](F)(F)n4cccc43)cc2Sc2cc(C3=C4C=CC=[N+]4[B-](F)(F)n4cccc43)ccc21,2.3834,0.7623,2.3518,0.7470999999999999,/scratch/jaggbow/mol_xtb_coordinates/chromo4020/geom.xtbopt.xyz,/scratch/jaggbow/mol_xtb_coordinates/chromo4020/mmff.xyz,/scratch/jaggbow/mol_xtb_coordinates/chromo4020/basic.xyz,0,,,,,,
1646,chromo2558,COc1ccc2c3c(c4ccc(OC)cc4c2c1)=[N+]1C(=C(c2c(C)cc(C)cc2C)c2cc4c5ccc(OC)cc5c5cc(OC)ccc5c4n2[B-]1(F)F)C=3,2.0317,0.8654,2.4783,0.952,/scratch/jaggbow/mol_xtb_coordinates/chromo2558/geom.xtbopt.xyz,/scratch/jaggbow/mol_xtb_coordinates/chromo2558/mmff.xyz,/scratch/jaggbow/mol_xtb_coordinates/chromo2558/basic.xyz,0,,,,,,
1647,chromo3403,COc1ccc(-c2nc(C(C)=O)c(C)o2)cc1,3.9356,1.0545,4.2835,0.9614000000000004,/scratch/jaggbow/mol_xtb_coordinates/chromo3403/geom.xtbopt.xyz,/scratch/jaggbow/mol_xtb_coordinates/chromo3403/mmff.xyz,/scratch/jaggbow/mol_xtb_coordinates/chromo3403/basic.xyz,1,,,,,,
1648,chromo4935,Cc1cc(C)c(B(c2c(C)cc(C)cc2C)c2c(C)cc(N3c4ccccc4Oc4ccccc43)cc2C)c(C)c1,2.2211,0.0038,3.0958,0.3781000000000003,/scratch/jaggbow/mol_xtb_coordinates/chromo4935/geom.xtbopt.xyz,/scratch/jaggbow/mol_xtb_coordinates/chromo4935/mmff.xyz,/scratch/jaggbow/mol_xtb_coordinates/chromo4935/basic.xyz,0,,,,,,
1649,chromo5595,CCN(CC)c1ccc(OC)c(C=O)c1,3.4571,0.4232,2.6881,0.7461,/scratch/jaggbow/mol_xtb_coordinates/chromo5595/geom.xtbopt.xyz,/scratch/jaggbow/mol_xtb_coordinates/chromo5595/mmff.xyz,/scratch/jaggbow/mol_xtb_coordinates/chromo5595/basic.xyz,1,,,,,,
1650,chromo3962,c1ccn(-c2ccc(-c3cc(-c4ccc(-n5cccc5)cc4)cc(-c4ccc(-n5cccc5)cc4)c3)cc2)c1,4.0187,1.0682,4.6282,0.7407999999999997,/scratch/jaggbow/mol_xtb_coordinates/chromo3962/geom.xtbopt.xyz,/scratch/jaggbow/mol_xtb_coordinates/chromo3962/mmff.xyz,/scratch/jaggbow/mol_xtb_coordinates/chromo3962/basic.xyz,0,,,,,,
1651,chromo4346,CCCc1ccc(C#Cc2cc(C#Cc3ccc(CCC)cc3)c3ccc4c(C#Cc5ccc(N(C)C)cc5)cc(C#Cc5ccc(CCC)cc5)c5ccc2c3c54)cc1,2.241,0.8855000000000002,3.0198,0.7532000000000001,/scratch/jaggbow/mol_xtb_coordinates/chromo4346/geom.xtbopt.xyz,/scratch/jaggbow/mol_xtb_coordinates/chromo4346/mmff.xyz,/scratch/jaggbow/mol_xtb_coordinates/chromo4346/basic.xyz,1,,,,,,
1652,chromo2005,c1ccc(-c2nc(-c3ccccc3)nc(-c3ccc(-n4c5ccccc5c5cc6c(cc54)C4(c5ccccc5-c5ccccc54)c4ccccc4-6)cc3)n2)cc1,2.868,0.2522999999999999,3.7655,0.3729999999999998,/scratch/jaggbow/mol_xtb_coordinates/chromo2005/geom.xtbopt.xyz,/scratch/jaggbow/mol_xtb_coordinates/chromo2005/mmff.xyz,/scratch/jaggbow/mol_xtb_coordinates/chromo2005/basic.xyz,0,,,,,,
1653,chromo1715,Cc1cc(=O)cc(-c2ccc(-c3nc4ccccn4c3NC3CCCCC3)cc2)o1,3.4994,0.8935,3.2504,0.5964999999999998,/scratch/jaggbow/mol_xtb_coordinates/chromo1715/geom.xtbopt.xyz,/scratch/jaggbow/mol_xtb_coordinates/chromo1715/mmff.xyz,/scratch/jaggbow/mol_xtb_coordinates/chromo1715/basic.xyz,0,,,,,,
1654,chromo4997,CC(C)(C)c1ccc2c(c1)c1cc(C(C)(C)C)ccc1n2-c1ccc(-c2nc(-c3ccc(-n4c5ccc(C(C)(C)C)cc5c5cc(C(C)(C)C)ccc54)cc3)nc(-c3ccc(P(=O)(c4ccccc4)c4ccccc4)cc3)n2)cc1,2.7982,0.2675999999999998,3.7708,0.4209,/scratch/jaggbow/mol_xtb_coordinates/chromo4997/geom.xtbopt.xyz,/scratch/jaggbow/mol_xtb_coordinates/chromo4997/mmff.xyz,/scratch/jaggbow/mol_xtb_coordinates/chromo4997/basic.xyz,1,,,,,,
1655,chromo0207,CCCN1C(=O)c2c3c(c4c(c2C1=O)CCc1cc(-c2ccc(N(C)C)cc2)c(OC)cc1-4)-c1cc(OC)c(-c2ccc(N(C)C)cc2)cc1CC3,2.3734,0.3686000000000002,3.3304,0.4100999999999999,/scratch/jaggbow/mol_xtb_coordinates/chromo0207/geom.xtbopt.xyz,/scratch/jaggbow/mol_xtb_coordinates/chromo0207/mmff.xyz,/scratch/jaggbow/mol_xtb_coordinates/chromo0207/basic.xyz,0,,,,,,
1656,chromo2498,C(=Cc1ncnc2ccccc12)c1ccc(N(c2ccccc2)c2ccccc2)cc1,2.7492,0.8403,3.0939,0.6697000000000002,/scratch/jaggbow/mol_xtb_coordinates/chromo2498/geom.xtbopt.xyz,/scratch/jaggbow/mol_xtb_coordinates/chromo2498/mmff.xyz,/scratch/jaggbow/mol_xtb_coordinates/chromo2498/basic.xyz,0,,,,,,
1657,chromo4668,N#CC(C#N)=C(C=Cc1ccc(N(c2ccccc2)c2ccccc2)cc1)c1ccccc1,2.5727,0.9647,2.9433,0.8813,/scratch/jaggbow/mol_xtb_coordinates/chromo4668/geom.xtbopt.xyz,/scratch/jaggbow/mol_xtb_coordinates/chromo4668/mmff.xyz,/scratch/jaggbow/mol_xtb_coordinates/chromo4668/basic.xyz,1,,,,,,
1658,chromo0542,c1ccc(-c2csc(-c3ccncc3)n2)cc1,3.7287,1.1844,4.006,0.8893000000000004,/scratch/jaggbow/mol_xtb_coordinates/chromo0542/geom.xtbopt.xyz,/scratch/jaggbow/mol_xtb_coordinates/chromo0542/mmff.xyz,/scratch/jaggbow/mol_xtb_coordinates/chromo0542/basic.xyz,1,,,,,,
1659,chromo1469,C(=CC=CC1=CSC(=C2SC=CS2)S1)C=CC1=CSC(=C2SC=CS2)S1,2.1348,0.9534999999999998,2.1406,0.6564000000000001,/scratch/jaggbow/mol_xtb_coordinates/chromo1469/geom.xtbopt.xyz,/scratch/jaggbow/mol_xtb_coordinates/chromo1469/mmff.xyz,/scratch/jaggbow/mol_xtb_coordinates/chromo1469/basic.xyz,0,,,,,,
1660,chromo2239,O=S1(=O)c2ccc(-c3ccc(-n4c5ccccc5c5ccccc54)cc3)cc2C2(c3ccccc3-c3ccccc32)c2cc(-c3ccc(-n4c5ccccc5c5ccccc54)cc3)ccc21,3.3518,0.4015999999999997,3.9153,0.4463999999999997,/scratch/jaggbow/mol_xtb_coordinates/chromo2239/geom.xtbopt.xyz,/scratch/jaggbow/mol_xtb_coordinates/chromo2239/mmff.xyz,/scratch/jaggbow/mol_xtb_coordinates/chromo2239/basic.xyz,0,,,,,,
1661,chromo2786,Clc1ccc(C=Cc2ccc(-c3nc4c5cccnc5c5ncccc5c4[nH]3)cc2)cc1,3.113,1.0788000000000002,3.6246,0.7515000000000001,/scratch/jaggbow/mol_xtb_coordinates/chromo2786/geom.xtbopt.xyz,/scratch/jaggbow/mol_xtb_coordinates/chromo2786/mmff.xyz,/scratch/jaggbow/mol_xtb_coordinates/chromo2786/basic.xyz,0,,,,,,
1662,chromo2140,O=P1(c2ccccc2)c2ccccc2-n2cccc21,4.0737,0.8751999999999995,4.5578,0.6963000000000004,/scratch/jaggbow/mol_xtb_coordinates/chromo2140/geom.xtbopt.xyz,/scratch/jaggbow/mol_xtb_coordinates/chromo2140/mmff.xyz,/scratch/jaggbow/mol_xtb_coordinates/chromo2140/basic.xyz,0,,,,,,
1663,chromo2945,COc1cc2c(cc1C=CC1=CC(=C(C#N)C#N)CC(C)(C)C1)c1ccccc1n2C,2.6833,1.2214,3.0937,1.1113000000000002,/scratch/jaggbow/mol_xtb_coordinates/chromo2945/geom.xtbopt.xyz,/scratch/jaggbow/mol_xtb_coordinates/chromo2945/mmff.xyz,/scratch/jaggbow/mol_xtb_coordinates/chromo2945/basic.xyz,1,,,,,,
1664,chromo3822,C(=Cc1cc(-c2ccccc2)c(C=Cc2ccc(N(c3ccccc3)c3ccccc3)cc2)cc1-c1ccccc1)c1ccc(N(c2ccccc2)c2ccccc2)cc1,2.697,0.8188,3.2678,0.5127999999999999,/scratch/jaggbow/mol_xtb_coordinates/chromo3822/geom.xtbopt.xyz,/scratch/jaggbow/mol_xtb_coordinates/chromo3822/mmff.xyz,/scratch/jaggbow/mol_xtb_coordinates/chromo3822/basic.xyz,1,,,,,,
1665,chromo0754,CN(C)c1ccc(C=Cc2cc(C=Cc3ccc(N(C)C)cc3)ncn2)cc1,2.9456,0.8096000000000001,3.3515,0.7696000000000001,/scratch/jaggbow/mol_xtb_coordinates/chromo0754/geom.xtbopt.xyz,/scratch/jaggbow/mol_xtb_coordinates/chromo0754/mmff.xyz,/scratch/jaggbow/mol_xtb_coordinates/chromo0754/basic.xyz,1,,,,,,
1666,chromo0488,Cn1c(=O)c(N=Nc2ccc(Nc3ccc([N+](=O)[O-])cc3S(=O)(=O)O)cc2)c(O)c2ccccc21,2.6912,0.9287,2.2585,0.3464000000000002,/scratch/jaggbow/mol_xtb_coordinates/chromo0488/geom.xtbopt.xyz,/scratch/jaggbow/mol_xtb_coordinates/chromo0488/mmff.xyz,/scratch/jaggbow/mol_xtb_coordinates/chromo0488/basic.xyz,0,,,,,,
1667,chromo3122,Cc1ccc(-c2c3nc(c(-c4ccc(C)cc4)c4ccc(s4)c(-c4ccc(C)cc4)c4nc(c(-c5ccc(C)cc5)c5ccc2[nH]5)C=C4)C=C3)cc1,2.0562,0.7636000000000001,2.0792,0.1172000000000001,/scratch/jaggbow/mol_xtb_coordinates/chromo3122/geom.xtbopt.xyz,/scratch/jaggbow/mol_xtb_coordinates/chromo3122/mmff.xyz,/scratch/jaggbow/mol_xtb_coordinates/chromo3122/basic.xyz,0,,,,,,
1668,chromo4620,CCOC(=O)c1sc(-c2ccc(-c3cc(-c4ccc(C(C)(C)C)cc4)c(C(=O)OCC)s3)s2)cc1-c1ccc(C(C)(C)C)cc1,2.8911,1.1655999999999995,3.1864,0.9598,/scratch/jaggbow/mol_xtb_coordinates/chromo4620/geom.xtbopt.xyz,/scratch/jaggbow/mol_xtb_coordinates/chromo4620/mmff.xyz,/scratch/jaggbow/mol_xtb_coordinates/chromo4620/basic.xyz,0,,,,,,
1669,chromo0282,COc1ccc2c(c1)c1c(OC)c3ccccc3c(OC)c1n2C,3.0936,0.9516,3.0526,0.6680999999999999,/scratch/jaggbow/mol_xtb_coordinates/chromo0282/geom.xtbopt.xyz,/scratch/jaggbow/mol_xtb_coordinates/chromo0282/mmff.xyz,/scratch/jaggbow/mol_xtb_coordinates/chromo0282/basic.xyz,0,,,,,,
1670,chromo3145,C(=Cc1ccc(-c2ccc(C=CSC=C(c3ccccc3)c3ccccc3)cc2)cc1)SC=C(c1ccccc1)c1ccccc1,3.0937,0.8662000000000001,3.5584,0.5265999999999997,/scratch/jaggbow/mol_xtb_coordinates/chromo3145/geom.xtbopt.xyz,/scratch/jaggbow/mol_xtb_coordinates/chromo3145/mmff.xyz,/scratch/jaggbow/mol_xtb_coordinates/chromo3145/basic.xyz,1,,,,,,
1671,chromo3298,CCCCCCN1C(=O)c2cccc3c(-c4ccc(-c5cc(-c6ccccc6)nn5-c5ccccc5)s4)ccc(c23)C1=O,2.8319,0.7709999999999999,3.179,0.6620999999999997,/scratch/jaggbow/mol_xtb_coordinates/chromo3298/geom.xtbopt.xyz,/scratch/jaggbow/mol_xtb_coordinates/chromo3298/mmff.xyz,/scratch/jaggbow/mol_xtb_coordinates/chromo3298/basic.xyz,0,,,,,,
1672,chromo0929,c1csc(-c2ccc(-c3ccc(-c4cccs4)s3)s2)c1,2.9189,1.2132999999999998,3.1687,0.9850999999999996,/scratch/jaggbow/mol_xtb_coordinates/chromo0929/geom.xtbopt.xyz,/scratch/jaggbow/mol_xtb_coordinates/chromo0929/mmff.xyz,/scratch/jaggbow/mol_xtb_coordinates/chromo0929/basic.xyz,0,,,,,,
1673,chromo4345,CCCc1ccc(C#Cc2cc(C#Cc3ccc(CCC)cc3)c3ccc4c(C#Cc5ccc(CCC)cc5)cc(C#Cc5ccc(CCC)cc5)c5ccc2c3c54)cc1,2.3349,0.9601000000000002,3.0629,0.7763999999999998,/scratch/jaggbow/mol_xtb_coordinates/chromo4345/geom.xtbopt.xyz,/scratch/jaggbow/mol_xtb_coordinates/chromo4345/mmff.xyz,/scratch/jaggbow/mol_xtb_coordinates/chromo4345/basic.xyz,1,,,,,,
1674,chromo0749,c1ccc(C2c3ccc4ccc5ccccc5c4c3-c3c2ccc2ccc4ccccc4c32)cc1,3.2236,1.008,3.5463,0.6938,/scratch/jaggbow/mol_xtb_coordinates/chromo0749/geom.xtbopt.xyz,/scratch/jaggbow/mol_xtb_coordinates/chromo0749/mmff.xyz,/scratch/jaggbow/mol_xtb_coordinates/chromo0749/basic.xyz,0,,,,,,
1675,chromo4364,O=S(=O)(c1ccccc1)c1ccc(-c2ccc3c4ccc(-c5ccc(S(=O)(=O)c6ccccc6)cc5)cc4n(-c4ccccc4)c3c2)cc1,3.4402,0.7168000000000001,3.6822,0.4342999999999999,/scratch/jaggbow/mol_xtb_coordinates/chromo4364/geom.xtbopt.xyz,/scratch/jaggbow/mol_xtb_coordinates/chromo4364/mmff.xyz,/scratch/jaggbow/mol_xtb_coordinates/chromo4364/basic.xyz,1,,,,,,
1676,chromo2127,CC(C)(C)c1ccc2c(c1)c1cc(C(C)(C)C)ccc1n2-c1ccc(-n2c3ccc(C(C)(C)C)cc3c3cc(C(C)(C)C)ccc32)c(C(=O)c2ccncc2)c1,2.5389,0.1156999999999999,3.1749,0.1400999999999999,/scratch/jaggbow/mol_xtb_coordinates/chromo2127/geom.xtbopt.xyz,/scratch/jaggbow/mol_xtb_coordinates/chromo2127/mmff.xyz,/scratch/jaggbow/mol_xtb_coordinates/chromo2127/basic.xyz,1,,,,,,
1677,chromo0572,c1ccc(-c2nc(-c3cccc4ccccc34)n3ccccc23)cc1,3.178,0.935,3.3146,0.6456,/scratch/jaggbow/mol_xtb_coordinates/chromo0572/geom.xtbopt.xyz,/scratch/jaggbow/mol_xtb_coordinates/chromo0572/mmff.xyz,/scratch/jaggbow/mol_xtb_coordinates/chromo0572/basic.xyz,0,,,,,,
1678,chromo3080,CN(C)c1cc(-c2ccccc2)cc2cc(C#Cc3ccncc3)ccc12,3.2634,0.9739999999999998,3.5855,0.7421000000000002,/scratch/jaggbow/mol_xtb_coordinates/chromo3080/geom.xtbopt.xyz,/scratch/jaggbow/mol_xtb_coordinates/chromo3080/mmff.xyz,/scratch/jaggbow/mol_xtb_coordinates/chromo3080/basic.xyz,1,,,,,,
1679,chromo5335,CC(C)(C)NC(=O)c1ccc(Br)c2ccc3c4ccccc4c4ccccc4c3c12,3.4293,1.1614,3.6017,0.6371000000000002,/scratch/jaggbow/mol_xtb_coordinates/chromo5335/geom.xtbopt.xyz,/scratch/jaggbow/mol_xtb_coordinates/chromo5335/mmff.xyz,/scratch/jaggbow/mol_xtb_coordinates/chromo5335/basic.xyz,0,,,,,,
1680,chromo0686,c1ccc(-c2ccc(-c3cn4ccc[n+]4[n-]3)cc2)cc1,3.461,0.6223999999999998,3.6917,0.6177999999999999,/scratch/jaggbow/mol_xtb_coordinates/chromo0686/geom.xtbopt.xyz,/scratch/jaggbow/mol_xtb_coordinates/chromo0686/mmff.xyz,/scratch/jaggbow/mol_xtb_coordinates/chromo0686/basic.xyz,0,,,,,,
1681,chromo0287,COc1c2ccccc2c(OC)c2c1c1c(F)cccc1n2C,3.2944,1.0618,3.2504,0.7132999999999998,/scratch/jaggbow/mol_xtb_coordinates/chromo0287/geom.xtbopt.xyz,/scratch/jaggbow/mol_xtb_coordinates/chromo0287/mmff.xyz,/scratch/jaggbow/mol_xtb_coordinates/chromo0287/basic.xyz,0,,,,,,
1682,chromo3606,N#Cc1ccc(-n2cccc2)cc1,3.9074,0.7566999999999999,4.413,0.7502000000000004,/scratch/jaggbow/mol_xtb_coordinates/chromo3606/geom.xtbopt.xyz,/scratch/jaggbow/mol_xtb_coordinates/chromo3606/mmff.xyz,/scratch/jaggbow/mol_xtb_coordinates/chromo3606/basic.xyz,1,,,,,,
1683,chromo4545,Cc1cc(C)c(B(c2ccc(-c3ccc(-c4nc5c6ccccc6c6ccccc6c5[nH]4)cc3)cc2)c2c(C)cc(C)cc2C)c(C)c1,3.0159,0.5914999999999999,3.7656,0.4838,/scratch/jaggbow/mol_xtb_coordinates/chromo4545/geom.xtbopt.xyz,/scratch/jaggbow/mol_xtb_coordinates/chromo4545/mmff.xyz,/scratch/jaggbow/mol_xtb_coordinates/chromo4545/basic.xyz,0,,,,,,
1684,chromo2219,Cc1cc(-c2nc3c4ccccc4c4ccccc4c3n2-c2ccc(C(C)(C)C)cc2)ccc1-c1ccc(-c2c(-c3ccccc3)nc3ccccn23)cc1,3.4251,0.7746,3.804,0.5872999999999999,/scratch/jaggbow/mol_xtb_coordinates/chromo2219/geom.xtbopt.xyz,/scratch/jaggbow/mol_xtb_coordinates/chromo2219/mmff.xyz,/scratch/jaggbow/mol_xtb_coordinates/chromo2219/basic.xyz,1,,,,,,
1685,chromo0250,COc1ccc2c(c1)CCC1=C(C#Cc3ccc(Cl)cc3)O[B-](F)(F)[O+]=C12,3.0987,0.988,3.216,0.9424,/scratch/jaggbow/mol_xtb_coordinates/chromo0250/geom.xtbopt.xyz,/scratch/jaggbow/mol_xtb_coordinates/chromo0250/mmff.xyz,/scratch/jaggbow/mol_xtb_coordinates/chromo0250/basic.xyz,0,,,,,,
1686,chromo1620,c1ccc(-c2ccc3c4ccc(-c5ccccc5)c5c(-c6ccccc6)ccc(c6ccc(-c7ccccc7)c2c36)c54)cc1,2.5064,1.1074000000000002,2.9776,0.9003999999999999,/scratch/jaggbow/mol_xtb_coordinates/chromo1620/geom.xtbopt.xyz,/scratch/jaggbow/mol_xtb_coordinates/chromo1620/mmff.xyz,/scratch/jaggbow/mol_xtb_coordinates/chromo1620/basic.xyz,0,,,,,,
1687,chromo2590,CCn1c2c(-c3cccs3)cc(C(C)(C)C)cc2c2cc(C(C)(C)C)cc(-c3cccs3)c21,3.7846,0.7545000000000002,3.6732,0.4622000000000001,/scratch/jaggbow/mol_xtb_coordinates/chromo2590/geom.xtbopt.xyz,/scratch/jaggbow/mol_xtb_coordinates/chromo2590/mmff.xyz,/scratch/jaggbow/mol_xtb_coordinates/chromo2590/basic.xyz,1,,,,,,
1688,chromo0345,CCN(CC)c1ccc(-c2nc3c(c4c2-c2ccc(C#N)cc2CC4)-c2ccc(C#N)cc2CC3)cc1,2.8197,0.5171000000000001,3.5344,0.4889000000000001,/scratch/jaggbow/mol_xtb_coordinates/chromo0345/geom.xtbopt.xyz,/scratch/jaggbow/mol_xtb_coordinates/chromo0345/mmff.xyz,/scratch/jaggbow/mol_xtb_coordinates/chromo0345/basic.xyz,0,,,,,,
1689,chromo2871,CCN(CC)c1ccc2cc(C=CC3=CC(C=Cc4cc5ccc(N(CC)CC)cc5oc4=O)=[O+][B-](F)(F)O3)c(=O)oc2c1,2.424,0.7412999999999998,2.6656,0.6610999999999998,/scratch/jaggbow/mol_xtb_coordinates/chromo2871/geom.xtbopt.xyz,/scratch/jaggbow/mol_xtb_coordinates/chromo2871/mmff.xyz,/scratch/jaggbow/mol_xtb_coordinates/chromo2871/basic.xyz,1,,,,,,
1690,chromo4505,c1cc(-c2ccc(-n3c4ccccc4c4ccccc43)cc2)c2nsnc2c1,2.4992,0.5145000000000002,3.8143,0.7624999999999997,/scratch/jaggbow/mol_xtb_coordinates/chromo4505/geom.xtbopt.xyz,/scratch/jaggbow/mol_xtb_coordinates/chromo4505/mmff.xyz,/scratch/jaggbow/mol_xtb_coordinates/chromo4505/basic.xyz,1,,,,,,
1691,chromo4095,O=c1c2cc(C#Cc3ccccc3)ccc2nc2ccc(C#Cc3ccccc3)cn12,2.9499,0.9572,3.4793,0.8937999999999997,/scratch/jaggbow/mol_xtb_coordinates/chromo4095/geom.xtbopt.xyz,/scratch/jaggbow/mol_xtb_coordinates/chromo4095/mmff.xyz,/scratch/jaggbow/mol_xtb_coordinates/chromo4095/basic.xyz,0,,,,,,
1692,chromo0437,CCN(CC)c1ccc(C=CC(=O)c2c(O)cc(C)oc2=O)cc1,2.971,0.9512,3.1744,0.9255999999999998,/scratch/jaggbow/mol_xtb_coordinates/chromo0437/geom.xtbopt.xyz,/scratch/jaggbow/mol_xtb_coordinates/chromo0437/mmff.xyz,/scratch/jaggbow/mol_xtb_coordinates/chromo0437/basic.xyz,1,,,,,,
1693,chromo4721,N#CC(C#N)=Cc1ccc(-c2cccc(-c3nc4ccccc4s3)c2O)o1,2.9395,1.2408999999999997,3.1717,1.0799,/scratch/jaggbow/mol_xtb_coordinates/chromo4721/geom.xtbopt.xyz,/scratch/jaggbow/mol_xtb_coordinates/chromo4721/mmff.xyz,/scratch/jaggbow/mol_xtb_coordinates/chromo4721/basic.xyz,1,,,,,,
1694,chromo3293,F[B-]1(F)n2c(Cl)ccc2C(c2c(Cl)cccc2Cl)=C2C=CC(NCc3ccccc3)=[N+]21,2.8619,1.5392,2.8602,1.5328,/scratch/jaggbow/mol_xtb_coordinates/chromo3293/geom.xtbopt.xyz,/scratch/jaggbow/mol_xtb_coordinates/chromo3293/mmff.xyz,/scratch/jaggbow/mol_xtb_coordinates/chromo3293/basic.xyz,1,,,,,,
1695,chromo5354,CC(C)(C)NC(=O)c1ccc(-c2ccc(N3c4ccccc4Oc4ccccc43)cc2)c2ccc3c4ccc(F)cc4c4cc(F)ccc4c3c12,2.4376,0.1822000000000003,3.0908,0.3630000000000004,/scratch/jaggbow/mol_xtb_coordinates/chromo5354/geom.xtbopt.xyz,/scratch/jaggbow/mol_xtb_coordinates/chromo5354/mmff.xyz,/scratch/jaggbow/mol_xtb_coordinates/chromo5354/basic.xyz,0,,,,,,
1696,chromo5246,C[n+]1ccc(C=Cc2ccc([O-])cc2)cc1,2.5132,1.4586,1.3965,-0.0485999999999999,/scratch/jaggbow/mol_xtb_coordinates/chromo5246/geom.xtbopt.xyz,/scratch/jaggbow/mol_xtb_coordinates/chromo5246/mmff.xyz,/scratch/jaggbow/mol_xtb_coordinates/chromo5246/basic.xyz,0,,,,,,
1697,chromo3823,Cc1ccc(-c2cc(C=Cc3ccc(N(c4ccccc4)c4ccccc4)cc3)c(-c3ccc(C)cc3)cc2C=Cc2ccc(N(c3ccccc3)c3ccccc3)cc2)cc1,2.7091,0.8269999999999997,3.2788,0.5135999999999998,/scratch/jaggbow/mol_xtb_coordinates/chromo3823/geom.xtbopt.xyz,/scratch/jaggbow/mol_xtb_coordinates/chromo3823/mmff.xyz,/scratch/jaggbow/mol_xtb_coordinates/chromo3823/basic.xyz,1,,,,,,
1698,chromo0693,CCCCc1ccc2ccc3c(CCCC)cc(CCCC)c4ccc1c2c34,3.459,1.4689,3.6047,0.9229999999999996,/scratch/jaggbow/mol_xtb_coordinates/chromo0693/geom.xtbopt.xyz,/scratch/jaggbow/mol_xtb_coordinates/chromo0693/mmff.xyz,/scratch/jaggbow/mol_xtb_coordinates/chromo0693/basic.xyz,1,,,,,,
1699,chromo2055,Cc1cc(C)c2c(c1)c1cc(C)cc(C)c1n2-c1ccc2c(c1)B(c1c(C(C)C)cc(C(C)C)cc1C(C)C)c1cc(-n3c4c(C)cc(C)cc4c4cc(C)cc(C)c43)ccc1N2c1ccccc1,2.7326,0.0220000000000002,3.3707,0.6299999999999999,/scratch/jaggbow/mol_xtb_coordinates/chromo2055/geom.xtbopt.xyz,/scratch/jaggbow/mol_xtb_coordinates/chromo2055/mmff.xyz,/scratch/jaggbow/mol_xtb_coordinates/chromo2055/basic.xyz,1,,,,,,
1700,chromo3111,Cc1cc2c3ccccc3n(C)c2c2c1c1ccccc1n2C,3.5277,0.6218999999999997,3.5091,0.4912000000000001,/scratch/jaggbow/mol_xtb_coordinates/chromo3111/geom.xtbopt.xyz,/scratch/jaggbow/mol_xtb_coordinates/chromo3111/mmff.xyz,/scratch/jaggbow/mol_xtb_coordinates/chromo3111/basic.xyz,0,,,,,,
1701,chromo3905,COc1ccc2cc(C3=[N+]4C(=Nc5c(-c6ccccc6)cc(-c6ccc7cc(OC)ccc7c6)n5[B-]4(F)F)C(c4ccccc4)=C3)ccc2c1,1.9138,1.056,2.4197,1.2192000000000005,/scratch/jaggbow/mol_xtb_coordinates/chromo3905/geom.xtbopt.xyz,/scratch/jaggbow/mol_xtb_coordinates/chromo3905/mmff.xyz,/scratch/jaggbow/mol_xtb_coordinates/chromo3905/basic.xyz,0,,,,,,
1702,chromo4728,COc1cccc(-n2c(-c3ccc(O)cc3)nc(C)c2C)c1,3.8306,0.7980999999999998,4.2755,0.6771000000000003,/scratch/jaggbow/mol_xtb_coordinates/chromo4728/geom.xtbopt.xyz,/scratch/jaggbow/mol_xtb_coordinates/chromo4728/mmff.xyz,/scratch/jaggbow/mol_xtb_coordinates/chromo4728/basic.xyz,1,,,,,,
1703,chromo1470,CN(C)c1ccc(C=CC=CC=Cc2ccc(N(C)C)cc2)cc1,2.8716,1.4303,3.2615,1.1126999999999998,/scratch/jaggbow/mol_xtb_coordinates/chromo1470/geom.xtbopt.xyz,/scratch/jaggbow/mol_xtb_coordinates/chromo1470/mmff.xyz,/scratch/jaggbow/mol_xtb_coordinates/chromo1470/basic.xyz,1,,,,,,
1704,chromo2750,Cn1c2ccccc2c2cc(C=CC3=[O+][B-](F)(F)OC(C=Cc4ccc5c(c4)c4ccccc4n5C)=C3c3ccccc3)ccc21,2.5806,0.7291000000000001,2.7919,0.7057000000000002,/scratch/jaggbow/mol_xtb_coordinates/chromo2750/geom.xtbopt.xyz,/scratch/jaggbow/mol_xtb_coordinates/chromo2750/mmff.xyz,/scratch/jaggbow/mol_xtb_coordinates/chromo2750/basic.xyz,1,,,,,,
1705,chromo3773,CCCCCCCCC1(CCCCCCCC)c2cc(C#Cc3ccc(N(c4ccccc4)c4ccccc4)cc3)ccc2-c2ccc(C=O)cc21,2.731,0.609,3.7517,0.5026000000000002,/scratch/jaggbow/mol_xtb_coordinates/chromo3773/geom.xtbopt.xyz,/scratch/jaggbow/mol_xtb_coordinates/chromo3773/mmff.xyz,/scratch/jaggbow/mol_xtb_coordinates/chromo3773/basic.xyz,0,,,,,,
1706,chromo1006,CC1=CC(C)=[N+]2C1=C(c1ccc(Br)cc1)c1c(C)cc(C=Cc3ccc[nH]3)n1[B-]2(F)F,2.4452,1.2873,2.7231,1.3156,/scratch/jaggbow/mol_xtb_coordinates/chromo1006/geom.xtbopt.xyz,/scratch/jaggbow/mol_xtb_coordinates/chromo1006/mmff.xyz,/scratch/jaggbow/mol_xtb_coordinates/chromo1006/basic.xyz,1,,,,,,
1707,chromo2748,COc1ccc(C=CC2=[O+][B-](F)(F)OC(C=Cc3ccc(OC)c4ccccc34)=C2c2ccccc2)c2ccccc12,2.4887,0.7975000000000001,2.7252,0.7358,/scratch/jaggbow/mol_xtb_coordinates/chromo2748/geom.xtbopt.xyz,/scratch/jaggbow/mol_xtb_coordinates/chromo2748/mmff.xyz,/scratch/jaggbow/mol_xtb_coordinates/chromo2748/basic.xyz,1,,,,,,
1708,chromo2293,C(=Cc1cc(C=Cc2ccccc2)cc(C=Cc2ccccc2)c1)c1ccccc1,3.2971,1.2332,3.7479,0.7244000000000002,/scratch/jaggbow/mol_xtb_coordinates/chromo2293/geom.xtbopt.xyz,/scratch/jaggbow/mol_xtb_coordinates/chromo2293/mmff.xyz,/scratch/jaggbow/mol_xtb_coordinates/chromo2293/basic.xyz,1,,,,,,
1709,chromo0758,CN(C)c1ccc(C=Cc2cc(C=Cc3ccc(N(C)C)cc3)nc(C=Cc3ccccc3)n2)cc1,2.9314,0.8254000000000001,3.4075,0.7796000000000003,/scratch/jaggbow/mol_xtb_coordinates/chromo0758/geom.xtbopt.xyz,/scratch/jaggbow/mol_xtb_coordinates/chromo0758/mmff.xyz,/scratch/jaggbow/mol_xtb_coordinates/chromo0758/basic.xyz,1,,,,,,
1710,chromo2825,COc1ccc(C2=Cc3cc4ccccc4cc3P2(=O)c2ccccc2)cc1,3.3783,1.2262,3.833,1.0229000000000004,/scratch/jaggbow/mol_xtb_coordinates/chromo2825/geom.xtbopt.xyz,/scratch/jaggbow/mol_xtb_coordinates/chromo2825/mmff.xyz,/scratch/jaggbow/mol_xtb_coordinates/chromo2825/basic.xyz,0,,,,,,
1711,chromo0619,Nc1ccc2c(c1)C(=O)N(C13CC4CC(CC(C4)C1)C3)C2=O,3.5441,0.8279999999999998,3.12,0.5076,/scratch/jaggbow/mol_xtb_coordinates/chromo0619/geom.xtbopt.xyz,/scratch/jaggbow/mol_xtb_coordinates/chromo0619/mmff.xyz,/scratch/jaggbow/mol_xtb_coordinates/chromo0619/basic.xyz,0,,,,,,
1712,chromo2362,COc1ccc2c(=O)c3c([nH]c2c1)-c1ccccc1NC3(C)C,3.1906,0.7327999999999997,3.0141,0.5558999999999998,/scratch/jaggbow/mol_xtb_coordinates/chromo2362/geom.xtbopt.xyz,/scratch/jaggbow/mol_xtb_coordinates/chromo2362/mmff.xyz,/scratch/jaggbow/mol_xtb_coordinates/chromo2362/basic.xyz,0,,,,,,
1713,chromo1159,Cc1ccc([N+]2=c3c4n(c5ccccc35)[B-](F)(F)[N+](c3ccc(C)cc3)=c3c=4n(c4ccccc34)[B-]2(F)F)cc1,1.7513,1.1894,1.5766,1.1754,/scratch/jaggbow/mol_xtb_coordinates/chromo1159/geom.xtbopt.xyz,/scratch/jaggbow/mol_xtb_coordinates/chromo1159/mmff.xyz,/scratch/jaggbow/mol_xtb_coordinates/chromo1159/basic.xyz,0,,,,,,
1714,chromo2241,CCn1c2ccccc2c2cccc(N(c3ccccc3)c3ccccc3)c21,3.6364,0.5748000000000002,3.7044,0.4660999999999999,/scratch/jaggbow/mol_xtb_coordinates/chromo2241/geom.xtbopt.xyz,/scratch/jaggbow/mol_xtb_coordinates/chromo2241/mmff.xyz,/scratch/jaggbow/mol_xtb_coordinates/chromo2241/basic.xyz,1,,,,,,
1715,chromo5006,CC(C)(C)c1ccc2c(c1)c1cc(C(C)(C)C)ccc1n2-c1ccc(-c2nc(-c3ccccc3)nc(-c3ccccc3)n2)c2c1c1ccccc1n2-c1ccccc1,2.9587,0.2181999999999999,3.7586,0.3976999999999999,/scratch/jaggbow/mol_xtb_coordinates/chromo5006/geom.xtbopt.xyz,/scratch/jaggbow/mol_xtb_coordinates/chromo5006/mmff.xyz,/scratch/jaggbow/mol_xtb_coordinates/chromo5006/basic.xyz,1,,,,,,
1716,chromo2482,COC(=O)c1nc2c(N(C)C)nc(N)nc2n1Cc1ccccc1,3.772,1.0616,3.8133,0.9442,/scratch/jaggbow/mol_xtb_coordinates/chromo2482/geom.xtbopt.xyz,/scratch/jaggbow/mol_xtb_coordinates/chromo2482/mmff.xyz,/scratch/jaggbow/mol_xtb_coordinates/chromo2482/basic.xyz,0,,,,,,
1717,chromo0325,CCOC(=O)N=c1oc2ccc(OC)cc2cc1C#N,3.0652,0.9962,3.1706,0.7303999999999999,/scratch/jaggbow/mol_xtb_coordinates/chromo0325/geom.xtbopt.xyz,/scratch/jaggbow/mol_xtb_coordinates/chromo0325/mmff.xyz,/scratch/jaggbow/mol_xtb_coordinates/chromo0325/basic.xyz,1,,,,,,
1718,chromo3458,COC(=O)c1c(-c2cc3ccccc3oc2=O)nn(-c2ccccc2)c1C(=O)OC,3.8494,1.2493000000000003,3.9449,0.8833000000000002,/scratch/jaggbow/mol_xtb_coordinates/chromo3458/geom.xtbopt.xyz,/scratch/jaggbow/mol_xtb_coordinates/chromo3458/mmff.xyz,/scratch/jaggbow/mol_xtb_coordinates/chromo3458/basic.xyz,1,,,,,,
1719,chromo5110,CCCCN1C(=O)c2ccc3c4ccc5c6c(cc(Br)c(c7ccc(c2c37)C1=O)c64)C(=O)N(CCCC)C5=O,2.4035,1.1255000000000002,2.826,0.9643000000000002,/scratch/jaggbow/mol_xtb_coordinates/chromo5110/geom.xtbopt.xyz,/scratch/jaggbow/mol_xtb_coordinates/chromo5110/mmff.xyz,/scratch/jaggbow/mol_xtb_coordinates/chromo5110/basic.xyz,0,,,,,,
1720,chromo4985,FC(F)(F)c1c(-n2c3ccccc3c3ccccc32)c(-n2c3ccccc3c3ccccc32)cc(-n2c3ccccc3c3ccccc32)c1-n1c2ccccc2c2ccccc21,3.1012,0.1861000000000001,3.7487,0.2496999999999998,/scratch/jaggbow/mol_xtb_coordinates/chromo4985/geom.xtbopt.xyz,/scratch/jaggbow/mol_xtb_coordinates/chromo4985/mmff.xyz,/scratch/jaggbow/mol_xtb_coordinates/chromo4985/basic.xyz,1,,,,,,
1721,chromo2402,CCN(CC)c1ccc(C=Nc2cc3nc4ccccc4nc3cc2N=Cc2ccc(N(CC)CC)cc2O)c(O)c1,2.4566,0.7427999999999999,3.0313,0.5516999999999999,/scratch/jaggbow/mol_xtb_coordinates/chromo2402/geom.xtbopt.xyz,/scratch/jaggbow/mol_xtb_coordinates/chromo2402/mmff.xyz,/scratch/jaggbow/mol_xtb_coordinates/chromo2402/basic.xyz,0,,,,,,
1722,chromo0957,CCCCCCCCCCCCCCCCOc1cc(C#Cc2ccc3ccccc3c2)c(OCCCCCCCCCCCCCCCC)cc1C#Cc1ccc(C=C(C#N)C#N)cc1,2.411,0.6890000000000001,3.4439,0.7163000000000004,/scratch/jaggbow/mol_xtb_coordinates/chromo0957/geom.xtbopt.xyz,/scratch/jaggbow/mol_xtb_coordinates/chromo0957/mmff.xyz,/scratch/jaggbow/mol_xtb_coordinates/chromo0957/basic.xyz,1,,,,,,
1723,chromo2206,CC(C)(C)c1ccc(-c2c(-c3cccc(N(c4ccccc4)c4ccccc4)c3)c(C#N)c(-c3cccc(N(c4ccccc4)c4ccccc4)c3)c(-c3ccc(C(C)(C)C)cc3)c2-c2ccc(C(C)(C)C)cc2)cc1,3.1483,0.088,4.0193,0.5285000000000002,/scratch/jaggbow/mol_xtb_coordinates/chromo2206/geom.xtbopt.xyz,/scratch/jaggbow/mol_xtb_coordinates/chromo2206/mmff.xyz,/scratch/jaggbow/mol_xtb_coordinates/chromo2206/basic.xyz,1,,,,,,
1724,chromo4575,COc1cc(C=Cc2ccncc2)c(OC)cc1C=O,3.1432,1.1444000000000003,3.1877,0.8508999999999998,/scratch/jaggbow/mol_xtb_coordinates/chromo4575/geom.xtbopt.xyz,/scratch/jaggbow/mol_xtb_coordinates/chromo4575/mmff.xyz,/scratch/jaggbow/mol_xtb_coordinates/chromo4575/basic.xyz,1,,,,,,
1725,chromo2994,O=Cc1cnc(-c2c3ccccc3cc3ccccc23)nc1,2.4838,0.8105,3.433,1.1206999999999998,/scratch/jaggbow/mol_xtb_coordinates/chromo2994/geom.xtbopt.xyz,/scratch/jaggbow/mol_xtb_coordinates/chromo2994/mmff.xyz,/scratch/jaggbow/mol_xtb_coordinates/chromo2994/basic.xyz,1,,,,,,
1726,chromo4166,CCN(CC)C(C)=Nc1ccc2c3c(cccc13)C(=O)c1ccccc1-2,2.7949,0.9624,2.8095,0.7473999999999998,/scratch/jaggbow/mol_xtb_coordinates/chromo4166/geom.xtbopt.xyz,/scratch/jaggbow/mol_xtb_coordinates/chromo4166/mmff.xyz,/scratch/jaggbow/mol_xtb_coordinates/chromo4166/basic.xyz,0,,,,,,
1727,chromo0321,COc1cc(OC)c2cc(C#N)c(=N)oc2c1,3.6506,1.3678,3.7385,1.0143,/scratch/jaggbow/mol_xtb_coordinates/chromo0321/geom.xtbopt.xyz,/scratch/jaggbow/mol_xtb_coordinates/chromo0321/mmff.xyz,/scratch/jaggbow/mol_xtb_coordinates/chromo0321/basic.xyz,1,,,,,,
1728,chromo2881,CCCCn1c2ccccc2c2ccc3c4cc(-c5ccc(OC)cc5)ccc4n(CCCC)c3c21,3.5414,0.6454,3.5015,0.4361999999999999,/scratch/jaggbow/mol_xtb_coordinates/chromo2881/geom.xtbopt.xyz,/scratch/jaggbow/mol_xtb_coordinates/chromo2881/mmff.xyz,/scratch/jaggbow/mol_xtb_coordinates/chromo2881/basic.xyz,0,,,,,,
1729,chromo4457,CC(C)(C)c1ccc2c(c1)c1ncncc1c1c3ccccc3sc21,3.52,0.9261,3.6506,0.5833999999999997,/scratch/jaggbow/mol_xtb_coordinates/chromo4457/geom.xtbopt.xyz,/scratch/jaggbow/mol_xtb_coordinates/chromo4457/mmff.xyz,/scratch/jaggbow/mol_xtb_coordinates/chromo4457/basic.xyz,0,,,,,,
1730,chromo5219,CC[n+]1ccc2ccccc2c1C=Cc1c([O-])ccc2ccc(=O)oc12,2.1532,0.8791,3.7519,0.8632,/scratch/jaggbow/mol_xtb_coordinates/chromo5219/geom.xtbopt.xyz,/scratch/jaggbow/mol_xtb_coordinates/chromo5219/mmff.xyz,/scratch/jaggbow/mol_xtb_coordinates/chromo5219/basic.xyz,0,,,,,,
1731,chromo2541,Cc1cc(C)c(C2=C3C=C(c4ccccc4)C(c4ccccc4)=[N+]3[B-](F)(F)n3c2cc(-c2ccccc2)c3-c2ccccc2)c(C)c1,2.4233,1.0398999999999998,2.5688,1.0536,/scratch/jaggbow/mol_xtb_coordinates/chromo2541/geom.xtbopt.xyz,/scratch/jaggbow/mol_xtb_coordinates/chromo2541/mmff.xyz,/scratch/jaggbow/mol_xtb_coordinates/chromo2541/basic.xyz,1,,,,,,
1732,chromo2228,O=S1(=O)c2ccccc2-c2cc(-c3c4ccccc4cc4ccccc34)ccc21,3.0949,1.328,3.4095,1.0966999999999998,/scratch/jaggbow/mol_xtb_coordinates/chromo2228/geom.xtbopt.xyz,/scratch/jaggbow/mol_xtb_coordinates/chromo2228/mmff.xyz,/scratch/jaggbow/mol_xtb_coordinates/chromo2228/basic.xyz,0,,,,,,
1733,chromo3730,CCn1c2ccccc2c2cc(C#Cc3cc(C#Cc4ccc5c(c4)c4ccccc4n5CC)ncn3)ccc21,3.1902,0.653,3.895,0.4523999999999999,/scratch/jaggbow/mol_xtb_coordinates/chromo3730/geom.xtbopt.xyz,/scratch/jaggbow/mol_xtb_coordinates/chromo3730/mmff.xyz,/scratch/jaggbow/mol_xtb_coordinates/chromo3730/basic.xyz,1,,,,,,
1734,chromo4071,COc1ccc(C2=CC(c3ccc4cc(N(C)C)ccc4c3)=[O+][B-](F)(F)O2)cc1,2.8053,0.6600999999999999,2.9557,0.7049000000000003,/scratch/jaggbow/mol_xtb_coordinates/chromo4071/geom.xtbopt.xyz,/scratch/jaggbow/mol_xtb_coordinates/chromo4071/mmff.xyz,/scratch/jaggbow/mol_xtb_coordinates/chromo4071/basic.xyz,1,,,,,,
1735,chromo4622,CCOC(=O)c1sc(-c2ccc(-c3cc(C4CC4)c(C(=O)OCC)s3)s2)cc1C1CC1,2.9208,1.1925,3.1909,0.9752,/scratch/jaggbow/mol_xtb_coordinates/chromo4622/geom.xtbopt.xyz,/scratch/jaggbow/mol_xtb_coordinates/chromo4622/mmff.xyz,/scratch/jaggbow/mol_xtb_coordinates/chromo4622/basic.xyz,0,,,,,,
1736,chromo5360,c1ccc(N(c2ccccc2)c2ccc(-c3nc4c5ccccc5c5ccccc5c4n3-c3ccccc3)cc2)cc1,3.34,0.7662999999999998,3.7206,0.4302000000000001,/scratch/jaggbow/mol_xtb_coordinates/chromo5360/geom.xtbopt.xyz,/scratch/jaggbow/mol_xtb_coordinates/chromo5360/mmff.xyz,/scratch/jaggbow/mol_xtb_coordinates/chromo5360/basic.xyz,1,,,,,,
1737,chromo6083,CCN(CC)c1ccc2c(c1)oc(=O)c1c(=O)oc3cc([N+](=O)[O-])ccc3c12,2.55,0.5931999999999997,3.0081,0.8273000000000001,/scratch/jaggbow/mol_xtb_coordinates/chromo6083/geom.xtbopt.xyz,/scratch/jaggbow/mol_xtb_coordinates/chromo6083/mmff.xyz,/scratch/jaggbow/mol_xtb_coordinates/chromo6083/basic.xyz,0,,,,,,
1738,chromo6085,CC(C)(C)OC(=O)COc1ccc2c(c1)oc(=O)c1c(=O)oc3ccccc3c12,3.4532,1.0408,3.6458,0.8209,/scratch/jaggbow/mol_xtb_coordinates/chromo6085/geom.xtbopt.xyz,/scratch/jaggbow/mol_xtb_coordinates/chromo6085/mmff.xyz,/scratch/jaggbow/mol_xtb_coordinates/chromo6085/basic.xyz,0,,,,,,
1739,chromo5330,C(=Cc1ccc(N(c2ccccc2)c2ccccc2)cc1)c1ccc(N(c2ccccc2)c2ccccc2)cc1,3.0219,0.8065000000000002,3.2762,0.5505,/scratch/jaggbow/mol_xtb_coordinates/chromo5330/geom.xtbopt.xyz,/scratch/jaggbow/mol_xtb_coordinates/chromo5330/mmff.xyz,/scratch/jaggbow/mol_xtb_coordinates/chromo5330/basic.xyz,1,,,,,,
1740,chromo5596,CCN(CC)c1cccc(C=O)c1,3.3847,0.8249,2.941,0.6585999999999999,/scratch/jaggbow/mol_xtb_coordinates/chromo5596/geom.xtbopt.xyz,/scratch/jaggbow/mol_xtb_coordinates/chromo5596/mmff.xyz,/scratch/jaggbow/mol_xtb_coordinates/chromo5596/basic.xyz,1,,,,,,
1741,chromo5898,CCN(CC)c1ccc([N+]2=Cc3ccc4c5c(ccc4c3O[B-]2(c2ccccc2)c2ccccc2)C=[N+](c2ccc(N(CC)CC)cc2)[B-](c2ccccc2)(c2ccccc2)O5)cc1,2.1875,0.6308,2.472,0.6408,/scratch/jaggbow/mol_xtb_coordinates/chromo5898/geom.xtbopt.xyz,/scratch/jaggbow/mol_xtb_coordinates/chromo5898/mmff.xyz,/scratch/jaggbow/mol_xtb_coordinates/chromo5898/basic.xyz,0,,,,,,
1742,chromo5337,COC(=O)c1ccc(C(=O)NC(C)(C)C)c2c1ccc1c3ccccc3c3ccccc3c12,3.1681,0.9892,3.5225,0.7050999999999998,/scratch/jaggbow/mol_xtb_coordinates/chromo5337/geom.xtbopt.xyz,/scratch/jaggbow/mol_xtb_coordinates/chromo5337/mmff.xyz,/scratch/jaggbow/mol_xtb_coordinates/chromo5337/basic.xyz,0,,,,,,
1743,chromo5477,CCCCCCCCOc1ccc(C2=C3C(C)=CC(C)=[N+]3[B-](F)(F)n3c(C)cc(C)c32)cc1,3.0308,1.5092,2.9108,1.4284,/scratch/jaggbow/mol_xtb_coordinates/chromo5477/geom.xtbopt.xyz,/scratch/jaggbow/mol_xtb_coordinates/chromo5477/mmff.xyz,/scratch/jaggbow/mol_xtb_coordinates/chromo5477/basic.xyz,1,,,,,,
1744,chromo5499,CCC1=C(C)C2=Cc3c4ccccc4c4n3[B-](c3ccncc3)(Oc3ccccc3-4)[N+]2=C1C=Cc1ccc(OC)cc1,2.0396,0.9686,2.2463,0.9251000000000004,/scratch/jaggbow/mol_xtb_coordinates/chromo5499/geom.xtbopt.xyz,/scratch/jaggbow/mol_xtb_coordinates/chromo5499/mmff.xyz,/scratch/jaggbow/mol_xtb_coordinates/chromo5499/basic.xyz,0,,,,,,
1745,chromo5725,CC(=O)c1c(NC(CC(C)C)C(=O)O)c2ccc(N(C)C)cc2oc1=O,3.739,0.9179,3.5341,0.7997999999999998,/scratch/jaggbow/mol_xtb_coordinates/chromo5725/geom.xtbopt.xyz,/scratch/jaggbow/mol_xtb_coordinates/chromo5725/mmff.xyz,/scratch/jaggbow/mol_xtb_coordinates/chromo5725/basic.xyz,1,,,,,,
1746,chromo6100,F[B-]1(F)n2c(Oc3ccccc3)c(Cl)c(Br)c2C(Oc2ccccc2)=C2C(Br)=C(Cl)C(Oc3ccccc3)=[N+]21,2.6821,1.0983,2.7318,1.2293999999999998,/scratch/jaggbow/mol_xtb_coordinates/chromo6100/geom.xtbopt.xyz,/scratch/jaggbow/mol_xtb_coordinates/chromo6100/mmff.xyz,/scratch/jaggbow/mol_xtb_coordinates/chromo6100/basic.xyz,1,,,,,,
1747,chromo5558,CC1=C2c3ccccc3C(c3ccc[nH]3)=[N+]2[B-](F)(F)n2cccc21,2.5553,1.259,2.6764,1.2959,/scratch/jaggbow/mol_xtb_coordinates/chromo5558/geom.xtbopt.xyz,/scratch/jaggbow/mol_xtb_coordinates/chromo5558/mmff.xyz,/scratch/jaggbow/mol_xtb_coordinates/chromo5558/basic.xyz,0,,,,,,
1748,chromo5917,Cn1nc(-c2ccc(C#N)cc2)cc1-c1ccccc1,4.3802,1.4641000000000002,4.5912,0.9343,/scratch/jaggbow/mol_xtb_coordinates/chromo5917/geom.xtbopt.xyz,/scratch/jaggbow/mol_xtb_coordinates/chromo5917/mmff.xyz,/scratch/jaggbow/mol_xtb_coordinates/chromo5917/basic.xyz,0,,,,,,
1749,chromo4903,c1cc(-c2c3ccccc3c(-c3ccc4ccccc4c3)c3ccccc23)cc(-n2c3ccccc3c3ccccc32)c1,3.1319,1.3988999999999998,3.2867,0.9959000000000002,/scratch/jaggbow/mol_xtb_coordinates/chromo4903/geom.xtbopt.xyz,/scratch/jaggbow/mol_xtb_coordinates/chromo4903/mmff.xyz,/scratch/jaggbow/mol_xtb_coordinates/chromo4903/basic.xyz,1,,,,,,
1750,chromo5086,CC(C)(C)c1ccc2c(c1)c1cc(C(C)(C)C)ccc1n2-c1cc(C(=O)c2ccccn2)cc(-n2c3ccc(C(C)(C)C)cc3c3cc(C(C)(C)C)ccc32)c1,2.474,0.1129000000000002,3.3602,0.1151999999999997,/scratch/jaggbow/mol_xtb_coordinates/chromo5086/geom.xtbopt.xyz,/scratch/jaggbow/mol_xtb_coordinates/chromo5086/mmff.xyz,/scratch/jaggbow/mol_xtb_coordinates/chromo5086/basic.xyz,1,,,,,,
1751,chromo2586,COc1ccc(C#Cc2nc3ccccc3nc2-c2ccn(-c3ccccc3)c2)cc1,3.1453,0.7435,3.1204,0.0944000000000002,/scratch/jaggbow/mol_xtb_coordinates/chromo2586/geom.xtbopt.xyz,/scratch/jaggbow/mol_xtb_coordinates/chromo2586/mmff.xyz,/scratch/jaggbow/mol_xtb_coordinates/chromo2586/basic.xyz,0,,,,,,
1752,chromo1066,COC(=O)c1ccc(C2=C3C=c4sccc4=[N+]3[B-](F)(F)n3c2cc2sccc23)cc1,2.4607,1.2281000000000002,2.3499,1.0235,/scratch/jaggbow/mol_xtb_coordinates/chromo1066/geom.xtbopt.xyz,/scratch/jaggbow/mol_xtb_coordinates/chromo1066/mmff.xyz,/scratch/jaggbow/mol_xtb_coordinates/chromo1066/basic.xyz,0,,,,,,
1753,chromo1610,N#Cc1c(F)c(F)c(C#N)c2oc3cc4oc5c(C#N)c(F)c(F)c(C#N)c5oc4cc3oc12,2.9729,0.4603000000000001,3.1802,0.6006,/scratch/jaggbow/mol_xtb_coordinates/chromo1610/geom.xtbopt.xyz,/scratch/jaggbow/mol_xtb_coordinates/chromo1610/mmff.xyz,/scratch/jaggbow/mol_xtb_coordinates/chromo1610/basic.xyz,0,,,,,,
1754,chromo4925,CCCCC1(CCCC)c2cc(C#Cc3ccc4ccc5cccc6ccc3c4c56)ccc2-c2ccc(C#Cc3ccc4ccc5cccc6ccc3c4c56)cc21,2.5862,0.8452999999999999,3.4159,0.8051000000000004,/scratch/jaggbow/mol_xtb_coordinates/chromo4925/geom.xtbopt.xyz,/scratch/jaggbow/mol_xtb_coordinates/chromo4925/mmff.xyz,/scratch/jaggbow/mol_xtb_coordinates/chromo4925/basic.xyz,1,,,,,,
1755,chromo5463,Cc1ccc2nc3cc4c5c(cccc5c3nc2c1)C(c1ccccc1)=C(c1ccccc1)O4,2.6188,0.7292999999999998,2.8543,0.6631,/scratch/jaggbow/mol_xtb_coordinates/chromo5463/geom.xtbopt.xyz,/scratch/jaggbow/mol_xtb_coordinates/chromo5463/mmff.xyz,/scratch/jaggbow/mol_xtb_coordinates/chromo5463/basic.xyz,0,,,,,,
1756,chromo2303,FC(F)(F)c1ccccc1B1c2ccccc2N(c2ccccc2)c2ccccc21,3.554,0.7599,3.45,0.7359,/scratch/jaggbow/mol_xtb_coordinates/chromo2303/geom.xtbopt.xyz,/scratch/jaggbow/mol_xtb_coordinates/chromo2303/mmff.xyz,/scratch/jaggbow/mol_xtb_coordinates/chromo2303/basic.xyz,0,,,,,,
1757,chromo3477,CCOC(=O)c1c(-c2cc3ccc(OCC=C(C)C)cc3oc2=O)nn(-c2cccc(C)c2)c1C(=O)OCC,3.7557,1.2092,3.8287,0.9091999999999998,/scratch/jaggbow/mol_xtb_coordinates/chromo3477/geom.xtbopt.xyz,/scratch/jaggbow/mol_xtb_coordinates/chromo3477/mmff.xyz,/scratch/jaggbow/mol_xtb_coordinates/chromo3477/basic.xyz,1,,,,,,
1758,chromo0691,CCCCc1ccc2ccc3cccc4ccc1c2c34,3.625,1.5473,3.7049,0.9587,/scratch/jaggbow/mol_xtb_coordinates/chromo0691/geom.xtbopt.xyz,/scratch/jaggbow/mol_xtb_coordinates/chromo0691/mmff.xyz,/scratch/jaggbow/mol_xtb_coordinates/chromo0691/basic.xyz,1,,,,,,
1759,chromo2179,N#Cc1cc(-n2c3ccccc3c3ccccc32)c(-n2c3ccccc3c3cc(Br)ccc32)cc1C#N,2.8391,0.3323,3.458,0.3066,/scratch/jaggbow/mol_xtb_coordinates/chromo2179/geom.xtbopt.xyz,/scratch/jaggbow/mol_xtb_coordinates/chromo2179/mmff.xyz,/scratch/jaggbow/mol_xtb_coordinates/chromo2179/basic.xyz,1,,,,,,
1760,chromo5648,CCN(CC)c1ccc2c(c1)oc(=O)c1cnc3c(c(C)nn3-c3ccccc3)c12,3.3452,0.8424,3.5103,0.7376,/scratch/jaggbow/mol_xtb_coordinates/chromo5648/geom.xtbopt.xyz,/scratch/jaggbow/mol_xtb_coordinates/chromo5648/mmff.xyz,/scratch/jaggbow/mol_xtb_coordinates/chromo5648/basic.xyz,0,,,,,,
1761,chromo5979,CCn1c2cc(OC)ccc2c2c3nsnc3c3c4ccc(OC)cc4n(CC)c3c21,2.6415,0.7251000000000001,3.4492,0.6760999999999999,/scratch/jaggbow/mol_xtb_coordinates/chromo5979/geom.xtbopt.xyz,/scratch/jaggbow/mol_xtb_coordinates/chromo5979/mmff.xyz,/scratch/jaggbow/mol_xtb_coordinates/chromo5979/basic.xyz,0,,,,,,
1762,chromo6226,CCCCN(CCCC)c1ccc(C#Cc2cc(C#Cc3ccc(N(CCCC)CCCC)cc3)c(C#Cc3ccc(C#N)cc3)cc2C#Cc2ccc(C#N)cc2)cc1,2.4592,0.6597999999999999,3.4424,0.5252000000000003,/scratch/jaggbow/mol_xtb_coordinates/chromo6226/geom.xtbopt.xyz,/scratch/jaggbow/mol_xtb_coordinates/chromo6226/mmff.xyz,/scratch/jaggbow/mol_xtb_coordinates/chromo6226/basic.xyz,1,,,,,,
1763,chromo6276,Fc1ccc(-c2cccc3ncc(-c4ccccc4)n23)cc1,3.6064,1.0061,3.9648,0.6968999999999999,/scratch/jaggbow/mol_xtb_coordinates/chromo6276/geom.xtbopt.xyz,/scratch/jaggbow/mol_xtb_coordinates/chromo6276/mmff.xyz,/scratch/jaggbow/mol_xtb_coordinates/chromo6276/basic.xyz,0,,,,,,
1764,chromo4623,CC(C)(C)c1ccc(-c2cc(-c3ccc(-c4cc(-c5ccc(C(C)(C)C)cc5)c(C#N)s4)s3)sc2C#N)cc1,2.9503,1.2004,3.265,0.9875000000000004,/scratch/jaggbow/mol_xtb_coordinates/chromo4623/geom.xtbopt.xyz,/scratch/jaggbow/mol_xtb_coordinates/chromo4623/mmff.xyz,/scratch/jaggbow/mol_xtb_coordinates/chromo4623/basic.xyz,1,,,,,,
1765,chromo3308,Oc1ccccc1N=Cc1ccccc1Oc1ccccc1,3.3045,1.0855,3.4679,0.6716000000000002,/scratch/jaggbow/mol_xtb_coordinates/chromo3308/geom.xtbopt.xyz,/scratch/jaggbow/mol_xtb_coordinates/chromo3308/mmff.xyz,/scratch/jaggbow/mol_xtb_coordinates/chromo3308/basic.xyz,1,,,,,,
1766,chromo3240,COc1ccc(C=CC2=CC(C=Cc3ccc(OC)c(OC)c3)=[O+][B-](F)(F)O2)cc1OC,2.6819,0.8458000000000001,2.9166,0.8005,/scratch/jaggbow/mol_xtb_coordinates/chromo3240/geom.xtbopt.xyz,/scratch/jaggbow/mol_xtb_coordinates/chromo3240/mmff.xyz,/scratch/jaggbow/mol_xtb_coordinates/chromo3240/basic.xyz,1,,,,,,
1767,chromo5651,CCN(CC)c1ccc2c(c1)oc(=O)c1c(C)nc3c(c(-c4ccccc4)nn3-c3ccccc3)c12,3.2906,0.8304,3.4541,0.7130000000000001,/scratch/jaggbow/mol_xtb_coordinates/chromo5651/geom.xtbopt.xyz,/scratch/jaggbow/mol_xtb_coordinates/chromo5651/mmff.xyz,/scratch/jaggbow/mol_xtb_coordinates/chromo5651/basic.xyz,0,,,,,,
1768,chromo0416,Cc1ccc(C=Cc2nc(-c3ccc(C)cc3)[nH]c2C=Cc2ccc(C)cc2)cc1,2.9885,1.2674,3.3672,1.0086,/scratch/jaggbow/mol_xtb_coordinates/chromo0416/geom.xtbopt.xyz,/scratch/jaggbow/mol_xtb_coordinates/chromo0416/mmff.xyz,/scratch/jaggbow/mol_xtb_coordinates/chromo0416/basic.xyz,1,,,,,,
1769,chromo6284,Cc1ccc(-c2cnc3ccc4ccccc4n23)cc1,3.6632,1.0858999999999996,3.9438,0.7635000000000001,/scratch/jaggbow/mol_xtb_coordinates/chromo6284/geom.xtbopt.xyz,/scratch/jaggbow/mol_xtb_coordinates/chromo6284/mmff.xyz,/scratch/jaggbow/mol_xtb_coordinates/chromo6284/basic.xyz,0,,,,,,
1770,chromo5689,CC1(C)c2ccccc2-n2c(-c3ccc(N4c5ccccc5Oc5ccccc54)cc3)nc3cccc1c32,2.6019,0.0129999999999999,3.0847,0.3664,/scratch/jaggbow/mol_xtb_coordinates/chromo5689/geom.xtbopt.xyz,/scratch/jaggbow/mol_xtb_coordinates/chromo5689/mmff.xyz,/scratch/jaggbow/mol_xtb_coordinates/chromo5689/basic.xyz,0,,,,,,
1771,chromo3478,CCOC(=O)c1c(-c2cc3ccc(OCC=C(C)C)cc3oc2=O)nn(-c2cccc(Cl)c2)c1C(=O)OCC,3.7544,1.2107,3.7991,0.9067000000000004,/scratch/jaggbow/mol_xtb_coordinates/chromo3478/geom.xtbopt.xyz,/scratch/jaggbow/mol_xtb_coordinates/chromo3478/mmff.xyz,/scratch/jaggbow/mol_xtb_coordinates/chromo3478/basic.xyz,1,,,,,,
1772,chromo3286,COc1ccc2n1[B-](F)(F)[N+]1=C(SC#N)C=CC1=C2c1ccccc1,2.8951,1.3851999999999998,2.8298,1.5313,/scratch/jaggbow/mol_xtb_coordinates/chromo3286/geom.xtbopt.xyz,/scratch/jaggbow/mol_xtb_coordinates/chromo3286/mmff.xyz,/scratch/jaggbow/mol_xtb_coordinates/chromo3286/basic.xyz,1,,,,,,
1773,chromo2607,C(#Cc1cccc(C#Cc2ccc(-n3c4ccccc4c4ccccc43)cc2)c1)c1ccc(-n2c3ccccc3c3ccccc32)cc1,3.2483,0.8229000000000002,3.9604,0.4754,/scratch/jaggbow/mol_xtb_coordinates/chromo2607/geom.xtbopt.xyz,/scratch/jaggbow/mol_xtb_coordinates/chromo2607/mmff.xyz,/scratch/jaggbow/mol_xtb_coordinates/chromo2607/basic.xyz,1,,,,,,
1774,chromo3357,Cc1ccc(C)n1-c1ccc(C#N)cc1,3.1153,0.1852999999999998,4.2692,0.3293999999999997,/scratch/jaggbow/mol_xtb_coordinates/chromo3357/geom.xtbopt.xyz,/scratch/jaggbow/mol_xtb_coordinates/chromo3357/mmff.xyz,/scratch/jaggbow/mol_xtb_coordinates/chromo3357/basic.xyz,0,,,,,,
1775,chromo1169,Oc1ccccc1-c1nc2c3cccnc3c3ncccc3c2n1-c1ccccc1,3.5288,0.8096000000000001,3.8525,0.4418999999999999,/scratch/jaggbow/mol_xtb_coordinates/chromo1169/geom.xtbopt.xyz,/scratch/jaggbow/mol_xtb_coordinates/chromo1169/mmff.xyz,/scratch/jaggbow/mol_xtb_coordinates/chromo1169/basic.xyz,0,,,,,,
1776,chromo1368,CC(=O)O[B-]1(OC(C)=O)OC(C=Cc2ccc(C)cc2)=CC(C=Cc2ccc(C)cc2)=[O+]1,2.9438,1.0357,3.1357,0.9219,/scratch/jaggbow/mol_xtb_coordinates/chromo1368/geom.xtbopt.xyz,/scratch/jaggbow/mol_xtb_coordinates/chromo1368/mmff.xyz,/scratch/jaggbow/mol_xtb_coordinates/chromo1368/basic.xyz,0,,,,,,
1777,chromo4109,CC(C)CCCCN1CCc2c1ccc1c3c(ccc21)CCCC3=O,2.6616,0.7156,2.7446,0.5985,/scratch/jaggbow/mol_xtb_coordinates/chromo4109/geom.xtbopt.xyz,/scratch/jaggbow/mol_xtb_coordinates/chromo4109/mmff.xyz,/scratch/jaggbow/mol_xtb_coordinates/chromo4109/basic.xyz,0,,,,,,
1778,chromo6074,O=c1oc2ccccc2c2c1c(=O)oc1cc(O)cc(O)c12,3.1941,0.8622000000000001,3.5904,0.7854999999999999,/scratch/jaggbow/mol_xtb_coordinates/chromo6074/geom.xtbopt.xyz,/scratch/jaggbow/mol_xtb_coordinates/chromo6074/mmff.xyz,/scratch/jaggbow/mol_xtb_coordinates/chromo6074/basic.xyz,0,,,,,,
1779,chromo0323,CCOC(=O)N=c1oc2cc(OC)ccc2cc1C#N,3.4093,1.1673,3.6105,0.9501,/scratch/jaggbow/mol_xtb_coordinates/chromo0323/geom.xtbopt.xyz,/scratch/jaggbow/mol_xtb_coordinates/chromo0323/mmff.xyz,/scratch/jaggbow/mol_xtb_coordinates/chromo0323/basic.xyz,1,,,,,,
1780,chromo1144,O=C1C2=C(O[B-](F)(F)[n+]3c2ccc2ccccc23)c2ccc(N3CCOCC3)c3cccc1c23,2.8718,0.8744999999999998,2.674,0.7243999999999999,/scratch/jaggbow/mol_xtb_coordinates/chromo1144/geom.xtbopt.xyz,/scratch/jaggbow/mol_xtb_coordinates/chromo1144/mmff.xyz,/scratch/jaggbow/mol_xtb_coordinates/chromo1144/basic.xyz,0,,,,,,
1781,chromo2884,CCCCn1c2ccc(-c3ccccc3)cc2c2ccc3c4cc(-c5ccccc5)ccc4n(CCCC)c3c21,3.5216,0.6408,3.5098,0.4436,/scratch/jaggbow/mol_xtb_coordinates/chromo2884/geom.xtbopt.xyz,/scratch/jaggbow/mol_xtb_coordinates/chromo2884/mmff.xyz,/scratch/jaggbow/mol_xtb_coordinates/chromo2884/basic.xyz,0,,,,,,
1782,chromo4072,CN(C)c1ccc2cc(C3=[O+][B-](F)(F)OC(c4ccccc4)=C3)ccc2c1,2.7599,0.6574,2.9533,0.7471999999999999,/scratch/jaggbow/mol_xtb_coordinates/chromo4072/geom.xtbopt.xyz,/scratch/jaggbow/mol_xtb_coordinates/chromo4072/mmff.xyz,/scratch/jaggbow/mol_xtb_coordinates/chromo4072/basic.xyz,1,,,,,,
1783,chromo2439,COC(=O)c1cc(=O)n(C)c2cc(-c3ccc(N(C)C)cc3)sc12,2.836,1.0078999999999998,3.0608,0.9794,/scratch/jaggbow/mol_xtb_coordinates/chromo2439/geom.xtbopt.xyz,/scratch/jaggbow/mol_xtb_coordinates/chromo2439/mmff.xyz,/scratch/jaggbow/mol_xtb_coordinates/chromo2439/basic.xyz,1,,,,,,
1784,chromo4715,N#CC(C#N)=Cc1ccc(-c2ccc(-c3nc4ccccc4s3)c(O)c2)o1,2.7152,1.0396,3.1888,1.0251,/scratch/jaggbow/mol_xtb_coordinates/chromo4715/geom.xtbopt.xyz,/scratch/jaggbow/mol_xtb_coordinates/chromo4715/mmff.xyz,/scratch/jaggbow/mol_xtb_coordinates/chromo4715/basic.xyz,1,,,,,,
1785,chromo2855,COc1ccc(-c2ccc(C=Cc3ccncn3)cc2)cc1,3.3443,1.1545999999999998,3.9244,0.9716999999999998,/scratch/jaggbow/mol_xtb_coordinates/chromo2855/geom.xtbopt.xyz,/scratch/jaggbow/mol_xtb_coordinates/chromo2855/mmff.xyz,/scratch/jaggbow/mol_xtb_coordinates/chromo2855/basic.xyz,1,,,,,,
1786,chromo2693,COc1cc2c(cc1-c1ccccc1)Cc1c3c(c4c(c1-2)-c1cc(OC)c(-c2ccccc2)cc1C4)C(=O)N(CCC(C)C)C3=O,2.8338,0.6680000000000001,3.2799,0.4647000000000001,/scratch/jaggbow/mol_xtb_coordinates/chromo2693/geom.xtbopt.xyz,/scratch/jaggbow/mol_xtb_coordinates/chromo2693/mmff.xyz,/scratch/jaggbow/mol_xtb_coordinates/chromo2693/basic.xyz,0,,,,,,
1787,chromo4554,c1ccc(N(c2ccccc2)c2ccc(-n3ccc4cc(-c5cccc6c5-c5ccccc5C6(c5ccccc5)c5ccccc5)ccc43)cc2)cc1,3.7724,0.7975000000000003,3.8557,0.5066999999999999,/scratch/jaggbow/mol_xtb_coordinates/chromo4554/geom.xtbopt.xyz,/scratch/jaggbow/mol_xtb_coordinates/chromo4554/mmff.xyz,/scratch/jaggbow/mol_xtb_coordinates/chromo4554/basic.xyz,0,,,,,,
1788,chromo0273,CCCCn1c(-c2ccc(-c3nnc(-c4ccc(-c5nc6ccccc6n5CCCC)cc4)o3)cc2)nc2ccccc21,3.3239,0.7841,4.1605,0.6023000000000001,/scratch/jaggbow/mol_xtb_coordinates/chromo0273/geom.xtbopt.xyz,/scratch/jaggbow/mol_xtb_coordinates/chromo0273/mmff.xyz,/scratch/jaggbow/mol_xtb_coordinates/chromo0273/basic.xyz,0,,,,,,
1789,chromo2508,CN(C)c1ccc(C#Cc2nc(-c3ccccc3)nc3ccccc23)cc1,3.0727,0.8846000000000003,3.7452,0.4998,/scratch/jaggbow/mol_xtb_coordinates/chromo2508/geom.xtbopt.xyz,/scratch/jaggbow/mol_xtb_coordinates/chromo2508/mmff.xyz,/scratch/jaggbow/mol_xtb_coordinates/chromo2508/basic.xyz,0,,,,,,
1790,chromo2608,CC(C)(C)c1ccc2c(c1)c1cc(C(C)(C)C)ccc1n2-c1ccc(C#Cc2cccc(C#Cc3ccc(-n4c5ccc(C(C)(C)C)cc5c5cc(C(C)(C)C)ccc54)cc3)c2)cc1,3.1658,0.7458999999999998,3.9021,0.4453999999999998,/scratch/jaggbow/mol_xtb_coordinates/chromo2608/geom.xtbopt.xyz,/scratch/jaggbow/mol_xtb_coordinates/chromo2608/mmff.xyz,/scratch/jaggbow/mol_xtb_coordinates/chromo2608/basic.xyz,1,,,,,,
1791,chromo4934,Cc1cc(C)c(B(c2ccc(N3c4ccccc4Oc4ccccc43)cc2)c2c(C)cc(C)cc2C)c(C)c1,2.194,0.0120999999999997,2.8709,0.1746999999999996,/scratch/jaggbow/mol_xtb_coordinates/chromo4934/geom.xtbopt.xyz,/scratch/jaggbow/mol_xtb_coordinates/chromo4934/mmff.xyz,/scratch/jaggbow/mol_xtb_coordinates/chromo4934/basic.xyz,0,,,,,,
1792,chromo2529,CCN(CC)c1ccc2n1[B-](F)(F)[N+]1=CC(C=CC(=O)OC(C)(C)C)=CC1=C2c1c(C)cc(C)cc1C,2.7229,1.3010000000000002,2.754,1.3715,/scratch/jaggbow/mol_xtb_coordinates/chromo2529/geom.xtbopt.xyz,/scratch/jaggbow/mol_xtb_coordinates/chromo2529/mmff.xyz,/scratch/jaggbow/mol_xtb_coordinates/chromo2529/basic.xyz,1,,,,,,
1793,chromo2429,COc1ccc(-c2cc3c(ccc(=O)n3C)s2)cc1,3.4028,1.2304,3.4574,0.9690999999999996,/scratch/jaggbow/mol_xtb_coordinates/chromo2429/geom.xtbopt.xyz,/scratch/jaggbow/mol_xtb_coordinates/chromo2429/mmff.xyz,/scratch/jaggbow/mol_xtb_coordinates/chromo2429/basic.xyz,1,,,,,,
1794,chromo4175,Nc1nc2ccc([N+](=O)[O-])cc2s1,3.7777,0.9491,3.6227,0.7707999999999999,/scratch/jaggbow/mol_xtb_coordinates/chromo4175/geom.xtbopt.xyz,/scratch/jaggbow/mol_xtb_coordinates/chromo4175/mmff.xyz,/scratch/jaggbow/mol_xtb_coordinates/chromo4175/basic.xyz,1,,,,,,
1795,chromo0300,Cc1cccc(C)c1C=Cc1nc(N2CCOCC2)c2c([n+]1[O-])CCCC2,3.0531,1.2087,2.885,0.7784999999999997,/scratch/jaggbow/mol_xtb_coordinates/chromo0300/geom.xtbopt.xyz,/scratch/jaggbow/mol_xtb_coordinates/chromo0300/mmff.xyz,/scratch/jaggbow/mol_xtb_coordinates/chromo0300/basic.xyz,0,,,,,,
1796,chromo4760,N#CC(=Cc1ccc(C=Cc2ccc(N(c3ccccc3)c3ccccc3)cc2)s1)C(=O)O,2.2413,0.8542999999999998,2.8961,0.9534,/scratch/jaggbow/mol_xtb_coordinates/chromo4760/geom.xtbopt.xyz,/scratch/jaggbow/mol_xtb_coordinates/chromo4760/mmff.xyz,/scratch/jaggbow/mol_xtb_coordinates/chromo4760/basic.xyz,0,,,,,,
1797,chromo0322,CCOC(=O)N=c1oc2cc(N(CC)CC)ccc2cc1C#N,3.3113,1.1776,3.3577,1.0242999999999998,/scratch/jaggbow/mol_xtb_coordinates/chromo0322/geom.xtbopt.xyz,/scratch/jaggbow/mol_xtb_coordinates/chromo0322/mmff.xyz,/scratch/jaggbow/mol_xtb_coordinates/chromo0322/basic.xyz,1,,,,,,
1798,chromo0433,Cc1cc(O)c(C(=O)C=Cc2ccc(Cl)cc2Cl)c(=O)o1,3.4401,1.1580000000000004,3.5173,0.7156000000000002,/scratch/jaggbow/mol_xtb_coordinates/chromo0433/geom.xtbopt.xyz,/scratch/jaggbow/mol_xtb_coordinates/chromo0433/mmff.xyz,/scratch/jaggbow/mol_xtb_coordinates/chromo0433/basic.xyz,0,,,,,,
1799,chromo0493,CC(=O)Nc1ccc(S(=O)(=O)O)c(N=Nc2c(O)c3ccccc3n(C)c2=O)c1,2.7442,0.7821000000000002,1.7273,0.0174,/scratch/jaggbow/mol_xtb_coordinates/chromo0493/geom.xtbopt.xyz,/scratch/jaggbow/mol_xtb_coordinates/chromo0493/mmff.xyz,/scratch/jaggbow/mol_xtb_coordinates/chromo0493/basic.xyz,0,,,,,,
1800,chromo0117,O=Cc1ccc(N(c2ccc(C=O)cc2)c2ccc(-c3ccc4c(c3)C(=O)c3ccccc3C4=O)cc2)cc1,2.4618,0.2029,3.0147,0.2182999999999997,/scratch/jaggbow/mol_xtb_coordinates/chromo0117/geom.xtbopt.xyz,/scratch/jaggbow/mol_xtb_coordinates/chromo0117/mmff.xyz,/scratch/jaggbow/mol_xtb_coordinates/chromo0117/basic.xyz,0,,,,,,
1801,chromo0679,Cc1cn2cc(-c3ccc(C#N)cc3)[n-][n+]2c1,3.0971,0.5636000000000001,3.3039,0.5611000000000002,/scratch/jaggbow/mol_xtb_coordinates/chromo0679/geom.xtbopt.xyz,/scratch/jaggbow/mol_xtb_coordinates/chromo0679/mmff.xyz,/scratch/jaggbow/mol_xtb_coordinates/chromo0679/basic.xyz,0,,,,,,
1802,chromo1670,CC1=C(c2ccc(N(C)C)cc2)C(C)=[N+]2C1=C(c1c(-c3ccccn3)nc3ccccn13)c1c(C)cc(C)n1[B-]2(F)F,2.1242,0.7618,2.6489,1.2017999999999998,/scratch/jaggbow/mol_xtb_coordinates/chromo1670/geom.xtbopt.xyz,/scratch/jaggbow/mol_xtb_coordinates/chromo1670/mmff.xyz,/scratch/jaggbow/mol_xtb_coordinates/chromo1670/basic.xyz,1,,,,,,
1803,chromo2364,CN(C)c1ccc(C2=Nc3sc4ccccc4[n+]3[B-](F)(F)O2)cc1,3.322,0.8248000000000002,3.4226,0.8111000000000002,/scratch/jaggbow/mol_xtb_coordinates/chromo2364/geom.xtbopt.xyz,/scratch/jaggbow/mol_xtb_coordinates/chromo2364/mmff.xyz,/scratch/jaggbow/mol_xtb_coordinates/chromo2364/basic.xyz,0,,,,,,
1804,chromo2286,c1ccc(N(c2ccccc2)c2ccc3ccc4c(N(c5ccccc5)c5ccccc5)ccc5ccc2c3c54)cc1,2.7264,0.8549,2.8298,0.5773000000000001,/scratch/jaggbow/mol_xtb_coordinates/chromo2286/geom.xtbopt.xyz,/scratch/jaggbow/mol_xtb_coordinates/chromo2286/mmff.xyz,/scratch/jaggbow/mol_xtb_coordinates/chromo2286/basic.xyz,1,,,,,,
1805,chromo2551,CC(C)(C)c1ccc(C2=C(Br)C3=C(c4ccccc4)c4c(Br)c(-c5ccc(C(C)(C)C)cc5)c(-c5ccc(C(C)(C)C)cc5)n4[B-](F)(F)[N+]3=C2c2ccc(C(C)(C)C)cc2)cc1,2.3404,0.9467,2.5513,1.025,/scratch/jaggbow/mol_xtb_coordinates/chromo2551/geom.xtbopt.xyz,/scratch/jaggbow/mol_xtb_coordinates/chromo2551/mmff.xyz,/scratch/jaggbow/mol_xtb_coordinates/chromo2551/basic.xyz,1,,,,,,
1806,chromo0794,C1#Cc2ccccc2OCc2ccccc2COc2ccccc21,3.9518,1.2970000000000002,4.3711,0.75,/scratch/jaggbow/mol_xtb_coordinates/chromo0794/geom.xtbopt.xyz,/scratch/jaggbow/mol_xtb_coordinates/chromo0794/mmff.xyz,/scratch/jaggbow/mol_xtb_coordinates/chromo0794/basic.xyz,0,,,,,,
1807,chromo3161,COc1cc(C=Cc2nc3ccccc3s2)c(OC)cc1C=Cc1nc(C)nc(C)n1,2.73,1.0903,3.0301,0.7978999999999998,/scratch/jaggbow/mol_xtb_coordinates/chromo3161/geom.xtbopt.xyz,/scratch/jaggbow/mol_xtb_coordinates/chromo3161/mmff.xyz,/scratch/jaggbow/mol_xtb_coordinates/chromo3161/basic.xyz,1,,,,,,
1808,chromo4100,CCCCc1ccc(C#Cc2ccc3nc4ccc(C#Cc5ccc(CCCC)cc5)cn4c(=O)c3c2)cc1,2.9245,0.9446,3.4756,0.8912,/scratch/jaggbow/mol_xtb_coordinates/chromo4100/geom.xtbopt.xyz,/scratch/jaggbow/mol_xtb_coordinates/chromo4100/mmff.xyz,/scratch/jaggbow/mol_xtb_coordinates/chromo4100/basic.xyz,0,,,,,,
1809,chromo4632,CC(C)(C)c1ccc(-c2cc(-c3ccc(-c4cc(-c5ccc(C(C)(C)C)cc5)c(C(=O)NC5CCCCC5)s4)s3)sc2C(=O)NC2CCCCC2)cc1,2.9555,1.1565,3.2318,0.9400999999999996,/scratch/jaggbow/mol_xtb_coordinates/chromo4632/geom.xtbopt.xyz,/scratch/jaggbow/mol_xtb_coordinates/chromo4632/mmff.xyz,/scratch/jaggbow/mol_xtb_coordinates/chromo4632/basic.xyz,1,,,,,,
1810,chromo3724,CCn1c2ccccc2c2cc(-c3cc(-c4ccc5c(c4)c4ccccc4n5CC)nc(N4CCCCC4)n3)ccc21,3.5127,0.6041000000000003,3.6457,0.5137,/scratch/jaggbow/mol_xtb_coordinates/chromo3724/geom.xtbopt.xyz,/scratch/jaggbow/mol_xtb_coordinates/chromo3724/mmff.xyz,/scratch/jaggbow/mol_xtb_coordinates/chromo3724/basic.xyz,1,,,,,,
1811,chromo0310,[O-][n+]1c(C=CC=Cc2ccccc2)nc(N2CCOCC2)c2c1CCCC2,2.816,1.3186999999999998,2.7996,0.9092999999999998,/scratch/jaggbow/mol_xtb_coordinates/chromo0310/geom.xtbopt.xyz,/scratch/jaggbow/mol_xtb_coordinates/chromo0310/mmff.xyz,/scratch/jaggbow/mol_xtb_coordinates/chromo0310/basic.xyz,0,,,,,,
1812,chromo3209,Nc1cccc2c1C(=O)c1ccccc1C2=O,2.75,0.8141,2.3413,0.8545,/scratch/jaggbow/mol_xtb_coordinates/chromo3209/geom.xtbopt.xyz,/scratch/jaggbow/mol_xtb_coordinates/chromo3209/mmff.xyz,/scratch/jaggbow/mol_xtb_coordinates/chromo3209/basic.xyz,0,,,,,,
1813,chromo4671,CCOC(=O)C(C#N)=C(C=Cc1ccc(N(c2ccccc2)c2ccc(C=CC(=C(C#N)C(=O)OCC)c3ccccc3)cc2)cc1)c1ccccc1,2.3609,0.7430000000000001,2.9373,0.6726999999999999,/scratch/jaggbow/mol_xtb_coordinates/chromo4671/geom.xtbopt.xyz,/scratch/jaggbow/mol_xtb_coordinates/chromo4671/mmff.xyz,/scratch/jaggbow/mol_xtb_coordinates/chromo4671/basic.xyz,1,,,,,,
1814,chromo2970,COc1cc2c(cc1C=C(C#N)C#N)c1ccccc1n2C,3.1372,0.9872,3.3694,0.7134,/scratch/jaggbow/mol_xtb_coordinates/chromo2970/geom.xtbopt.xyz,/scratch/jaggbow/mol_xtb_coordinates/chromo2970/mmff.xyz,/scratch/jaggbow/mol_xtb_coordinates/chromo2970/basic.xyz,1,,,,,,
1815,chromo4816,c1ccc(N2N=C(c3cccc4ccccc34)CC2c2ccc3ccc4cccc5ccc2c3c45)cc1,2.6967,0.7096999999999998,3.4457,0.7021000000000002,/scratch/jaggbow/mol_xtb_coordinates/chromo4816/geom.xtbopt.xyz,/scratch/jaggbow/mol_xtb_coordinates/chromo4816/mmff.xyz,/scratch/jaggbow/mol_xtb_coordinates/chromo4816/basic.xyz,1,,,,,,
1816,chromo0938,COC(=O)C(Cc1ccc2oc(-c3ccc(N(C)C)cc3)nc2c1)NC(=O)OC(C)(C)C,3.8391,1.1374,3.8635,0.8955000000000002,/scratch/jaggbow/mol_xtb_coordinates/chromo0938/geom.xtbopt.xyz,/scratch/jaggbow/mol_xtb_coordinates/chromo0938/mmff.xyz,/scratch/jaggbow/mol_xtb_coordinates/chromo0938/basic.xyz,0,,,,,,
1817,chromo4821,F[B-]1(F)N2C=CN=CC2=[N+]2[N+]1=Cc1c(-c3ccccc3)cc(-c3ccccc3)n1[B-]2(F)F,2.7751,0.8765000000000001,2.9965,1.0078000000000005,/scratch/jaggbow/mol_xtb_coordinates/chromo4821/geom.xtbopt.xyz,/scratch/jaggbow/mol_xtb_coordinates/chromo4821/mmff.xyz,/scratch/jaggbow/mol_xtb_coordinates/chromo4821/basic.xyz,0,,,,,,
1818,chromo4363,O=S(=O)(c1ccccc1)c1ccc(-c2ccc3c(c2)c2cc(-c4ccc(S(=O)(=O)c5ccccc5)cc4)ccc2n3-c2ccccc2)cc1,3.635,0.6952999999999996,3.7972,0.4153000000000002,/scratch/jaggbow/mol_xtb_coordinates/chromo4363/geom.xtbopt.xyz,/scratch/jaggbow/mol_xtb_coordinates/chromo4363/mmff.xyz,/scratch/jaggbow/mol_xtb_coordinates/chromo4363/basic.xyz,1,,,,,,
1819,chromo4905,c1ccc2c(-c3c4ccccc4c(-c4ccc(-n5c6ccccc6c6ccccc65)cc4)c4ccccc34)cccc2c1,3.1316,1.3986,3.2685,0.9852,/scratch/jaggbow/mol_xtb_coordinates/chromo4905/geom.xtbopt.xyz,/scratch/jaggbow/mol_xtb_coordinates/chromo4905/mmff.xyz,/scratch/jaggbow/mol_xtb_coordinates/chromo4905/basic.xyz,1,,,,,,
1820,chromo2016,CC(C)(C)c1ccc2c(c1)c1cc(C(C)(C)C)ccc1n2-c1cc(N2c3ccccc3C(c3ccccc3)(c3ccccc3)c3ccccc32)cc(-n2c3ccc(C(C)(C)C)cc3c3cc(C(C)(C)C)ccc32)c1C#N,2.8678,0.1924000000000001,3.6837,0.2938,/scratch/jaggbow/mol_xtb_coordinates/chromo2016/geom.xtbopt.xyz,/scratch/jaggbow/mol_xtb_coordinates/chromo2016/mmff.xyz,/scratch/jaggbow/mol_xtb_coordinates/chromo2016/basic.xyz,1,,,,,,
1821,chromo3484,CCOC(=O)c1c(-c2cc3cc4c(cc3oc2=O)OC(C)(C)CC4)nn(-c2cccc(Cl)c2)c1C(=O)OCC,3.7186,1.1947,3.7539,0.8834,/scratch/jaggbow/mol_xtb_coordinates/chromo3484/geom.xtbopt.xyz,/scratch/jaggbow/mol_xtb_coordinates/chromo3484/mmff.xyz,/scratch/jaggbow/mol_xtb_coordinates/chromo3484/basic.xyz,0,,,,,,
1822,chromo0312,[O-][n+]1c(C=Cc2cc3cccc4c5cccc6cccc(c(c2)c34)c65)nc(N2CCOCC2)c2c1CCCC2,2.6398,1.2214,2.8287,0.8184,/scratch/jaggbow/mol_xtb_coordinates/chromo0312/geom.xtbopt.xyz,/scratch/jaggbow/mol_xtb_coordinates/chromo0312/mmff.xyz,/scratch/jaggbow/mol_xtb_coordinates/chromo0312/basic.xyz,0,,,,,,
1823,chromo3820,CCCCn1c2ccccc2c2ccc(C#Cc3ccc4ccc5cccc6ccc3c4c56)cc21,2.9509,1.1351999999999998,3.6539,1.0157000000000005,/scratch/jaggbow/mol_xtb_coordinates/chromo3820/geom.xtbopt.xyz,/scratch/jaggbow/mol_xtb_coordinates/chromo3820/mmff.xyz,/scratch/jaggbow/mol_xtb_coordinates/chromo3820/basic.xyz,1,,,,,,
1824,chromo0304,COc1cc(C=Cc2nc(N3CCOCC3)c3c([n+]2[O-])CCCC3)cc(OC)c1OC,2.9833,1.2372,2.8586,0.8496000000000001,/scratch/jaggbow/mol_xtb_coordinates/chromo0304/geom.xtbopt.xyz,/scratch/jaggbow/mol_xtb_coordinates/chromo0304/mmff.xyz,/scratch/jaggbow/mol_xtb_coordinates/chromo0304/basic.xyz,0,,,,,,
1825,chromo2149,N#Cc1ccc(-n2c(-c3ccc(-c4ccc(N(c5ccccc5)c5ccccc5)cc4)s3)nc3c4ccccc4c4ccccc4c32)c2ccccc12,2.0699,0.0211999999999998,3.1983,0.5845000000000002,/scratch/jaggbow/mol_xtb_coordinates/chromo2149/geom.xtbopt.xyz,/scratch/jaggbow/mol_xtb_coordinates/chromo2149/mmff.xyz,/scratch/jaggbow/mol_xtb_coordinates/chromo2149/basic.xyz,1,,,,,,
1826,chromo3732,CCn1c2ccccc2c2cc(C#Cc3cc(C#Cc4ccc5c(c4)c4ccccc4n5CC)nc(OC)n3)ccc21,3.1822,0.6122000000000001,3.8995,0.4818000000000002,/scratch/jaggbow/mol_xtb_coordinates/chromo3732/geom.xtbopt.xyz,/scratch/jaggbow/mol_xtb_coordinates/chromo3732/mmff.xyz,/scratch/jaggbow/mol_xtb_coordinates/chromo3732/basic.xyz,1,,,,,,
1827,chromo2310,Cc1ccccc1-c1c2cccc3c(-c4ccc(C(C)(C)C)cc4)cc4c(-c5ccccc5C)c5cccc6c(-c7ccc(C(C)(C)C)cc7)cc1c(c65)c4c32,2.706,1.3892,3.0525,1.0928000000000002,/scratch/jaggbow/mol_xtb_coordinates/chromo2310/geom.xtbopt.xyz,/scratch/jaggbow/mol_xtb_coordinates/chromo2310/mmff.xyz,/scratch/jaggbow/mol_xtb_coordinates/chromo2310/basic.xyz,0,,,,,,
1828,chromo2431,COc1ccc(-c2cc3c(s2)c(-c2ccccc2)cc(=O)n3C)cc1,3.3323,1.1736,3.3363,0.8928000000000003,/scratch/jaggbow/mol_xtb_coordinates/chromo2431/geom.xtbopt.xyz,/scratch/jaggbow/mol_xtb_coordinates/chromo2431/mmff.xyz,/scratch/jaggbow/mol_xtb_coordinates/chromo2431/basic.xyz,1,,,,,,
1829,chromo0121,COc1ccc(N(c2ccc(OC)cc2)c2ccc(-c3ccc4c(c3)C(=O)c3ccccc3C4=O)cc2)cc1,1.9122,0.1738999999999999,2.8693,0.3214000000000001,/scratch/jaggbow/mol_xtb_coordinates/chromo0121/geom.xtbopt.xyz,/scratch/jaggbow/mol_xtb_coordinates/chromo0121/mmff.xyz,/scratch/jaggbow/mol_xtb_coordinates/chromo0121/basic.xyz,0,,,,,,
1830,chromo6224,CCCCN(CCCC)c1ccc(C#Cc2cc(C#Cc3c(F)c(F)c(F)c(F)c3F)c(C#Cc3ccc(N(CCCC)CCCC)cc3)cc2C#Cc2c(F)c(F)c(F)c(F)c2F)cc1,2.1833,0.4774,3.3871,0.4803000000000001,/scratch/jaggbow/mol_xtb_coordinates/chromo6224/geom.xtbopt.xyz,/scratch/jaggbow/mol_xtb_coordinates/chromo6224/mmff.xyz,/scratch/jaggbow/mol_xtb_coordinates/chromo6224/basic.xyz,1,,,,,,
1831,chromo4499,c1ccc(-c2cc(-c3ccc(N(c4ccccc4)c4ccccc4)cc3)cc(-c3ccccc3)n2)cc1,3.3879,0.6398999999999999,3.8722,0.4883999999999999,/scratch/jaggbow/mol_xtb_coordinates/chromo4499/geom.xtbopt.xyz,/scratch/jaggbow/mol_xtb_coordinates/chromo4499/mmff.xyz,/scratch/jaggbow/mol_xtb_coordinates/chromo4499/basic.xyz,1,,,,,,
1832,chromo6182,C1=C(c2ccccc2)SC23C1=C(c1ccccc1)C(c1ccccc12)c1ccccc13,3.0944,1.3430999999999995,3.2549,1.0265,/scratch/jaggbow/mol_xtb_coordinates/chromo6182/geom.xtbopt.xyz,/scratch/jaggbow/mol_xtb_coordinates/chromo6182/mmff.xyz,/scratch/jaggbow/mol_xtb_coordinates/chromo6182/basic.xyz,0,,,,,,
1833,chromo1113,F[B-]1(F)n2c(-c3cccs3)cc(-c3cccs3)c2N=C2C(c3cccs3)=CC(c3cccs3)=[N+]21,1.9457,1.2399,2.3641,1.2297,/scratch/jaggbow/mol_xtb_coordinates/chromo1113/geom.xtbopt.xyz,/scratch/jaggbow/mol_xtb_coordinates/chromo1113/mmff.xyz,/scratch/jaggbow/mol_xtb_coordinates/chromo1113/basic.xyz,0,,,,,,
1834,chromo0318,COc1ccc2cc(C#N)c(=N)oc2c1,3.6012,1.338,3.6571,0.9737999999999998,/scratch/jaggbow/mol_xtb_coordinates/chromo0318/geom.xtbopt.xyz,/scratch/jaggbow/mol_xtb_coordinates/chromo0318/mmff.xyz,/scratch/jaggbow/mol_xtb_coordinates/chromo0318/basic.xyz,1,,,,,,
1835,chromo3735,CCn1c2ccccc2c2cc(C#Cc3cc(C#Cc4ccc5c(c4)c4ccccc4n5CC)nc(C#N)n3)ccc21,3.0046,0.5623,3.9076,0.4958,/scratch/jaggbow/mol_xtb_coordinates/chromo3735/geom.xtbopt.xyz,/scratch/jaggbow/mol_xtb_coordinates/chromo3735/mmff.xyz,/scratch/jaggbow/mol_xtb_coordinates/chromo3735/basic.xyz,1,,,,,,
1836,chromo0023,CCC(=O)c1ccc2cc(N(C)C)ccc2c1,3.5523,1.101,3.3354,0.7643,/scratch/jaggbow/mol_xtb_coordinates/chromo0023/geom.xtbopt.xyz,/scratch/jaggbow/mol_xtb_coordinates/chromo0023/mmff.xyz,/scratch/jaggbow/mol_xtb_coordinates/chromo0023/basic.xyz,1,,,,,,
1837,chromo0680,N#Cc1ccc(-c2cn3cc(C#N)c[n+]3[n-]2)cc1,3.3676,0.6701999999999999,3.4836,0.6873,/scratch/jaggbow/mol_xtb_coordinates/chromo0680/geom.xtbopt.xyz,/scratch/jaggbow/mol_xtb_coordinates/chromo0680/mmff.xyz,/scratch/jaggbow/mol_xtb_coordinates/chromo0680/basic.xyz,0,,,,,,
1838,chromo3078,CN(C)c1ccc(C#Cc2ccc3c(N(C)C)cc(-c4ccccc4)cc3c2)cc1,3.3365,1.0753,3.6454,0.7551999999999999,/scratch/jaggbow/mol_xtb_coordinates/chromo3078/geom.xtbopt.xyz,/scratch/jaggbow/mol_xtb_coordinates/chromo3078/mmff.xyz,/scratch/jaggbow/mol_xtb_coordinates/chromo3078/basic.xyz,1,,,,,,
1839,chromo2167,O=P(c1ccccc1)(c1ccccc1)n1c2ccccc2c2cc(-n3c4ccccc4c4ccccc43)ccc21,3.5882,0.4348000000000001,3.7359,0.4878,/scratch/jaggbow/mol_xtb_coordinates/chromo2167/geom.xtbopt.xyz,/scratch/jaggbow/mol_xtb_coordinates/chromo2167/mmff.xyz,/scratch/jaggbow/mol_xtb_coordinates/chromo2167/basic.xyz,1,,,,,,
1840,chromo1219,O=c1c2cc(Cl)ccc2nc2n1[B-](F)(F)[n+]1ccccc1-2,3.0123,0.7611000000000003,3.7105,0.7080000000000002,/scratch/jaggbow/mol_xtb_coordinates/chromo1219/geom.xtbopt.xyz,/scratch/jaggbow/mol_xtb_coordinates/chromo1219/mmff.xyz,/scratch/jaggbow/mol_xtb_coordinates/chromo1219/basic.xyz,0,,,,,,
1841,chromo5414,O=c1c2ccccc2n(-c2ccc(-c3ccc(-n4c5ccccc5c5ccccc54)cc3)cc2)c2ccccc12,3.524,0.7303000000000002,3.544,0.8747000000000003,/scratch/jaggbow/mol_xtb_coordinates/chromo5414/geom.xtbopt.xyz,/scratch/jaggbow/mol_xtb_coordinates/chromo5414/mmff.xyz,/scratch/jaggbow/mol_xtb_coordinates/chromo5414/basic.xyz,0,,,,,,
1842,chromo4513,N#CC(=Cc1cn(-c2ccccc2)nc1-c1ccccc1)c1nc2ccccc2s1,3.1521,1.1128999999999998,3.395,0.8492999999999999,/scratch/jaggbow/mol_xtb_coordinates/chromo4513/geom.xtbopt.xyz,/scratch/jaggbow/mol_xtb_coordinates/chromo4513/mmff.xyz,/scratch/jaggbow/mol_xtb_coordinates/chromo4513/basic.xyz,1,,,,,,
1843,chromo5555,Cc1cc(C)c(C2=[N+]3C(=Cc4c(C)cc(C)n4[B-]3(F)F)c3ccccc32)[nH]1,2.4083,1.2387,2.5866,1.2553,/scratch/jaggbow/mol_xtb_coordinates/chromo5555/geom.xtbopt.xyz,/scratch/jaggbow/mol_xtb_coordinates/chromo5555/mmff.xyz,/scratch/jaggbow/mol_xtb_coordinates/chromo5555/basic.xyz,0,,,,,,
1844,chromo4167,O=C1c2ccccc2-c2ccc(N3CCOCC3)c3cccc1c23,2.8956,0.9786,2.8239,0.6717,/scratch/jaggbow/mol_xtb_coordinates/chromo4167/geom.xtbopt.xyz,/scratch/jaggbow/mol_xtb_coordinates/chromo4167/mmff.xyz,/scratch/jaggbow/mol_xtb_coordinates/chromo4167/basic.xyz,0,,,,,,
1845,chromo3021,Cc1nc2cc(C=Cc3ccc(N(C)C)cc3)ccc2nc1-c1ccccc1,2.8129,0.859,3.3355,0.8445,/scratch/jaggbow/mol_xtb_coordinates/chromo3021/geom.xtbopt.xyz,/scratch/jaggbow/mol_xtb_coordinates/chromo3021/mmff.xyz,/scratch/jaggbow/mol_xtb_coordinates/chromo3021/basic.xyz,0,,,,,,
1846,chromo5454,Fc1ccc(C2=C(c3ccc(F)cc3)c3cccc4c3c(cc3nc5ccccc5nc34)O2)cc1,2.6298,0.734,2.8864,0.6718999999999999,/scratch/jaggbow/mol_xtb_coordinates/chromo5454/geom.xtbopt.xyz,/scratch/jaggbow/mol_xtb_coordinates/chromo5454/mmff.xyz,/scratch/jaggbow/mol_xtb_coordinates/chromo5454/basic.xyz,0,,,,,,
1847,chromo4892,CC1=CC(C)=[N+]2C1=C(c1ccc(-c3ccc(OS(=O)(=O)c4ccc([N+](=O)[O-])cc4[N+](=O)[O-])cc3)s1)c1c(C)cc(C)n1[B-]2(F)F,1.5949,0.1914,2.8801,1.4356000000000002,/scratch/jaggbow/mol_xtb_coordinates/chromo4892/geom.xtbopt.xyz,/scratch/jaggbow/mol_xtb_coordinates/chromo4892/mmff.xyz,/scratch/jaggbow/mol_xtb_coordinates/chromo4892/basic.xyz,1,,,,,,
1848,chromo4937,Cc1cc(C)c(B(c2c(C)cc(C)cc2C)c2c(C)cc(-n3c4ccccc4c4cc(N(c5ccccc5)c5ccccc5)ccc43)cc2C)c(C)c1,2.5351,0.068,3.4675,0.4331999999999998,/scratch/jaggbow/mol_xtb_coordinates/chromo4937/geom.xtbopt.xyz,/scratch/jaggbow/mol_xtb_coordinates/chromo4937/mmff.xyz,/scratch/jaggbow/mol_xtb_coordinates/chromo4937/basic.xyz,1,,,,,,
1849,chromo5557,Cc1c(C2=[N+]3C(=Cc4c(C)c5ccccc5n4[B-]3(F)F)c3ccccc32)[nH]c2ccccc12,2.1707,1.0707,2.369,0.9442000000000002,/scratch/jaggbow/mol_xtb_coordinates/chromo5557/geom.xtbopt.xyz,/scratch/jaggbow/mol_xtb_coordinates/chromo5557/mmff.xyz,/scratch/jaggbow/mol_xtb_coordinates/chromo5557/basic.xyz,0,,,,,,
1850,chromo6630,CCCCc1cc2c3c(c1)-c1ccccc1B(c1c(C)cc(C)cc1C)N3B(c1c(C)cc(C)cc1C)c1ccccc1-2,3.3734,0.6041000000000003,3.8268,0.3620000000000001,/scratch/jaggbow/mol_xtb_coordinates/chromo6630/geom.xtbopt.xyz,/scratch/jaggbow/mol_xtb_coordinates/chromo6630/mmff.xyz,/scratch/jaggbow/mol_xtb_coordinates/chromo6630/basic.xyz,0,,,,,,
1851,chromo3545,COc1ccc(-c2cnc(C=Cc3ccc(C#N)cc3)o2)cc1OC,2.8187,1.0166000000000002,3.3547,0.9583999999999996,/scratch/jaggbow/mol_xtb_coordinates/chromo3545/geom.xtbopt.xyz,/scratch/jaggbow/mol_xtb_coordinates/chromo3545/mmff.xyz,/scratch/jaggbow/mol_xtb_coordinates/chromo3545/basic.xyz,1,,,,,,
1852,chromo4171,CCN1c2ccc(C=NNc3ccccn3)cc2Sc2cc(-c3ccc(OC)cc3)ccc21,3.1937,0.9563,2.9342,0.4628000000000001,/scratch/jaggbow/mol_xtb_coordinates/chromo4171/geom.xtbopt.xyz,/scratch/jaggbow/mol_xtb_coordinates/chromo4171/mmff.xyz,/scratch/jaggbow/mol_xtb_coordinates/chromo4171/basic.xyz,0,,,,,,
1853,chromo4757,CN(C)c1ccc(C=Cc2ccc(-c3cc(-c4ccccn4)nc(-c4ccccn4)c3)cc2)cc1,3.0062,0.9554,3.5769,0.9365,/scratch/jaggbow/mol_xtb_coordinates/chromo4757/geom.xtbopt.xyz,/scratch/jaggbow/mol_xtb_coordinates/chromo4757/mmff.xyz,/scratch/jaggbow/mol_xtb_coordinates/chromo4757/basic.xyz,1,,,,,,
1854,chromo4831,CC1(C)c2ccccc2N(c2ccc(-c3nc(-c4ccccn4)n(-c4ccccc4)n3)cc2)c2ccccc21,3.0855,0.0062999999999999,3.8883,0.5201000000000002,/scratch/jaggbow/mol_xtb_coordinates/chromo4831/geom.xtbopt.xyz,/scratch/jaggbow/mol_xtb_coordinates/chromo4831/mmff.xyz,/scratch/jaggbow/mol_xtb_coordinates/chromo4831/basic.xyz,0,,,,,,
1855,chromo0775,COc1ccc(C=Cc2nc(C=Cc3ccc(N(C)C)cc3)cc(C=Cc3ccc(N(c4ccccc4)c4ccccc4)cc3)n2)cc1,2.8036,0.7334999999999998,3.2658,0.6076999999999999,/scratch/jaggbow/mol_xtb_coordinates/chromo0775/geom.xtbopt.xyz,/scratch/jaggbow/mol_xtb_coordinates/chromo0775/mmff.xyz,/scratch/jaggbow/mol_xtb_coordinates/chromo0775/basic.xyz,1,,,,,,
1856,chromo3282,COC1=[N+]2C(=C(c3ccccc3)c3ccc(OC)n3[B-]2(F)F)C=C1,2.9987,1.492,2.9185,1.6223,/scratch/jaggbow/mol_xtb_coordinates/chromo3282/geom.xtbopt.xyz,/scratch/jaggbow/mol_xtb_coordinates/chromo3282/mmff.xyz,/scratch/jaggbow/mol_xtb_coordinates/chromo3282/basic.xyz,1,,,,,,
1857,chromo4065,COc1cc(OC)cc(-c2nnc(-c3ccc(-c4nnc(-c5cc(OC)cc(OC)c5)o4)cc3)o2)c1,3.4644,0.9848,3.92,0.653,/scratch/jaggbow/mol_xtb_coordinates/chromo4065/geom.xtbopt.xyz,/scratch/jaggbow/mol_xtb_coordinates/chromo4065/mmff.xyz,/scratch/jaggbow/mol_xtb_coordinates/chromo4065/basic.xyz,1,,,,,,
1858,chromo2988,COc1cc(N(c2ccc(C=C(C#N)C#N)c(OC)c2)c2ccc(C=C(C#N)C#N)c(OC)c2)ccc1C=C(C#N)C#N,2.6968,0.7618,3.1384,0.5444999999999998,/scratch/jaggbow/mol_xtb_coordinates/chromo2988/geom.xtbopt.xyz,/scratch/jaggbow/mol_xtb_coordinates/chromo2988/mmff.xyz,/scratch/jaggbow/mol_xtb_coordinates/chromo2988/basic.xyz,1,,,,,,
1859,chromo2227,O=S1c2ccccc2-c2cc(-c3c4ccccc4cc4ccccc34)ccc21,3.1807,1.4143,3.391,1.0798,/scratch/jaggbow/mol_xtb_coordinates/chromo2227/geom.xtbopt.xyz,/scratch/jaggbow/mol_xtb_coordinates/chromo2227/mmff.xyz,/scratch/jaggbow/mol_xtb_coordinates/chromo2227/basic.xyz,0,,,,,,
1860,chromo3542,C(=Cc1cccc2ccccc12)c1ncc(-c2ccccc2)o1,3.1969,1.2538999999999998,3.4533,0.9422,/scratch/jaggbow/mol_xtb_coordinates/chromo3542/geom.xtbopt.xyz,/scratch/jaggbow/mol_xtb_coordinates/chromo3542/mmff.xyz,/scratch/jaggbow/mol_xtb_coordinates/chromo3542/basic.xyz,1,,,,,,
1861,chromo1461,CCCCCCCCOc1ccc2c3cccc4c(OCCCCCCCC)ccc(c5cccc1c52)c43,2.7784,1.246,3.079,1.0260000000000002,/scratch/jaggbow/mol_xtb_coordinates/chromo1461/geom.xtbopt.xyz,/scratch/jaggbow/mol_xtb_coordinates/chromo1461/mmff.xyz,/scratch/jaggbow/mol_xtb_coordinates/chromo1461/basic.xyz,0,,,,,,
1862,chromo0279,COc1c2ccccc2c(OC)c2c1c1cc(C)ccc1n2C,3.2192,1.0154999999999998,3.1954,0.6921999999999997,/scratch/jaggbow/mol_xtb_coordinates/chromo0279/geom.xtbopt.xyz,/scratch/jaggbow/mol_xtb_coordinates/chromo0279/mmff.xyz,/scratch/jaggbow/mol_xtb_coordinates/chromo0279/basic.xyz,0,,,,,,
1863,chromo4215,F[B-]1(F)n2c(c3cccc4cccc2c43)=Nc2ccc3ccccc3[n+]21,2.7485,0.9276,2.6619,0.6821000000000002,/scratch/jaggbow/mol_xtb_coordinates/chromo4215/geom.xtbopt.xyz,/scratch/jaggbow/mol_xtb_coordinates/chromo4215/mmff.xyz,/scratch/jaggbow/mol_xtb_coordinates/chromo4215/basic.xyz,0,,,,,,
1864,chromo3658,O=CC1=Cc2c(-c3ccccc3)oc(-c3ccccc3)c2C=C(C=O)C1,3.2172,1.0095,3.3056,0.6983999999999999,/scratch/jaggbow/mol_xtb_coordinates/chromo3658/geom.xtbopt.xyz,/scratch/jaggbow/mol_xtb_coordinates/chromo3658/mmff.xyz,/scratch/jaggbow/mol_xtb_coordinates/chromo3658/basic.xyz,0,,,,,,
1865,chromo0267,CCCCn1c(-c2ccc(-c3nnc(-c4ccccc4)o3)cc2)nc(-c2ccccc2)c1-c1ccccc1,3.2012,0.6577999999999999,3.9925,0.5574000000000003,/scratch/jaggbow/mol_xtb_coordinates/chromo0267/geom.xtbopt.xyz,/scratch/jaggbow/mol_xtb_coordinates/chromo0267/mmff.xyz,/scratch/jaggbow/mol_xtb_coordinates/chromo0267/basic.xyz,0,,,,,,
1866,chromo3026,CCCCN(CCCC)c1ccc(C=Cc2ccc3nc(C=Cc4ccc(N(C)C)cc4)c(-c4ccccc4)nc3c2)cc1,2.486,0.8007000000000002,3.0706,0.6760000000000002,/scratch/jaggbow/mol_xtb_coordinates/chromo3026/geom.xtbopt.xyz,/scratch/jaggbow/mol_xtb_coordinates/chromo3026/mmff.xyz,/scratch/jaggbow/mol_xtb_coordinates/chromo3026/basic.xyz,0,,,,,,
1867,chromo4763,CCCCCCOc1cc(N(CC)CC)ccc1C=C(C#N)c1ccc(C=CC(=C(C#N)C#N)c2ccc(N(c3ccccc3)c3ccccc3)cc2)s1,2.0946,0.8312999999999997,2.6197,0.7662,/scratch/jaggbow/mol_xtb_coordinates/chromo4763/geom.xtbopt.xyz,/scratch/jaggbow/mol_xtb_coordinates/chromo4763/mmff.xyz,/scratch/jaggbow/mol_xtb_coordinates/chromo4763/basic.xyz,1,,,,,,
1868,chromo5652,CCN(CC)c1ccc2c(c1)oc(=O)c1c(C)nc3c(c(-c4ccccc4)nn3C)c12,3.3504,0.875,3.4652,0.7086999999999999,/scratch/jaggbow/mol_xtb_coordinates/chromo5652/geom.xtbopt.xyz,/scratch/jaggbow/mol_xtb_coordinates/chromo5652/mmff.xyz,/scratch/jaggbow/mol_xtb_coordinates/chromo5652/basic.xyz,0,,,,,,
1869,chromo1153,F[B-]1(F)n2c(nc3c4ccccc4c4ccccc4c32)-c2ccc3ccccc3[n+]21,2.3627,0.6061999999999999,2.9663,0.6698999999999997,/scratch/jaggbow/mol_xtb_coordinates/chromo1153/geom.xtbopt.xyz,/scratch/jaggbow/mol_xtb_coordinates/chromo1153/mmff.xyz,/scratch/jaggbow/mol_xtb_coordinates/chromo1153/basic.xyz,0,,,,,,
1870,chromo1041,CCC1=C(C)C2=C(C=Cc3ccc([N+](=O)[O-])cc3)c3c(C)c(CC)c(C=Cc4ccc(OC)cc4)n3[B-](F)(F)[N+]2=C1C=Cc1ccc(OC)cc1,1.6002,0.7469000000000001,2.4905,1.0962999999999998,/scratch/jaggbow/mol_xtb_coordinates/chromo1041/geom.xtbopt.xyz,/scratch/jaggbow/mol_xtb_coordinates/chromo1041/mmff.xyz,/scratch/jaggbow/mol_xtb_coordinates/chromo1041/basic.xyz,1,,,,,,
1871,chromo2301,CCB1c2ccccc2Nc2ccccc21,3.6027,0.7860999999999998,3.5343,0.7614999999999998,/scratch/jaggbow/mol_xtb_coordinates/chromo2301/geom.xtbopt.xyz,/scratch/jaggbow/mol_xtb_coordinates/chromo2301/mmff.xyz,/scratch/jaggbow/mol_xtb_coordinates/chromo2301/basic.xyz,0,,,,,,
1872,chromo3289,N#CSC1=CC2=C(c3ccccc3)c3cc(SC#N)c(N4CCOCC4)n3[B-](F)(F)[N+]2=C1N1CCOCC1,2.4199,1.1438,2.3543,1.4154999999999998,/scratch/jaggbow/mol_xtb_coordinates/chromo3289/geom.xtbopt.xyz,/scratch/jaggbow/mol_xtb_coordinates/chromo3289/mmff.xyz,/scratch/jaggbow/mol_xtb_coordinates/chromo3289/basic.xyz,1,,,,,,
1873,chromo4919,CC1(C)c2ccccc2N(c2ccc3c(ccc4nc5ccc6cc(N7c8ccccc8C(C)(C)c8ccccc87)ccc6c5nc43)c2)c2ccccc21,2.2207,0.0036999999999998,3.3276,0.2991999999999999,/scratch/jaggbow/mol_xtb_coordinates/chromo4919/geom.xtbopt.xyz,/scratch/jaggbow/mol_xtb_coordinates/chromo4919/mmff.xyz,/scratch/jaggbow/mol_xtb_coordinates/chromo4919/basic.xyz,0,,,,,,
1874,chromo2544,COc1cc(C2=CC3=C(c4c(C)cc(C)cc4C)c4cc(-c5cc(OC)c(OC)c(OC)c5)c(-c5cc(OC)c(OC)c(OC)c5)n4[B-](F)(F)[N+]3=C2c2cc(OC)c(OC)c(OC)c2)cc(OC)c1OC,2.1058,0.8190999999999999,2.4333,0.958,/scratch/jaggbow/mol_xtb_coordinates/chromo2544/geom.xtbopt.xyz,/scratch/jaggbow/mol_xtb_coordinates/chromo2544/mmff.xyz,/scratch/jaggbow/mol_xtb_coordinates/chromo2544/basic.xyz,1,,,,,,
1875,chromo2838,Brc1ccc(C=Cc2ccncn2)cc1,3.7254,1.4289999999999998,4.1161,1.0425000000000004,/scratch/jaggbow/mol_xtb_coordinates/chromo2838/geom.xtbopt.xyz,/scratch/jaggbow/mol_xtb_coordinates/chromo2838/mmff.xyz,/scratch/jaggbow/mol_xtb_coordinates/chromo2838/basic.xyz,1,,,,,,
1876,chromo5105,CC1(C)c2ccccc2N(c2ccc(-c3cc(-c4ccccc4)nc(-c4ccccc4)n3)cc2)c2ccccc21,2.7163,0.0078,3.6909,0.3067999999999999,/scratch/jaggbow/mol_xtb_coordinates/chromo5105/geom.xtbopt.xyz,/scratch/jaggbow/mol_xtb_coordinates/chromo5105/mmff.xyz,/scratch/jaggbow/mol_xtb_coordinates/chromo5105/basic.xyz,0,,,,,,
1877,chromo3383,O=C1c2cccc3c(-n4c5ccccc5c5ccccc54)ccc(c23)C(=O)N1c1ccccc1,2.5372,0.3527999999999998,2.9498,0.4782000000000002,/scratch/jaggbow/mol_xtb_coordinates/chromo3383/geom.xtbopt.xyz,/scratch/jaggbow/mol_xtb_coordinates/chromo3383/mmff.xyz,/scratch/jaggbow/mol_xtb_coordinates/chromo3383/basic.xyz,0,,,,,,
1878,chromo3869,Brc1ccc(N(c2ccc(C=Cc3ccncn3)cc2)c2ccc(C=Cc3ccncn3)cc2)cc1,2.7687,0.7479,3.1911,0.5733999999999999,/scratch/jaggbow/mol_xtb_coordinates/chromo3869/geom.xtbopt.xyz,/scratch/jaggbow/mol_xtb_coordinates/chromo3869/mmff.xyz,/scratch/jaggbow/mol_xtb_coordinates/chromo3869/basic.xyz,1,,,,,,
1879,chromo0494,Cn1c(=O)c(N=Nc2cc(S(=O)(=O)O)ccc2C(=O)O)c(O)c2ccccc21,2.4153,0.5995999999999997,1.4986,0.0165999999999999,/scratch/jaggbow/mol_xtb_coordinates/chromo0494/geom.xtbopt.xyz,/scratch/jaggbow/mol_xtb_coordinates/chromo0494/mmff.xyz,/scratch/jaggbow/mol_xtb_coordinates/chromo0494/basic.xyz,0,,,,,,
1880,chromo0874,COc1ccccc1-c1c(-c2ccccc2O)nc(-c2ccc(C(F)(F)F)cc2)n1-c1ccc(C)cc1,3.7905,0.8172000000000001,3.8331,0.5777999999999999,/scratch/jaggbow/mol_xtb_coordinates/chromo0874/geom.xtbopt.xyz,/scratch/jaggbow/mol_xtb_coordinates/chromo0874/mmff.xyz,/scratch/jaggbow/mol_xtb_coordinates/chromo0874/basic.xyz,1,,,,,,
1881,chromo2606,CC(C)(C)c1ccc2c(c1)c1cc(C(C)(C)C)ccc1n2-c1ccc(C#Cc2ccccc2)cc1,3.3052,0.7604000000000002,3.8134,0.4288000000000003,/scratch/jaggbow/mol_xtb_coordinates/chromo2606/geom.xtbopt.xyz,/scratch/jaggbow/mol_xtb_coordinates/chromo2606/mmff.xyz,/scratch/jaggbow/mol_xtb_coordinates/chromo2606/basic.xyz,1,,,,,,
1882,chromo2752,COc1ccc(C=CC2=[O+][B-](F)(F)OC(C=Cc3ccc(OC)cc3)=C2c2ccc(OC)cc2)cc1,2.8289,0.9382,2.9157,0.8770000000000002,/scratch/jaggbow/mol_xtb_coordinates/chromo2752/geom.xtbopt.xyz,/scratch/jaggbow/mol_xtb_coordinates/chromo2752/mmff.xyz,/scratch/jaggbow/mol_xtb_coordinates/chromo2752/basic.xyz,1,,,,,,
1883,chromo3102,Cc1cc2ccccc2c2c1c1ccccc1n2C(=O)OC(C)(C)C,3.8573,1.2553999999999998,3.7753,0.5942000000000003,/scratch/jaggbow/mol_xtb_coordinates/chromo3102/geom.xtbopt.xyz,/scratch/jaggbow/mol_xtb_coordinates/chromo3102/mmff.xyz,/scratch/jaggbow/mol_xtb_coordinates/chromo3102/basic.xyz,0,,,,,,
1884,chromo5344,CC(C)(C)NC(=O)c1ccc2ccc3cccc4c3c2c1c1c2ccccc2c2ccccc2c41,3.0842,1.2041,3.3267,0.8376000000000001,/scratch/jaggbow/mol_xtb_coordinates/chromo5344/geom.xtbopt.xyz,/scratch/jaggbow/mol_xtb_coordinates/chromo5344/mmff.xyz,/scratch/jaggbow/mol_xtb_coordinates/chromo5344/basic.xyz,0,,,,,,
1885,chromo0428,Cc1cc(O)c(C(=O)C=Cc2ccccc2O)c(=O)o1,3.3696,1.1150000000000002,3.3553,0.5175000000000001,/scratch/jaggbow/mol_xtb_coordinates/chromo0428/geom.xtbopt.xyz,/scratch/jaggbow/mol_xtb_coordinates/chromo0428/mmff.xyz,/scratch/jaggbow/mol_xtb_coordinates/chromo0428/basic.xyz,0,,,,,,
1886,chromo2268,Cc1cccc2[n+]1[B-](c1ccccc1)(c1ccccc1)c1cccc3c4c5c(cccc5c-2c13)[B-](c1ccccc1)(c1ccccc1)[n+]1c(C)cccc1-4,2.0696,0.8947999999999998,2.3446,0.7860999999999998,/scratch/jaggbow/mol_xtb_coordinates/chromo2268/geom.xtbopt.xyz,/scratch/jaggbow/mol_xtb_coordinates/chromo2268/mmff.xyz,/scratch/jaggbow/mol_xtb_coordinates/chromo2268/basic.xyz,0,,,,,,
1887,chromo3552,COc1ccc(C#Cc2ncc(-c3ccccc3)o2)cc1OC,3.4504,1.186,3.8603,0.9197000000000002,/scratch/jaggbow/mol_xtb_coordinates/chromo3552/geom.xtbopt.xyz,/scratch/jaggbow/mol_xtb_coordinates/chromo3552/mmff.xyz,/scratch/jaggbow/mol_xtb_coordinates/chromo3552/basic.xyz,1,,,,,,
1888,chromo5646,CCN(CC)c1ccc2c(c1)oc(=O)c1cc3c(-c4ccccc4)nn(C)c3nc12,3.1486,0.7103999999999999,3.748,0.7609000000000004,/scratch/jaggbow/mol_xtb_coordinates/chromo5646/geom.xtbopt.xyz,/scratch/jaggbow/mol_xtb_coordinates/chromo5646/mmff.xyz,/scratch/jaggbow/mol_xtb_coordinates/chromo5646/basic.xyz,0,,,,,,
1889,chromo3870,C(=Cc1cnccn1)c1ccc(N(c2ccccc2)c2ccc(C=Cc3cnccn3)cc2)cc1,2.7209,0.7605999999999999,3.1667,0.5872999999999999,/scratch/jaggbow/mol_xtb_coordinates/chromo3870/geom.xtbopt.xyz,/scratch/jaggbow/mol_xtb_coordinates/chromo3870/mmff.xyz,/scratch/jaggbow/mol_xtb_coordinates/chromo3870/basic.xyz,0,,,,,,
1890,chromo4454,CC(C)(C)c1ccc2c3ccccc3c3cncnc3c2c1,3.8968,0.9865999999999996,3.9635,0.1622999999999996,/scratch/jaggbow/mol_xtb_coordinates/chromo4454/geom.xtbopt.xyz,/scratch/jaggbow/mol_xtb_coordinates/chromo4454/mmff.xyz,/scratch/jaggbow/mol_xtb_coordinates/chromo4454/basic.xyz,0,,,,,,
1891,chromo0782,FC(F)(F)c1ccc(C2=Cc3ccccc3[Si]2(c2ccccc2)c2ccccc2)cc1,3.651,1.3636,4.0073,1.0257999999999998,/scratch/jaggbow/mol_xtb_coordinates/chromo0782/geom.xtbopt.xyz,/scratch/jaggbow/mol_xtb_coordinates/chromo0782/mmff.xyz,/scratch/jaggbow/mol_xtb_coordinates/chromo0782/basic.xyz,0,,,,,,
1892,chromo2790,COc1cc(-c2nc3c4cccnc4c4ncccc4c3[nH]2)c(OC)cc1C=Cc1nc2ccccc2[nH]1,2.8845,1.0076,3.2874,0.6991999999999998,/scratch/jaggbow/mol_xtb_coordinates/chromo2790/geom.xtbopt.xyz,/scratch/jaggbow/mol_xtb_coordinates/chromo2790/mmff.xyz,/scratch/jaggbow/mol_xtb_coordinates/chromo2790/basic.xyz,0,,,,,,
1893,chromo2023,Cc1cc(C)c(B(c2ccc(-n3c4ccccc4c4ccccc43)cc2)c2c(C)cc(C)cc2C)c(C)c1,3.1188,0.3362999999999996,3.695,0.3758999999999997,/scratch/jaggbow/mol_xtb_coordinates/chromo2023/geom.xtbopt.xyz,/scratch/jaggbow/mol_xtb_coordinates/chromo2023/mmff.xyz,/scratch/jaggbow/mol_xtb_coordinates/chromo2023/basic.xyz,1,,,,,,
1894,chromo1222,F[B-]1(F)n2cccc2C=C2C=CC=[N+]21,3.1691,1.5835,3.0561,1.5810999999999995,/scratch/jaggbow/mol_xtb_coordinates/chromo1222/geom.xtbopt.xyz,/scratch/jaggbow/mol_xtb_coordinates/chromo1222/mmff.xyz,/scratch/jaggbow/mol_xtb_coordinates/chromo1222/basic.xyz,1,,,,,,
1895,chromo2230,O=S1c2ccc(-c3c4ccccc4cc4ccccc34)cc2-c2cc(-c3c4ccccc4cc4ccccc34)ccc21,3.156,1.3902,3.4248,1.1102,/scratch/jaggbow/mol_xtb_coordinates/chromo2230/geom.xtbopt.xyz,/scratch/jaggbow/mol_xtb_coordinates/chromo2230/mmff.xyz,/scratch/jaggbow/mol_xtb_coordinates/chromo2230/basic.xyz,0,,,,,,
1896,chromo6119,Cc1c(C(=O)c2ccc3c4cccc5cccc(c6cccc2c63)c54)c2ccc3cccc4c5cccc6ccc1c(c65)c2c34,2.3812,0.9526,3.0044,0.9626,/scratch/jaggbow/mol_xtb_coordinates/chromo6119/geom.xtbopt.xyz,/scratch/jaggbow/mol_xtb_coordinates/chromo6119/mmff.xyz,/scratch/jaggbow/mol_xtb_coordinates/chromo6119/basic.xyz,0,,,,,,
1897,chromo0269,CCCCn1c(-c2ccc(-c3nnc(-c4cccs4)o3)cc2)nc(-c2ccccc2)c1-c1ccccc1,3.1319,0.6875999999999998,3.766,0.7199,/scratch/jaggbow/mol_xtb_coordinates/chromo0269/geom.xtbopt.xyz,/scratch/jaggbow/mol_xtb_coordinates/chromo0269/mmff.xyz,/scratch/jaggbow/mol_xtb_coordinates/chromo0269/basic.xyz,0,,,,,,
1898,chromo3409,Cc1ccc(C(=O)C=C2C(=O)Nc3ccccc32)cc1C,3.3283,1.0633,2.631,0.4405999999999999,/scratch/jaggbow/mol_xtb_coordinates/chromo3409/geom.xtbopt.xyz,/scratch/jaggbow/mol_xtb_coordinates/chromo3409/mmff.xyz,/scratch/jaggbow/mol_xtb_coordinates/chromo3409/basic.xyz,0,,,,,,
1899,chromo2542,Cc1cc(C)c(C2=C3C=C(c4ccc(C(C)(C)C)cc4)C(c4ccc(C(C)(C)C)cc4)=[N+]3[B-](F)(F)n3c2cc(-c2ccc(C(C)(C)C)cc2)c3-c2ccc(C(C)(C)C)cc2)c(C)c1,2.3451,0.9881,2.5492,1.0326,/scratch/jaggbow/mol_xtb_coordinates/chromo2542/geom.xtbopt.xyz,/scratch/jaggbow/mol_xtb_coordinates/chromo2542/mmff.xyz,/scratch/jaggbow/mol_xtb_coordinates/chromo2542/basic.xyz,1,,,,,,
1900,chromo0495,Cn1c(=O)c(N=Nc2ccc(S(=O)(=O)O)c3ccccc23)c(O)c2ccccc21,2.5914,0.9191000000000004,1.9858,0.2558,/scratch/jaggbow/mol_xtb_coordinates/chromo0495/geom.xtbopt.xyz,/scratch/jaggbow/mol_xtb_coordinates/chromo0495/mmff.xyz,/scratch/jaggbow/mol_xtb_coordinates/chromo0495/basic.xyz,0,,,,,,
1901,chromo4205,F[B-]1(F)OC(c2ccccc2)=Cc2cccc[n+]21,3.5309,1.1243,3.5095,1.0023,/scratch/jaggbow/mol_xtb_coordinates/chromo4205/geom.xtbopt.xyz,/scratch/jaggbow/mol_xtb_coordinates/chromo4205/mmff.xyz,/scratch/jaggbow/mol_xtb_coordinates/chromo4205/basic.xyz,0,,,,,,
1902,chromo5261,F[B-]1(F)n2cccc2C(c2ccc(-c3c4ccccc4c(-c4ccccc4)c4ccccc34)cc2)=C2C=CC=[N+]21,2.1656,0.5454999999999999,2.9783,1.4469,/scratch/jaggbow/mol_xtb_coordinates/chromo5261/geom.xtbopt.xyz,/scratch/jaggbow/mol_xtb_coordinates/chromo5261/mmff.xyz,/scratch/jaggbow/mol_xtb_coordinates/chromo5261/basic.xyz,1,,,,,,
1903,chromo0195,CN(C)c1ccc(-c2c(C=C3C=Cc4ccccc4N3C)c(=O)c2=O)cc1,2.4637,0.9261999999999996,2.7494,1.0984,/scratch/jaggbow/mol_xtb_coordinates/chromo0195/geom.xtbopt.xyz,/scratch/jaggbow/mol_xtb_coordinates/chromo0195/mmff.xyz,/scratch/jaggbow/mol_xtb_coordinates/chromo0195/basic.xyz,0,,,,,,
1904,chromo0283,COc1c2ccccc2c(OC)c2c1c1c(C)ccc(OC)c1n2C,3.1193,0.9630999999999998,3.0078,0.6698,/scratch/jaggbow/mol_xtb_coordinates/chromo0283/geom.xtbopt.xyz,/scratch/jaggbow/mol_xtb_coordinates/chromo0283/mmff.xyz,/scratch/jaggbow/mol_xtb_coordinates/chromo0283/basic.xyz,0,,,,,,
1905,chromo0314,[O-][n+]1c(-c2ccccc2)cc(N2CCOCC2)nc1C=Cc1ccccc1,2.627,0.9129999999999998,2.5122,0.7433000000000001,/scratch/jaggbow/mol_xtb_coordinates/chromo0314/geom.xtbopt.xyz,/scratch/jaggbow/mol_xtb_coordinates/chromo0314/mmff.xyz,/scratch/jaggbow/mol_xtb_coordinates/chromo0314/basic.xyz,0,,,,,,
1906,chromo2474,N#Cc1nc2c(OCc3ccccc3)nc(N)nc2n1Cc1ccccc1,4.1978,1.3034,4.2899,1.0069000000000004,/scratch/jaggbow/mol_xtb_coordinates/chromo2474/geom.xtbopt.xyz,/scratch/jaggbow/mol_xtb_coordinates/chromo2474/mmff.xyz,/scratch/jaggbow/mol_xtb_coordinates/chromo2474/basic.xyz,0,,,,,,
1907,chromo2596,CC(C)(C)c1cc(-c2ccc(-c3cccs3)s2)c2c(c1)c1cc(C(C)(C)C)cc(-c3ccc(-c4cccs4)s3)c1n2-c1ccc(-c2cccs2)s1,3.3325,1.0629,3.6501,0.9162,/scratch/jaggbow/mol_xtb_coordinates/chromo2596/geom.xtbopt.xyz,/scratch/jaggbow/mol_xtb_coordinates/chromo2596/mmff.xyz,/scratch/jaggbow/mol_xtb_coordinates/chromo2596/basic.xyz,1,,,,,,
1908,chromo2971,CCOC(=O)C(C#N)=Cc1cc2c3ccccc3n(C)c2cc1OC,3.2394,0.9771999999999998,3.4137,0.7256999999999998,/scratch/jaggbow/mol_xtb_coordinates/chromo2971/geom.xtbopt.xyz,/scratch/jaggbow/mol_xtb_coordinates/chromo2971/mmff.xyz,/scratch/jaggbow/mol_xtb_coordinates/chromo2971/basic.xyz,1,,,,,,
1909,chromo2450,Cn1c(=O)cc(C(=O)c2ccccc2)c2sc(-c3ccc(C(F)(F)F)cc3)cc21,2.8639,0.9775,2.9474,0.7568999999999999,/scratch/jaggbow/mol_xtb_coordinates/chromo2450/geom.xtbopt.xyz,/scratch/jaggbow/mol_xtb_coordinates/chromo2450/mmff.xyz,/scratch/jaggbow/mol_xtb_coordinates/chromo2450/basic.xyz,1,,,,,,
1910,chromo6080,CCCCCCCCCCCCN(CCCCCCCCCCCC)c1ccc2c(c1)oc(=O)c1c(=O)oc3ccccc3c12,3.0295,0.8456000000000001,3.2185,0.8332000000000002,/scratch/jaggbow/mol_xtb_coordinates/chromo6080/geom.xtbopt.xyz,/scratch/jaggbow/mol_xtb_coordinates/chromo6080/mmff.xyz,/scratch/jaggbow/mol_xtb_coordinates/chromo6080/basic.xyz,0,,,,,,
1911,chromo0192,CCCCCCCCn1nnc(-c2ccc(C#Cc3ccc(C#Cc4ccc(-c5nnn(CCCCCCCC)n5)cc4)c4nc5c6ccccc6c6ccccc6c5nc34)cc2)n1,2.4371,0.8472,3.1664,0.6442999999999999,/scratch/jaggbow/mol_xtb_coordinates/chromo0192/geom.xtbopt.xyz,/scratch/jaggbow/mol_xtb_coordinates/chromo0192/mmff.xyz,/scratch/jaggbow/mol_xtb_coordinates/chromo0192/basic.xyz,0,,,,,,
1912,chromo4376,CCCCCc1ccc(C#Cc2cc(C#Cc3ccc(CCCCC)cc3)c3ccc4c(C(=O)c5ccccc5)cc(C#Cc5ccc(CCCCC)cc5)c5ccc2c3c54)cc1,2.3774,0.9472000000000004,3.073,0.7681999999999998,/scratch/jaggbow/mol_xtb_coordinates/chromo4376/geom.xtbopt.xyz,/scratch/jaggbow/mol_xtb_coordinates/chromo4376/mmff.xyz,/scratch/jaggbow/mol_xtb_coordinates/chromo4376/basic.xyz,1,,,,,,
1913,chromo2959,CN(CCO)c1ccc(C=CC2=CC(=C(C#N)C#N)CC(C)(C)C2)cc1,2.7205,1.2715999999999998,3.0828,1.1728000000000005,/scratch/jaggbow/mol_xtb_coordinates/chromo2959/geom.xtbopt.xyz,/scratch/jaggbow/mol_xtb_coordinates/chromo2959/mmff.xyz,/scratch/jaggbow/mol_xtb_coordinates/chromo2959/basic.xyz,1,,,,,,
1914,chromo0909,C[Si]1(C)c2cc(-c3ccccc3)ccc2C=Cc2ccc(-c3ccccc3)cc21,3.5528,1.1345999999999998,4.1277,0.6926999999999999,/scratch/jaggbow/mol_xtb_coordinates/chromo0909/geom.xtbopt.xyz,/scratch/jaggbow/mol_xtb_coordinates/chromo0909/mmff.xyz,/scratch/jaggbow/mol_xtb_coordinates/chromo0909/basic.xyz,0,,,,,,
1915,chromo2210,c1ccc(-n2c(-c3cccc4ccccc34)nc3c4cccc5ccc6cccc(c6c54)c32)cc1,3.3233,1.1104000000000005,3.646,0.8024999999999998,/scratch/jaggbow/mol_xtb_coordinates/chromo2210/geom.xtbopt.xyz,/scratch/jaggbow/mol_xtb_coordinates/chromo2210/mmff.xyz,/scratch/jaggbow/mol_xtb_coordinates/chromo2210/basic.xyz,0,,,,,,
1916,chromo4669,CCOC(=O)C(C#N)=C(C=Cc1ccc(N(c2ccccc2)c2ccccc2)cc1)c1ccccc1,2.6066,0.9488,3.0421,0.8565999999999998,/scratch/jaggbow/mol_xtb_coordinates/chromo4669/geom.xtbopt.xyz,/scratch/jaggbow/mol_xtb_coordinates/chromo4669/mmff.xyz,/scratch/jaggbow/mol_xtb_coordinates/chromo4669/basic.xyz,1,,,,,,
1917,chromo5368,c1ccc(-c2cc(-c3ccc(-c4nc(-c5ccccn5)c(-c5ccccn5)[nH]4)cc3)cc(-c3ccccn3)n2)nc1,3.3942,0.9324,3.8957,0.8219000000000003,/scratch/jaggbow/mol_xtb_coordinates/chromo5368/geom.xtbopt.xyz,/scratch/jaggbow/mol_xtb_coordinates/chromo5368/mmff.xyz,/scratch/jaggbow/mol_xtb_coordinates/chromo5368/basic.xyz,0,,,,,,
1918,chromo2870,CCN(CC)c1ccc2cc(C=CC(O)=CC(C)=O)c(=O)oc2c1,3.0367,1.2231,3.2322,1.024,/scratch/jaggbow/mol_xtb_coordinates/chromo2870/geom.xtbopt.xyz,/scratch/jaggbow/mol_xtb_coordinates/chromo2870/mmff.xyz,/scratch/jaggbow/mol_xtb_coordinates/chromo2870/basic.xyz,1,,,,,,
1919,chromo0060,O=C1c2cccc3cc4ccccc4c(c23)C(=O)N1Cc1ccccn1,2.824,1.2427,3.0014,1.0033999999999998,/scratch/jaggbow/mol_xtb_coordinates/chromo0060/geom.xtbopt.xyz,/scratch/jaggbow/mol_xtb_coordinates/chromo0060/mmff.xyz,/scratch/jaggbow/mol_xtb_coordinates/chromo0060/basic.xyz,0,,,,,,
1920,chromo1058,Cc1ccc(C2=C3C=c4c(oc5ccccc45)=[N+]3[B-](F)(F)n3c2cc2c4ccccc4oc23)cc1,2.5905,1.1038,2.7683,1.2983,/scratch/jaggbow/mol_xtb_coordinates/chromo1058/geom.xtbopt.xyz,/scratch/jaggbow/mol_xtb_coordinates/chromo1058/mmff.xyz,/scratch/jaggbow/mol_xtb_coordinates/chromo1058/basic.xyz,0,,,,,,
1921,chromo2609,CC(C)(C)c1ccc2c(c1)c1cc(C(C)(C)C)ccc1n2-c1ccc(C#Cc2ccc(C#Cc3ccc(-n4c5ccc(C(C)(C)C)cc5c5cc(C(C)(C)C)ccc54)cc3)cc2)cc1,2.8531,0.6966000000000001,3.8172,0.3904000000000001,/scratch/jaggbow/mol_xtb_coordinates/chromo2609/geom.xtbopt.xyz,/scratch/jaggbow/mol_xtb_coordinates/chromo2609/mmff.xyz,/scratch/jaggbow/mol_xtb_coordinates/chromo2609/basic.xyz,1,,,,,,
1922,chromo2849,C(=Cc1cnc2ccccc2n1)c1ccc(N(c2ccccc2)c2ccccc2)cc1,2.6592,0.7966999999999997,3.1745,0.6701999999999999,/scratch/jaggbow/mol_xtb_coordinates/chromo2849/geom.xtbopt.xyz,/scratch/jaggbow/mol_xtb_coordinates/chromo2849/mmff.xyz,/scratch/jaggbow/mol_xtb_coordinates/chromo2849/basic.xyz,0,,,,,,
1923,chromo4631,COc1ccc(CCNC(=O)c2sc(-c3ccc(-c4cc(-c5ccc(C(C)(C)C)cc5)c(C(=O)NCCc5ccc(OC)c(OC)c5)s4)s3)cc2-c2ccc(C(C)(C)C)cc2)cc1OC,2.9644,1.1368,3.1814,0.9142,/scratch/jaggbow/mol_xtb_coordinates/chromo4631/geom.xtbopt.xyz,/scratch/jaggbow/mol_xtb_coordinates/chromo4631/mmff.xyz,/scratch/jaggbow/mol_xtb_coordinates/chromo4631/basic.xyz,1,,,,,,
1924,chromo3555,FC(F)(F)c1ccc(C#Cc2ncc(-c3ccccc3)o2)cc1,3.4615,1.1991999999999998,3.8999,0.9566000000000004,/scratch/jaggbow/mol_xtb_coordinates/chromo3555/geom.xtbopt.xyz,/scratch/jaggbow/mol_xtb_coordinates/chromo3555/mmff.xyz,/scratch/jaggbow/mol_xtb_coordinates/chromo3555/basic.xyz,1,,,,,,
1925,chromo0696,CC(C)c1ccc2ccc3cccc4ccc1c2c34,3.6311,1.5528,3.7063,0.9622000000000002,/scratch/jaggbow/mol_xtb_coordinates/chromo0696/geom.xtbopt.xyz,/scratch/jaggbow/mol_xtb_coordinates/chromo0696/mmff.xyz,/scratch/jaggbow/mol_xtb_coordinates/chromo0696/basic.xyz,1,,,,,,
1926,chromo1150,O=C1c2ccccc2C2=Nc3ccc4ccccc4[n+]3[B-](F)(F)N12,3.341,0.8570000000000002,3.3612,0.7288000000000001,/scratch/jaggbow/mol_xtb_coordinates/chromo1150/geom.xtbopt.xyz,/scratch/jaggbow/mol_xtb_coordinates/chromo1150/mmff.xyz,/scratch/jaggbow/mol_xtb_coordinates/chromo1150/basic.xyz,0,,,,,,
1927,chromo4387,COc1ccc(-c2cc3ccc4cc(-c5ccc(OC)cc5)cc5ccc(c2)c3c45)cc1,3.3098,1.1948,3.564,0.7621000000000002,/scratch/jaggbow/mol_xtb_coordinates/chromo4387/geom.xtbopt.xyz,/scratch/jaggbow/mol_xtb_coordinates/chromo4387/mmff.xyz,/scratch/jaggbow/mol_xtb_coordinates/chromo4387/basic.xyz,1,,,,,,
1928,chromo5331,C1=Cc2ccc(N(c3ccccc3)c3ccccc3)cc2Cc2cc(N(c3ccccc3)c3ccccc3)ccc21,3.0986,0.7856999999999998,3.347,0.435,/scratch/jaggbow/mol_xtb_coordinates/chromo5331/geom.xtbopt.xyz,/scratch/jaggbow/mol_xtb_coordinates/chromo5331/mmff.xyz,/scratch/jaggbow/mol_xtb_coordinates/chromo5331/basic.xyz,0,,,,,,
1929,chromo1176,Cc1ccc(N2C(c3ccccc3NS(=O)(=O)c3ccc(C)cc3)=NC(c3ccccc3)C2c2ccccc2)cc1,3.9105,0.8514999999999997,3.8131,0.4384000000000001,/scratch/jaggbow/mol_xtb_coordinates/chromo1176/geom.xtbopt.xyz,/scratch/jaggbow/mol_xtb_coordinates/chromo1176/mmff.xyz,/scratch/jaggbow/mol_xtb_coordinates/chromo1176/basic.xyz,1,,,,,,
1930,chromo2787,C(=Cc1ccc(-c2nc3c4cccnc4c4ncccc4c3[nH]2)cc1)c1ccncc1,3.0874,1.0222000000000002,3.628,0.7356000000000003,/scratch/jaggbow/mol_xtb_coordinates/chromo2787/geom.xtbopt.xyz,/scratch/jaggbow/mol_xtb_coordinates/chromo2787/mmff.xyz,/scratch/jaggbow/mol_xtb_coordinates/chromo2787/basic.xyz,0,,,,,,
1931,chromo3159,CCN(CC)c1ccc2c(C#N)c(C=C(C#N)c3nc4ccccc4o3)c(=O)oc2c1,2.5455,0.9747,2.5903,0.7731000000000001,/scratch/jaggbow/mol_xtb_coordinates/chromo3159/geom.xtbopt.xyz,/scratch/jaggbow/mol_xtb_coordinates/chromo3159/mmff.xyz,/scratch/jaggbow/mol_xtb_coordinates/chromo3159/basic.xyz,1,,,,,,
1932,chromo3493,CCN(CC)c1ccc2cc(-c3csc(NC(C)=O)c3C#N)c(=O)oc2c1,3.2973,1.0951999999999995,3.4268,0.8858000000000001,/scratch/jaggbow/mol_xtb_coordinates/chromo3493/geom.xtbopt.xyz,/scratch/jaggbow/mol_xtb_coordinates/chromo3493/mmff.xyz,/scratch/jaggbow/mol_xtb_coordinates/chromo3493/basic.xyz,1,,,,,,
1933,chromo3726,CCn1c2ccccc2c2cc(-c3cc(-c4ccc5c(c4)c4ccccc4n5CC)nc(C#N)n3)ccc21,3.3661,0.6084999999999998,3.9089,0.4668999999999998,/scratch/jaggbow/mol_xtb_coordinates/chromo3726/geom.xtbopt.xyz,/scratch/jaggbow/mol_xtb_coordinates/chromo3726/mmff.xyz,/scratch/jaggbow/mol_xtb_coordinates/chromo3726/basic.xyz,1,,,,,,
1934,chromo3806,Oc1ccc2ccccc2c1-c1nc2c(c3c1-c1ccccc1CC3)-c1ccccc1CC2,3.2043,0.8010999999999999,3.5021,0.6692,/scratch/jaggbow/mol_xtb_coordinates/chromo3806/geom.xtbopt.xyz,/scratch/jaggbow/mol_xtb_coordinates/chromo3806/mmff.xyz,/scratch/jaggbow/mol_xtb_coordinates/chromo3806/basic.xyz,0,,,,,,
1935,chromo4723,O=Cc1ccc(-c2cccc(-c3nc4ccccc4s3)c2O)s1,3.2423,0.9949000000000005,3.4811,0.8573,/scratch/jaggbow/mol_xtb_coordinates/chromo4723/geom.xtbopt.xyz,/scratch/jaggbow/mol_xtb_coordinates/chromo4723/mmff.xyz,/scratch/jaggbow/mol_xtb_coordinates/chromo4723/basic.xyz,1,,,,,,
1936,chromo0204,Cc1nc(-c2cc(C(F)(F)F)ccc2O)n2c1CCCC2,4.1816,1.1524000000000003,4.1284,0.7255000000000003,/scratch/jaggbow/mol_xtb_coordinates/chromo0204/geom.xtbopt.xyz,/scratch/jaggbow/mol_xtb_coordinates/chromo0204/mmff.xyz,/scratch/jaggbow/mol_xtb_coordinates/chromo0204/basic.xyz,0,,,,,,
1937,chromo0781,C1=C(c2ccccc2)[Si](c2ccccc2)(c2ccccc2)c2ccccc21,3.648,1.3516,4.0575,1.0489000000000002,/scratch/jaggbow/mol_xtb_coordinates/chromo0781/geom.xtbopt.xyz,/scratch/jaggbow/mol_xtb_coordinates/chromo0781/mmff.xyz,/scratch/jaggbow/mol_xtb_coordinates/chromo0781/basic.xyz,0,,,,,,
1938,chromo1991,CC(C)(C)c1ccc2c(c1)c1cc(C(C)(C)C)ccc1n2-c1ccc(C#Cc2ccc3c4ccc(C#Cc5ccc(C=O)cc5)cc4n(-c4ccc(C(F)(F)F)cc4)c3c2)cc1,2.6905,0.5457000000000001,3.7494,0.4092000000000002,/scratch/jaggbow/mol_xtb_coordinates/chromo1991/geom.xtbopt.xyz,/scratch/jaggbow/mol_xtb_coordinates/chromo1991/mmff.xyz,/scratch/jaggbow/mol_xtb_coordinates/chromo1991/basic.xyz,1,,,,,,
1939,chromo2300,c1ccc2c(c1)Nc1ccccc1B2c1c2ccccc2cc2ccccc12,2.8107,1.035,3.253,0.9623,/scratch/jaggbow/mol_xtb_coordinates/chromo2300/geom.xtbopt.xyz,/scratch/jaggbow/mol_xtb_coordinates/chromo2300/mmff.xyz,/scratch/jaggbow/mol_xtb_coordinates/chromo2300/basic.xyz,0,,,,,,
1940,chromo2218,CC(C)(C)c1ccc(-n2c(-c3ccc(-c4ccc(-c5c(-c6ccccc6)nc6ccccn56)cc4)cc3)nc3c4ccccc4c4ccccc4c32)cc1,3.2803,0.7115999999999998,3.8355,0.6137000000000001,/scratch/jaggbow/mol_xtb_coordinates/chromo2218/geom.xtbopt.xyz,/scratch/jaggbow/mol_xtb_coordinates/chromo2218/mmff.xyz,/scratch/jaggbow/mol_xtb_coordinates/chromo2218/basic.xyz,1,,,,,,
1941,chromo5400,CC(C)(C)c1ccc(-c2nc3c4ccc(-c5ccc6ccc7cccc8ccc5c6c78)cc4c4cc(-c5ccc6ccc7cccc8ccc5c6c78)ccc4c3n2-c2ccc(C(C)(C)C)cc2)cc1,3.0144,0.9786,3.7125,0.9747,/scratch/jaggbow/mol_xtb_coordinates/chromo5400/geom.xtbopt.xyz,/scratch/jaggbow/mol_xtb_coordinates/chromo5400/mmff.xyz,/scratch/jaggbow/mol_xtb_coordinates/chromo5400/basic.xyz,1,,,,,,
1942,chromo3050,Cc1n[nH]c2c1C(c1ccc([N+](=O)[O-])cc1)C(C#N)=C(N)O2,3.3906,0.5871,4.0694,0.5550999999999999,/scratch/jaggbow/mol_xtb_coordinates/chromo3050/geom.xtbopt.xyz,/scratch/jaggbow/mol_xtb_coordinates/chromo3050/mmff.xyz,/scratch/jaggbow/mol_xtb_coordinates/chromo3050/basic.xyz,0,,,,,,
1943,chromo1798,C=Cc1c(C)c2cc3nc(c4c5[nH]c(cc6nc(cc1[nH]2)C(C)=C6CC)c(C)c5C(=O)C4)C(CCC(=O)OC)C3C,2.144,0.8392000000000002,2.1809,0.3756999999999999,/scratch/jaggbow/mol_xtb_coordinates/chromo1798/geom.xtbopt.xyz,/scratch/jaggbow/mol_xtb_coordinates/chromo1798/mmff.xyz,/scratch/jaggbow/mol_xtb_coordinates/chromo1798/basic.xyz,0,,,,,,
1944,chromo2057,CC(C)c1cc(C(C)C)c(B2c3cc(N4c5ccccc5Oc5ccccc54)ccc3N(c3ccccc3)c3ccc(N4c5ccccc5Oc5ccccc54)cc32)c(C(C)C)c1,2.2862,0.0230000000000001,3.1056,0.4175,/scratch/jaggbow/mol_xtb_coordinates/chromo2057/geom.xtbopt.xyz,/scratch/jaggbow/mol_xtb_coordinates/chromo2057/mmff.xyz,/scratch/jaggbow/mol_xtb_coordinates/chromo2057/basic.xyz,0,,,,,,
1945,chromo0838,O=P1(c2ccccc2)c2ccccc2-c2sc3ccccc3c21,3.5519,1.1629999999999998,3.8989,0.9518,/scratch/jaggbow/mol_xtb_coordinates/chromo0838/geom.xtbopt.xyz,/scratch/jaggbow/mol_xtb_coordinates/chromo0838/mmff.xyz,/scratch/jaggbow/mol_xtb_coordinates/chromo0838/basic.xyz,0,,,,,,
1946,chromo4349,Cc1ccc(N(c2ccc(C)cc2)c2ccc(Oc3nnc(Cl)nn3)cc2)cc1,1.4579,0.1006,1.8946,0.0023999999999999,/scratch/jaggbow/mol_xtb_coordinates/chromo4349/geom.xtbopt.xyz,/scratch/jaggbow/mol_xtb_coordinates/chromo4349/mmff.xyz,/scratch/jaggbow/mol_xtb_coordinates/chromo4349/basic.xyz,1,,,,,,
1947,chromo3211,NCCNc1cccc2c1C(=O)c1ccccc1C2=O,2.5542,0.7473999999999998,2.1613,0.8454000000000002,/scratch/jaggbow/mol_xtb_coordinates/chromo3211/geom.xtbopt.xyz,/scratch/jaggbow/mol_xtb_coordinates/chromo3211/mmff.xyz,/scratch/jaggbow/mol_xtb_coordinates/chromo3211/basic.xyz,0,,,,,,
1948,chromo4066,COc1cc(OC)cc(-c2nnc(-c3cccc(-c4nnc(-c5cc(OC)cc(OC)c5)o4)c3)o2)c1,3.742,1.0371,4.1176,0.6203000000000003,/scratch/jaggbow/mol_xtb_coordinates/chromo4066/geom.xtbopt.xyz,/scratch/jaggbow/mol_xtb_coordinates/chromo4066/mmff.xyz,/scratch/jaggbow/mol_xtb_coordinates/chromo4066/basic.xyz,1,,,,,,
1949,chromo3129,Cc1ccc(-c2c3nc(c(-c4ccco4)c4ccc(s4)c(-c4ccco4)c4nc(c(-c5ccc(C)cc5)c5ccc2s5)C=C4)C=C3)cc1,1.9226,0.7439,2.0124,0.1340999999999998,/scratch/jaggbow/mol_xtb_coordinates/chromo3129/geom.xtbopt.xyz,/scratch/jaggbow/mol_xtb_coordinates/chromo3129/mmff.xyz,/scratch/jaggbow/mol_xtb_coordinates/chromo3129/basic.xyz,0,,,,,,
1950,chromo5447,C(=Cc1ccc(C=Cc2ccc(N(c3ccccc3)c3ccccc3)cc2)cc1)c1ccc(C=Cc2ccc(N(c3ccccc3)c3ccccc3)cc2)cc1,2.4737,0.8348,3.175,0.5315999999999996,/scratch/jaggbow/mol_xtb_coordinates/chromo5447/geom.xtbopt.xyz,/scratch/jaggbow/mol_xtb_coordinates/chromo5447/mmff.xyz,/scratch/jaggbow/mol_xtb_coordinates/chromo5447/basic.xyz,1,,,,,,
1951,chromo4107,CC(C)CCCCN1CCc2c1ccc1c3c(ccc21)C(=O)CCC3,3.3713,1.0381,3.2213,0.6924999999999999,/scratch/jaggbow/mol_xtb_coordinates/chromo4107/geom.xtbopt.xyz,/scratch/jaggbow/mol_xtb_coordinates/chromo4107/mmff.xyz,/scratch/jaggbow/mol_xtb_coordinates/chromo4107/basic.xyz,0,,,,,,
1952,chromo3019,CN(C)c1ccc(C=Cc2nc3cc(Br)ccc3nc2-c2ccccc2)cc1,2.6959,0.8384,3.26,0.8989999999999996,/scratch/jaggbow/mol_xtb_coordinates/chromo3019/geom.xtbopt.xyz,/scratch/jaggbow/mol_xtb_coordinates/chromo3019/mmff.xyz,/scratch/jaggbow/mol_xtb_coordinates/chromo3019/basic.xyz,0,,,,,,
1953,chromo4230,C[Si](c1ccc(-c2nc3ccccc3n2-c2ccccc2)cc1)(c1ccc(-c2nc3ccccc3n2-c2ccccc2)cc1)c1ccc(-c2nc3ccccc3n2-c2ccccc2)cc1,4.0556,1.1068000000000002,4.3553,0.5054999999999996,/scratch/jaggbow/mol_xtb_coordinates/chromo4230/geom.xtbopt.xyz,/scratch/jaggbow/mol_xtb_coordinates/chromo4230/mmff.xyz,/scratch/jaggbow/mol_xtb_coordinates/chromo4230/basic.xyz,0,,,,,,
1954,chromo5070,CC(C)(C)c1ccc2c(c1)c1cc(C(C)(C)C)ccc1n2-c1cccc(C(=O)c2cccc(-n3c4ccc(C(C)(C)C)cc4c4cc(C(C)(C)C)ccc43)n2)n1,2.453,0.2447999999999996,3.1996,0.0982000000000002,/scratch/jaggbow/mol_xtb_coordinates/chromo5070/geom.xtbopt.xyz,/scratch/jaggbow/mol_xtb_coordinates/chromo5070/mmff.xyz,/scratch/jaggbow/mol_xtb_coordinates/chromo5070/basic.xyz,1,,,,,,
1955,chromo2493,CN(C)c1ccc(C=Cc2ncc3ccccc3n2)cc1,2.9054,0.9143,3.4178,0.9517000000000002,/scratch/jaggbow/mol_xtb_coordinates/chromo2493/geom.xtbopt.xyz,/scratch/jaggbow/mol_xtb_coordinates/chromo2493/mmff.xyz,/scratch/jaggbow/mol_xtb_coordinates/chromo2493/basic.xyz,0,,,,,,
1956,chromo1435,CCCCN(CCCC)c1ccc2nc3c4ccccc4c(=O)c(-c4ccccc4)c-3oc2c1,2.561,1.0654,2.6849,1.0184999999999995,/scratch/jaggbow/mol_xtb_coordinates/chromo1435/geom.xtbopt.xyz,/scratch/jaggbow/mol_xtb_coordinates/chromo1435/mmff.xyz,/scratch/jaggbow/mol_xtb_coordinates/chromo1435/basic.xyz,0,,,,,,
1957,chromo4019,CCCN1c2ccccc2Sc2cc(C3=C4C=CC=[N+]4[B-](F)(F)n4cccc43)ccc21,2.3199,0.6778000000000002,2.1767,0.5368999999999999,/scratch/jaggbow/mol_xtb_coordinates/chromo4019/geom.xtbopt.xyz,/scratch/jaggbow/mol_xtb_coordinates/chromo4019/mmff.xyz,/scratch/jaggbow/mol_xtb_coordinates/chromo4019/basic.xyz,0,,,,,,
1958,chromo2365,COc1ccc2c(c1)sc1[n+]2[B-](F)(F)OC(c2ccc(N(C)C)cc2)=N1,3.2587,0.7890000000000001,3.3812,0.7854000000000001,/scratch/jaggbow/mol_xtb_coordinates/chromo2365/geom.xtbopt.xyz,/scratch/jaggbow/mol_xtb_coordinates/chromo2365/mmff.xyz,/scratch/jaggbow/mol_xtb_coordinates/chromo2365/basic.xyz,0,,,,,,
1959,chromo2019,Cc1cc(C)c(B(c2ccccc2N2c3ccccc3Oc3ccccc32)c2c(C)cc(C)cc2C)c(C)c1,2.2798,0.0285999999999999,2.3593,0.0253000000000001,/scratch/jaggbow/mol_xtb_coordinates/chromo2019/geom.xtbopt.xyz,/scratch/jaggbow/mol_xtb_coordinates/chromo2019/mmff.xyz,/scratch/jaggbow/mol_xtb_coordinates/chromo2019/basic.xyz,0,,,,,,
1960,chromo2294,C(=Cc1nc(C=Cc2ccccc2)nc(C=Cc2ccccc2)n1)c1ccccc1,3.4416,1.1678000000000002,4.1087,0.9480999999999996,/scratch/jaggbow/mol_xtb_coordinates/chromo2294/geom.xtbopt.xyz,/scratch/jaggbow/mol_xtb_coordinates/chromo2294/mmff.xyz,/scratch/jaggbow/mol_xtb_coordinates/chromo2294/basic.xyz,0,,,,,,
1961,chromo4902,c1ccc2cc(-c3c4ccccc4c(-c4nccc5ccccc45)c4ccccc34)ccc2c1,3.0974,1.3582999999999998,3.3048,1.023,/scratch/jaggbow/mol_xtb_coordinates/chromo4902/geom.xtbopt.xyz,/scratch/jaggbow/mol_xtb_coordinates/chromo4902/mmff.xyz,/scratch/jaggbow/mol_xtb_coordinates/chromo4902/basic.xyz,1,,,,,,
1962,chromo5099,c1ccc(-c2nc(-c3ccccc3)nc(-c3cc(-n4c5ccccc5c5ncccc54)c(-n4c5ccccc5c5ccccc54)c(-n4c5ccccc5c5ncccc54)c3)n2)cc1,2.8366,0.2237999999999997,3.6776,0.3054999999999999,/scratch/jaggbow/mol_xtb_coordinates/chromo5099/geom.xtbopt.xyz,/scratch/jaggbow/mol_xtb_coordinates/chromo5099/mmff.xyz,/scratch/jaggbow/mol_xtb_coordinates/chromo5099/basic.xyz,0,,,,,,
1963,chromo0795,C1#Cc2ccccc2OCc2cccc(c2)COc2ccccc21,3.9486,1.2228,4.5272,0.5919999999999996,/scratch/jaggbow/mol_xtb_coordinates/chromo0795/geom.xtbopt.xyz,/scratch/jaggbow/mol_xtb_coordinates/chromo0795/mmff.xyz,/scratch/jaggbow/mol_xtb_coordinates/chromo0795/basic.xyz,0,,,,,,
1964,chromo2535,Cc1csc2[n+]1[B-](F)(F)OC(c1ccc(N(C)C)cc1)=N2,3.4097,0.9025,3.4875,0.9078,/scratch/jaggbow/mol_xtb_coordinates/chromo2535/geom.xtbopt.xyz,/scratch/jaggbow/mol_xtb_coordinates/chromo2535/mmff.xyz,/scratch/jaggbow/mol_xtb_coordinates/chromo2535/basic.xyz,0,,,,,,
1965,chromo2901,COc1ccc(C=Cc2ccncn2)cc1,3.712,1.4346,4.0038,1.1217,/scratch/jaggbow/mol_xtb_coordinates/chromo2901/geom.xtbopt.xyz,/scratch/jaggbow/mol_xtb_coordinates/chromo2901/mmff.xyz,/scratch/jaggbow/mol_xtb_coordinates/chromo2901/basic.xyz,1,,,,,,
1966,chromo2074,Cc1cc(C)c(B(c2c(C)cc(C)cc2C)N2c3ccccc3C(c3ccccc3)(c3ccccc3)c3ccccc32)c(C)c1,3.7703,0.6118000000000001,3.1884,0.3147000000000002,/scratch/jaggbow/mol_xtb_coordinates/chromo2074/geom.xtbopt.xyz,/scratch/jaggbow/mol_xtb_coordinates/chromo2074/mmff.xyz,/scratch/jaggbow/mol_xtb_coordinates/chromo2074/basic.xyz,0,,,,,,
1967,chromo2427,COC(=O)c1cc(=O)n(C)c2cc(-c3ccccc3OC)sc12,3.0394,1.1594000000000002,3.0364,0.9623,/scratch/jaggbow/mol_xtb_coordinates/chromo2427/geom.xtbopt.xyz,/scratch/jaggbow/mol_xtb_coordinates/chromo2427/mmff.xyz,/scratch/jaggbow/mol_xtb_coordinates/chromo2427/basic.xyz,1,,,,,,
1968,chromo1076,F[B-]1(F)n2c(c(-c3ccccc3)c3ccccc32)C(c2ccccc2)=C2C(c3ccccc3)=c3ccccc3=[N+]21,1.8752,0.881,1.9264,0.7363,/scratch/jaggbow/mol_xtb_coordinates/chromo1076/geom.xtbopt.xyz,/scratch/jaggbow/mol_xtb_coordinates/chromo1076/mmff.xyz,/scratch/jaggbow/mol_xtb_coordinates/chromo1076/basic.xyz,0,,,,,,
1969,chromo4639,C(=Cc1ccc(-c2ccccc2)cc1)c1ccc(Oc2ccc3ccccc3c2-c2c(Oc3ccc(C=Cc4ccc(-c5ccccc5)cc4)cc3)ccc3ccccc23)cc1,3.1834,0.9918999999999998,3.8661,0.8437999999999999,/scratch/jaggbow/mol_xtb_coordinates/chromo4639/geom.xtbopt.xyz,/scratch/jaggbow/mol_xtb_coordinates/chromo4639/mmff.xyz,/scratch/jaggbow/mol_xtb_coordinates/chromo4639/basic.xyz,1,,,,,,
1970,chromo3535,COc1ccc(-c2cnc(-c3ccccc3)o2)cc1OC,3.594,1.1715999999999998,3.769,0.9341,/scratch/jaggbow/mol_xtb_coordinates/chromo3535/geom.xtbopt.xyz,/scratch/jaggbow/mol_xtb_coordinates/chromo3535/mmff.xyz,/scratch/jaggbow/mol_xtb_coordinates/chromo3535/basic.xyz,1,,,,,,
1971,chromo2547,Cc1cc(C)c(C2=C3C=c4c(c5ccc(C(C)(C)C)cc5c5cc(C(C)(C)C)ccc45)=[N+]3[B-](F)(F)n3c2cc2c4ccc(C(C)(C)C)cc4c4cc(C(C)(C)C)ccc4c23)c(C)c1,2.0882,0.8796000000000002,2.5004,0.952,/scratch/jaggbow/mol_xtb_coordinates/chromo2547/geom.xtbopt.xyz,/scratch/jaggbow/mol_xtb_coordinates/chromo2547/mmff.xyz,/scratch/jaggbow/mol_xtb_coordinates/chromo2547/basic.xyz,0,,,,,,
1972,chromo0254,COc1ccc2c(c1)CCC1=C(C#Cc3cc4ccccc4c4ccccc34)O[B-](F)(F)[O+]=C12,2.8849,0.8953,3.1797,0.8931,/scratch/jaggbow/mol_xtb_coordinates/chromo0254/geom.xtbopt.xyz,/scratch/jaggbow/mol_xtb_coordinates/chromo0254/mmff.xyz,/scratch/jaggbow/mol_xtb_coordinates/chromo0254/basic.xyz,0,,,,,,
1973,chromo4096,COc1ccc(C#Cc2ccc3nc4ccc(C#Cc5ccc(OC)cc5)cn4c(=O)c3c2)cc1,2.867,0.9112,3.475,0.8995000000000002,/scratch/jaggbow/mol_xtb_coordinates/chromo4096/geom.xtbopt.xyz,/scratch/jaggbow/mol_xtb_coordinates/chromo4096/mmff.xyz,/scratch/jaggbow/mol_xtb_coordinates/chromo4096/basic.xyz,0,,,,,,
1974,chromo1630,Cc1ccc(-c2cc(-c3ccccc3Cl)c3c(N)nc(N4CCCC4)c(C#N)c3n2)cc1,2.9295,0.5947,3.009,0.5934999999999997,/scratch/jaggbow/mol_xtb_coordinates/chromo1630/geom.xtbopt.xyz,/scratch/jaggbow/mol_xtb_coordinates/chromo1630/mmff.xyz,/scratch/jaggbow/mol_xtb_coordinates/chromo1630/basic.xyz,0,,,,,,
1975,chromo3723,CCn1c2ccccc2c2cc(-c3cc(-c4ccc5c(c4)c4ccccc4n5CC)nc(OC)n3)ccc21,3.5529,0.6209000000000002,3.8955,0.4404000000000003,/scratch/jaggbow/mol_xtb_coordinates/chromo3723/geom.xtbopt.xyz,/scratch/jaggbow/mol_xtb_coordinates/chromo3723/mmff.xyz,/scratch/jaggbow/mol_xtb_coordinates/chromo3723/basic.xyz,1,,,,,,
1976,chromo5098,N#Cc1cc(-n2c3ccccc3c3ncccc32)c(-n2c3ccccc3c3ncccc32)cc1C#N,2.9807,0.3997999999999999,3.5131,0.3551999999999999,/scratch/jaggbow/mol_xtb_coordinates/chromo5098/geom.xtbopt.xyz,/scratch/jaggbow/mol_xtb_coordinates/chromo5098/mmff.xyz,/scratch/jaggbow/mol_xtb_coordinates/chromo5098/basic.xyz,0,,,,,,
1977,chromo3319,CCCCCCN(c1ccccc1)c1ccc2c(c1)C(CC)(CC)c1cc(C=Cc3ccc(C=C(C#N)C(=O)O)s3)ccc1-2,2.1001,0.7054999999999998,2.9388,0.9634,/scratch/jaggbow/mol_xtb_coordinates/chromo3319/geom.xtbopt.xyz,/scratch/jaggbow/mol_xtb_coordinates/chromo3319/mmff.xyz,/scratch/jaggbow/mol_xtb_coordinates/chromo3319/basic.xyz,0,,,,,,
1978,chromo3480,CCOC(=O)c1c(-c2cc3c(ccc4ccccc43)oc2=O)nn(-c2cccc(C)c2)c1C(=O)OCC,3.4925,1.2257000000000002,3.5803,0.8914999999999997,/scratch/jaggbow/mol_xtb_coordinates/chromo3480/geom.xtbopt.xyz,/scratch/jaggbow/mol_xtb_coordinates/chromo3480/mmff.xyz,/scratch/jaggbow/mol_xtb_coordinates/chromo3480/basic.xyz,0,,,,,,
1979,chromo0252,CN(C)c1ccc(C#CC2=C3CCc4ccccc4C3=[O+][B-](F)(F)O2)cc1,2.8494,0.8157000000000001,3.0928,0.8653,/scratch/jaggbow/mol_xtb_coordinates/chromo0252/geom.xtbopt.xyz,/scratch/jaggbow/mol_xtb_coordinates/chromo0252/mmff.xyz,/scratch/jaggbow/mol_xtb_coordinates/chromo0252/basic.xyz,0,,,,,,
1980,chromo1167,[O-]c1ccccc1-c1[nH+]c2c3ccccc3c3ccccc3c2n1-c1ccccc1,3.6081,0.9143999999999995,3.7754,0.4590000000000001,/scratch/jaggbow/mol_xtb_coordinates/chromo1167/geom.xtbopt.xyz,/scratch/jaggbow/mol_xtb_coordinates/chromo1167/mmff.xyz,/scratch/jaggbow/mol_xtb_coordinates/chromo1167/basic.xyz,0,,,,,,
1981,chromo3141,C(=Cc1ccc(-c2ccc(C=CSC=C3CCCCCC3)cc2)cc1)SC=C1CCCCCC1,3.2973,1.0328,3.7608,0.7367000000000004,/scratch/jaggbow/mol_xtb_coordinates/chromo3141/geom.xtbopt.xyz,/scratch/jaggbow/mol_xtb_coordinates/chromo3141/mmff.xyz,/scratch/jaggbow/mol_xtb_coordinates/chromo3141/basic.xyz,1,,,,,,
1982,chromo2349,COC(=O)c1ccccc1C#Cc1ccccc1NC(C)=O,3.2229,0.8052000000000001,3.7364,0.5450000000000004,/scratch/jaggbow/mol_xtb_coordinates/chromo2349/geom.xtbopt.xyz,/scratch/jaggbow/mol_xtb_coordinates/chromo2349/mmff.xyz,/scratch/jaggbow/mol_xtb_coordinates/chromo2349/basic.xyz,1,,,,,,
1983,chromo0225,CCCCCCCCCCCCOc1cc2cc(N(C)C)ccc2cc1C#N,3.6484,1.1261,3.3862,0.7010000000000001,/scratch/jaggbow/mol_xtb_coordinates/chromo0225/geom.xtbopt.xyz,/scratch/jaggbow/mol_xtb_coordinates/chromo0225/mmff.xyz,/scratch/jaggbow/mol_xtb_coordinates/chromo0225/basic.xyz,1,,,,,,
1984,chromo3108,Cc1cc2c3ccccc3sc2c2[nH]c3ccccc3c12,3.7006,0.7774000000000001,3.7113,0.5009000000000001,/scratch/jaggbow/mol_xtb_coordinates/chromo3108/geom.xtbopt.xyz,/scratch/jaggbow/mol_xtb_coordinates/chromo3108/mmff.xyz,/scratch/jaggbow/mol_xtb_coordinates/chromo3108/basic.xyz,0,,,,,,
1985,chromo4681,C[Si]1(C)O[Si](C)(C)c2cc3c(-c4ccccc4)c4ccccc4nc3cc21,3.1793,1.3485,3.5028,0.9416000000000002,/scratch/jaggbow/mol_xtb_coordinates/chromo4681/geom.xtbopt.xyz,/scratch/jaggbow/mol_xtb_coordinates/chromo4681/mmff.xyz,/scratch/jaggbow/mol_xtb_coordinates/chromo4681/basic.xyz,0,,,,,,
1986,chromo0284,COc1c2ccccc2c(OC)c2c1c1cc(Cl)ccc1n2C,3.2048,1.0074,3.1967,0.6981999999999999,/scratch/jaggbow/mol_xtb_coordinates/chromo0284/geom.xtbopt.xyz,/scratch/jaggbow/mol_xtb_coordinates/chromo0284/mmff.xyz,/scratch/jaggbow/mol_xtb_coordinates/chromo0284/basic.xyz,0,,,,,,
1987,chromo3541,N#Cc1ccc(C=Cc2ncc(-c3ccccc3)o2)cc1,3.1574,1.2646,3.5084,1.0280999999999998,/scratch/jaggbow/mol_xtb_coordinates/chromo3541/geom.xtbopt.xyz,/scratch/jaggbow/mol_xtb_coordinates/chromo3541/mmff.xyz,/scratch/jaggbow/mol_xtb_coordinates/chromo3541/basic.xyz,1,,,,,,
1988,chromo2734,CN(C)c1ccc(C=CC=NN=Cc2ccc3ccc4cccc5ccc2c3c45)cc1,2.6244,1.0561,3.216,0.7244000000000002,/scratch/jaggbow/mol_xtb_coordinates/chromo2734/geom.xtbopt.xyz,/scratch/jaggbow/mol_xtb_coordinates/chromo2734/mmff.xyz,/scratch/jaggbow/mol_xtb_coordinates/chromo2734/basic.xyz,1,,,,,,
1989,chromo1131,CC1=C(C)C(c2c(C)c(C)c3n2[B-](F)(F)[N+]2=C(C)C(C)=C(C)C2=C3)=[N+]2C1=Cc1c(C)c(C)c(C)n1[B-]2(F)F,2.3886,0.9454999999999998,2.694,1.2609,/scratch/jaggbow/mol_xtb_coordinates/chromo1131/geom.xtbopt.xyz,/scratch/jaggbow/mol_xtb_coordinates/chromo1131/mmff.xyz,/scratch/jaggbow/mol_xtb_coordinates/chromo1131/basic.xyz,1,,,,,,
1990,chromo4085,CC(=O)c1ccc(N=Nc2ccc(Nc3ccccc3)cc2)cc1,2.4877,0.7000999999999997,1.7024,0.1649999999999998,/scratch/jaggbow/mol_xtb_coordinates/chromo4085/geom.xtbopt.xyz,/scratch/jaggbow/mol_xtb_coordinates/chromo4085/mmff.xyz,/scratch/jaggbow/mol_xtb_coordinates/chromo4085/basic.xyz,1,,,,,,
1991,chromo2549,COc1cc2c3c(c4cc(OC)c(OC)c(OC)c4c2c(OC)c1OC)=[N+]1C(=C(c2c(C)cc(C)cc2C)c2cc4c5cc(OC)c(OC)c(OC)c5c5c(OC)c(OC)c(OC)cc5c4n2[B-]1(F)F)C=3,1.8045,0.6703999999999999,2.3796,0.912,/scratch/jaggbow/mol_xtb_coordinates/chromo2549/geom.xtbopt.xyz,/scratch/jaggbow/mol_xtb_coordinates/chromo2549/mmff.xyz,/scratch/jaggbow/mol_xtb_coordinates/chromo2549/basic.xyz,0,,,,,,
1992,chromo1033,CC1=C2C=CC(c3ccccc3)=[N+]2[B-](F)(F)n2c1ccc2-c1ccccc1,2.6026,1.1626,2.6899,1.2512,/scratch/jaggbow/mol_xtb_coordinates/chromo1033/geom.xtbopt.xyz,/scratch/jaggbow/mol_xtb_coordinates/chromo1033/mmff.xyz,/scratch/jaggbow/mol_xtb_coordinates/chromo1033/basic.xyz,1,,,,,,
1993,chromo3000,c1cnc(-c2c3ccccc3c(-c3cncnc3)c3ccccc23)nc1,3.0716,1.3651000000000002,3.3579,1.0871999999999995,/scratch/jaggbow/mol_xtb_coordinates/chromo3000/geom.xtbopt.xyz,/scratch/jaggbow/mol_xtb_coordinates/chromo3000/mmff.xyz,/scratch/jaggbow/mol_xtb_coordinates/chromo3000/basic.xyz,1,,,,,,
1994,chromo2313,O=P1(c2ccccc2)C(c2cc(C(F)(F)F)cc(C(F)(F)F)c2)=Cc2c3ccc4cccc5ccc(c6cc(-c7ccccc7)n1c26)c3c45,2.6578,1.1191,2.7637,0.8294000000000001,/scratch/jaggbow/mol_xtb_coordinates/chromo2313/geom.xtbopt.xyz,/scratch/jaggbow/mol_xtb_coordinates/chromo2313/mmff.xyz,/scratch/jaggbow/mol_xtb_coordinates/chromo2313/basic.xyz,0,,,,,,
1995,chromo3123,Cc1ccc(-c2c3nc(c(-c4ccc(C)cc4)c4ccc(s4)c(-c4ccco4)c4nc(c(-c5ccc(C)cc5)c5ccc2[nH]5)C=C4)C=C3)cc1,2.0113,0.7660999999999998,2.0623,0.1306,/scratch/jaggbow/mol_xtb_coordinates/chromo3123/geom.xtbopt.xyz,/scratch/jaggbow/mol_xtb_coordinates/chromo3123/mmff.xyz,/scratch/jaggbow/mol_xtb_coordinates/chromo3123/basic.xyz,0,,,,,,
1996,chromo4624,CC(C)(C)c1ccc(-c2cc(-c3ccc(-c4cc(-c5ccc(C(C)(C)C)cc5)c(C(=O)N5CCOCC5)s4)s3)sc2C(=O)N2CCOCC2)cc1,3.0827,1.2074,3.281,0.9356,/scratch/jaggbow/mol_xtb_coordinates/chromo4624/geom.xtbopt.xyz,/scratch/jaggbow/mol_xtb_coordinates/chromo4624/mmff.xyz,/scratch/jaggbow/mol_xtb_coordinates/chromo4624/basic.xyz,1,,,,,,
1997,chromo1627,Cc1ccc(-c2cc(-c3ccccc3)c3c(N)nc(N4CCCC4)c(C#N)c3n2)cc1,2.9016,0.5740000000000003,2.9666,0.5813000000000001,/scratch/jaggbow/mol_xtb_coordinates/chromo1627/geom.xtbopt.xyz,/scratch/jaggbow/mol_xtb_coordinates/chromo1627/mmff.xyz,/scratch/jaggbow/mol_xtb_coordinates/chromo1627/basic.xyz,0,,,,,,
1998,chromo5401,c1ccc(N2c3ccccc3C3(c4ccccc4-c4ccccc43)c3ccccc32)cc1,3.593,0.5476000000000001,4.0214,0.6335999999999999,/scratch/jaggbow/mol_xtb_coordinates/chromo5401/geom.xtbopt.xyz,/scratch/jaggbow/mol_xtb_coordinates/chromo5401/mmff.xyz,/scratch/jaggbow/mol_xtb_coordinates/chromo5401/basic.xyz,0,,,,,,
1999,chromo0507,CC(C)c1cccc(C(C)C)c1N1C(=O)c2cccc3c(Oc4ccc(Cl)cc4)ccc(c23)C1=O,3.366,1.0724,3.4965,0.8651,/scratch/jaggbow/mol_xtb_coordinates/chromo0507/geom.xtbopt.xyz,/scratch/jaggbow/mol_xtb_coordinates/chromo0507/mmff.xyz,/scratch/jaggbow/mol_xtb_coordinates/chromo0507/basic.xyz,0,,,,,,
2000,chromo0912,C[Si]1(C)c2cc(-c3cccs3)ccc2C=Cc2ccc(-c3cccs3)cc21,3.2674,1.0621,3.6667,0.7299000000000002,/scratch/jaggbow/mol_xtb_coordinates/chromo0912/geom.xtbopt.xyz,/scratch/jaggbow/mol_xtb_coordinates/chromo0912/mmff.xyz,/scratch/jaggbow/mol_xtb_coordinates/chromo0912/basic.xyz,0,,,,,,
2001,chromo2612,O=Cc1ccc2c(c1)c1ccccc1n2-c1ccc(-c2ccc(-n3c4ccccc4c4cc(C=O)ccc43)cc2)cc1,3.5607,0.6305000000000001,3.908,0.5215000000000001,/scratch/jaggbow/mol_xtb_coordinates/chromo2612/geom.xtbopt.xyz,/scratch/jaggbow/mol_xtb_coordinates/chromo2612/mmff.xyz,/scratch/jaggbow/mol_xtb_coordinates/chromo2612/basic.xyz,1,,,,,,
2002,chromo3553,N#Cc1ccc(C#Cc2ncc(-c3ccccc3)o2)cc1,3.283,1.1122999999999998,3.8524,0.9312999999999998,/scratch/jaggbow/mol_xtb_coordinates/chromo3553/geom.xtbopt.xyz,/scratch/jaggbow/mol_xtb_coordinates/chromo3553/mmff.xyz,/scratch/jaggbow/mol_xtb_coordinates/chromo3553/basic.xyz,1,,,,,,
2003,chromo4697,Fc1ccccc1-c1c2cc(Cl)ccc2nc2cc3ccccc3cc12,2.4312,1.2642,2.7888,1.0046000000000002,/scratch/jaggbow/mol_xtb_coordinates/chromo4697/geom.xtbopt.xyz,/scratch/jaggbow/mol_xtb_coordinates/chromo4697/mmff.xyz,/scratch/jaggbow/mol_xtb_coordinates/chromo4697/basic.xyz,0,,,,,,
2004,chromo3736,CCn1c2ccccc2c2cc(C=Cc3cc(C=Cc4ccc5c(c4)c4ccccc4n5CC)ncn3)ccc21,3.0063,0.7986,3.5109,0.6269,/scratch/jaggbow/mol_xtb_coordinates/chromo3736/geom.xtbopt.xyz,/scratch/jaggbow/mol_xtb_coordinates/chromo3736/mmff.xyz,/scratch/jaggbow/mol_xtb_coordinates/chromo3736/basic.xyz,1,,,,,,
2005,chromo0771,COc1ccc2cc(C=Cc3nc(C=Cc4ccc(N(c5ccccc5)c5ccccc5)cc4)cc(C=Cc4ccc(N(c5ccccc5)c5ccccc5)cc4)n3)ccc2c1,2.6876,0.6564000000000001,3.3026,0.5781000000000001,/scratch/jaggbow/mol_xtb_coordinates/chromo0771/geom.xtbopt.xyz,/scratch/jaggbow/mol_xtb_coordinates/chromo0771/mmff.xyz,/scratch/jaggbow/mol_xtb_coordinates/chromo0771/basic.xyz,1,,,,,,
2006,chromo3712,C1=C(c2ccccc2)C(c2ccccc2)C(c2ccccc2)=C1,3.35,1.4949,3.2902,1.0598999999999998,/scratch/jaggbow/mol_xtb_coordinates/chromo3712/geom.xtbopt.xyz,/scratch/jaggbow/mol_xtb_coordinates/chromo3712/mmff.xyz,/scratch/jaggbow/mol_xtb_coordinates/chromo3712/basic.xyz,0,,,,,,
2007,chromo4584,Cc1ccc(-c2c3nc(c(-c4ccc(C)cc4)c4ccc([nH]4)c(-c4ccc(OC(=O)C(C)c5ccc(CC(C)C)cc5)cc4)c4nc(c(-c5ccc(C)cc5)c5ccc2[nH]5)C=C4)C=C3)cc1,2.1303,0.7803,2.0915,0.1936,/scratch/jaggbow/mol_xtb_coordinates/chromo4584/geom.xtbopt.xyz,/scratch/jaggbow/mol_xtb_coordinates/chromo4584/mmff.xyz,/scratch/jaggbow/mol_xtb_coordinates/chromo4584/basic.xyz,0,,,,,,
2008,chromo4583,Cc1ccc(-c2c3nc(c(-c4ccc(C)cc4)c4ccc([nH]4)c(-c4ccc(OC(=O)C(C)c5ccccc5)cc4)c4nc(c(-c5ccc(C)cc5)c5ccc2[nH]5)C=C4)C=C3)cc1,2.1306,0.7803999999999998,2.091,0.1935000000000002,/scratch/jaggbow/mol_xtb_coordinates/chromo4583/geom.xtbopt.xyz,/scratch/jaggbow/mol_xtb_coordinates/chromo4583/mmff.xyz,/scratch/jaggbow/mol_xtb_coordinates/chromo4583/basic.xyz,0,,,,,,
2009,chromo5090,O=C(c1ccncc1)c1ccc(-n2c3ccccc3c3cc(-n4c5ccccc5c5ccccc54)ccc32)cc1,2.6384,0.0976999999999996,3.7405,0.4485000000000001,/scratch/jaggbow/mol_xtb_coordinates/chromo5090/geom.xtbopt.xyz,/scratch/jaggbow/mol_xtb_coordinates/chromo5090/mmff.xyz,/scratch/jaggbow/mol_xtb_coordinates/chromo5090/basic.xyz,1,,,,,,
2010,chromo0258,F[B-]1(F)OC(C=Cc2ccccc2)=CC(c2ccccc2)=[O+]1,3.3462,1.1868,3.3443,1.0441000000000005,/scratch/jaggbow/mol_xtb_coordinates/chromo0258/geom.xtbopt.xyz,/scratch/jaggbow/mol_xtb_coordinates/chromo0258/mmff.xyz,/scratch/jaggbow/mol_xtb_coordinates/chromo0258/basic.xyz,0,,,,,,
2011,chromo4243,C#Cc1ccc(-c2nc(-c3ccc(C#C)s3)nc(-c3ccc(C#C)s3)n2)s1,3.251,1.0410999999999997,3.8057,0.8851999999999998,/scratch/jaggbow/mol_xtb_coordinates/chromo4243/geom.xtbopt.xyz,/scratch/jaggbow/mol_xtb_coordinates/chromo4243/mmff.xyz,/scratch/jaggbow/mol_xtb_coordinates/chromo4243/basic.xyz,0,,,,,,
2012,chromo2070,CC1(C)c2ccccc2N(c2ccc(-c3nnc(-c4ccccc4O)o3)cc2)c2ccccc21,2.6833,0.0099,3.5022,0.1746000000000003,/scratch/jaggbow/mol_xtb_coordinates/chromo2070/geom.xtbopt.xyz,/scratch/jaggbow/mol_xtb_coordinates/chromo2070/mmff.xyz,/scratch/jaggbow/mol_xtb_coordinates/chromo2070/basic.xyz,0,,,,,,
2013,chromo0404,Fc1ccc(-c2ccc(-c3cc(-c4ccccn4)nc(-c4ccccn4)c3)cc2)c(F)c1,3.9616,1.0974,4.4085,0.5813999999999999,/scratch/jaggbow/mol_xtb_coordinates/chromo0404/geom.xtbopt.xyz,/scratch/jaggbow/mol_xtb_coordinates/chromo0404/mmff.xyz,/scratch/jaggbow/mol_xtb_coordinates/chromo0404/basic.xyz,1,,,,,,
2014,chromo1812,CCN(CC)c1ccc2cc(C#N)c(=NC(=O)c3ccc(C)cc3)oc2c1,3.2586,1.1069999999999998,3.293,0.9719000000000002,/scratch/jaggbow/mol_xtb_coordinates/chromo1812/geom.xtbopt.xyz,/scratch/jaggbow/mol_xtb_coordinates/chromo1812/mmff.xyz,/scratch/jaggbow/mol_xtb_coordinates/chromo1812/basic.xyz,1,,,,,,
2015,chromo2360,CC1(C)Nc2ccccc2-c2[nH]c3ccccc3c(=O)c21,3.1536,0.7182,3.0224,0.5674000000000001,/scratch/jaggbow/mol_xtb_coordinates/chromo2360/geom.xtbopt.xyz,/scratch/jaggbow/mol_xtb_coordinates/chromo2360/mmff.xyz,/scratch/jaggbow/mol_xtb_coordinates/chromo2360/basic.xyz,0,,,,,,
2016,chromo2276,CCCCn1c2c(-c3ccc(N(c4ccccc4)c4ccccc4)cc3)cc(C#N)cc2c2cc(C#N)cc(-c3ccc(N(c4ccccc4)c4ccccc4)cc3)c21,3.3633,0.5184000000000002,3.7888,0.3305000000000002,/scratch/jaggbow/mol_xtb_coordinates/chromo2276/geom.xtbopt.xyz,/scratch/jaggbow/mol_xtb_coordinates/chromo2276/mmff.xyz,/scratch/jaggbow/mol_xtb_coordinates/chromo2276/basic.xyz,1,,,,,,
2017,chromo3073,CN(C)c1cc(-c2ccc(C#Cc3ccccc3)cc2)cc2ccccc12,3.3778,1.0167000000000002,3.6747,0.7850000000000001,/scratch/jaggbow/mol_xtb_coordinates/chromo3073/geom.xtbopt.xyz,/scratch/jaggbow/mol_xtb_coordinates/chromo3073/mmff.xyz,/scratch/jaggbow/mol_xtb_coordinates/chromo3073/basic.xyz,1,,,,,,
2018,chromo1172,Oc1ccccc1C1=NC2c3cccc4cccc(c34)C2N1c1ccccc1,3.9672,1.2792,4.2294,0.8279999999999998,/scratch/jaggbow/mol_xtb_coordinates/chromo1172/geom.xtbopt.xyz,/scratch/jaggbow/mol_xtb_coordinates/chromo1172/mmff.xyz,/scratch/jaggbow/mol_xtb_coordinates/chromo1172/basic.xyz,0,,,,,,
2019,chromo0422,Cc1ccc(-c2nc(C=Cc3ccc(Cl)cc3)c(C=Cc3ccc(Cl)cc3)[nH]2)cc1,2.9531,1.2564,3.3506,1.0164,/scratch/jaggbow/mol_xtb_coordinates/chromo0422/geom.xtbopt.xyz,/scratch/jaggbow/mol_xtb_coordinates/chromo0422/mmff.xyz,/scratch/jaggbow/mol_xtb_coordinates/chromo0422/basic.xyz,1,,,,,,
2020,chromo2112,COc1ccc(-c2nnc(-c3cc(-n4c5ccccc5c5ccccc54)c(-n4c5ccccc5c5ccccc54)cc3-c3nnc(-c4ccc(OC)cc4)o3)o2)cc1,2.9298,0.4053,3.6942,0.3403999999999998,/scratch/jaggbow/mol_xtb_coordinates/chromo2112/geom.xtbopt.xyz,/scratch/jaggbow/mol_xtb_coordinates/chromo2112/mmff.xyz,/scratch/jaggbow/mol_xtb_coordinates/chromo2112/basic.xyz,1,,,,,,
2021,chromo0200,Cc1nc(-c2ccccc2O)n2c1CCCC2,4.1911,1.1367999999999996,4.1864,0.718,/scratch/jaggbow/mol_xtb_coordinates/chromo0200/geom.xtbopt.xyz,/scratch/jaggbow/mol_xtb_coordinates/chromo0200/mmff.xyz,/scratch/jaggbow/mol_xtb_coordinates/chromo0200/basic.xyz,0,,,,,,
2022,chromo0757,COc1ccc(C=Cc2cc(C=Cc3ccc(OC)cc3)nc(C=Cc3ccccc3)n2)cc1,3.16,0.9756,3.7021,0.754,/scratch/jaggbow/mol_xtb_coordinates/chromo0757/geom.xtbopt.xyz,/scratch/jaggbow/mol_xtb_coordinates/chromo0757/mmff.xyz,/scratch/jaggbow/mol_xtb_coordinates/chromo0757/basic.xyz,1,,,,,,
2023,chromo2145,N#Cc1cccc(-c2cccc(-c3nc(-c4cccc(-c5cccc(C#N)c5)c4)nc(-c4cccc(-c5cccc(C#N)c5)c4)n3)c2)c1,3.8239,0.8994,4.274,0.1714999999999999,/scratch/jaggbow/mol_xtb_coordinates/chromo2145/geom.xtbopt.xyz,/scratch/jaggbow/mol_xtb_coordinates/chromo2145/mmff.xyz,/scratch/jaggbow/mol_xtb_coordinates/chromo2145/basic.xyz,1,,,,,,
2024,chromo2829,CCOC(=O)c1ccc(C2=Cc3ccccc3P2(=O)c2ccccc2)cc1,3.49,1.2957,3.9027,1.0174999999999996,/scratch/jaggbow/mol_xtb_coordinates/chromo2829/geom.xtbopt.xyz,/scratch/jaggbow/mol_xtb_coordinates/chromo2829/mmff.xyz,/scratch/jaggbow/mol_xtb_coordinates/chromo2829/basic.xyz,0,,,,,,
2025,chromo3698,COc1ccc(C#Cc2nc(C#Cc3ccc(OC)cc3)c(C#Cc3ccc(OC)cc3)c(C#Cc3ccc(OC)cc3)c2C#Cc2ccc(OC)cc2)cc1,2.7401,0.8447,3.6705,0.6355,/scratch/jaggbow/mol_xtb_coordinates/chromo3698/geom.xtbopt.xyz,/scratch/jaggbow/mol_xtb_coordinates/chromo3698/mmff.xyz,/scratch/jaggbow/mol_xtb_coordinates/chromo3698/basic.xyz,1,,,,,,
2026,chromo1040,CCC1=C(C)C2=C(C=CSc3ccccc3)c3c(C)c(CC)c(C)n3[B-](F)(F)[N+]2=C1C,2.7769,1.3103,2.6834,1.2271,/scratch/jaggbow/mol_xtb_coordinates/chromo1040/geom.xtbopt.xyz,/scratch/jaggbow/mol_xtb_coordinates/chromo1040/mmff.xyz,/scratch/jaggbow/mol_xtb_coordinates/chromo1040/basic.xyz,1,,,,,,
2027,chromo5088,O=C(c1ccncc1)c1ccc(-n2c3ccccc3c3ccccc32)cc1,2.9684,0.3380999999999998,3.6736,0.4662999999999999,/scratch/jaggbow/mol_xtb_coordinates/chromo5088/geom.xtbopt.xyz,/scratch/jaggbow/mol_xtb_coordinates/chromo5088/mmff.xyz,/scratch/jaggbow/mol_xtb_coordinates/chromo5088/basic.xyz,1,,,,,,
2028,chromo1892,CCCCCCCCCCCCCCCCCCN1C(=O)c2cccc3c(OCCN(C)C)ccc(c23)C1=O,3.4247,1.1258,3.5118,0.9014000000000002,/scratch/jaggbow/mol_xtb_coordinates/chromo1892/geom.xtbopt.xyz,/scratch/jaggbow/mol_xtb_coordinates/chromo1892/mmff.xyz,/scratch/jaggbow/mol_xtb_coordinates/chromo1892/basic.xyz,0,,,,,,
2029,chromo4353,Clc1nnc(ON=Cc2ccc(N(c3ccccc3)c3ccccc3)cc2)nn1,2.0462,0.6199999999999999,1.9256,0.0030999999999998,/scratch/jaggbow/mol_xtb_coordinates/chromo4353/geom.xtbopt.xyz,/scratch/jaggbow/mol_xtb_coordinates/chromo4353/mmff.xyz,/scratch/jaggbow/mol_xtb_coordinates/chromo4353/basic.xyz,0,,,,,,
2030,chromo1489,CCCCN1c2ccccc2Sc2cc(C=CC3=Nc4ccc5ccccc5c4C3(C)C)ccc21,2.8129,1.0978,2.6716,0.5937000000000001,/scratch/jaggbow/mol_xtb_coordinates/chromo1489/geom.xtbopt.xyz,/scratch/jaggbow/mol_xtb_coordinates/chromo1489/mmff.xyz,/scratch/jaggbow/mol_xtb_coordinates/chromo1489/basic.xyz,0,,,,,,
2031,chromo3733,CCn1c2ccccc2c2cc(C#Cc3cc(C#Cc4ccc5c(c4)c4ccccc4n5CC)nc(N4CCCCC4)n3)ccc21,3.1197,0.5993999999999997,3.6919,0.5756999999999999,/scratch/jaggbow/mol_xtb_coordinates/chromo3733/geom.xtbopt.xyz,/scratch/jaggbow/mol_xtb_coordinates/chromo3733/mmff.xyz,/scratch/jaggbow/mol_xtb_coordinates/chromo3733/basic.xyz,1,,,,,,
2032,chromo3728,CCn1c2ccccc2c2cc(-c3cc(-c4ccc5c(c4)c4ccccc4n5CC)nc(-c4ccc(OC)cc4)n3)ccc21,3.5632,0.7136,3.9223,0.4628999999999998,/scratch/jaggbow/mol_xtb_coordinates/chromo3728/geom.xtbopt.xyz,/scratch/jaggbow/mol_xtb_coordinates/chromo3728/mmff.xyz,/scratch/jaggbow/mol_xtb_coordinates/chromo3728/basic.xyz,1,,,,,,
2033,chromo4987,N#Cc1c(-n2c3ccccc3c3ccccc32)c(-n2c3ccccc3c3ccccc32)cc(-n2c3ccccc3c3ccccc32)c1-n1c2ccccc2c2ccccc21,2.8141,0.1364999999999998,3.4265,0.2649999999999997,/scratch/jaggbow/mol_xtb_coordinates/chromo4987/geom.xtbopt.xyz,/scratch/jaggbow/mol_xtb_coordinates/chromo4987/mmff.xyz,/scratch/jaggbow/mol_xtb_coordinates/chromo4987/basic.xyz,1,,,,,,
2034,chromo0423,CCCCc1cc(C=O)c2ccc3c(CCCC)cc(N4CCCCC4)c4ccc1c2c34,2.8734,1.1333000000000002,2.9788,0.8555999999999999,/scratch/jaggbow/mol_xtb_coordinates/chromo0423/geom.xtbopt.xyz,/scratch/jaggbow/mol_xtb_coordinates/chromo0423/mmff.xyz,/scratch/jaggbow/mol_xtb_coordinates/chromo0423/basic.xyz,1,,,,,,
2035,chromo1158,Cc1ccc(N=C2C3=c4[nH]c5ccccc5c4=[N+](c4ccc(C)cc4)[B-](F)(F)N3c3ccccc32)cc1,1.9893,1.1066,1.8756,1.1517,/scratch/jaggbow/mol_xtb_coordinates/chromo1158/geom.xtbopt.xyz,/scratch/jaggbow/mol_xtb_coordinates/chromo1158/mmff.xyz,/scratch/jaggbow/mol_xtb_coordinates/chromo1158/basic.xyz,0,,,,,,
2036,chromo4726,COc1cccc(-n2c(-c3ccccc3)nc(C)c2C)c1,3.987,0.9622000000000002,4.2762,0.6855000000000002,/scratch/jaggbow/mol_xtb_coordinates/chromo4726/geom.xtbopt.xyz,/scratch/jaggbow/mol_xtb_coordinates/chromo4726/mmff.xyz,/scratch/jaggbow/mol_xtb_coordinates/chromo4726/basic.xyz,1,,,,,,
2037,chromo2299,FC(F)(F)c1ccc(B2c3ccccc3Nc3ccccc32)c(C(F)(F)F)c1,3.5421,0.7967,3.5011,0.7498,/scratch/jaggbow/mol_xtb_coordinates/chromo2299/geom.xtbopt.xyz,/scratch/jaggbow/mol_xtb_coordinates/chromo2299/mmff.xyz,/scratch/jaggbow/mol_xtb_coordinates/chromo2299/basic.xyz,0,,,,,,
2038,chromo4634,CCCCNC(=O)c1sc(-c2ccc(-c3cc(-c4ccc(C(C)(C)C)cc4)c(C(=O)NCCCC)s3)s2)cc1-c1ccc(C(C)(C)C)cc1,2.9635,1.1618999999999997,3.2267,0.9367,/scratch/jaggbow/mol_xtb_coordinates/chromo4634/geom.xtbopt.xyz,/scratch/jaggbow/mol_xtb_coordinates/chromo4634/mmff.xyz,/scratch/jaggbow/mol_xtb_coordinates/chromo4634/basic.xyz,0,,,,,,
2039,chromo3452,CCOC(=O)c1c(-c2c(Cl)c3ccccc3oc2=O)nn(-c2cccc(Cl)c2)c1C(=O)OCC,3.8902,1.2087,3.9464,0.8801000000000001,/scratch/jaggbow/mol_xtb_coordinates/chromo3452/geom.xtbopt.xyz,/scratch/jaggbow/mol_xtb_coordinates/chromo3452/mmff.xyz,/scratch/jaggbow/mol_xtb_coordinates/chromo3452/basic.xyz,1,,,,,,
2040,chromo3583,F[B-]1(F)n2c(nc(-c3ccccc3)c2-c2ccccc2)-c2cccc[n+]21,2.653,0.6143999999999998,3.1841,0.7641999999999998,/scratch/jaggbow/mol_xtb_coordinates/chromo3583/geom.xtbopt.xyz,/scratch/jaggbow/mol_xtb_coordinates/chromo3583/mmff.xyz,/scratch/jaggbow/mol_xtb_coordinates/chromo3583/basic.xyz,0,,,,,,
2041,chromo0489,Cn1c(=O)c(N=Nc2ccc(Nc3ccccc3)c(S(=O)(=O)O)c2)c(O)c2ccccc21,2.741,0.9792,2.2547,0.433,/scratch/jaggbow/mol_xtb_coordinates/chromo0489/geom.xtbopt.xyz,/scratch/jaggbow/mol_xtb_coordinates/chromo0489/mmff.xyz,/scratch/jaggbow/mol_xtb_coordinates/chromo0489/basic.xyz,0,,,,,,
2042,chromo2536,CCOC(=O)c1csc2[n+]1[B-](F)(F)OC(c1ccc(N(C)C)cc1)=N2,3.3947,0.8632999999999997,3.4773,0.8806000000000003,/scratch/jaggbow/mol_xtb_coordinates/chromo2536/geom.xtbopt.xyz,/scratch/jaggbow/mol_xtb_coordinates/chromo2536/mmff.xyz,/scratch/jaggbow/mol_xtb_coordinates/chromo2536/basic.xyz,0,,,,,,
2043,chromo5458,CC1=C(c2ccccc2)Oc2cc3nc4ccccc4nc3c3cccc1c23,2.6111,0.7407999999999999,2.8491,0.6968000000000001,/scratch/jaggbow/mol_xtb_coordinates/chromo5458/geom.xtbopt.xyz,/scratch/jaggbow/mol_xtb_coordinates/chromo5458/mmff.xyz,/scratch/jaggbow/mol_xtb_coordinates/chromo5458/basic.xyz,0,,,,,,
2044,chromo1183,Cc1ccc(-n2c(-c3cccc4cc[n-]c34)[nH+]c3c4ccccc4c4ccccc4c32)cc1,3.5143,0.9514,3.7022,0.6200000000000001,/scratch/jaggbow/mol_xtb_coordinates/chromo1183/geom.xtbopt.xyz,/scratch/jaggbow/mol_xtb_coordinates/chromo1183/mmff.xyz,/scratch/jaggbow/mol_xtb_coordinates/chromo1183/basic.xyz,0,,,,,,
2045,chromo3725,CCn1c2ccccc2c2cc(-c3cc(-c4ccc5c(c4)c4ccccc4n5CC)nc(S(C)(=O)=O)n3)ccc21,3.3478,0.5638000000000001,3.8851,0.4552,/scratch/jaggbow/mol_xtb_coordinates/chromo3725/geom.xtbopt.xyz,/scratch/jaggbow/mol_xtb_coordinates/chromo3725/mmff.xyz,/scratch/jaggbow/mol_xtb_coordinates/chromo3725/basic.xyz,1,,,,,,
2046,chromo2339,CC(C)(C)c1ccc(-c2c3c(c(-c4ccccc4)c4cc5ccccc5cc24)Cc2c(c(-c4ccccc4)c4cc5ccccc5cc4c2-c2ccc(C(C)(C)C)cc2)C3)cc1,3.0779,1.2743,3.3963,1.0696,/scratch/jaggbow/mol_xtb_coordinates/chromo2339/geom.xtbopt.xyz,/scratch/jaggbow/mol_xtb_coordinates/chromo2339/mmff.xyz,/scratch/jaggbow/mol_xtb_coordinates/chromo2339/basic.xyz,0,,,,,,
2047,chromo2617,CC(C)(C)c1ccc2c(c1)c1cc(C(C)(C)C)ccc1n2-c1ccc(C#Cc2ccc(C=C(C#N)C#N)cc2)cc1,2.1613,0.3621000000000003,3.601,0.7793000000000001,/scratch/jaggbow/mol_xtb_coordinates/chromo2617/geom.xtbopt.xyz,/scratch/jaggbow/mol_xtb_coordinates/chromo2617/mmff.xyz,/scratch/jaggbow/mol_xtb_coordinates/chromo2617/basic.xyz,1,,,,,,
2048,chromo0526,N#CC(=Cc1ccncc1)c1nc(-c2ccccc2)cs1,2.8985,1.0299999999999998,3.4054,0.9866,/scratch/jaggbow/mol_xtb_coordinates/chromo0526/geom.xtbopt.xyz,/scratch/jaggbow/mol_xtb_coordinates/chromo0526/mmff.xyz,/scratch/jaggbow/mol_xtb_coordinates/chromo0526/basic.xyz,0,,,,,,
2049,chromo2298,FC(F)(F)c1ccccc1B1c2ccccc2Nc2ccccc21,3.567,0.7938000000000001,3.5261,0.7595000000000001,/scratch/jaggbow/mol_xtb_coordinates/chromo2298/geom.xtbopt.xyz,/scratch/jaggbow/mol_xtb_coordinates/chromo2298/mmff.xyz,/scratch/jaggbow/mol_xtb_coordinates/chromo2298/basic.xyz,0,,,,,,
2050,chromo2843,C(=Cc1ccncn1)c1ccc(-c2ccco2)cc1,3.2888,1.2579000000000002,3.7332,0.9845000000000002,/scratch/jaggbow/mol_xtb_coordinates/chromo2843/geom.xtbopt.xyz,/scratch/jaggbow/mol_xtb_coordinates/chromo2843/mmff.xyz,/scratch/jaggbow/mol_xtb_coordinates/chromo2843/basic.xyz,0,,,,,,
2051,chromo1901,COC(=O)C(Cc1ccc2oc(-c3c4ccccc4cc4ccccc34)nc2c1)NC(=O)OC(C)(C)C,3.0157,1.3230999999999995,3.1725,0.9926,/scratch/jaggbow/mol_xtb_coordinates/chromo1901/geom.xtbopt.xyz,/scratch/jaggbow/mol_xtb_coordinates/chromo1901/mmff.xyz,/scratch/jaggbow/mol_xtb_coordinates/chromo1901/basic.xyz,1,,,,,,
2052,chromo2043,O=P(c1ccccc1)(c1ccccc1)c1cccc(-c2nc3ccccc3n2-c2cccc(P(=O)(c3ccccc3)c3ccccc3)c2)c1,4.0884,1.142,4.3758,0.4716999999999998,/scratch/jaggbow/mol_xtb_coordinates/chromo2043/geom.xtbopt.xyz,/scratch/jaggbow/mol_xtb_coordinates/chromo2043/mmff.xyz,/scratch/jaggbow/mol_xtb_coordinates/chromo2043/basic.xyz,0,,,,,,
2053,chromo5523,CCCCOc1ccc(C=CC=CC=Cc2ccc([N+](=O)[O-])cc2)cc1,2.5911,1.201,3.2299,1.1314000000000002,/scratch/jaggbow/mol_xtb_coordinates/chromo5523/geom.xtbopt.xyz,/scratch/jaggbow/mol_xtb_coordinates/chromo5523/mmff.xyz,/scratch/jaggbow/mol_xtb_coordinates/chromo5523/basic.xyz,1,,,,,,
2054,chromo4893,CC1=CC(C)=[N+]2C1=C(c1ccc(-c3ccc(O)cc3)s1)c1c(C)cc(C)n1[B-]2(F)F,2.6528,1.2362,2.8359,1.3674000000000002,/scratch/jaggbow/mol_xtb_coordinates/chromo4893/geom.xtbopt.xyz,/scratch/jaggbow/mol_xtb_coordinates/chromo4893/mmff.xyz,/scratch/jaggbow/mol_xtb_coordinates/chromo4893/basic.xyz,1,,,,,,
2055,chromo0303,CCOc1ccc(C=Cc2nc(N3CCOCC3)c3c([n+]2[O-])CCCC3)cc1,3.0059,1.2373,2.9588,0.8486000000000002,/scratch/jaggbow/mol_xtb_coordinates/chromo0303/geom.xtbopt.xyz,/scratch/jaggbow/mol_xtb_coordinates/chromo0303/mmff.xyz,/scratch/jaggbow/mol_xtb_coordinates/chromo0303/basic.xyz,0,,,,,,
2056,chromo2479,CNc1ncc2nc(C(=O)OC)n(Cc3ccccc3)c2n1,3.6933,1.1082999999999998,3.8821,0.9766999999999996,/scratch/jaggbow/mol_xtb_coordinates/chromo2479/geom.xtbopt.xyz,/scratch/jaggbow/mol_xtb_coordinates/chromo2479/mmff.xyz,/scratch/jaggbow/mol_xtb_coordinates/chromo2479/basic.xyz,0,,,,,,
2057,chromo2844,Clc1ccc(C=Cc2cnc3ccccc3n2)cc1,3.3194,1.2788999999999997,3.4128,0.5943,/scratch/jaggbow/mol_xtb_coordinates/chromo2844/geom.xtbopt.xyz,/scratch/jaggbow/mol_xtb_coordinates/chromo2844/mmff.xyz,/scratch/jaggbow/mol_xtb_coordinates/chromo2844/basic.xyz,0,,,,,,
2058,chromo0928,C[Si](C)(C)[Si](c1ccc(-c2ccc(-c3ccc(-c4ccc([Si]([Si](C)(C)C)([Si](C)(C)C)[Si](C)(C)C)s4)s3)s2)s1)([Si](C)(C)C)[Si](C)(C)C,2.6838,1.0477,3.0264,0.9132000000000002,/scratch/jaggbow/mol_xtb_coordinates/chromo0928/geom.xtbopt.xyz,/scratch/jaggbow/mol_xtb_coordinates/chromo0928/mmff.xyz,/scratch/jaggbow/mol_xtb_coordinates/chromo0928/basic.xyz,0,,,,,,
2059,chromo4174,COc1ccc2nc(N)sc2c1,4.2718,0.9362999999999996,4.2875,0.7222999999999997,/scratch/jaggbow/mol_xtb_coordinates/chromo4174/geom.xtbopt.xyz,/scratch/jaggbow/mol_xtb_coordinates/chromo4174/mmff.xyz,/scratch/jaggbow/mol_xtb_coordinates/chromo4174/basic.xyz,1,,,,,,
2060,chromo4600,CC(=O)c1ccc(-c2cc3c(ccc4sccc43)s2)cc1,3.3609,1.0318,3.6659,0.8612000000000002,/scratch/jaggbow/mol_xtb_coordinates/chromo4600/geom.xtbopt.xyz,/scratch/jaggbow/mol_xtb_coordinates/chromo4600/mmff.xyz,/scratch/jaggbow/mol_xtb_coordinates/chromo4600/basic.xyz,0,,,,,,
2061,chromo2424,COC(=O)c1cc(=O)n(C)c2cc(-c3ccccc3)sc12,3.1071,1.1906,3.0406,0.9704000000000002,/scratch/jaggbow/mol_xtb_coordinates/chromo2424/geom.xtbopt.xyz,/scratch/jaggbow/mol_xtb_coordinates/chromo2424/mmff.xyz,/scratch/jaggbow/mol_xtb_coordinates/chromo2424/basic.xyz,1,,,,,,
2062,chromo3164,COc1cc(C=Cc2nc3ccccc3o2)c(OC)cc1C=Cc1nc(C)nc(C=Cc2cc(OC)c(C=Cc3nc4ccccc4o3)cc2OC)n1,2.596,0.9344,3.0426,0.7392000000000003,/scratch/jaggbow/mol_xtb_coordinates/chromo3164/geom.xtbopt.xyz,/scratch/jaggbow/mol_xtb_coordinates/chromo3164/mmff.xyz,/scratch/jaggbow/mol_xtb_coordinates/chromo3164/basic.xyz,0,,,,,,
2063,chromo3382,O=C1c2cccc3c(-n4c5ccccc5c5ccccc54)ccc(c23)C(=O)N1C1CCCCC1,2.5346,0.3571,2.9732,0.4847999999999999,/scratch/jaggbow/mol_xtb_coordinates/chromo3382/geom.xtbopt.xyz,/scratch/jaggbow/mol_xtb_coordinates/chromo3382/mmff.xyz,/scratch/jaggbow/mol_xtb_coordinates/chromo3382/basic.xyz,0,,,,,,
2064,chromo5976,CCn1c2sccc2c2c3nsnc3c3c4ccsc4n(CC)c3c21,2.8092,0.7014,3.4687,0.6167000000000002,/scratch/jaggbow/mol_xtb_coordinates/chromo5976/geom.xtbopt.xyz,/scratch/jaggbow/mol_xtb_coordinates/chromo5976/mmff.xyz,/scratch/jaggbow/mol_xtb_coordinates/chromo5976/basic.xyz,0,,,,,,
2065,chromo2440,COC(=O)c1cc(=O)n(C)c2cc(-c3cccc(N(C)C)c3)sc12,2.8784,0.9694,3.0455,0.9762,/scratch/jaggbow/mol_xtb_coordinates/chromo2440/geom.xtbopt.xyz,/scratch/jaggbow/mol_xtb_coordinates/chromo2440/mmff.xyz,/scratch/jaggbow/mol_xtb_coordinates/chromo2440/basic.xyz,1,,,,,,
2066,chromo4512,N#CC(C#N)=C(C=Cc1cn(-c2ccccc2)nc1-c1ccccc1)c1ccccc1,3.063,1.2657000000000005,3.3735,1.08,/scratch/jaggbow/mol_xtb_coordinates/chromo4512/geom.xtbopt.xyz,/scratch/jaggbow/mol_xtb_coordinates/chromo4512/mmff.xyz,/scratch/jaggbow/mol_xtb_coordinates/chromo4512/basic.xyz,0,,,,,,
2067,chromo0778,C(=Cc1ccnc(C=Cc2ccc(N(c3ccccc3)c3ccccc3)cc2)n1)c1ccc(N(c2ccccc2)c2ccccc2)cc1,2.8341,0.7748999999999997,3.2119,0.5129999999999999,/scratch/jaggbow/mol_xtb_coordinates/chromo0778/geom.xtbopt.xyz,/scratch/jaggbow/mol_xtb_coordinates/chromo0778/mmff.xyz,/scratch/jaggbow/mol_xtb_coordinates/chromo0778/basic.xyz,0,,,,,,
2068,chromo2352,CNC(=O)C(C)NC(=O)c1cccc2c1C#Cc1c(N)cccc1OCCCO2,3.2032,0.7143999999999999,3.5511,0.5617000000000001,/scratch/jaggbow/mol_xtb_coordinates/chromo2352/geom.xtbopt.xyz,/scratch/jaggbow/mol_xtb_coordinates/chromo2352/mmff.xyz,/scratch/jaggbow/mol_xtb_coordinates/chromo2352/basic.xyz,0,,,,,,
2069,chromo2986,COc1cc(N(c2ccccc2)c2ccccc2)ccc1C=C(C#N)C#N,3.0366,1.0619,3.1586,0.7969999999999997,/scratch/jaggbow/mol_xtb_coordinates/chromo2986/geom.xtbopt.xyz,/scratch/jaggbow/mol_xtb_coordinates/chromo2986/mmff.xyz,/scratch/jaggbow/mol_xtb_coordinates/chromo2986/basic.xyz,1,,,,,,
2070,chromo5466,c1ccc(C2=C(c3ccccc3)c3cccc4c3c(cc3nc5c(-c6ccccc6)ccc(-c6ccccc6)c5nc34)O2)cc1,2.5439,0.7267999999999999,2.8103,0.6260999999999997,/scratch/jaggbow/mol_xtb_coordinates/chromo5466/geom.xtbopt.xyz,/scratch/jaggbow/mol_xtb_coordinates/chromo5466/mmff.xyz,/scratch/jaggbow/mol_xtb_coordinates/chromo5466/basic.xyz,0,,,,,,
2071,chromo2788,C(=Cc1nc2ccccc2[nH]1)c1ccc(-c2nc3c4cccnc4c4ncccc4c3[nH]2)cc1,3.007,1.0438,3.5139,0.7214999999999998,/scratch/jaggbow/mol_xtb_coordinates/chromo2788/geom.xtbopt.xyz,/scratch/jaggbow/mol_xtb_coordinates/chromo2788/mmff.xyz,/scratch/jaggbow/mol_xtb_coordinates/chromo2788/basic.xyz,0,,,,,,
2072,chromo4578,c1cncc(-c2ccc(-c3c4ccccc4c(-c4ccc(-c5cccnc5)cc4)c4ccccc34)cc2)c1,3.1145,1.3872,3.2962,1.0170999999999997,/scratch/jaggbow/mol_xtb_coordinates/chromo4578/geom.xtbopt.xyz,/scratch/jaggbow/mol_xtb_coordinates/chromo4578/mmff.xyz,/scratch/jaggbow/mol_xtb_coordinates/chromo4578/basic.xyz,1,,,,,,
2073,chromo5408,c1ccc(N(c2ccccc2)c2ccc(-c3ccc4c(c3)C3(c5ccccc5Sc5ccccc53)c3cc(-c5ccc(N(c6ccccc6)c6ccccc6)cc5)ccc3-4)cc2)cc1,3.0827,0.6189,3.8127,0.4220999999999999,/scratch/jaggbow/mol_xtb_coordinates/chromo5408/geom.xtbopt.xyz,/scratch/jaggbow/mol_xtb_coordinates/chromo5408/mmff.xyz,/scratch/jaggbow/mol_xtb_coordinates/chromo5408/basic.xyz,0,,,,,,
2074,chromo2836,S=P1(c2ccccc2)C(c2ccccc2)=Cc2cc3ccccc3cc21,3.2315,1.0118,3.576,0.6924000000000001,/scratch/jaggbow/mol_xtb_coordinates/chromo2836/geom.xtbopt.xyz,/scratch/jaggbow/mol_xtb_coordinates/chromo2836/mmff.xyz,/scratch/jaggbow/mol_xtb_coordinates/chromo2836/basic.xyz,0,,,,,,
2075,chromo3492,CCN(CC)c1ccc2cc(-c3csc(N)c3C#N)c(=O)oc2c1,3.3027,1.1359000000000004,3.3805,0.9258000000000002,/scratch/jaggbow/mol_xtb_coordinates/chromo3492/geom.xtbopt.xyz,/scratch/jaggbow/mol_xtb_coordinates/chromo3492/mmff.xyz,/scratch/jaggbow/mol_xtb_coordinates/chromo3492/basic.xyz,1,,,,,,
2076,chromo3561,CN(C)c1ccc(C=Cc2cnc(C#Cc3ccc(C#N)cc3)o2)cc1,2.5239,0.8109999999999997,3.2246,0.9085,/scratch/jaggbow/mol_xtb_coordinates/chromo3561/geom.xtbopt.xyz,/scratch/jaggbow/mol_xtb_coordinates/chromo3561/mmff.xyz,/scratch/jaggbow/mol_xtb_coordinates/chromo3561/basic.xyz,1,,,,,,
2077,chromo3582,CCn1c2ccc(C=Cc3ccc4c(c3)c3cc(-c5nc6ccccc6s5)ccc3n4CC)cc2c2cc(-c3nc4ccccc4s3)ccc21,3.0889,0.8641000000000001,3.4933,0.5566,/scratch/jaggbow/mol_xtb_coordinates/chromo3582/geom.xtbopt.xyz,/scratch/jaggbow/mol_xtb_coordinates/chromo3582/mmff.xyz,/scratch/jaggbow/mol_xtb_coordinates/chromo3582/basic.xyz,1,,,,,,
2078,chromo6342,COC(=O)c1[nH]c(-c2ccc(OC)cc2)c2nnc3ccc(OC)cc3c12,3.0986,0.9867,3.1338,0.7875000000000001,/scratch/jaggbow/mol_xtb_coordinates/chromo6342/geom.xtbopt.xyz,/scratch/jaggbow/mol_xtb_coordinates/chromo6342/mmff.xyz,/scratch/jaggbow/mol_xtb_coordinates/chromo6342/basic.xyz,0,,,,,,
2079,chromo2600,N#CC(C#N)=Cc1ccc2c(c1)[nH]c1c3ccccc3ccc21,2.6817,0.6667000000000001,3.1326,0.5281000000000002,/scratch/jaggbow/mol_xtb_coordinates/chromo2600/geom.xtbopt.xyz,/scratch/jaggbow/mol_xtb_coordinates/chromo2600/mmff.xyz,/scratch/jaggbow/mol_xtb_coordinates/chromo2600/basic.xyz,0,,,,,,
2080,chromo3106,Cc1cc2cc(C)c3c4ccccc4[nH]c3c2s1,3.8682,0.9560999999999996,3.8497,0.4782999999999999,/scratch/jaggbow/mol_xtb_coordinates/chromo3106/geom.xtbopt.xyz,/scratch/jaggbow/mol_xtb_coordinates/chromo3106/mmff.xyz,/scratch/jaggbow/mol_xtb_coordinates/chromo3106/basic.xyz,0,,,,,,
2081,chromo4689,C[Si]1(C)O[Si](C)(C)c2cc3nc4ccc([N+](=O)[O-])cc4c(-c4ccccc4)c3cc2[Si](C)(C)O1,2.9091,1.0904,3.1443,0.7483,/scratch/jaggbow/mol_xtb_coordinates/chromo4689/geom.xtbopt.xyz,/scratch/jaggbow/mol_xtb_coordinates/chromo4689/mmff.xyz,/scratch/jaggbow/mol_xtb_coordinates/chromo4689/basic.xyz,0,,,,,,
2082,chromo2548,COc1ccc2c(c1)c1c(c3cc(OC)ccc32)=[N+]2C(=C(c3c(C)cc(C)cc3C)c3cc4c5cc(OC)ccc5c5ccc(OC)cc5c4n3[B-]2(F)F)C=1,1.7688,0.5343,2.4437,0.8936000000000002,/scratch/jaggbow/mol_xtb_coordinates/chromo2548/geom.xtbopt.xyz,/scratch/jaggbow/mol_xtb_coordinates/chromo2548/mmff.xyz,/scratch/jaggbow/mol_xtb_coordinates/chromo2548/basic.xyz,0,,,,,,
2083,chromo2585,Cn1cc(-c2nc3ccccc3nc2C#Cc2ccc(C#N)cc2)c2ccccc21,2.6582,0.3746,3.2531,0.4306000000000001,/scratch/jaggbow/mol_xtb_coordinates/chromo2585/geom.xtbopt.xyz,/scratch/jaggbow/mol_xtb_coordinates/chromo2585/mmff.xyz,/scratch/jaggbow/mol_xtb_coordinates/chromo2585/basic.xyz,0,,,,,,
2084,chromo4818,c1ccc(N2N=C(c3ccc4ccc5cccc6ccc3c4c56)CC2c2ccc3ccc4cccc5ccc2c3c45)cc1,2.626,0.9558,2.9613,0.8984999999999999,/scratch/jaggbow/mol_xtb_coordinates/chromo4818/geom.xtbopt.xyz,/scratch/jaggbow/mol_xtb_coordinates/chromo4818/mmff.xyz,/scratch/jaggbow/mol_xtb_coordinates/chromo4818/basic.xyz,1,,,,,,
2085,chromo3278,F[B-]1(F)n2cccc2C(c2ccccc2)=C2C=CC(N3CCOCC3)=[N+]21,2.8691,1.471,2.7627,1.5075,/scratch/jaggbow/mol_xtb_coordinates/chromo3278/geom.xtbopt.xyz,/scratch/jaggbow/mol_xtb_coordinates/chromo3278/mmff.xyz,/scratch/jaggbow/mol_xtb_coordinates/chromo3278/basic.xyz,1,,,,,,
2086,chromo1151,O=C1c2cc3ccccc3cc2C2=Nc3cccc[n+]3[B-](F)(F)N12,3.3558,0.8205999999999998,3.5651,0.7346000000000004,/scratch/jaggbow/mol_xtb_coordinates/chromo1151/geom.xtbopt.xyz,/scratch/jaggbow/mol_xtb_coordinates/chromo1151/mmff.xyz,/scratch/jaggbow/mol_xtb_coordinates/chromo1151/basic.xyz,0,,,,,,
2087,chromo5406,O=S1(=O)c2ccccc2C2(c3cc(-c4ccc(-n5c6ccccc6c6ccccc65)cc4)ccc3-c3ccc(-c4ccc(-n5c6ccccc6c6ccccc65)cc4)cc32)c2ccccc21,3.1305,0.5821000000000001,3.8485,0.4102000000000001,/scratch/jaggbow/mol_xtb_coordinates/chromo5406/geom.xtbopt.xyz,/scratch/jaggbow/mol_xtb_coordinates/chromo5406/mmff.xyz,/scratch/jaggbow/mol_xtb_coordinates/chromo5406/basic.xyz,0,,,,,,
2088,chromo3139,C(=Cc1ccc(-c2ccc(C=CSC=C3CCCC3)cc2)cc1)SC=C1CCCC1,3.3122,1.0425999999999995,3.794,0.7604000000000002,/scratch/jaggbow/mol_xtb_coordinates/chromo3139/geom.xtbopt.xyz,/scratch/jaggbow/mol_xtb_coordinates/chromo3139/mmff.xyz,/scratch/jaggbow/mol_xtb_coordinates/chromo3139/basic.xyz,1,,,,,,
2089,chromo0774,FC(F)(F)c1ccc(C=Cc2nc(C=Cc3ccc(N(c4ccccc4)c4ccccc4)cc3)cc(C=Cc3ccc(N(c4ccccc4)c4ccccc4)cc3)n2)cc1,2.6399,0.6189999999999998,3.3259,0.5912999999999999,/scratch/jaggbow/mol_xtb_coordinates/chromo0774/geom.xtbopt.xyz,/scratch/jaggbow/mol_xtb_coordinates/chromo0774/mmff.xyz,/scratch/jaggbow/mol_xtb_coordinates/chromo0774/basic.xyz,1,,,,,,
2090,chromo3241,COc1cc(C=CC2=[O+][B-](F)(F)OC(C=Cc3ccc(OS(=O)(=O)c4ccc(C)cc4)c(OC)c3)=C2)ccc1O,2.7516,0.8876999999999999,2.9743,0.8125,/scratch/jaggbow/mol_xtb_coordinates/chromo3241/geom.xtbopt.xyz,/scratch/jaggbow/mol_xtb_coordinates/chromo3241/mmff.xyz,/scratch/jaggbow/mol_xtb_coordinates/chromo3241/basic.xyz,1,,,,,,
2091,chromo2742,C(#Cc1ccccc1)c1ccccc1,4.1653,1.4879000000000002,4.892,0.4960000000000004,/scratch/jaggbow/mol_xtb_coordinates/chromo2742/geom.xtbopt.xyz,/scratch/jaggbow/mol_xtb_coordinates/chromo2742/mmff.xyz,/scratch/jaggbow/mol_xtb_coordinates/chromo2742/basic.xyz,1,,,,,,
2092,chromo3464,COC(=O)c1c(-c2cc3ccccc3oc2=O)nn(-c2cccc(Cl)c2)c1C(=O)OC,3.8663,1.2618,3.9108,0.8921000000000001,/scratch/jaggbow/mol_xtb_coordinates/chromo3464/geom.xtbopt.xyz,/scratch/jaggbow/mol_xtb_coordinates/chromo3464/mmff.xyz,/scratch/jaggbow/mol_xtb_coordinates/chromo3464/basic.xyz,1,,,,,,
2093,chromo4068,O=c1oc2ccccc2cc1-c1ccc(-c2ccc(-c3cc4ccccc4oc3=O)cc2)cc1,3.2234,0.9400999999999996,3.8606,0.7988,/scratch/jaggbow/mol_xtb_coordinates/chromo4068/geom.xtbopt.xyz,/scratch/jaggbow/mol_xtb_coordinates/chromo4068/mmff.xyz,/scratch/jaggbow/mol_xtb_coordinates/chromo4068/basic.xyz,1,,,,,,
2094,chromo4370,O=c1c2ccccc2nc2ccc(-c3ccc(N(c4ccccc4)c4ccccc4)cc3)cn12,2.937,0.819,3.5502,0.9478999999999996,/scratch/jaggbow/mol_xtb_coordinates/chromo4370/geom.xtbopt.xyz,/scratch/jaggbow/mol_xtb_coordinates/chromo4370/mmff.xyz,/scratch/jaggbow/mol_xtb_coordinates/chromo4370/basic.xyz,0,,,,,,
2095,chromo4601,COc1ccc(-c2cc3c(ccc4sc(C=Cc5cccs5)cc43)s2)cc1,2.9995,1.2581999999999998,3.299,1.0059,/scratch/jaggbow/mol_xtb_coordinates/chromo4601/geom.xtbopt.xyz,/scratch/jaggbow/mol_xtb_coordinates/chromo4601/mmff.xyz,/scratch/jaggbow/mol_xtb_coordinates/chromo4601/basic.xyz,0,,,,,,
2096,chromo4823,COc1ccc2c(c1)CCc1c(-c3ccccc3)c3n(c1-2)[B-](F)(F)[N+]1=C2C=NC=CN2[B-](F)(F)[N+]1=C3,2.537,0.8030999999999999,2.9244,1.0125,/scratch/jaggbow/mol_xtb_coordinates/chromo4823/geom.xtbopt.xyz,/scratch/jaggbow/mol_xtb_coordinates/chromo4823/mmff.xyz,/scratch/jaggbow/mol_xtb_coordinates/chromo4823/basic.xyz,0,,,,,,
2097,chromo2587,COc1ccc(C#Cc2nc3ccccc3nc2-c2csc(OC)c2)cc1,2.9578,0.6310000000000002,3.1505,0.1825999999999998,/scratch/jaggbow/mol_xtb_coordinates/chromo2587/geom.xtbopt.xyz,/scratch/jaggbow/mol_xtb_coordinates/chromo2587/mmff.xyz,/scratch/jaggbow/mol_xtb_coordinates/chromo2587/basic.xyz,0,,,,,,
2098,chromo2783,Cc1ccc(Sc2ccc3ccc4cccc5ccc2c3c45)cc1,3.1803,1.1353999999999995,3.4924,0.8552999999999997,/scratch/jaggbow/mol_xtb_coordinates/chromo2783/geom.xtbopt.xyz,/scratch/jaggbow/mol_xtb_coordinates/chromo2783/mmff.xyz,/scratch/jaggbow/mol_xtb_coordinates/chromo2783/basic.xyz,1,,,,,,
2099,chromo0500,O=C(c1ccc(N(c2ccccc2)c2ccccc2)cc1)C1C(c2cccs2)CC(O)(c2ccccn2)CC1(O)c1ccccn1,3.3466,0.831,3.553,0.5590999999999999,/scratch/jaggbow/mol_xtb_coordinates/chromo0500/geom.xtbopt.xyz,/scratch/jaggbow/mol_xtb_coordinates/chromo0500/mmff.xyz,/scratch/jaggbow/mol_xtb_coordinates/chromo0500/basic.xyz,1,,,,,,
2100,chromo0755,C(=Cc1cc(C=Cc2ccc(N(c3ccccc3)c3ccccc3)cc2)ncn1)c1ccc(N(c2ccccc2)c2ccccc2)cc1,2.6675,0.6173000000000002,3.2337,0.5676999999999999,/scratch/jaggbow/mol_xtb_coordinates/chromo0755/geom.xtbopt.xyz,/scratch/jaggbow/mol_xtb_coordinates/chromo0755/mmff.xyz,/scratch/jaggbow/mol_xtb_coordinates/chromo0755/basic.xyz,0,,,,,,
2101,chromo1226,CC1=C2C=CC(C)=[N+]2[B-](F)(F)n2cccc21,3.1066,1.4767,2.9483,1.4953,/scratch/jaggbow/mol_xtb_coordinates/chromo1226/geom.xtbopt.xyz,/scratch/jaggbow/mol_xtb_coordinates/chromo1226/mmff.xyz,/scratch/jaggbow/mol_xtb_coordinates/chromo1226/basic.xyz,1,,,,,,
2102,chromo2883,CCCCn1c2ccccc2c2ccc3c4cc(-c5ccc(C(F)(F)F)cc5)ccc4n(CCCC)c3c21,3.5421,0.6581999999999999,3.5391,0.4676999999999998,/scratch/jaggbow/mol_xtb_coordinates/chromo2883/geom.xtbopt.xyz,/scratch/jaggbow/mol_xtb_coordinates/chromo2883/mmff.xyz,/scratch/jaggbow/mol_xtb_coordinates/chromo2883/basic.xyz,0,,,,,,
2103,chromo0201,Cc1ccc(O)c(-c2nc(C)c3n2CCCC3)c1,4.1212,1.13,4.1551,0.6934,/scratch/jaggbow/mol_xtb_coordinates/chromo0201/geom.xtbopt.xyz,/scratch/jaggbow/mol_xtb_coordinates/chromo0201/mmff.xyz,/scratch/jaggbow/mol_xtb_coordinates/chromo0201/basic.xyz,0,,,,,,
2104,chromo3065,CC1=NC(=Cc2ccccc2N(C)C)C(=O)N1C,3.0532,1.2172999999999998,2.7997,0.9074,/scratch/jaggbow/mol_xtb_coordinates/chromo3065/geom.xtbopt.xyz,/scratch/jaggbow/mol_xtb_coordinates/chromo3065/mmff.xyz,/scratch/jaggbow/mol_xtb_coordinates/chromo3065/basic.xyz,0,,,,,,
2105,chromo5259,Cc1c2ccccc2c(C2=C3C=CC=[N+]3[B-](F)(F)n3cccc32)c2ccccc12,2.0325,0.4401000000000001,2.7609,1.2345,/scratch/jaggbow/mol_xtb_coordinates/chromo5259/geom.xtbopt.xyz,/scratch/jaggbow/mol_xtb_coordinates/chromo5259/mmff.xyz,/scratch/jaggbow/mol_xtb_coordinates/chromo5259/basic.xyz,1,,,,,,
2106,chromo4604,COc1ccc(-c2cc3c(ccc4sc5ccc6sc(-c7ccc(C(C)=O)cc7)cc6c5c43)s2)cc1,2.8548,0.6133000000000002,3.3962,0.5966999999999998,/scratch/jaggbow/mol_xtb_coordinates/chromo4604/geom.xtbopt.xyz,/scratch/jaggbow/mol_xtb_coordinates/chromo4604/mmff.xyz,/scratch/jaggbow/mol_xtb_coordinates/chromo4604/basic.xyz,0,,,,,,
2107,chromo0429,Cc1cc(O)c(C(=O)C=Cc2ccc(O)c(O)c2)c(=O)o1,3.2452,1.0922,3.4065,0.7856000000000001,/scratch/jaggbow/mol_xtb_coordinates/chromo0429/geom.xtbopt.xyz,/scratch/jaggbow/mol_xtb_coordinates/chromo0429/mmff.xyz,/scratch/jaggbow/mol_xtb_coordinates/chromo0429/basic.xyz,0,,,,,,
2108,chromo5263,CC1=[N+]2C(=C(c3c4ccccc4c(-c4ccccc4)c4ccccc34)c3ccc(C)n3[B-]2(F)F)C=C1,2.1868,0.6888999999999998,2.9411,1.4704000000000002,/scratch/jaggbow/mol_xtb_coordinates/chromo5263/geom.xtbopt.xyz,/scratch/jaggbow/mol_xtb_coordinates/chromo5263/mmff.xyz,/scratch/jaggbow/mol_xtb_coordinates/chromo5263/basic.xyz,1,,,,,,
2109,chromo2703,N#Cc1ccc(C#Cc2ccc3ccc4ccc(C#Cc5ccc(C#N)cc5)c5ccc2c3c45)cc1,2.62,1.0102000000000002,3.522,0.996,/scratch/jaggbow/mol_xtb_coordinates/chromo2703/geom.xtbopt.xyz,/scratch/jaggbow/mol_xtb_coordinates/chromo2703/mmff.xyz,/scratch/jaggbow/mol_xtb_coordinates/chromo2703/basic.xyz,1,,,,,,
2110,chromo6356,COc1ccc(N2c3c(sc4ccccc34)Sc3sc4ccccc4c32)cc1,3.3212,0.5146000000000002,2.0548,0.5043000000000002,/scratch/jaggbow/mol_xtb_coordinates/chromo6356/geom.xtbopt.xyz,/scratch/jaggbow/mol_xtb_coordinates/chromo6356/mmff.xyz,/scratch/jaggbow/mol_xtb_coordinates/chromo6356/basic.xyz,0,,,,,,
2111,chromo1810,CCN(CC)c1ccc2cc(C#N)c(=NC(=O)C(C)C)oc2c1,3.266,1.1211000000000002,3.3297,1.0069999999999997,/scratch/jaggbow/mol_xtb_coordinates/chromo1810/geom.xtbopt.xyz,/scratch/jaggbow/mol_xtb_coordinates/chromo1810/mmff.xyz,/scratch/jaggbow/mol_xtb_coordinates/chromo1810/basic.xyz,1,,,,,,
2112,chromo4098,Cc1ccc(C#Cc2ccc3nc4ccc(C#Cc5ccc(C)cc5)cn4c(=O)c3c2)cc1,2.9246,0.9453999999999998,3.474,0.8928000000000003,/scratch/jaggbow/mol_xtb_coordinates/chromo4098/geom.xtbopt.xyz,/scratch/jaggbow/mol_xtb_coordinates/chromo4098/mmff.xyz,/scratch/jaggbow/mol_xtb_coordinates/chromo4098/basic.xyz,0,,,,,,
2113,chromo1796,CCC1=C(C)c2cc3[nH]c(cc4nc(c5c6[nH]c(cc1n2)c(C)c6C(=O)C5)C(CCC(=O)OC)C4C)c(C)c3C=C(C)[N+](=O)[O-],2.0319,0.7710999999999999,2.1703,0.4377000000000002,/scratch/jaggbow/mol_xtb_coordinates/chromo1796/geom.xtbopt.xyz,/scratch/jaggbow/mol_xtb_coordinates/chromo1796/mmff.xyz,/scratch/jaggbow/mol_xtb_coordinates/chromo1796/basic.xyz,0,,,,,,
2114,chromo3138,C(=Cc1ccc(C=CSC=C(c2ccccc2)c2ccccc2)cc1)SC=C(c1ccccc1)c1ccccc1,3.0618,0.9587,3.4502,0.6352000000000002,/scratch/jaggbow/mol_xtb_coordinates/chromo3138/geom.xtbopt.xyz,/scratch/jaggbow/mol_xtb_coordinates/chromo3138/mmff.xyz,/scratch/jaggbow/mol_xtb_coordinates/chromo3138/basic.xyz,1,,,,,,
2115,chromo3701,C(#Cc1nc(C#Cc2cccs2)c(C#Cc2cccs2)c(C#Cc2cccs2)c1C#Cc1cccs1)c1cccs1,2.5561,0.8684999999999998,3.4178,0.7050000000000001,/scratch/jaggbow/mol_xtb_coordinates/chromo3701/geom.xtbopt.xyz,/scratch/jaggbow/mol_xtb_coordinates/chromo3701/mmff.xyz,/scratch/jaggbow/mol_xtb_coordinates/chromo3701/basic.xyz,0,,,,,,
2116,chromo4585,Cc1ccc(-c2c3nc(c(-c4ccc(C)cc4)c4ccc([nH]4)c(-c4ccc(OC(=O)C(C)c5ccc(Oc6ccccc6)cc5)cc4)c4nc(c(-c5ccc(C)cc5)c5ccc2[nH]5)C=C4)C=C3)cc1,2.1304,0.7800999999999998,2.0925,0.1951999999999998,/scratch/jaggbow/mol_xtb_coordinates/chromo4585/geom.xtbopt.xyz,/scratch/jaggbow/mol_xtb_coordinates/chromo4585/mmff.xyz,/scratch/jaggbow/mol_xtb_coordinates/chromo4585/basic.xyz,0,,,,,,
2117,chromo0783,COc1ccc(C2=Cc3ccccc3[Si]2(c2ccccc2)c2ccccc2)cc1,3.4678,1.2454999999999998,3.9338,1.0262000000000002,/scratch/jaggbow/mol_xtb_coordinates/chromo0783/geom.xtbopt.xyz,/scratch/jaggbow/mol_xtb_coordinates/chromo0783/mmff.xyz,/scratch/jaggbow/mol_xtb_coordinates/chromo0783/basic.xyz,0,,,,,,
2118,chromo2045,O=P(c1ccccc1)(c1ccccc1)c1ccc(-c2nc3ccccc3n2-c2cccc(P(=O)(c3ccccc3)c3ccccc3)c2)cc1,3.9956,1.0821999999999998,4.366,0.4750999999999998,/scratch/jaggbow/mol_xtb_coordinates/chromo2045/geom.xtbopt.xyz,/scratch/jaggbow/mol_xtb_coordinates/chromo2045/mmff.xyz,/scratch/jaggbow/mol_xtb_coordinates/chromo2045/basic.xyz,0,,,,,,
2119,chromo4547,Fc1ccc(-c2nc3n(c2-c2ccncc2)CCS3)cc1,3.6045,0.8847999999999998,3.6693,0.6549999999999998,/scratch/jaggbow/mol_xtb_coordinates/chromo4547/geom.xtbopt.xyz,/scratch/jaggbow/mol_xtb_coordinates/chromo4547/mmff.xyz,/scratch/jaggbow/mol_xtb_coordinates/chromo4547/basic.xyz,0,,,,,,
2120,chromo5106,Cc1ccccc1-c1cc(-c2ccccc2)nc(-c2ccc(N3c4ccccc4C(C)(C)c4ccccc43)cc2)n1,2.8117,0.0079000000000002,3.6545,0.2804000000000002,/scratch/jaggbow/mol_xtb_coordinates/chromo5106/geom.xtbopt.xyz,/scratch/jaggbow/mol_xtb_coordinates/chromo5106/mmff.xyz,/scratch/jaggbow/mol_xtb_coordinates/chromo5106/basic.xyz,0,,,,,,
2121,chromo2796,O=C1C(=CC=Cc2cc3c4c(c2)CCCN4CCC3)CCC1=CC=Cc1cc2c3c(c1)CCCN3CCC2,2.4298,0.8933000000000002,2.8861,0.7972999999999999,/scratch/jaggbow/mol_xtb_coordinates/chromo2796/geom.xtbopt.xyz,/scratch/jaggbow/mol_xtb_coordinates/chromo2796/mmff.xyz,/scratch/jaggbow/mol_xtb_coordinates/chromo2796/basic.xyz,0,,,,,,
2122,chromo6263,COc1ccc(C#Cc2c3cc4cc(C)sc4cc3c(C#Cc3ccc(OC)cc3)c3cc4cc(C)sc4cc23)cc1,2.0229,1.0849,2.4985,0.9327,/scratch/jaggbow/mol_xtb_coordinates/chromo6263/geom.xtbopt.xyz,/scratch/jaggbow/mol_xtb_coordinates/chromo6263/mmff.xyz,/scratch/jaggbow/mol_xtb_coordinates/chromo6263/basic.xyz,0,,,,,,
2123,chromo3356,CN(C)c1ccc(C#Cc2cc(C#Cc3ccc(N(C)C)cc3)c3ccc4c(C#Cc5ccc(N(C)C)cc5)cc(C#Cc5ccc(N(C)C)cc5)c5ccc2c3c54)cc1,2.1925,0.8593999999999999,2.9644,0.7081999999999997,/scratch/jaggbow/mol_xtb_coordinates/chromo3356/geom.xtbopt.xyz,/scratch/jaggbow/mol_xtb_coordinates/chromo3356/mmff.xyz,/scratch/jaggbow/mol_xtb_coordinates/chromo3356/basic.xyz,1,,,,,,
2124,chromo2948,O=C(NN=Cc1ccccc1O)c1ccccc1O,3.5481,0.9065,3.9047,0.8707000000000003,/scratch/jaggbow/mol_xtb_coordinates/chromo2948/geom.xtbopt.xyz,/scratch/jaggbow/mol_xtb_coordinates/chromo2948/mmff.xyz,/scratch/jaggbow/mol_xtb_coordinates/chromo2948/basic.xyz,1,,,,,,
2125,chromo2789,C(=Cc1nc2ccccc2s1)c1ccc(-c2nc3c4cccnc4c4ncccc4c3[nH]2)cc1,2.9289,0.9968,3.4546,0.7467000000000001,/scratch/jaggbow/mol_xtb_coordinates/chromo2789/geom.xtbopt.xyz,/scratch/jaggbow/mol_xtb_coordinates/chromo2789/mmff.xyz,/scratch/jaggbow/mol_xtb_coordinates/chromo2789/basic.xyz,0,,,,,,
2126,chromo2477,CN(C)c1nc(N(C)C)c2nc(C#N)n(Cc3ccccc3)c2n1,3.8251,1.1323,3.9473,1.0,/scratch/jaggbow/mol_xtb_coordinates/chromo2477/geom.xtbopt.xyz,/scratch/jaggbow/mol_xtb_coordinates/chromo2477/mmff.xyz,/scratch/jaggbow/mol_xtb_coordinates/chromo2477/basic.xyz,0,,,,,,
2127,chromo2992,N#Cc1ncc(-c2c3ccccc3c(-c3cnc(C#N)nc3)c3ccccc23)cn1,2.9619,1.2555,3.3207,1.0697,/scratch/jaggbow/mol_xtb_coordinates/chromo2992/geom.xtbopt.xyz,/scratch/jaggbow/mol_xtb_coordinates/chromo2992/mmff.xyz,/scratch/jaggbow/mol_xtb_coordinates/chromo2992/basic.xyz,1,,,,,,
2128,chromo5111,CCCCN1C(=O)c2ccc3c4ccc5c6c(cc(-c7ccc(C(=C(c8ccccc8)c8ccccc8)c8ccccc8)cc7)c(c7ccc(c2c37)C1=O)c64)C(=O)N(CCCC)C5=O,1.7961,0.5923,2.8444,0.9665,/scratch/jaggbow/mol_xtb_coordinates/chromo5111/geom.xtbopt.xyz,/scratch/jaggbow/mol_xtb_coordinates/chromo5111/mmff.xyz,/scratch/jaggbow/mol_xtb_coordinates/chromo5111/basic.xyz,0,,,,,,
2129,chromo5462,CCCCC1=C(CCCC)c2cccc3c2c(cc2nc4ccccc4nc23)O1,2.6135,0.7449000000000001,2.8269,0.6843000000000004,/scratch/jaggbow/mol_xtb_coordinates/chromo5462/geom.xtbopt.xyz,/scratch/jaggbow/mol_xtb_coordinates/chromo5462/mmff.xyz,/scratch/jaggbow/mol_xtb_coordinates/chromo5462/basic.xyz,0,,,,,,
2130,chromo0521,N#CC(=Cc1ccc(C#N)cc1)c1nc(-c2ccccc2)cs1,2.7676,0.9938999999999998,3.3288,0.9730000000000004,/scratch/jaggbow/mol_xtb_coordinates/chromo0521/geom.xtbopt.xyz,/scratch/jaggbow/mol_xtb_coordinates/chromo0521/mmff.xyz,/scratch/jaggbow/mol_xtb_coordinates/chromo0521/basic.xyz,1,,,,,,
2131,chromo3128,Cc1ccc(-c2c3nc(c(-c4ccc(C)cc4)c4ccc(s4)c(-c4ccco4)c4nc(c(-c5ccc(C)cc5)c5ccc2s5)C=C4)C=C3)cc1,1.9625,0.7543,2.0112,0.1144,/scratch/jaggbow/mol_xtb_coordinates/chromo3128/geom.xtbopt.xyz,/scratch/jaggbow/mol_xtb_coordinates/chromo3128/mmff.xyz,/scratch/jaggbow/mol_xtb_coordinates/chromo3128/basic.xyz,0,,,,,,
2132,chromo3284,N#CSc1ccc2n1[B-](F)(F)[N+]1=C(N3CCOCC3)C=CC1=C2c1ccccc1,2.8318,1.4175,2.6641,1.454,/scratch/jaggbow/mol_xtb_coordinates/chromo3284/geom.xtbopt.xyz,/scratch/jaggbow/mol_xtb_coordinates/chromo3284/mmff.xyz,/scratch/jaggbow/mol_xtb_coordinates/chromo3284/basic.xyz,1,,,,,,
2133,chromo2169,O=P(c1ccccc1)(c1ccccc1)n1c2ccccc2c2cc(-n3c4ccccc4c4cc(-n5c6ccccc6c6cc(-n7c8ccccc8c8ccccc87)ccc65)ccc43)ccc21,3.5494,0.3952,3.8078,0.4683999999999999,/scratch/jaggbow/mol_xtb_coordinates/chromo2169/geom.xtbopt.xyz,/scratch/jaggbow/mol_xtb_coordinates/chromo2169/mmff.xyz,/scratch/jaggbow/mol_xtb_coordinates/chromo2169/basic.xyz,1,,,,,,
2134,chromo3291,COC1=[N+]2C(=C(c3ccccc3)c3cc(SC#N)c(OC)n3[B-]2(F)F)C=C1SC#N,2.8344,1.3117,2.6621,1.4405,/scratch/jaggbow/mol_xtb_coordinates/chromo3291/geom.xtbopt.xyz,/scratch/jaggbow/mol_xtb_coordinates/chromo3291/mmff.xyz,/scratch/jaggbow/mol_xtb_coordinates/chromo3291/basic.xyz,1,,,,,,
2135,chromo2109,Cc1nnc(-c2cc(-n3c4ccccc4c4ccccc43)c(-n3c4ccccc4c4ccccc43)cc2-c2nnc(C)o2)o1,2.9672,0.3574999999999999,3.5616,0.3673999999999999,/scratch/jaggbow/mol_xtb_coordinates/chromo2109/geom.xtbopt.xyz,/scratch/jaggbow/mol_xtb_coordinates/chromo2109/mmff.xyz,/scratch/jaggbow/mol_xtb_coordinates/chromo2109/basic.xyz,1,,,,,,
2136,chromo1204,CCOC(=O)C1=C(C)NC2=C(C(=O)c3ccccc32)C1c1ccc(N(C)C)cc1,2.2331,0.4632999999999998,1.8466,0.6356999999999999,/scratch/jaggbow/mol_xtb_coordinates/chromo1204/geom.xtbopt.xyz,/scratch/jaggbow/mol_xtb_coordinates/chromo1204/mmff.xyz,/scratch/jaggbow/mol_xtb_coordinates/chromo1204/basic.xyz,0,,,,,,
2137,chromo2202,CC(C)(C)c1ccc(-c2c(-c3ccc(N(c4ccccc4)c4ccccc4)cc3)cc(-c3ccc(N(c4ccccc4)c4ccccc4)cc3)c(-c3ccc(C(C)(C)C)cc3)c2-c2ccc(C(C)(C)C)cc2)cc1,3.532,0.6480000000000001,4.1054,0.5514000000000006,/scratch/jaggbow/mol_xtb_coordinates/chromo2202/geom.xtbopt.xyz,/scratch/jaggbow/mol_xtb_coordinates/chromo2202/mmff.xyz,/scratch/jaggbow/mol_xtb_coordinates/chromo2202/basic.xyz,1,,,,,,
2138,chromo2408,CCN(CC)c1ccc(C=NCCN=Cc2ccc(N(CC)CC)cc2O)c(O)c1,3.7609,0.997,3.873,0.8481000000000001,/scratch/jaggbow/mol_xtb_coordinates/chromo2408/geom.xtbopt.xyz,/scratch/jaggbow/mol_xtb_coordinates/chromo2408/mmff.xyz,/scratch/jaggbow/mol_xtb_coordinates/chromo2408/basic.xyz,1,,,,,,
2139,chromo2950,O=C(NN=Cc1ccccc1O)c1cc2ccccc2cc1O,3.3821,0.8106,3.8008,0.7576,/scratch/jaggbow/mol_xtb_coordinates/chromo2950/geom.xtbopt.xyz,/scratch/jaggbow/mol_xtb_coordinates/chromo2950/mmff.xyz,/scratch/jaggbow/mol_xtb_coordinates/chromo2950/basic.xyz,1,,,,,,
2140,chromo3469,COC(=O)c1c(-c2cc3ccccc3oc2=O)nn(-c2ccc(Br)cc2)c1C(=O)OC,3.8382,1.233,3.9422,0.8765000000000001,/scratch/jaggbow/mol_xtb_coordinates/chromo3469/geom.xtbopt.xyz,/scratch/jaggbow/mol_xtb_coordinates/chromo3469/mmff.xyz,/scratch/jaggbow/mol_xtb_coordinates/chromo3469/basic.xyz,1,,,,,,
2141,chromo4217,F[B-]1(F)n2c(c3cccc4cccc2c43)=Nc2sc3ccccc3[n+]21,2.8186,0.9555,2.6908,0.7004999999999999,/scratch/jaggbow/mol_xtb_coordinates/chromo4217/geom.xtbopt.xyz,/scratch/jaggbow/mol_xtb_coordinates/chromo4217/mmff.xyz,/scratch/jaggbow/mol_xtb_coordinates/chromo4217/basic.xyz,0,,,,,,
2142,chromo0337,c1ccc2c(c1)CCc1c-2cnc2c1-c1ccccc1CC2,4.2344,1.2858999999999998,4.5522,0.7334,/scratch/jaggbow/mol_xtb_coordinates/chromo0337/geom.xtbopt.xyz,/scratch/jaggbow/mol_xtb_coordinates/chromo0337/mmff.xyz,/scratch/jaggbow/mol_xtb_coordinates/chromo0337/basic.xyz,0,,,,,,
2143,chromo0930,C[Si](C)(C)[Si](c1cc2sc([Si]([Si](C)(C)C)([Si](C)(C)C)[Si](C)(C)C)cc2s1)([Si](C)(C)C)[Si](C)(C)C,4.0191,1.3462,4.4198,1.1523000000000003,/scratch/jaggbow/mol_xtb_coordinates/chromo0930/geom.xtbopt.xyz,/scratch/jaggbow/mol_xtb_coordinates/chromo0930/mmff.xyz,/scratch/jaggbow/mol_xtb_coordinates/chromo0930/basic.xyz,0,,,,,,
2144,chromo2528,CCCCNc1ccc2n1[B-](F)(F)[N+]1=CC(C=CC(=O)OC(C)(C)C)=CC1=C2c1c(C)cc(C)cc1C,2.7318,1.3007999999999995,2.7835,1.4038000000000002,/scratch/jaggbow/mol_xtb_coordinates/chromo2528/geom.xtbopt.xyz,/scratch/jaggbow/mol_xtb_coordinates/chromo2528/mmff.xyz,/scratch/jaggbow/mol_xtb_coordinates/chromo2528/basic.xyz,1,,,,,,
2145,chromo0309,COc1ccc(Nc2nc(C=Cc3ccccc3)[n+]([O-])c3c2CCCC3)cc1,2.6675,1.0103,2.7725,0.8302,/scratch/jaggbow/mol_xtb_coordinates/chromo0309/geom.xtbopt.xyz,/scratch/jaggbow/mol_xtb_coordinates/chromo0309/mmff.xyz,/scratch/jaggbow/mol_xtb_coordinates/chromo0309/basic.xyz,0,,,,,,
2146,chromo0498,Cc1ccc(C2CC(O)(c3ccccn3)CC(O)(c3ccccn3)C2C(=O)c2ccc(N(c3ccccc3)c3ccccc3)cc2)cc1,3.3525,0.8239000000000001,3.55,0.6117999999999997,/scratch/jaggbow/mol_xtb_coordinates/chromo0498/geom.xtbopt.xyz,/scratch/jaggbow/mol_xtb_coordinates/chromo0498/mmff.xyz,/scratch/jaggbow/mol_xtb_coordinates/chromo0498/basic.xyz,1,,,,,,
2147,chromo0798,O=S1(=O)C2=C(c3ccccc31)C1(c3ccccc32)c2ccccc2-c2sc3ccccc3c21,2.9269,0.7989999999999999,3.7483,0.9274,/scratch/jaggbow/mol_xtb_coordinates/chromo0798/geom.xtbopt.xyz,/scratch/jaggbow/mol_xtb_coordinates/chromo0798/mmff.xyz,/scratch/jaggbow/mol_xtb_coordinates/chromo0798/basic.xyz,0,,,,,,
2148,chromo4458,COc1cc2c3sc4ccccc4c3c3cncnc3c2c(OC)c1OC,3.5397,0.9752,3.5578,0.5467,/scratch/jaggbow/mol_xtb_coordinates/chromo4458/geom.xtbopt.xyz,/scratch/jaggbow/mol_xtb_coordinates/chromo4458/mmff.xyz,/scratch/jaggbow/mol_xtb_coordinates/chromo4458/basic.xyz,0,,,,,,
2149,chromo4688,C[Si]1(C)O[Si](C)(C)c2cc3nc4ccc(Cl)cc4c(-c4ccccc4)c3cc2[Si](C)(C)O1,3.1658,1.3122,3.3337,0.8733999999999997,/scratch/jaggbow/mol_xtb_coordinates/chromo4688/geom.xtbopt.xyz,/scratch/jaggbow/mol_xtb_coordinates/chromo4688/mmff.xyz,/scratch/jaggbow/mol_xtb_coordinates/chromo4688/basic.xyz,0,,,,,,
2150,chromo1713,Cc1cccc2nc(-c3ccc(-c4cc(=O)cc(-c5ccccc5)o4)cc3)c(NC3CCCCC3)n12,3.1315,0.6812999999999998,3.1358,0.5818000000000003,/scratch/jaggbow/mol_xtb_coordinates/chromo1713/geom.xtbopt.xyz,/scratch/jaggbow/mol_xtb_coordinates/chromo1713/mmff.xyz,/scratch/jaggbow/mol_xtb_coordinates/chromo1713/basic.xyz,0,,,,,,
2151,chromo6230,CCCCN(CCCC)c1ccc(C#Cc2cc(C#Cc3ccc([N+](=O)[O-])cc3)c(C#Cc3ccc(N(CCCC)CCCC)cc3)cc2C#Cc2ccc([N+](=O)[O-])cc2)cc1,1.8001,0.2536,3.2503,0.3727,/scratch/jaggbow/mol_xtb_coordinates/chromo6230/geom.xtbopt.xyz,/scratch/jaggbow/mol_xtb_coordinates/chromo6230/mmff.xyz,/scratch/jaggbow/mol_xtb_coordinates/chromo6230/basic.xyz,1,,,,,,
2152,chromo4556,c1ccc(N(c2ccccc2)c2ccc(-n3ccc4cc(-c5ccc6c(c5)C(c5ccccc5)(c5ccccc5)c5ccccc5-6)ccc43)cc2)cc1,3.658,0.8607,3.8366,0.4847999999999999,/scratch/jaggbow/mol_xtb_coordinates/chromo4556/geom.xtbopt.xyz,/scratch/jaggbow/mol_xtb_coordinates/chromo4556/mmff.xyz,/scratch/jaggbow/mol_xtb_coordinates/chromo4556/basic.xyz,0,,,,,,
2153,chromo4606,C(=Cc1ccc(-c2cccc3ccccc23)s1)c1ccc(-c2cccc3ccccc23)s1,2.8308,1.1965,3.1145,0.9137,/scratch/jaggbow/mol_xtb_coordinates/chromo4606/geom.xtbopt.xyz,/scratch/jaggbow/mol_xtb_coordinates/chromo4606/mmff.xyz,/scratch/jaggbow/mol_xtb_coordinates/chromo4606/basic.xyz,1,,,,,,
2154,chromo1228,CC1=CC(C)=[N+]2C1=Cc1c(C)cc(C)n1[B-]2(F)F,3.029,1.5666,2.9319,1.5178000000000005,/scratch/jaggbow/mol_xtb_coordinates/chromo1228/geom.xtbopt.xyz,/scratch/jaggbow/mol_xtb_coordinates/chromo1228/mmff.xyz,/scratch/jaggbow/mol_xtb_coordinates/chromo1228/basic.xyz,1,,,,,,
2155,chromo2133,c1ccc(-n2c3ccccc3c3cc(-c4cccc(-n5c6ccccc6c6c7sc8ccccc8c7ccc65)c4)ccc32)cc1,3.8043,0.8327,3.831,0.4296999999999999,/scratch/jaggbow/mol_xtb_coordinates/chromo2133/geom.xtbopt.xyz,/scratch/jaggbow/mol_xtb_coordinates/chromo2133/mmff.xyz,/scratch/jaggbow/mol_xtb_coordinates/chromo2133/basic.xyz,0,,,,,,
2156,chromo3058,CC(C)(C)c1ccc(-c2ccc(-c3ccc(C(C)(C)C)cc3)c3nsnc23)cc1,2.8221,0.985,3.7352,0.9228999999999998,/scratch/jaggbow/mol_xtb_coordinates/chromo3058/geom.xtbopt.xyz,/scratch/jaggbow/mol_xtb_coordinates/chromo3058/mmff.xyz,/scratch/jaggbow/mol_xtb_coordinates/chromo3058/basic.xyz,0,,,,,,
2157,chromo3115,Cc1cc2[nH]c3ccccc3c2c2[nH]c3ccccc3c12,3.84,0.8582000000000001,3.8131,0.3813999999999997,/scratch/jaggbow/mol_xtb_coordinates/chromo3115/geom.xtbopt.xyz,/scratch/jaggbow/mol_xtb_coordinates/chromo3115/mmff.xyz,/scratch/jaggbow/mol_xtb_coordinates/chromo3115/basic.xyz,0,,,,,,
2158,chromo4901,c1ccc(-c2c3ccccc3c(-c3ccc4ccccc4c3)c3ccccc23)nc1,3.1155,1.3914,3.336,1.0517,/scratch/jaggbow/mol_xtb_coordinates/chromo4901/geom.xtbopt.xyz,/scratch/jaggbow/mol_xtb_coordinates/chromo4901/mmff.xyz,/scratch/jaggbow/mol_xtb_coordinates/chromo4901/basic.xyz,1,,,,,,
2159,chromo2351,COC(=O)c1cccc2c1C#Cc1c(NC(C)=O)cccc1OCCCO2,3.2443,0.8218000000000001,3.6187,0.5375999999999999,/scratch/jaggbow/mol_xtb_coordinates/chromo2351/geom.xtbopt.xyz,/scratch/jaggbow/mol_xtb_coordinates/chromo2351/mmff.xyz,/scratch/jaggbow/mol_xtb_coordinates/chromo2351/basic.xyz,0,,,,,,
2160,chromo5243,CN(C)c1ccc(C=Cc2nc3ccc(N(C)C)cc3oc2=O)cc1,2.5979,1.1179,3.0041,1.0172,/scratch/jaggbow/mol_xtb_coordinates/chromo5243/geom.xtbopt.xyz,/scratch/jaggbow/mol_xtb_coordinates/chromo5243/mmff.xyz,/scratch/jaggbow/mol_xtb_coordinates/chromo5243/basic.xyz,0,,,,,,
2161,chromo5358,CC(C)(C)c1ccc(-n2c(-c3ccc(-c4ccc(N(c5ccccc5)c5ccccc5)cc4)s3)nc3c4ccccc4c4ccccc4c32)cc1,2.9257,0.8268999999999997,3.2325,0.5989999999999998,/scratch/jaggbow/mol_xtb_coordinates/chromo5358/geom.xtbopt.xyz,/scratch/jaggbow/mol_xtb_coordinates/chromo5358/mmff.xyz,/scratch/jaggbow/mol_xtb_coordinates/chromo5358/basic.xyz,1,,,,,,
2162,chromo1663,CC1=C(Br)C(C)=[N+]2C1=C(c1c(-c3ccccn3)nc3ccccn13)c1c(C)c(Br)c(C)n1[B-]2(F)F,2.3823,0.9699999999999998,2.7549,1.3052,/scratch/jaggbow/mol_xtb_coordinates/chromo1663/geom.xtbopt.xyz,/scratch/jaggbow/mol_xtb_coordinates/chromo1663/mmff.xyz,/scratch/jaggbow/mol_xtb_coordinates/chromo1663/basic.xyz,1,,,,,,
2163,chromo2527,CCOCCOCCOC(=O)C=CC1=CC2=C(c3c(C)cc(C)cc3C)c3cc(C=CC(=O)OCCOCCOCC)cn3[B-](F)(F)[N+]2=C1,2.5123,0.9832000000000004,2.6293,1.041,/scratch/jaggbow/mol_xtb_coordinates/chromo2527/geom.xtbopt.xyz,/scratch/jaggbow/mol_xtb_coordinates/chromo2527/mmff.xyz,/scratch/jaggbow/mol_xtb_coordinates/chromo2527/basic.xyz,1,,,,,,
2164,chromo2525,Cc1cc(C)c(C2=C3C=C(C=CC(=O)OCc4ccccc4)C=[N+]3[B-](F)(F)n3cc(C=CC(=O)OCc4ccccc4)cc32)c(C)c1,2.5142,0.9851000000000004,2.6884,1.0822,/scratch/jaggbow/mol_xtb_coordinates/chromo2525/geom.xtbopt.xyz,/scratch/jaggbow/mol_xtb_coordinates/chromo2525/mmff.xyz,/scratch/jaggbow/mol_xtb_coordinates/chromo2525/basic.xyz,1,,,,,,
2165,chromo2972,COc1cc2c(cc1C=C(C#N)c1nc3ccccc3s1)c1ccccc1n2C,2.9968,1.0592,3.2596,0.7214,/scratch/jaggbow/mol_xtb_coordinates/chromo2972/geom.xtbopt.xyz,/scratch/jaggbow/mol_xtb_coordinates/chromo2972/mmff.xyz,/scratch/jaggbow/mol_xtb_coordinates/chromo2972/basic.xyz,1,,,,,,
2166,chromo3024,CCCCN(CCCC)c1ccc(C=Cc2ccc3nc(-c4ccccc4)c(C=Cc4ccc(N(C)C)cc4)nc3c2)cc1,2.5804,0.6917,3.0677,0.5774999999999997,/scratch/jaggbow/mol_xtb_coordinates/chromo3024/geom.xtbopt.xyz,/scratch/jaggbow/mol_xtb_coordinates/chromo3024/mmff.xyz,/scratch/jaggbow/mol_xtb_coordinates/chromo3024/basic.xyz,0,,,,,,
2167,chromo6180,CN(C)c1ccc(C2=CC3=C(c4ccc(C=C(C#N)C#N)cc4)C4c5ccccc5C3(S2)c2ccccc24)cc1,2.1402,0.7413000000000001,2.7243,0.7793999999999999,/scratch/jaggbow/mol_xtb_coordinates/chromo6180/geom.xtbopt.xyz,/scratch/jaggbow/mol_xtb_coordinates/chromo6180/mmff.xyz,/scratch/jaggbow/mol_xtb_coordinates/chromo6180/basic.xyz,0,,,,,,
2168,chromo1168,COc1ccccc1-c1nc2c3cccnc3c3ncccc3c2n1-c1ccccc1,3.7445,0.8595999999999999,3.8458,0.4395000000000002,/scratch/jaggbow/mol_xtb_coordinates/chromo1168/geom.xtbopt.xyz,/scratch/jaggbow/mol_xtb_coordinates/chromo1168/mmff.xyz,/scratch/jaggbow/mol_xtb_coordinates/chromo1168/basic.xyz,0,,,,,,
2169,chromo6078,Nc1ccc2c(c1)oc(=O)c1c(=O)oc3ccccc3c12,3.3516,1.0202999999999998,3.4699,0.8908999999999998,/scratch/jaggbow/mol_xtb_coordinates/chromo6078/geom.xtbopt.xyz,/scratch/jaggbow/mol_xtb_coordinates/chromo6078/mmff.xyz,/scratch/jaggbow/mol_xtb_coordinates/chromo6078/basic.xyz,0,,,,,,
2170,chromo1629,COc1cc(-c2cc(-c3ccc(C)cc3)nc3c(C#N)c(N4CCCC4)nc(N)c23)cc(OC)c1OC,2.9167,0.5782000000000003,2.9995,0.5775999999999999,/scratch/jaggbow/mol_xtb_coordinates/chromo1629/geom.xtbopt.xyz,/scratch/jaggbow/mol_xtb_coordinates/chromo1629/mmff.xyz,/scratch/jaggbow/mol_xtb_coordinates/chromo1629/basic.xyz,0,,,,,,
2171,chromo3075,CC(=O)c1ccc(C#Cc2ccc(-c3cc(N(C)C)c4ccccc4c3)cc2)cc1,3.0262,0.7640999999999996,3.6618,0.7917000000000001,/scratch/jaggbow/mol_xtb_coordinates/chromo3075/geom.xtbopt.xyz,/scratch/jaggbow/mol_xtb_coordinates/chromo3075/mmff.xyz,/scratch/jaggbow/mol_xtb_coordinates/chromo3075/basic.xyz,1,,,,,,
2172,chromo3465,CCOC(=O)c1c(-c2cc3ccccc3oc2=O)nn(-c2cccc(F)c2)c1C(=O)OCC,3.9551,1.3222999999999998,3.9888,0.8636999999999997,/scratch/jaggbow/mol_xtb_coordinates/chromo3465/geom.xtbopt.xyz,/scratch/jaggbow/mol_xtb_coordinates/chromo3465/mmff.xyz,/scratch/jaggbow/mol_xtb_coordinates/chromo3465/basic.xyz,1,,,,,,
2173,chromo5398,CC(C)(C)c1ccc(-c2nc3c4ccc(-c5cc6ccccc6c6ccccc56)cc4c4cc(-c5cc6ccccc6c6ccccc56)ccc4c3n2-c2ccc(C(C)(C)C)cc2)cc1,3.4078,0.8664000000000001,3.827,0.4457999999999997,/scratch/jaggbow/mol_xtb_coordinates/chromo5398/geom.xtbopt.xyz,/scratch/jaggbow/mol_xtb_coordinates/chromo5398/mmff.xyz,/scratch/jaggbow/mol_xtb_coordinates/chromo5398/basic.xyz,1,,,,,,
2174,chromo0924,C[Si](C)(C)[Si](c1ccc(-c2ccc([Si]([Si](C)(C)C)([Si](C)(C)C)[Si](C)(C)C)s2)s1)([Si](C)(C)C)[Si](C)(C)C,3.4716,1.2967,3.7917,1.1431,/scratch/jaggbow/mol_xtb_coordinates/chromo0924/geom.xtbopt.xyz,/scratch/jaggbow/mol_xtb_coordinates/chromo0924/mmff.xyz,/scratch/jaggbow/mol_xtb_coordinates/chromo0924/basic.xyz,0,,,,,,
2175,chromo1367,CC(=O)O[B-]1(OC(C)=O)OC(C=Cc2ccccc2)=CC(C=Cc2ccccc2)=[O+]1,2.9735,1.044,3.1734,0.9580000000000002,/scratch/jaggbow/mol_xtb_coordinates/chromo1367/geom.xtbopt.xyz,/scratch/jaggbow/mol_xtb_coordinates/chromo1367/mmff.xyz,/scratch/jaggbow/mol_xtb_coordinates/chromo1367/basic.xyz,0,,,,,,
2176,chromo4627,CC(C)(C)c1ccc(-c2cc(-c3ccc(-c4cc(-c5ccc(C(C)(C)C)cc5)c(C(=O)N5CCCC5)s4)s3)sc2C(=O)N2CCCC2)cc1,2.9927,1.2022000000000002,3.2945,0.9283,/scratch/jaggbow/mol_xtb_coordinates/chromo4627/geom.xtbopt.xyz,/scratch/jaggbow/mol_xtb_coordinates/chromo4627/mmff.xyz,/scratch/jaggbow/mol_xtb_coordinates/chromo4627/basic.xyz,1,,,,,,
2177,chromo0054,COc1ccccc1-c1nc(-c2ccccc2)c2ccccn12,3.3217,1.0168999999999997,3.3354,0.6587999999999998,/scratch/jaggbow/mol_xtb_coordinates/chromo0054/geom.xtbopt.xyz,/scratch/jaggbow/mol_xtb_coordinates/chromo0054/mmff.xyz,/scratch/jaggbow/mol_xtb_coordinates/chromo0054/basic.xyz,0,,,,,,
2178,chromo1149,O=C1c2ccccc2C2=Nc3cccc[n+]3[B-](F)(F)N12,3.4276,0.7761,3.5193,0.7590999999999997,/scratch/jaggbow/mol_xtb_coordinates/chromo1149/geom.xtbopt.xyz,/scratch/jaggbow/mol_xtb_coordinates/chromo1149/mmff.xyz,/scratch/jaggbow/mol_xtb_coordinates/chromo1149/basic.xyz,0,,,,,,
2179,chromo4625,O=C(c1sc(-c2ccc(-c3cc(-c4cccs4)c(C(=O)N4CCOCC4)s3)s2)cc1-c1cccs1)N1CCOCC1,3.1006,1.1907,3.2869,0.9249,/scratch/jaggbow/mol_xtb_coordinates/chromo4625/geom.xtbopt.xyz,/scratch/jaggbow/mol_xtb_coordinates/chromo4625/mmff.xyz,/scratch/jaggbow/mol_xtb_coordinates/chromo4625/basic.xyz,0,,,,,,
2180,chromo5071,CC(C)(C)c1ccc2c(c1)c1cc(C(C)(C)C)ccc1n2-c1ccc(C(=O)c2ccc(-n3c4ccc(C(C)(C)C)cc4c4cc(C(C)(C)C)ccc43)nc2)cn1,2.9293,0.3527,3.6051,0.4820000000000002,/scratch/jaggbow/mol_xtb_coordinates/chromo5071/geom.xtbopt.xyz,/scratch/jaggbow/mol_xtb_coordinates/chromo5071/mmff.xyz,/scratch/jaggbow/mol_xtb_coordinates/chromo5071/basic.xyz,1,,,,,,
2181,chromo0197,CCCN1C(=Cc2c(-c3ccc(N(C)C)cc3)c(=O)c2=O)C=Cc2ccccc21,2.4425,0.9566,2.2702,0.8300000000000001,/scratch/jaggbow/mol_xtb_coordinates/chromo0197/geom.xtbopt.xyz,/scratch/jaggbow/mol_xtb_coordinates/chromo0197/mmff.xyz,/scratch/jaggbow/mol_xtb_coordinates/chromo0197/basic.xyz,0,,,,,,
2182,chromo2807,CCN(CC)c1ccc2cc(-c3nc4cc(C(=O)Nc5ccccc5)ccc4o3)c(=O)oc2c1,3.1307,1.0326,3.2352,0.8973,/scratch/jaggbow/mol_xtb_coordinates/chromo2807/geom.xtbopt.xyz,/scratch/jaggbow/mol_xtb_coordinates/chromo2807/mmff.xyz,/scratch/jaggbow/mol_xtb_coordinates/chromo2807/basic.xyz,1,,,,,,
2183,chromo2588,c1csc(-n2c3ccccc3c3ccccc32)c1,4.0341,0.8517999999999994,3.7742,0.4979,/scratch/jaggbow/mol_xtb_coordinates/chromo2588/geom.xtbopt.xyz,/scratch/jaggbow/mol_xtb_coordinates/chromo2588/mmff.xyz,/scratch/jaggbow/mol_xtb_coordinates/chromo2588/basic.xyz,1,,,,,,
2184,chromo4225,OCCSc1cccc2[n+]1[B-](F)(F)n1c(c3cccc4cccc1c43)=N2,2.7939,0.9491999999999998,2.6995,0.6926999999999999,/scratch/jaggbow/mol_xtb_coordinates/chromo4225/geom.xtbopt.xyz,/scratch/jaggbow/mol_xtb_coordinates/chromo4225/mmff.xyz,/scratch/jaggbow/mol_xtb_coordinates/chromo4225/basic.xyz,0,,,,,,
2185,chromo0997,COC(=O)CCC1=CC(C#Cc2cccs2)=[N+]2C1=Cc1c(CCC(=O)OC)cc(C#Cc3cccs3)n1[B-]2(F)F,2.1724,1.0729000000000002,2.4756,1.03,/scratch/jaggbow/mol_xtb_coordinates/chromo0997/geom.xtbopt.xyz,/scratch/jaggbow/mol_xtb_coordinates/chromo0997/mmff.xyz,/scratch/jaggbow/mol_xtb_coordinates/chromo0997/basic.xyz,1,,,,,,
2186,chromo3299,CCCCCCN1C(=O)c2cccc3c(-c4ccc(-c5cc(-c6ccc(C)cc6)nn5-c5ccccc5)s4)ccc(c23)C1=O,2.7707,0.7092,3.1588,0.6568999999999998,/scratch/jaggbow/mol_xtb_coordinates/chromo3299/geom.xtbopt.xyz,/scratch/jaggbow/mol_xtb_coordinates/chromo3299/mmff.xyz,/scratch/jaggbow/mol_xtb_coordinates/chromo3299/basic.xyz,0,,,,,,
2187,chromo4582,Cc1cc(C)c(-c2c3ccccc3c3ccc4cc5c(-c6c(C)cc(C)cc6C)c6ccccc6c6ccc7cc2c3c4c7c56)c(C)c1,1.914,1.3332,2.4633,1.1121,/scratch/jaggbow/mol_xtb_coordinates/chromo4582/geom.xtbopt.xyz,/scratch/jaggbow/mol_xtb_coordinates/chromo4582/mmff.xyz,/scratch/jaggbow/mol_xtb_coordinates/chromo4582/basic.xyz,0,,,,,,
2188,chromo0339,COc1ccc(-c2nc3c(c4c2-c2ccccc2CC4)-c2ccccc2CC3)cc1,3.6857,0.9812000000000004,4.2113,0.6532999999999998,/scratch/jaggbow/mol_xtb_coordinates/chromo0339/geom.xtbopt.xyz,/scratch/jaggbow/mol_xtb_coordinates/chromo0339/mmff.xyz,/scratch/jaggbow/mol_xtb_coordinates/chromo0339/basic.xyz,0,,,,,,
2189,chromo2449,Cn1c(=O)cc(C(=O)c2ccccc2)c2sc(-c3ccc(OC(F)(F)F)cc3)cc21,2.8493,0.9612,2.9329,0.7293000000000003,/scratch/jaggbow/mol_xtb_coordinates/chromo2449/geom.xtbopt.xyz,/scratch/jaggbow/mol_xtb_coordinates/chromo2449/mmff.xyz,/scratch/jaggbow/mol_xtb_coordinates/chromo2449/basic.xyz,1,,,,,,
2190,chromo3380,CCN(CC)c1ccc2cc(C=CC(=O)c3cc4ccc(N(CC)CC)cc4oc3=O)c(=O)oc2c1,2.6904,0.9453999999999998,2.9837,0.7998999999999996,/scratch/jaggbow/mol_xtb_coordinates/chromo3380/geom.xtbopt.xyz,/scratch/jaggbow/mol_xtb_coordinates/chromo3380/mmff.xyz,/scratch/jaggbow/mol_xtb_coordinates/chromo3380/basic.xyz,1,,,,,,
2191,chromo0490,Cn1c(=O)c(N=Nc2ccc(N=Nc3ccc(S(=O)(=O)O)cc3)cc2)c(O)c2ccccc21,2.3363,0.754,1.3717,0.1153999999999999,/scratch/jaggbow/mol_xtb_coordinates/chromo0490/geom.xtbopt.xyz,/scratch/jaggbow/mol_xtb_coordinates/chromo0490/mmff.xyz,/scratch/jaggbow/mol_xtb_coordinates/chromo0490/basic.xyz,0,,,,,,
2192,chromo1522,CCCCCCCCCCCCN1C(=O)c2c(c3ccc4cc(-c5ccc(C(F)(F)F)cc5)c(OC)cc4c3c3c2ccc2cc(-c4ccc(C(F)(F)F)cc4)c(OC)cc23)C1=O,2.5711,0.5472000000000001,2.8475,0.3448000000000002,/scratch/jaggbow/mol_xtb_coordinates/chromo1522/geom.xtbopt.xyz,/scratch/jaggbow/mol_xtb_coordinates/chromo1522/mmff.xyz,/scratch/jaggbow/mol_xtb_coordinates/chromo1522/basic.xyz,0,,,,,,
2193,chromo3547,CN(C)c1cccc(C=Cc2ncc(-c3ccc(OCc4ccccc4)c(OCc4ccccc4)c3)o2)c1,3.1609,1.1808999999999998,3.2353,0.6537000000000002,/scratch/jaggbow/mol_xtb_coordinates/chromo3547/geom.xtbopt.xyz,/scratch/jaggbow/mol_xtb_coordinates/chromo3547/mmff.xyz,/scratch/jaggbow/mol_xtb_coordinates/chromo3547/basic.xyz,1,,,,,,
2194,chromo4936,Cc1cc(C)c(B(c2c(C)cc(C)cc2C)c2c(C)cc(-n3c4ccc(N(c5ccccc5)c5ccccc5)cc4c4cc(N(c5ccccc5)c5ccccc5)ccc43)cc2C)c(C)c1,2.445,0.0772999999999997,3.2948,0.4361999999999999,/scratch/jaggbow/mol_xtb_coordinates/chromo4936/geom.xtbopt.xyz,/scratch/jaggbow/mol_xtb_coordinates/chromo4936/mmff.xyz,/scratch/jaggbow/mol_xtb_coordinates/chromo4936/basic.xyz,1,,,,,,
2195,chromo5332,CC(C)(C)NC(=O)c1cccc2ccc3c4ccccc4c4ccccc4c3c12,3.5067,1.1926,3.6247,0.6385999999999998,/scratch/jaggbow/mol_xtb_coordinates/chromo5332/geom.xtbopt.xyz,/scratch/jaggbow/mol_xtb_coordinates/chromo5332/mmff.xyz,/scratch/jaggbow/mol_xtb_coordinates/chromo5332/basic.xyz,0,,,,,,
2196,chromo5977,CCn1c2ccccc2c2c3nsnc3c3c4ccccc4n(CC)c3c21,2.903,0.8481000000000001,3.5198,0.7629999999999999,/scratch/jaggbow/mol_xtb_coordinates/chromo5977/geom.xtbopt.xyz,/scratch/jaggbow/mol_xtb_coordinates/chromo5977/mmff.xyz,/scratch/jaggbow/mol_xtb_coordinates/chromo5977/basic.xyz,0,,,,,,
2197,chromo1190,COc1ccc(C#Cc2ccc(C#N)cc2)cc1,3.4856,0.6151999999999997,4.6122,0.6354999999999995,/scratch/jaggbow/mol_xtb_coordinates/chromo1190/geom.xtbopt.xyz,/scratch/jaggbow/mol_xtb_coordinates/chromo1190/mmff.xyz,/scratch/jaggbow/mol_xtb_coordinates/chromo1190/basic.xyz,1,,,,,,
2198,chromo1438,CCCCN(CCCC)c1ccc2nc3c4ccccc4c(=O)c(-c4ccc5c(c4)C(CCCC)(CCCC)c4ccccc4-5)c-3oc2c1,2.2349,0.7973000000000001,2.7915,1.1004,/scratch/jaggbow/mol_xtb_coordinates/chromo1438/geom.xtbopt.xyz,/scratch/jaggbow/mol_xtb_coordinates/chromo1438/mmff.xyz,/scratch/jaggbow/mol_xtb_coordinates/chromo1438/basic.xyz,0,,,,,,
2199,chromo2488,CC(C)CCCC(C)CCN1C(=O)c2ccc3c(-c4ccccc4)c4c5ccc6c7c(ccc(c(-c8ccccc8)c4c4ccc(c2c34)C1=O)c75)C(=O)N(CCC(C)CCCC(C)C)C6=O,1.9422,1.1812,2.4222,1.0614,/scratch/jaggbow/mol_xtb_coordinates/chromo2488/geom.xtbopt.xyz,/scratch/jaggbow/mol_xtb_coordinates/chromo2488/mmff.xyz,/scratch/jaggbow/mol_xtb_coordinates/chromo2488/basic.xyz,0,,,,,,
2200,chromo3516,CCCCn1c2ccc3ccc4ccccc4c3c2c2c3c(ccc4ccccc43)ccc21,3.1612,0.7244000000000002,3.279,0.2662999999999997,/scratch/jaggbow/mol_xtb_coordinates/chromo3516/geom.xtbopt.xyz,/scratch/jaggbow/mol_xtb_coordinates/chromo3516/mmff.xyz,/scratch/jaggbow/mol_xtb_coordinates/chromo2488/mmff.xyz,0,,,,,,
2201,chromo2840,CN(C)c1ccc(C=Cc2ccncn2)cc1,3.3527,1.2077,3.5626,1.0728000000000004,/scratch/jaggbow/mol_xtb_coordinates/chromo2840/geom.xtbopt.xyz,/scratch/jaggbow/mol_xtb_coordinates/chromo2840/mmff.xyz,/scratch/jaggbow/mol_xtb_coordinates/chromo2840/basic.xyz,1,,,,,,
2202,chromo3099,Cc1cc2ccccc2c2c1c1ccccc1n2-c1ccc(N(c2ccccc2)c2ccccc2)cc1,3.7308,1.052,3.7384,0.5143,/scratch/jaggbow/mol_xtb_coordinates/chromo3099/geom.xtbopt.xyz,/scratch/jaggbow/mol_xtb_coordinates/chromo3099/mmff.xyz,/scratch/jaggbow/mol_xtb_coordinates/chromo3099/basic.xyz,0,,,,,,
2203,chromo0202,COc1ccc(O)c(-c2nc(C)c3n2CCCC3)c1,3.8861,0.9832999999999998,3.93,0.7184000000000004,/scratch/jaggbow/mol_xtb_coordinates/chromo0202/geom.xtbopt.xyz,/scratch/jaggbow/mol_xtb_coordinates/chromo0202/mmff.xyz,/scratch/jaggbow/mol_xtb_coordinates/chromo0202/basic.xyz,0,,,,,,
2204,chromo2229,c1ccc2c(-c3ccc4sc5ccc(-c6c7ccccc7cc7ccccc67)cc5c4c3)c3ccccc3cc2c1,3.1801,1.4136,3.4174,1.1038,/scratch/jaggbow/mol_xtb_coordinates/chromo2229/geom.xtbopt.xyz,/scratch/jaggbow/mol_xtb_coordinates/chromo2229/mmff.xyz,/scratch/jaggbow/mol_xtb_coordinates/chromo2229/basic.xyz,1,,,,,,
2205,chromo3130,Cc1ccc(-c2c3nc(c(-c4ccco4)c4ccc(s4)c(-c4ccco4)c4nc(c(-c5ccco5)c5ccc2s5)C=C4)C=C3)cc1,1.8874,0.7334,1.994,0.1411,/scratch/jaggbow/mol_xtb_coordinates/chromo3130/geom.xtbopt.xyz,/scratch/jaggbow/mol_xtb_coordinates/chromo3130/mmff.xyz,/scratch/jaggbow/mol_xtb_coordinates/chromo3130/basic.xyz,0,,,,,,
2206,chromo1019,CCOC(=O)C=CC1=[N+]2C(=C(c3c(C)cc(C)cc3C)c3ccc(C=CC(=O)OCC)n3[B-]2(F)F)C=C1,2.4987,1.3204,2.7298,1.2625,/scratch/jaggbow/mol_xtb_coordinates/chromo1019/geom.xtbopt.xyz,/scratch/jaggbow/mol_xtb_coordinates/chromo1019/mmff.xyz,/scratch/jaggbow/mol_xtb_coordinates/chromo1019/basic.xyz,1,,,,,,
2207,chromo4024,C(=Cc1cnccn1)c1ccc2nccnc2c1,3.4455,1.3097,3.4742,0.6462000000000003,/scratch/jaggbow/mol_xtb_coordinates/chromo4024/geom.xtbopt.xyz,/scratch/jaggbow/mol_xtb_coordinates/chromo4024/mmff.xyz,/scratch/jaggbow/mol_xtb_coordinates/chromo4024/basic.xyz,0,,,,,,
2208,chromo0999,COC(=O)CCC1=CC(C#Cc2ccc(OC)cc2)=[N+]2C1=Cc1c(CCC(=O)OC)cc(C#Cc3ccc(OC)cc3)n1[B-]2(F)F,2.1578,1.0172,2.5234,1.0606,/scratch/jaggbow/mol_xtb_coordinates/chromo0999/geom.xtbopt.xyz,/scratch/jaggbow/mol_xtb_coordinates/chromo0999/mmff.xyz,/scratch/jaggbow/mol_xtb_coordinates/chromo0999/basic.xyz,1,,,,,,
2209,chromo2180,Cc1ccc(N(c2ccc(C)cc2)c2ccc(-c3ccc(-c4ccc(N(c5ccc(C)cc5)c5ccc(C)cc5)cc4)c4nsnc34)cc2)cc1,2.0697,0.4855,3.2298,0.5518999999999998,/scratch/jaggbow/mol_xtb_coordinates/chromo2180/geom.xtbopt.xyz,/scratch/jaggbow/mol_xtb_coordinates/chromo2180/mmff.xyz,/scratch/jaggbow/mol_xtb_coordinates/chromo2180/basic.xyz,0,,,,,,
2210,chromo2846,CSc1ccc(C=Cc2cnc3ccccc3n2)cc1,3.0616,1.0936,3.4511,0.7763,/scratch/jaggbow/mol_xtb_coordinates/chromo2846/geom.xtbopt.xyz,/scratch/jaggbow/mol_xtb_coordinates/chromo2846/mmff.xyz,/scratch/jaggbow/mol_xtb_coordinates/chromo2846/basic.xyz,0,,,,,,
2211,chromo3176,O=C1c2cccn2[B-](F)(F)[n+]2ccccc21,2.7951,0.8179000000000001,3.1325,0.9392999999999998,/scratch/jaggbow/mol_xtb_coordinates/chromo3176/geom.xtbopt.xyz,/scratch/jaggbow/mol_xtb_coordinates/chromo3176/mmff.xyz,/scratch/jaggbow/mol_xtb_coordinates/chromo3176/basic.xyz,0,,,,,,
2212,chromo5439,c1cc2c3c(c1)ccc1[n+]3[B-]3(Oc4cccc5ccc6[n+](c45)[B-](O2)(O3)n2c-6cc3c4ccccc4c4ccccc4c32)n2c-1cc1c3ccccc3c3ccccc3c12,2.4001,0.5479,3.037,0.6947999999999999,/scratch/jaggbow/mol_xtb_coordinates/chromo5439/geom.xtbopt.xyz,/scratch/jaggbow/mol_xtb_coordinates/chromo5439/mmff.xyz,/scratch/jaggbow/mol_xtb_coordinates/chromo5439/basic.xyz,0,,,,,,
2213,chromo1433,CCCCN(CCCC)c1ccc2nc3c4ccccc4c(=O)cc-3oc2c1,2.798,1.1637,2.8699,1.1342,/scratch/jaggbow/mol_xtb_coordinates/chromo1433/geom.xtbopt.xyz,/scratch/jaggbow/mol_xtb_coordinates/chromo1433/mmff.xyz,/scratch/jaggbow/mol_xtb_coordinates/chromo1433/basic.xyz,0,,,,,,
2214,chromo2886,CCCCn1c2ccc(-c3ccc(OC)cc3)cc2c2ccc3c4cc(-c5ccc(OC)cc5)ccc4n(CCCC)c3c21,3.4891,0.6128,3.5186,0.4450000000000003,/scratch/jaggbow/mol_xtb_coordinates/chromo2886/geom.xtbopt.xyz,/scratch/jaggbow/mol_xtb_coordinates/chromo2886/mmff.xyz,/scratch/jaggbow/mol_xtb_coordinates/chromo2886/basic.xyz,0,,,,,,
2215,chromo3296,CCc1c(C)c2n(c1C)[B-](F)(F)[N+]1=C(NCc3ccc(OC)cc3)C=CC1=C2C,2.8639,1.4454,2.7621,1.4969,/scratch/jaggbow/mol_xtb_coordinates/chromo3296/geom.xtbopt.xyz,/scratch/jaggbow/mol_xtb_coordinates/chromo3296/mmff.xyz,/scratch/jaggbow/mol_xtb_coordinates/chromo3296/basic.xyz,1,,,,,,
2216,chromo3407,O=C1Nc2ccccc2C1=CC(=O)c1ccc(O)cc1,3.3297,1.0648,2.6577,0.4442000000000004,/scratch/jaggbow/mol_xtb_coordinates/chromo3407/geom.xtbopt.xyz,/scratch/jaggbow/mol_xtb_coordinates/chromo3407/mmff.xyz,/scratch/jaggbow/mol_xtb_coordinates/chromo3407/basic.xyz,0,,,,,,
2217,chromo3557,C(#Cc1ncc(-c2ccccc2)o1)c1ccco1,3.5379,1.3358,3.8726,0.9922999999999996,/scratch/jaggbow/mol_xtb_coordinates/chromo3557/geom.xtbopt.xyz,/scratch/jaggbow/mol_xtb_coordinates/chromo3557/mmff.xyz,/scratch/jaggbow/mol_xtb_coordinates/chromo3557/basic.xyz,0,,,,,,
2218,chromo3585,CC1=CC(C)=[N+]2C1=C(c1ccc3cccnc3n1)c1c(C)cc(C)n1[B-]2(F)F,2.6445,1.1522,2.8878,1.4624,/scratch/jaggbow/mol_xtb_coordinates/chromo3585/geom.xtbopt.xyz,/scratch/jaggbow/mol_xtb_coordinates/chromo3585/mmff.xyz,/scratch/jaggbow/mol_xtb_coordinates/chromo3585/basic.xyz,1,,,,,,
2219,chromo3777,CCCCCCCCCCCCC(CCCCCCCCCC)Cn1c2cc(C=C(C#N)C#N)c3cccc4c5cccc6c(C=C(C#N)C#N)cc1c(c65)c2c34,2.1797,0.9126,2.815,0.8174999999999999,/scratch/jaggbow/mol_xtb_coordinates/chromo3777/geom.xtbopt.xyz,/scratch/jaggbow/mol_xtb_coordinates/chromo3777/mmff.xyz,/scratch/jaggbow/mol_xtb_coordinates/chromo3777/basic.xyz,0,,,,,,
2220,chromo4113,CCCCCCc1ccc(-n2c3[n+](c4c5ccccc5c5ccccc5c42)[B-](C)(C)c2cc(N(c4ccccc4)c4ccccc4)ccc2-3)cc1,3.1666,0.6450999999999998,3.3991,0.4645999999999999,/scratch/jaggbow/mol_xtb_coordinates/chromo4113/geom.xtbopt.xyz,/scratch/jaggbow/mol_xtb_coordinates/chromo4113/mmff.xyz,/scratch/jaggbow/mol_xtb_coordinates/chromo4113/basic.xyz,0,,,,,,
2221,chromo4151,CCC1(CC)c2cc(C=Cc3ccc(C=Cc4ccc5c(c4)C(CC)(CC)c4cc(N6c7ccccc7Sc7ccccc76)ccc4-5)cc3)ccc2-c2ccc(N3c4ccccc4Sc4ccccc43)cc21,2.526,0.7813999999999999,3.282,0.3995999999999999,/scratch/jaggbow/mol_xtb_coordinates/chromo4151/geom.xtbopt.xyz,/scratch/jaggbow/mol_xtb_coordinates/chromo4151/mmff.xyz,/scratch/jaggbow/mol_xtb_coordinates/chromo4151/basic.xyz,0,,,,,,
2222,chromo4220,N#CC1=c2c3cccc4cccc(c43)n2[B-](F)(F)[n+]2ccccc21,2.6713,1.0186,2.6029,0.8398000000000001,/scratch/jaggbow/mol_xtb_coordinates/chromo4220/geom.xtbopt.xyz,/scratch/jaggbow/mol_xtb_coordinates/chromo4220/mmff.xyz,/scratch/jaggbow/mol_xtb_coordinates/chromo4220/basic.xyz,0,,,,,,
2223,chromo4389,CCC(C)COc1ccc(C2=C3C(C)=CC(C)=[N+]3[B-](F)(F)n3c(C)cc(C)c32)cc1,3.0314,1.51,2.9089,1.4257,/scratch/jaggbow/mol_xtb_coordinates/chromo4389/geom.xtbopt.xyz,/scratch/jaggbow/mol_xtb_coordinates/chromo4389/mmff.xyz,/scratch/jaggbow/mol_xtb_coordinates/chromo4389/basic.xyz,1,,,,,,
2224,chromo4492,Cc1cc(C2=C(c3cc(C)sc3C)S(=O)(=O)c3ccccc32)c(C)s1,3.2689,0.9756,3.5684,0.6997,/scratch/jaggbow/mol_xtb_coordinates/chromo4492/geom.xtbopt.xyz,/scratch/jaggbow/mol_xtb_coordinates/chromo4492/mmff.xyz,/scratch/jaggbow/mol_xtb_coordinates/chromo4492/basic.xyz,0,,,,,,
2225,chromo4579,c1cncc(-c2ccc(-c3c4ccccc4c(-c4ccc(-c5cccnc5)cc4)c4cc(-c5cccnc5)ccc34)cc2)c1,3.029,1.3369,3.2338,0.9700000000000002,/scratch/jaggbow/mol_xtb_coordinates/chromo4579/geom.xtbopt.xyz,/scratch/jaggbow/mol_xtb_coordinates/chromo4579/mmff.xyz,/scratch/jaggbow/mol_xtb_coordinates/chromo4579/basic.xyz,1,,,,,,
2226,chromo4596,COc1ccc(-c2cc3c(ccc4sccc43)s2)cc1,3.7363,1.2414999999999998,3.8872,0.9025,/scratch/jaggbow/mol_xtb_coordinates/chromo4596/geom.xtbopt.xyz,/scratch/jaggbow/mol_xtb_coordinates/chromo4596/mmff.xyz,/scratch/jaggbow/mol_xtb_coordinates/chromo4596/basic.xyz,0,,,,,,
2227,chromo4701,F[B-]1(F)OC(c2ccccc2)=Nc2sc(-c3ccccc3)n[n+]21,3.6466,0.9331999999999998,3.8416,0.8138000000000001,/scratch/jaggbow/mol_xtb_coordinates/chromo4701/geom.xtbopt.xyz,/scratch/jaggbow/mol_xtb_coordinates/chromo4701/mmff.xyz,/scratch/jaggbow/mol_xtb_coordinates/chromo4701/basic.xyz,0,,,,,,
2228,chromo4712,N#CC(C#N)=Cc1ccc(-c2ccc(O)c(-c3nc4ccccc4s3)c2)s1,2.8582,1.1388,3.2507,1.1245000000000005,/scratch/jaggbow/mol_xtb_coordinates/chromo4712/geom.xtbopt.xyz,/scratch/jaggbow/mol_xtb_coordinates/chromo4712/mmff.xyz,/scratch/jaggbow/mol_xtb_coordinates/chromo4712/basic.xyz,1,,,,,,
2229,chromo4766,COc1ccccc1C1=[N+]2C(=C(c3ccccc3)c3c4c(c(-c5ccccc5OC)n3[B-]2(F)F)C2CCC4CC2)C2=C1C1CCC2CC1,2.6047,1.1472999999999998,2.6099,1.0811000000000002,/scratch/jaggbow/mol_xtb_coordinates/chromo4766/geom.xtbopt.xyz,/scratch/jaggbow/mol_xtb_coordinates/chromo4766/mmff.xyz,/scratch/jaggbow/mol_xtb_coordinates/chromo4766/basic.xyz,0,,,,,,
2230,chromo4825,Cc1ccc(C(C#N)=Cc2cc(C=C(C#N)c3ccc(C)cc3)c(-c3ccc(N(c4ccccc4)c4ccccc4)cc3)cc2-c2ccc(N(c3ccccc3)c3ccccc3)cc2)cc1,2.7666,0.6461999999999999,3.4902,0.4157000000000002,/scratch/jaggbow/mol_xtb_coordinates/chromo4825/geom.xtbopt.xyz,/scratch/jaggbow/mol_xtb_coordinates/chromo4825/mmff.xyz,/scratch/jaggbow/mol_xtb_coordinates/chromo4825/basic.xyz,1,,,,,,
2231,chromo5357,CC(C)(C)c1ccc(-n2c(-c3ccc(-c4ccc(N(c5ccccc5)c5ccccc5)cc4)cc3)nc3c4ccccc4c4ccccc4c32)cc1,3.2452,0.6888000000000001,3.7479,0.3681999999999998,/scratch/jaggbow/mol_xtb_coordinates/chromo5357/geom.xtbopt.xyz,/scratch/jaggbow/mol_xtb_coordinates/chromo5357/mmff.xyz,/scratch/jaggbow/mol_xtb_coordinates/chromo5357/basic.xyz,1,,,,,,
2232,chromo4111,CCCCCCc1ccc(-n2c3[n+](c4c5ccccc5c5ccccc5c42)[B-](C)(C)c2ccc4ccccc4c2-3)cc1,3.3528,0.98,3.4748,0.7164999999999999,/scratch/jaggbow/mol_xtb_coordinates/chromo4111/geom.xtbopt.xyz,/scratch/jaggbow/mol_xtb_coordinates/chromo4111/mmff.xyz,/scratch/jaggbow/mol_xtb_coordinates/chromo4111/basic.xyz,0,,,,,,
2233,chromo5339,Cc1ccc(-c2ccc(C(=O)NC(C)(C)C)c3c2ccc2c4ccccc4c4ccccc4c23)cc1,3.3854,1.1251000000000002,3.5953,0.677,/scratch/jaggbow/mol_xtb_coordinates/chromo5339/geom.xtbopt.xyz,/scratch/jaggbow/mol_xtb_coordinates/chromo5339/mmff.xyz,/scratch/jaggbow/mol_xtb_coordinates/chromo5339/basic.xyz,0,,,,,,
2234,chromo3705,Fc1ccc(C#Cc2c(C#Cc3ccc(F)cc3)c(C#Cc3ccc(F)cc3)c(C#Cc3ccc(F)cc3)c(C#Cc3ccc(F)cc3)c2C#Cc2ccc(F)cc2)cc1,2.6479,0.8232999999999999,3.5208,0.4352999999999998,/scratch/jaggbow/mol_xtb_coordinates/chromo3705/geom.xtbopt.xyz,/scratch/jaggbow/mol_xtb_coordinates/chromo3705/mmff.xyz,/scratch/jaggbow/mol_xtb_coordinates/chromo3705/basic.xyz,1,,,,,,
2235,chromo3805,F[B-]1(F)Oc2ccccc2-c2c3c(c4c([n+]21)CCc1ccccc1-4)CCc1ccccc1-3,3.2874,0.7570999999999999,3.4547,0.6013999999999999,/scratch/jaggbow/mol_xtb_coordinates/chromo3805/geom.xtbopt.xyz,/scratch/jaggbow/mol_xtb_coordinates/chromo3805/mmff.xyz,/scratch/jaggbow/mol_xtb_coordinates/chromo3805/basic.xyz,0,,,,,,
2236,chromo3734,CCn1c2ccccc2c2cc(C#Cc3cc(C#Cc4ccc5c(c4)c4ccccc4n5CC)nc(S(C)(=O)=O)n3)ccc21,2.9704,0.5241000000000002,3.8956,0.4634999999999998,/scratch/jaggbow/mol_xtb_coordinates/chromo3734/geom.xtbopt.xyz,/scratch/jaggbow/mol_xtb_coordinates/chromo3734/mmff.xyz,/scratch/jaggbow/mol_xtb_coordinates/chromo3734/basic.xyz,1,,,,,,
2237,chromo1451,F[B-]1(F)OC(c2ccccc2)=Cc2ccc3ccccc3[n+]21,3.2098,1.0017999999999998,3.2333,0.9025,/scratch/jaggbow/mol_xtb_coordinates/chromo1451/geom.xtbopt.xyz,/scratch/jaggbow/mol_xtb_coordinates/chromo1451/mmff.xyz,/scratch/jaggbow/mol_xtb_coordinates/chromo1451/basic.xyz,0,,,,,,
2238,chromo3376,COc1ccc2ccccc2c1C1=CC(c2ccccc2)=C(c2ccccc2)C1,3.2849,1.2287,3.2161,0.8769,/scratch/jaggbow/mol_xtb_coordinates/chromo3376/geom.xtbopt.xyz,/scratch/jaggbow/mol_xtb_coordinates/chromo3376/mmff.xyz,/scratch/jaggbow/mol_xtb_coordinates/chromo3376/basic.xyz,1,,,,,,
2239,chromo4812,CCN(CC)c1ccc2cc(-c3nc4c5ccccc5c5ccccc5c4n3-c3ccc(C(C)(C)C)cc3)c(=O)oc2c1,2.982,0.7169000000000003,3.362,0.8127,/scratch/jaggbow/mol_xtb_coordinates/chromo4812/geom.xtbopt.xyz,/scratch/jaggbow/mol_xtb_coordinates/chromo4812/mmff.xyz,/scratch/jaggbow/mol_xtb_coordinates/chromo4812/basic.xyz,1,,,,,,
2240,chromo3302,CCCCCCN1C(=O)c2cccc3c(-c4ccc(-c5cc(-c6ccccc6)n(-c6ccccc6)n5)s4)ccc(c23)C1=O,2.809,0.7956000000000003,3.0535,0.6640000000000001,/scratch/jaggbow/mol_xtb_coordinates/chromo3302/geom.xtbopt.xyz,/scratch/jaggbow/mol_xtb_coordinates/chromo3302/mmff.xyz,/scratch/jaggbow/mol_xtb_coordinates/chromo3302/basic.xyz,0,,,,,,
2241,chromo4751,CCCCC(CC)Cn1c2ccc(C(=C(C#N)C#N)c3ccccc3)cc2c2c(-c3ccc(Br)cc3)c3c(c(-c4ccc(Br)cc4)c21)c1cc(C(=C(C#N)C#N)c2ccccc2)ccc1n3CC(CC)CCCC,2.6836,0.4941000000000004,3.2077,0.5385,/scratch/jaggbow/mol_xtb_coordinates/chromo4751/geom.xtbopt.xyz,/scratch/jaggbow/mol_xtb_coordinates/chromo4751/mmff.xyz,/scratch/jaggbow/mol_xtb_coordinates/chromo4751/basic.xyz,0,,,,,,
2242,chromo2080,O=P(c1ccccc1)(c1ccccc1)c1ccc(N2c3ccccc3Oc3ccccc32)cc1,2.8805,0.0788999999999999,3.193,0.3715999999999999,/scratch/jaggbow/mol_xtb_coordinates/chromo2080/geom.xtbopt.xyz,/scratch/jaggbow/mol_xtb_coordinates/chromo2080/mmff.xyz,/scratch/jaggbow/mol_xtb_coordinates/chromo2080/basic.xyz,0,,,,,,
2243,chromo2306,c1ccc(-c2cc3cc4cccc5c(-c6ccccc6)cc6cc7cccc2c7c3c6c45)cc1,2.8,1.4420999999999995,3.237,1.2373,/scratch/jaggbow/mol_xtb_coordinates/chromo2306/geom.xtbopt.xyz,/scratch/jaggbow/mol_xtb_coordinates/chromo2306/mmff.xyz,/scratch/jaggbow/mol_xtb_coordinates/chromo2306/basic.xyz,0,,,,,,
2244,chromo2207,CC(C)(C)c1ccc(-c2c(-c3cccc(-n4c5ccccc5c5ccccc54)c3)c(C#N)c(-c3cccc(-n4c5ccccc5c5ccccc54)c3)c(-c3ccc(C(C)(C)C)cc3)c2-c2ccc(C(C)(C)C)cc2)cc1,3.3469,0.2598000000000002,3.8401,0.4203000000000001,/scratch/jaggbow/mol_xtb_coordinates/chromo2207/geom.xtbopt.xyz,/scratch/jaggbow/mol_xtb_coordinates/chromo2207/mmff.xyz,/scratch/jaggbow/mol_xtb_coordinates/chromo2207/basic.xyz,1,,,,,,
2245,chromo4519,CCN1c2ccc(C3=CC(c4ccccc4)=[O+][B-](F)(F)O3)cc2Sc2cc(C3=CC(c4ccccc4)=[O+][B-](F)(F)O3)ccc21,2.572,0.3740000000000001,2.2693,0.4041999999999999,/scratch/jaggbow/mol_xtb_coordinates/chromo4519/geom.xtbopt.xyz,/scratch/jaggbow/mol_xtb_coordinates/chromo4519/mmff.xyz,/scratch/jaggbow/mol_xtb_coordinates/chromo4519/basic.xyz,0,,,,,,
2246,chromo2232,c1ccc2nc3cccc(-c4ccc(-n5c6ccccc6c6ccccc65)cc4)c3cc2c1,2.9232,1.0378,3.4866,0.9367,/scratch/jaggbow/mol_xtb_coordinates/chromo2232/geom.xtbopt.xyz,/scratch/jaggbow/mol_xtb_coordinates/chromo2232/mmff.xyz,/scratch/jaggbow/mol_xtb_coordinates/chromo2232/basic.xyz,0,,,,,,
2247,chromo0856,CCCCCCOc1ccc(C#Cc2ccc(C#CC#Cc3ccc(C#Cc4ccc(OCCCCCC)c(OCCCCCC)c4)c4nsnc34)c3nsnc23)cc1OCCCCCC,2.028,0.8400000000000001,3.193,0.7217000000000002,/scratch/jaggbow/mol_xtb_coordinates/chromo0856/geom.xtbopt.xyz,/scratch/jaggbow/mol_xtb_coordinates/chromo0856/mmff.xyz,/scratch/jaggbow/mol_xtb_coordinates/chromo0856/basic.xyz,0,,,,,,
2248,chromo6655,CCCCOc1c(C#N)cc2cc(C#N)c(OCCCC)c3c4c(OCCCC)c(C#N)cc5cc(C#N)c(OCCCC)c(c1c23)c54,2.733,1.1096,2.6713,0.8243,/scratch/jaggbow/mol_xtb_coordinates/chromo6655/geom.xtbopt.xyz,/scratch/jaggbow/mol_xtb_coordinates/chromo6655/mmff.xyz,/scratch/jaggbow/mol_xtb_coordinates/chromo6655/basic.xyz,0,,,,,,
2249,chromo2833,CN(C)c1ccc(C2=Cc3ccccc3P2(=O)c2ccccc2)cc1,3.0529,1.0315000000000003,3.5567,1.0168000000000004,/scratch/jaggbow/mol_xtb_coordinates/chromo2833/geom.xtbopt.xyz,/scratch/jaggbow/mol_xtb_coordinates/chromo2833/mmff.xyz,/scratch/jaggbow/mol_xtb_coordinates/chromo2833/basic.xyz,0,,,,,,
2250,chromo3459,CCOC(=O)c1c(-c2cc3ccccc3oc2=O)nn(-c2cccc(C)c2)c1C(=O)OCC,3.8186,1.2172999999999998,3.9319,0.8812000000000002,/scratch/jaggbow/mol_xtb_coordinates/chromo3459/geom.xtbopt.xyz,/scratch/jaggbow/mol_xtb_coordinates/chromo3459/mmff.xyz,/scratch/jaggbow/mol_xtb_coordinates/chromo3459/basic.xyz,1,,,,,,
2251,chromo1227,CC1=CC(C)=[N+]2C1=C(C)c1cccn1[B-]2(F)F,3.1373,1.4885000000000002,2.9396,1.4676,/scratch/jaggbow/mol_xtb_coordinates/chromo1227/geom.xtbopt.xyz,/scratch/jaggbow/mol_xtb_coordinates/chromo1227/mmff.xyz,/scratch/jaggbow/mol_xtb_coordinates/chromo1227/basic.xyz,1,,,,,,
2252,chromo3242,COc1cc(C=CC2=CC(C=Cc3ccc(OS(=O)(=O)c4ccc(C)cc4)c(OC)c3)=[O+][B-](F)(F)O2)ccc1OS(=O)(=O)c1ccc(C)cc1,2.7989,0.8837000000000002,2.828,0.7195999999999998,/scratch/jaggbow/mol_xtb_coordinates/chromo3242/geom.xtbopt.xyz,/scratch/jaggbow/mol_xtb_coordinates/chromo3242/mmff.xyz,/scratch/jaggbow/mol_xtb_coordinates/chromo3242/basic.xyz,1,,,,,,
2253,chromo4099,CCCc1ccc(C#Cc2ccc3nc4ccc(C#Cc5ccc(CCC)cc5)cn4c(=O)c3c2)cc1,2.9251,0.9449,3.473,0.8936999999999999,/scratch/jaggbow/mol_xtb_coordinates/chromo4099/geom.xtbopt.xyz,/scratch/jaggbow/mol_xtb_coordinates/chromo4099/mmff.xyz,/scratch/jaggbow/mol_xtb_coordinates/chromo4099/basic.xyz,0,,,,,,
2254,chromo3706,C(#Cc1c(C#Cc2cccs2)c(C#Cc2cccs2)c(C#Cc2cccs2)c(C#Cc2cccs2)c1C#Cc1cccs1)c1cccs1,2.388,0.7965,3.2686,0.5634000000000001,/scratch/jaggbow/mol_xtb_coordinates/chromo3706/geom.xtbopt.xyz,/scratch/jaggbow/mol_xtb_coordinates/chromo3706/mmff.xyz,/scratch/jaggbow/mol_xtb_coordinates/chromo3706/basic.xyz,0,,,,,,
2255,chromo2135,O=P1(c2ccccc2)c2cccc3ccc4ccc1n4c23,3.1551,0.8125,3.3669,0.6024999999999996,/scratch/jaggbow/mol_xtb_coordinates/chromo2135/geom.xtbopt.xyz,/scratch/jaggbow/mol_xtb_coordinates/chromo2135/mmff.xyz,/scratch/jaggbow/mol_xtb_coordinates/chromo2135/basic.xyz,0,,,,,,
2256,chromo2616,CC(C)(C)c1ccc2c(c1)c1cc(C(C)(C)C)ccc1n2-c1ccc(C#Cc2ccc(C=O)cc2)cc1,2.7873,0.5165000000000002,3.7964,0.4243000000000001,/scratch/jaggbow/mol_xtb_coordinates/chromo2616/geom.xtbopt.xyz,/scratch/jaggbow/mol_xtb_coordinates/chromo2616/mmff.xyz,/scratch/jaggbow/mol_xtb_coordinates/chromo2616/basic.xyz,1,,,,,,
2257,chromo4106,CN(C)c1ccc2c3c(ccc2c1)C(=O)CCC3,3.565,1.0981,3.3318,0.7292999999999998,/scratch/jaggbow/mol_xtb_coordinates/chromo4106/geom.xtbopt.xyz,/scratch/jaggbow/mol_xtb_coordinates/chromo4106/mmff.xyz,/scratch/jaggbow/mol_xtb_coordinates/chromo4106/basic.xyz,0,,,,,,
2258,chromo4069,CCN(CC)c1ccc2cc(-c3ccc(-c4ccc(-c5cc6ccccc6oc5=O)cc4)cc3)c(=O)oc2c1,2.9001,0.7150000000000003,3.4847,0.8916,/scratch/jaggbow/mol_xtb_coordinates/chromo4069/geom.xtbopt.xyz,/scratch/jaggbow/mol_xtb_coordinates/chromo4069/mmff.xyz,/scratch/jaggbow/mol_xtb_coordinates/chromo4069/basic.xyz,1,,,,,,
2259,chromo0854,CN(C)CCNc1ccc([N+](=O)[O-])cc1[N+](=O)[O-],3.2602,0.6584000000000003,3.1374,0.7705000000000002,/scratch/jaggbow/mol_xtb_coordinates/chromo0854/geom.xtbopt.xyz,/scratch/jaggbow/mol_xtb_coordinates/chromo0854/mmff.xyz,/scratch/jaggbow/mol_xtb_coordinates/chromo0854/basic.xyz,1,,,,,,
2260,chromo1170,[O-]c1ccccc1-c1[nH+]c2c3cccnc3c3ncccc3c2n1-c1ccccc1,3.5285,0.8094000000000001,3.7936,0.5075000000000003,/scratch/jaggbow/mol_xtb_coordinates/chromo1170/geom.xtbopt.xyz,/scratch/jaggbow/mol_xtb_coordinates/chromo1170/mmff.xyz,/scratch/jaggbow/mol_xtb_coordinates/chromo1170/basic.xyz,0,,,,,,
2261,chromo2990,Clc1ncc(-c2c3ccccc3c(-c3cnc(Cl)nc3)c3ccccc23)cn1,3.1048,1.3869,3.3349,1.08,/scratch/jaggbow/mol_xtb_coordinates/chromo2990/geom.xtbopt.xyz,/scratch/jaggbow/mol_xtb_coordinates/chromo2990/mmff.xyz,/scratch/jaggbow/mol_xtb_coordinates/chromo2990/basic.xyz,1,,,,,,
2262,chromo3287,CCCSc1ccc2n1[B-](F)(F)[N+]1=C(SC#N)C=CC1=C2c1ccccc1,2.4679,0.9976000000000004,2.7093,1.4462,/scratch/jaggbow/mol_xtb_coordinates/chromo3287/geom.xtbopt.xyz,/scratch/jaggbow/mol_xtb_coordinates/chromo3287/mmff.xyz,/scratch/jaggbow/mol_xtb_coordinates/chromo3287/basic.xyz,1,,,,,,
2263,chromo3413,O=C1Nc2ccccc2C1=CC(=O)c1ccc(Cl)cc1Cl,3.2808,1.0434,2.5071,0.4394,/scratch/jaggbow/mol_xtb_coordinates/chromo3413/geom.xtbopt.xyz,/scratch/jaggbow/mol_xtb_coordinates/chromo3413/mmff.xyz,/scratch/jaggbow/mol_xtb_coordinates/chromo3413/basic.xyz,0,,,,,,
2264,chromo0107,CCN(CC)c1ccc2nc3c4ccccc4c(=O)cc-3oc2c1,2.7481,1.2389,2.8849,1.1546,/scratch/jaggbow/mol_xtb_coordinates/chromo0107/geom.xtbopt.xyz,/scratch/jaggbow/mol_xtb_coordinates/chromo0107/mmff.xyz,/scratch/jaggbow/mol_xtb_coordinates/chromo0107/basic.xyz,0,,,,,,
2265,chromo0196,CCN1C(=Cc2c(-c3ccc(N(C)C)cc3)c(=O)c2=O)C=Cc2ccccc21,2.4541,0.9648,2.2774,0.8349000000000002,/scratch/jaggbow/mol_xtb_coordinates/chromo0196/geom.xtbopt.xyz,/scratch/jaggbow/mol_xtb_coordinates/chromo0196/mmff.xyz,/scratch/jaggbow/mol_xtb_coordinates/chromo0196/basic.xyz,0,,,,,,
2266,chromo1200,O=Cc1cc(C=O)c2ccc3c(N4CCCCC4)cc(N4CCCCC4)c4ccc1c2c43,2.5951,0.9896,2.7528,0.8715000000000002,/scratch/jaggbow/mol_xtb_coordinates/chromo1200/geom.xtbopt.xyz,/scratch/jaggbow/mol_xtb_coordinates/chromo1200/mmff.xyz,/scratch/jaggbow/mol_xtb_coordinates/chromo1200/basic.xyz,1,,,,,,
2267,chromo0502,COc1ccc(C2CC(O)(c3ccccn3)CC(O)(c3ccccn3)C2C(=O)c2ccc(N(c3ccccc3)c3ccccc3)cc2)cc1,3.3349,0.8054000000000001,3.4909,0.6265000000000001,/scratch/jaggbow/mol_xtb_coordinates/chromo0502/geom.xtbopt.xyz,/scratch/jaggbow/mol_xtb_coordinates/chromo0502/mmff.xyz,/scratch/jaggbow/mol_xtb_coordinates/chromo0502/basic.xyz,1,,,,,,
2268,chromo0568,N#Cc1ccc(-c2nc(-c3ccccc3)c3ccccn23)cc1,3.1906,0.9329,3.3337,0.6393,/scratch/jaggbow/mol_xtb_coordinates/chromo0568/geom.xtbopt.xyz,/scratch/jaggbow/mol_xtb_coordinates/chromo0568/mmff.xyz,/scratch/jaggbow/mol_xtb_coordinates/chromo0568/basic.xyz,0,,,,,,
2269,chromo0692,CCCCc1ccc2ccc3c(CCCC)ccc4ccc1c2c43,3.5388,1.5054000000000003,3.6442,0.9345,/scratch/jaggbow/mol_xtb_coordinates/chromo0692/geom.xtbopt.xyz,/scratch/jaggbow/mol_xtb_coordinates/chromo0692/mmff.xyz,/scratch/jaggbow/mol_xtb_coordinates/chromo0692/basic.xyz,1,,,,,,
2270,chromo2539,CN(C)c1ccc(C2=Nc3scc(-c4ccc(C#N)cc4)[n+]3[B-](F)(F)O2)cc1,3.3249,0.8693,3.4192,0.8551000000000002,/scratch/jaggbow/mol_xtb_coordinates/chromo2539/geom.xtbopt.xyz,/scratch/jaggbow/mol_xtb_coordinates/chromo2539/mmff.xyz,/scratch/jaggbow/mol_xtb_coordinates/chromo2539/basic.xyz,0,,,,,,
2271,chromo1095,CC1=CC(C)=[N+]2C1=Cc1c3ccccc3c(C#Cc3ccsc3)n1[B-]2(F)F,2.419,1.3362,2.7332,1.3464,/scratch/jaggbow/mol_xtb_coordinates/chromo1095/geom.xtbopt.xyz,/scratch/jaggbow/mol_xtb_coordinates/chromo1095/mmff.xyz,/scratch/jaggbow/mol_xtb_coordinates/chromo1095/basic.xyz,0,,,,,,
2272,chromo2545,COc1ccc(C2=CC3=C(c4c(C)cc(C)cc4C)c4cc(-c5ccc(OC)cc5)c(-c5ccc(OC)cc5)n4[B-](F)(F)[N+]3=C2c2ccc(OC)cc2)cc1,2.2119,0.9141,2.4957,1.0106999999999997,/scratch/jaggbow/mol_xtb_coordinates/chromo2545/geom.xtbopt.xyz,/scratch/jaggbow/mol_xtb_coordinates/chromo2545/mmff.xyz,/scratch/jaggbow/mol_xtb_coordinates/chromo2545/basic.xyz,1,,,,,,
2273,chromo2110,c1ccc(-c2nnc(-c3cc(-n4c5ccccc5c5ccccc54)c(-n4c5ccccc5c5ccccc54)cc3-c3nnc(-c4ccccc4)o3)o2)cc1,2.8634,0.3456999999999999,3.68,0.3633999999999999,/scratch/jaggbow/mol_xtb_coordinates/chromo2110/geom.xtbopt.xyz,/scratch/jaggbow/mol_xtb_coordinates/chromo2110/mmff.xyz,/scratch/jaggbow/mol_xtb_coordinates/chromo2110/basic.xyz,1,,,,,,
2274,chromo2605,C(#Cc1ccc(-n2c3ccccc3c3ccccc32)cc1)c1ccccc1,3.3931,0.8308,3.8836,0.4786999999999999,/scratch/jaggbow/mol_xtb_coordinates/chromo2605/geom.xtbopt.xyz,/scratch/jaggbow/mol_xtb_coordinates/chromo2605/mmff.xyz,/scratch/jaggbow/mol_xtb_coordinates/chromo2605/basic.xyz,1,,,,,,
2275,chromo0419,COc1ccc(C=Cc2nc(-c3ccc(C)cc3)[nH]c2C=Cc2ccc(OC)cc2)cc1,2.9381,1.2211999999999998,3.3927,0.9254000000000002,/scratch/jaggbow/mol_xtb_coordinates/chromo0419/geom.xtbopt.xyz,/scratch/jaggbow/mol_xtb_coordinates/chromo0419/mmff.xyz,/scratch/jaggbow/mol_xtb_coordinates/chromo0419/basic.xyz,1,,,,,,
2276,chromo1326,CCOC(=O)CCCCCn1c2ccc(N)cc2c(=O)c2cc3c(cc21)c(=O)c1cc(N)ccc1n3CCCCCC(=O)OCC,2.3493,0.6452,2.5306,0.8771000000000002,/scratch/jaggbow/mol_xtb_coordinates/chromo1326/geom.xtbopt.xyz,/scratch/jaggbow/mol_xtb_coordinates/chromo1326/mmff.xyz,/scratch/jaggbow/mol_xtb_coordinates/chromo1326/basic.xyz,0,,,,,,
2277,chromo2494,C(=Cc1ncc2ccccc2n1)c1ccc(N(c2ccccc2)c2ccccc2)cc1,2.7414,0.786,3.2541,0.6799000000000004,/scratch/jaggbow/mol_xtb_coordinates/chromo2494/geom.xtbopt.xyz,/scratch/jaggbow/mol_xtb_coordinates/chromo2494/mmff.xyz,/scratch/jaggbow/mol_xtb_coordinates/chromo2494/basic.xyz,0,,,,,,
2278,chromo2890,CC1=C(Cc2ccccc2)C(C)=[N+]2C1=C(C)c1c(C)c(-c3csc(N4CCOCC4)n3)c(C)n1[B-]2(F)F,2.5348,0.9917000000000002,2.4319,1.0179000000000002,/scratch/jaggbow/mol_xtb_coordinates/chromo2890/geom.xtbopt.xyz,/scratch/jaggbow/mol_xtb_coordinates/chromo2890/mmff.xyz,/scratch/jaggbow/mol_xtb_coordinates/chromo2890/basic.xyz,1,,,,,,
2279,chromo2434,COc1ccc(-c2cc3c(s2)c(C(=O)c2ccccc2)cc(=O)n3Cc2ccccc2)cc1,2.709,0.8433000000000002,2.8996,0.6800000000000002,/scratch/jaggbow/mol_xtb_coordinates/chromo2434/geom.xtbopt.xyz,/scratch/jaggbow/mol_xtb_coordinates/chromo2434/mmff.xyz,/scratch/jaggbow/mol_xtb_coordinates/chromo2434/basic.xyz,1,,,,,,
2280,chromo1068,COC(=O)c1ccc(C2=C3C=c4sc(-c5cccs5)cc4=[N+]3[B-](F)(F)n3c2cc2sc(-c4cccs4)cc23)cc1,2.1117,1.156,2.5761,1.2378999999999998,/scratch/jaggbow/mol_xtb_coordinates/chromo1068/geom.xtbopt.xyz,/scratch/jaggbow/mol_xtb_coordinates/chromo1068/mmff.xyz,/scratch/jaggbow/mol_xtb_coordinates/chromo1068/basic.xyz,0,,,,,,
2281,chromo2589,CC(C)(C)c1ccc2c(c1)c1cc(C(C)(C)C)ccc1n2-c1cccs1,3.9535,0.8077000000000001,3.6996,0.4538000000000002,/scratch/jaggbow/mol_xtb_coordinates/chromo2589/geom.xtbopt.xyz,/scratch/jaggbow/mol_xtb_coordinates/chromo2589/mmff.xyz,/scratch/jaggbow/mol_xtb_coordinates/chromo2589/basic.xyz,1,,,,,,
2282,chromo4637,COc1ccc2cc(C(C)C(=O)O)ccc2c1,4.1358,1.3539,3.9047,0.7787999999999999,/scratch/jaggbow/mol_xtb_coordinates/chromo4637/geom.xtbopt.xyz,/scratch/jaggbow/mol_xtb_coordinates/chromo4637/mmff.xyz,/scratch/jaggbow/mol_xtb_coordinates/chromo4637/basic.xyz,1,,,,,,
2283,chromo2435,COC(=O)c1cc(=O)n(C)c2cc(-c3ccc(Oc4ccccc4)cc3)sc12,3.0355,1.1436,3.0441,0.9602999999999996,/scratch/jaggbow/mol_xtb_coordinates/chromo2435/geom.xtbopt.xyz,/scratch/jaggbow/mol_xtb_coordinates/chromo2435/mmff.xyz,/scratch/jaggbow/mol_xtb_coordinates/chromo2435/basic.xyz,1,,,,,,
2284,chromo2340,CC(C)(C)c1ccc(-c2c3c(c(-c4ccc(C(C)(C)C)cc4)c4cc5ccccc5cc24)Cc2c(c(-c4ccc(C(C)(C)C)cc4)c4cc5ccccc5cc4c2-c2ccc(C(C)(C)C)cc2)C3)cc1,3.0751,1.2746,3.418,1.0852,/scratch/jaggbow/mol_xtb_coordinates/chromo2340/geom.xtbopt.xyz,/scratch/jaggbow/mol_xtb_coordinates/chromo2340/mmff.xyz,/scratch/jaggbow/mol_xtb_coordinates/chromo2340/basic.xyz,0,,,,,,
2285,chromo3059,Cc1cc(-c2ccc(N(c3ccccc3)c3ccccc3)cc2)c2nsnc2c1-c1ccc(N(c2ccccc2)c2ccccc2)cc1,2.269,0.4980000000000002,3.4654,0.5886,/scratch/jaggbow/mol_xtb_coordinates/chromo3059/geom.xtbopt.xyz,/scratch/jaggbow/mol_xtb_coordinates/chromo3059/mmff.xyz,/scratch/jaggbow/mol_xtb_coordinates/chromo3059/basic.xyz,0,,,,,,
2286,chromo2599,N#CC(C#N)=Cc1ccc2c(c1)[nH]c1c3ccccc3sc21,2.7596,0.8427999999999998,2.9208,0.6585999999999999,/scratch/jaggbow/mol_xtb_coordinates/chromo2599/geom.xtbopt.xyz,/scratch/jaggbow/mol_xtb_coordinates/chromo2599/mmff.xyz,/scratch/jaggbow/mol_xtb_coordinates/chromo2599/basic.xyz,0,,,,,,
2287,chromo0118,Nc1ccc(-c2ccc3c(c2)C(=O)c2ccccc2C3=O)cc1,2.5296,0.3708,3.0121,0.3035000000000001,/scratch/jaggbow/mol_xtb_coordinates/chromo0118/geom.xtbopt.xyz,/scratch/jaggbow/mol_xtb_coordinates/chromo0118/mmff.xyz,/scratch/jaggbow/mol_xtb_coordinates/chromo0118/basic.xyz,0,,,,,,
2288,chromo2035,Cc1nn(-c2ccccc2)c2c1c(=O)oc1ccc(-n3c4ccccc4c4ccccc43)cc12,3.2778,0.2738,3.8358,0.4281999999999999,/scratch/jaggbow/mol_xtb_coordinates/chromo2035/geom.xtbopt.xyz,/scratch/jaggbow/mol_xtb_coordinates/chromo2035/mmff.xyz,/scratch/jaggbow/mol_xtb_coordinates/chromo2035/basic.xyz,0,,,,,,
2289,chromo3514,CCCCn1c2ccc(-c3ccc4c(c3)c3c5c(ccc6ccccc65)ccc3n4CCCC)cc2c2c3c(ccc4ccccc43)ccc21,3.2845,0.6821000000000002,3.4945,0.3767999999999998,/scratch/jaggbow/mol_xtb_coordinates/chromo3514/geom.xtbopt.xyz,/scratch/jaggbow/mol_xtb_coordinates/chromo3514/mmff.xyz,/scratch/jaggbow/mol_xtb_coordinates/chromo3514/basic.xyz,0,,,,,,
2290,chromo3101,Cc1cc2ccccc2c2c1c1ccccc1n2-c1ncccn1,3.2988,0.7357999999999998,3.723,0.5994999999999999,/scratch/jaggbow/mol_xtb_coordinates/chromo3101/geom.xtbopt.xyz,/scratch/jaggbow/mol_xtb_coordinates/chromo3101/mmff.xyz,/scratch/jaggbow/mol_xtb_coordinates/chromo3101/basic.xyz,0,,,,,,
2291,chromo3120,Cc1ccc(-c2c3nc(c(-c4ccco4)c4ccc([nH]4)c(-c4ccco4)c4nc(c(-c5ccco5)c5ccc2[nH]5)C=C4)C=C3)cc1,2.03,0.7526999999999997,2.0989,0.3145,/scratch/jaggbow/mol_xtb_coordinates/chromo3120/geom.xtbopt.xyz,/scratch/jaggbow/mol_xtb_coordinates/chromo3120/mmff.xyz,/scratch/jaggbow/mol_xtb_coordinates/chromo3120/basic.xyz,0,,,,,,
2292,chromo0274,CCCCn1c(-c2ccc(-c3nnc(-c4ccc(-c5nc(-c6ccccc6)c(-c6ccccc6)n5CCCC)cc4)o3)cc2)nc(-c2ccccc2)c1-c1ccccc1,3.0314,0.5792999999999999,3.9591,0.4821999999999997,/scratch/jaggbow/mol_xtb_coordinates/chromo0274/geom.xtbopt.xyz,/scratch/jaggbow/mol_xtb_coordinates/chromo0274/mmff.xyz,/scratch/jaggbow/mol_xtb_coordinates/chromo0274/basic.xyz,0,,,,,,
2293,chromo2329,O=C1NC(=O)c2c1c1c3ccccc3[nH]c1c1[nH]c3ccccc3c21,3.0259,0.5895999999999999,2.7107,0.4527000000000001,/scratch/jaggbow/mol_xtb_coordinates/chromo2329/geom.xtbopt.xyz,/scratch/jaggbow/mol_xtb_coordinates/chromo2329/mmff.xyz,/scratch/jaggbow/mol_xtb_coordinates/chromo2329/basic.xyz,0,,,,,,
2294,chromo1173,Cc1ccc(N2C(c3ccccc3N(C)C)=NC(c3ccccc3)C2c2ccccc2)cc1,4.0527,0.8066999999999998,3.6132,0.3814999999999999,/scratch/jaggbow/mol_xtb_coordinates/chromo1173/geom.xtbopt.xyz,/scratch/jaggbow/mol_xtb_coordinates/chromo1173/mmff.xyz,/scratch/jaggbow/mol_xtb_coordinates/chromo1173/basic.xyz,1,,,,,,
2295,chromo2267,Cc1cccc(-c2c3ccccc3cc3ccccc23)n1,3.1808,1.4229,3.4263,1.1157999999999997,/scratch/jaggbow/mol_xtb_coordinates/chromo2267/geom.xtbopt.xyz,/scratch/jaggbow/mol_xtb_coordinates/chromo2267/mmff.xyz,/scratch/jaggbow/mol_xtb_coordinates/chromo2267/basic.xyz,1,,,,,,
2296,chromo2504,CN(C)c1ccc(-c2nc(-c3ccc(N(C)C)cc3)c3ccccc3n2)cc1,3.0225,0.6419999999999999,3.337,0.4235000000000002,/scratch/jaggbow/mol_xtb_coordinates/chromo2504/geom.xtbopt.xyz,/scratch/jaggbow/mol_xtb_coordinates/chromo2504/mmff.xyz,/scratch/jaggbow/mol_xtb_coordinates/chromo2504/basic.xyz,0,,,,,,
2297,chromo0426,COc1cccc(C=CC(=O)c2c(O)cc(C)oc2=O)c1,3.3092,1.0385,3.507,0.7355,/scratch/jaggbow/mol_xtb_coordinates/chromo0426/geom.xtbopt.xyz,/scratch/jaggbow/mol_xtb_coordinates/chromo0426/mmff.xyz,/scratch/jaggbow/mol_xtb_coordinates/chromo0426/basic.xyz,1,,,,,,
2298,chromo0776,COc1ccc(C=Cc2cc(C=Cc3ccc(N(c4ccccc4)c4ccccc4)cc3)nc(C=Cc3ccc(N(C)C)cc3)n2)cc1,2.6516,0.5754000000000001,3.3633,0.6643000000000003,/scratch/jaggbow/mol_xtb_coordinates/chromo0776/geom.xtbopt.xyz,/scratch/jaggbow/mol_xtb_coordinates/chromo0776/mmff.xyz,/scratch/jaggbow/mol_xtb_coordinates/chromo0776/basic.xyz,1,,,,,,
2299,chromo1481,[C-]#[N+]c1ccc(-c2ccc(N(C)C)cc2)cc1,3.7561,0.9543,4.0887,0.8083,/scratch/jaggbow/mol_xtb_coordinates/chromo1481/geom.xtbopt.xyz,/scratch/jaggbow/mol_xtb_coordinates/chromo1481/mmff.xyz,/scratch/jaggbow/mol_xtb_coordinates/chromo1481/basic.xyz,1,,,,,,
2300,chromo2183,c1ccc(-n2c(-c3ccc(-c4c5ccccc5c(-c5cccc(-n6c7ccccc7c7ccccc76)c5)c5ccccc45)cc3)nc3c4ccccc4c4ccccc4c32)cc1,3.0804,1.3484,3.3296,1.0392,/scratch/jaggbow/mol_xtb_coordinates/chromo2183/geom.xtbopt.xyz,/scratch/jaggbow/mol_xtb_coordinates/chromo2183/mmff.xyz,/scratch/jaggbow/mol_xtb_coordinates/chromo2183/basic.xyz,1,,,,,,
2301,chromo3112,Cc1cc2c3ccccc3oc2c2c1c1ccccc1n2-c1ccc(C#N)cc1,3.4362,0.5118999999999998,3.6619,0.4474,/scratch/jaggbow/mol_xtb_coordinates/chromo3112/geom.xtbopt.xyz,/scratch/jaggbow/mol_xtb_coordinates/chromo3112/mmff.xyz,/scratch/jaggbow/mol_xtb_coordinates/chromo3112/basic.xyz,0,,,,,,
2302,chromo0222,C1=Cc2nc1c(-c1cccs1)c1ccc([nH]1)c(-c1cccs1)c1nc(c(-c3cccs3)c3ccc([nH]3)c2-c2cccs2)C=C1,2.1525,0.7581999999999998,2.1062,0.2953999999999999,/scratch/jaggbow/mol_xtb_coordinates/chromo0222/geom.xtbopt.xyz,/scratch/jaggbow/mol_xtb_coordinates/chromo0222/mmff.xyz,/scratch/jaggbow/mol_xtb_coordinates/chromo0222/basic.xyz,0,,,,,,
2303,chromo3133,C(=Cc1ccc(C=CSC=C2CCCCC2)cc1)SC=C1CCCCC1,3.4253,1.2563,3.7247,0.9099999999999996,/scratch/jaggbow/mol_xtb_coordinates/chromo3133/geom.xtbopt.xyz,/scratch/jaggbow/mol_xtb_coordinates/chromo3133/mmff.xyz,/scratch/jaggbow/mol_xtb_coordinates/chromo3133/basic.xyz,1,,,,,,
2304,chromo1994,CC(C)(C)c1ccc2c(c1)c1cc(C(C)(C)C)ccc1n2-c1ccc(C#Cc2ccc3c4ccc(C#Cc5ccc(-n6c7ccc(C(C)(C)C)cc7c7cc(C(C)(C)C)ccc76)cc5)cc4n(-c4ccc(C(F)(F)F)cc4)c3c2)cc1,2.8487,0.6411000000000002,3.6956,0.3929,/scratch/jaggbow/mol_xtb_coordinates/chromo1994/geom.xtbopt.xyz,/scratch/jaggbow/mol_xtb_coordinates/chromo1994/mmff.xyz,/scratch/jaggbow/mol_xtb_coordinates/chromo1994/basic.xyz,1,,,,,,
2305,chromo2582,COc1ccc(N(c2ccc(OC)cc2)c2cc3ccc4cc(B(c5c(C)cc(C)cc5C)c5c(C)cc(C)cc5C)cc5ccc(c2)c3c45)cc1,2.7787,0.6546000000000003,2.9393,0.2251999999999996,/scratch/jaggbow/mol_xtb_coordinates/chromo2582/geom.xtbopt.xyz,/scratch/jaggbow/mol_xtb_coordinates/chromo2582/mmff.xyz,/scratch/jaggbow/mol_xtb_coordinates/chromo2582/basic.xyz,1,,,,,,
2306,chromo3107,Cc1cc2cc(C)c3c4ccccc4[nH]c3c2o1,4.0515,0.9916999999999998,3.9285,0.4469000000000003,/scratch/jaggbow/mol_xtb_coordinates/chromo3107/geom.xtbopt.xyz,/scratch/jaggbow/mol_xtb_coordinates/chromo3107/mmff.xyz,/scratch/jaggbow/mol_xtb_coordinates/chromo3107/basic.xyz,0,,,,,,
2307,chromo2209,c1ccc(-n2c(-c3cccc4ccccc34)nc3c4ccccc4c4ccccc4c32)cc1,3.5092,0.9686,3.7788,0.5789,/scratch/jaggbow/mol_xtb_coordinates/chromo2209/geom.xtbopt.xyz,/scratch/jaggbow/mol_xtb_coordinates/chromo2209/mmff.xyz,/scratch/jaggbow/mol_xtb_coordinates/chromo2209/basic.xyz,1,,,,,,
2308,chromo1123,F[B-]1(F)n2c(c3ccccc3c2-c2ccccc2)N=C2c3ccccc3C(c3ccccc3)=[N+]21,2.0984,1.4023,2.5465,1.4489,/scratch/jaggbow/mol_xtb_coordinates/chromo1123/geom.xtbopt.xyz,/scratch/jaggbow/mol_xtb_coordinates/chromo1123/mmff.xyz,/scratch/jaggbow/mol_xtb_coordinates/chromo1123/basic.xyz,0,,,,,,
2309,chromo1830,CN1C(=CC2=C([O-])C(=CC3=[N+](C)c4ccccc4C3(C)C)C2=O)C(C)(C)c2cc(Cl)ccc21,2.2682,1.3278000000000003,2.3029,1.4490000000000005,/scratch/jaggbow/mol_xtb_coordinates/chromo1830/geom.xtbopt.xyz,/scratch/jaggbow/mol_xtb_coordinates/chromo1830/mmff.xyz,/scratch/jaggbow/mol_xtb_coordinates/chromo1830/basic.xyz,0,,,,,,
2310,chromo3027,CCCCN(CCCC)c1ccc(C=Cc2ccc3nc(C=Cc4ccc(N(C)C)cc4)c(=O)n(CCC)c3c2)cc1,2.4013,0.9251,2.9359,0.7657000000000003,/scratch/jaggbow/mol_xtb_coordinates/chromo3027/geom.xtbopt.xyz,/scratch/jaggbow/mol_xtb_coordinates/chromo3027/mmff.xyz,/scratch/jaggbow/mol_xtb_coordinates/chromo3027/basic.xyz,0,,,,,,
2311,chromo0406,COc1ccc(-c2ccc(-c3cc(-c4ccccn4)nc(-c4ccccn4)c3)cc2)cc1,3.7452,0.9221,4.3772,0.5439000000000003,/scratch/jaggbow/mol_xtb_coordinates/chromo0406/geom.xtbopt.xyz,/scratch/jaggbow/mol_xtb_coordinates/chromo0406/mmff.xyz,/scratch/jaggbow/mol_xtb_coordinates/chromo0406/basic.xyz,1,,,,,,
2312,chromo3093,COc1ccc2c(c1)cc(C)c1c3ccccc3[nH]c21,3.8404,1.0829,3.774,0.6141999999999999,/scratch/jaggbow/mol_xtb_coordinates/chromo3093/geom.xtbopt.xyz,/scratch/jaggbow/mol_xtb_coordinates/chromo3093/mmff.xyz,/scratch/jaggbow/mol_xtb_coordinates/chromo3093/basic.xyz,0,,,,,,
2313,chromo2946,CCOc1cc2c(cc1C=CC1=CC(=C(C#N)C#N)CC(C)(C)C1)c1ccccc1n2CC,2.6661,1.2092,3.0856,1.1031,/scratch/jaggbow/mol_xtb_coordinates/chromo2946/geom.xtbopt.xyz,/scratch/jaggbow/mol_xtb_coordinates/chromo2946/mmff.xyz,/scratch/jaggbow/mol_xtb_coordinates/chromo2946/basic.xyz,1,,,,,,
2314,chromo2394,C(C#Cc1ccc2ccc3cccc4ccc1c2c34)#Cc1cccc2ccccc12,3.0815,1.2462000000000002,3.6172,1.0169,/scratch/jaggbow/mol_xtb_coordinates/chromo2394/geom.xtbopt.xyz,/scratch/jaggbow/mol_xtb_coordinates/chromo2394/mmff.xyz,/scratch/jaggbow/mol_xtb_coordinates/chromo2394/basic.xyz,1,,,,,,