,molecule_id,smiles,target_core,vs1,vdelta
16,chromo0044,CCC12C(=C3C(=C4c5ccc(-c6ccc(C)s6)cc5S(=O)(=O)C41CC)C(F)(F)C(F)(F)C3(F)F)c1ccc(-c3ccc(C)s3)cc1S2(=O)=O,0,2.3042,1.0266999999999997
18,chromo0045,ClP1(Cl)=NP(Cl)(Cl)=NP(Cl)(Oc2ccc3ccc4cccc5ccc2c3c45)=N1,1,3.1023,1.0091
19,chromo0046,ClP1(Cl)=NP(Cl)(Oc2ccc3ccc4cccc5ccc2c3c45)=NP(Cl)(Oc2ccc3ccc4cccc5ccc2c3c45)=N1,1,3.3501,1.2578999999999998
20,chromo0048,c1ccc2c(c1)OP1(=NP3(=NP(Oc4ccc5ccc6cccc7ccc4c5c67)(Oc4ccc5ccc6cccc7ccc4c5c67)=N1)Oc1ccccc1-c1ccccc1O3)Oc1ccccc1-2,0,3.4631,1.3706999999999998
21,chromo0049,c1ccc2c(c1)OP1(=NP(Oc3ccc4ccc5cccc6ccc3c4c56)(Oc3ccc4ccc5cccc6ccc3c4c56)=NP(Oc3ccc4ccc5cccc6ccc3c4c56)(Oc3ccc4ccc5cccc6ccc3c4c56)=N1)Oc1ccccc1-2,0,3.2536,1.1745
30,chromo0060,O=C1c2cccc3cc4ccccc4c(c23)C(=O)N1Cc1ccccn1,0,2.824,1.2427
33,chromo0061,O=C1c2cccc3c(NCc4ccccn4)c4ccccc4c(c23)C(=O)N1Cc1ccccn1,0,2.6098,1.0983999999999998
36,chromo0062,CCCCCCCCCCCCN1C(=O)c2cccc3c(N(Cc4ccccn4)Cc4ccccn4)c4ccccc4c(c23)C1=O,0,2.5244,0.9837
39,chromo0063,CC(=O)N(Cc1ccccn1)c1c2ccccc2c2c3c(cccc13)C(=O)N(Cc1ccccn1)C2=O,0,2.7315,1.2194
43,chromo0065,O=C1NC(=O)c2ccc(N3CCCCC3)c3cccc1c23,0,3.1971,1.0204
44,chromo0066,O=C1NC(=O)c2ccc(N3CCOCC3)c3cccc1c23,0,3.239,1.0455
76,chromo0117,O=Cc1ccc(N(c2ccc(C=O)cc2)c2ccc(-c3ccc4c(c3)C(=O)c3ccccc3C4=O)cc2)cc1,0,2.4618,0.20290000000000008
79,chromo0118,Nc1ccc(-c2ccc3c(c2)C(=O)c2ccccc2C3=O)cc1,0,2.5296,0.3708
82,chromo0119,O=C1c2ccccc2C(=O)c2cc(-c3ccc(N(c4ccccc4)c4ccccc4)cc3)ccc21,0,2.1118,0.18480000000000008
85,chromo0120,Cc1ccc(N(c2ccc(C)cc2)c2ccc(-c3ccc4c(c3)C(=O)c3ccccc3C4=O)cc2)cc1,0,2.0253,0.18180000000000018
88,chromo0121,COc1ccc(N(c2ccc(OC)cc2)c2ccc(-c3ccc4c(c3)C(=O)c3ccccc3C4=O)cc2)cc1,0,1.9122,0.17389999999999994
136,chromo0147,FC(F)(F)C(F)(F)C(F)(F)C(F)(F)C(F)(F)C(F)(F)CCOc1nnc(Cl)nn1,0,2.2619,0.8125999999999998
137,chromo0148,FC(F)(F)C(F)(F)C(F)(F)C(F)(F)C(F)(F)C(F)(F)C(F)(F)C(F)(F)CCOc1nnc(Cl)nn1,0,2.2619,0.8125999999999998
138,chromo0149,C=CCOc1nnc(OCCC(F)(F)C(F)(F)C(F)(F)C(F)(F)C(F)(F)C(F)(F)F)nn1,0,2.2298,0.7804
139,chromo0150,C=CCOc1nnc(OCCC(F)(F)C(F)(F)C(F)(F)C(F)(F)C(F)(F)C(F)(F)C(F)(F)C(F)(F)F)nn1,0,2.2537,0.7920999999999998
140,chromo0151,COc1nnc(Cl)nn1,0,2.2586,0.8109999999999999
188,chromo0192,CCCCCCCCn1nnc(-c2ccc(C#Cc3ccc(C#Cc4ccc(-c5nnn(CCCCCCCC)n5)cc4)c4nc5c6ccccc6c6ccccc6c5nc34)cc2)n1,0,2.4371,0.8472
191,chromo0193,CCCCCCCCCCn1nnc(-c2ccc(C#Cc3ccc(C#Cc4ccc(-c5nnn(CCCCCCCCCC)n5)cc4)c4nc5c6ccccc6c6ccccc6c5nc34)cc2)n1,0,2.4438,0.8418999999999999
194,chromo0194,CCCCCCCCCCCCn1nnc(-c2ccc(C#Cc3ccc(C#Cc4ccc(-c5nnn(CCCCCCCCCCCC)n5)cc4)c4nc5c6ccccc6c6ccccc6c5nc34)cc2)n1,0,2.4208,0.8342999999999998
198,chromo0195,CN(C)c1ccc(-c2c(C=C3C=Cc4ccccc4N3C)c(=O)c2=O)cc1,0,2.4637,0.9261999999999997
200,chromo0196,CCN1C(=Cc2c(-c3ccc(N(C)C)cc3)c(=O)c2=O)C=Cc2ccccc21,0,2.4541,0.9647999999999999
202,chromo0197,CCCN1C(=Cc2c(-c3ccc(N(C)C)cc3)c(=O)c2=O)C=Cc2ccccc21,0,2.4425,0.9565999999999999
204,chromo0198,CCCCN1C(=Cc2c(-c3ccc(N(C)C)cc3)c(=O)c2=O)C=Cc2ccccc21,0,2.4404,0.9501999999999999
206,chromo0199,CN(C)c1ccc(-c2c(C=C3C=Cc4ccccc4N3Cc3ccccc3)c(=O)c2=O)cc1,0,2.4502,0.9530000000000001
207,chromo0200,Cc1nc(-c2ccccc2O)n2c1CCCC2,0,4.1911,1.1367999999999996
208,chromo0201,Cc1ccc(O)c(-c2nc(C)c3n2CCCC3)c1,0,4.1212,1.13
209,chromo0202,COc1ccc(O)c(-c2nc(C)c3n2CCCC3)c1,0,3.8861,0.9832999999999998
210,chromo0203,Cc1nc(-c2cc(F)ccc2O)n2c1CCCC2,0,4.0286,1.0992000000000002
211,chromo0204,Cc1nc(-c2cc(C(F)(F)F)ccc2O)n2c1CCCC2,0,4.1816,1.1524000000000005
212,chromo0205,Cc1nc(-c2cc(N)ccc2O)n2c1CCCC2,0,3.7371,0.9824999999999999
217,chromo0207,CCCN1C(=O)c2c3c(c4c(c2C1=O)CCc1cc(-c2ccc(N(C)C)cc2)c(OC)cc1-4)-c1cc(OC)c(-c2ccc(N(C)C)cc2)cc1CC3,0,2.3734,0.36860000000000026
228,chromo0225,CCCCCCCCCCCCOc1cc2cc(N(C)C)ccc2cc1C#N,1,3.6484,1.1261
231,chromo0226,CCCCCCCCCCCCOc1cc2cc(N(C)C)ccc2cc1C=O,1,3.4524,1.0469999999999997
234,chromo0227,CCCCCCCCCCCCOc1cc2cc(N(C)C)ccc2cc1C=C(C#N)C#N,1,2.8324,0.9626999999999999
236,chromo0248,F[B-]1(F)OC(C#Cc2ccccc2)=C2CCc3ccccc3C2=[O+]1,0,3.2163,1.0789999999999997
237,chromo0249,COc1ccc2c(c1)CCC1=C(C#Cc3ccccc3)O[B-](F)(F)[O+]=C12,0,3.141,1.0101
238,chromo0250,COc1ccc2c(c1)CCC1=C(C#Cc3ccc(Cl)cc3)O[B-](F)(F)[O+]=C12,0,3.0987,0.988
239,chromo0251,COc1ccc(C#CC2=C3CCc4ccccc4C3=[O+][B-](F)(F)O2)cc1,0,3.1069,0.9838
240,chromo0252,CN(C)c1ccc(C#CC2=C3CCc4ccccc4C3=[O+][B-](F)(F)O2)cc1,0,2.8494,0.8157000000000001
241,chromo0253,COc1ccc2cc(C#CC3=C4CCc5ccccc5C4=[O+][B-](F)(F)O3)ccc2c1,0,2.925,0.8663999999999996
242,chromo0254,COc1ccc2c(c1)CCC1=C(C#Cc3cc4ccccc4c4ccccc34)O[B-](F)(F)[O+]=C12,0,2.8849,0.8953
243,chromo0255,F[B-]1(F)OC(C#Cc2ccccc2)=CC(c2ccccc2)=[O+]1,0,3.4091,1.0676
244,chromo0256,COc1ccc(C=CC2=C3CCc4ccccc4C3=[O+][B-](F)(F)O2)cc1,0,3.0588,1.0532000000000004
245,chromo0257,COc1ccc2cc(C=CC3=C4CCc5ccccc5C4=[O+][B-](F)(F)O3)ccc2c1,0,2.8916,0.9453
246,chromo0258,F[B-]1(F)OC(C=Cc2ccccc2)=CC(c2ccccc2)=[O+]1,0,3.3462,1.1867999999999999
247,chromo0259,COc1ccc(C=CC2=CC(c3ccccc3)=[O+][B-](F)(F)O2)cc1,1,3.1506,1.061
248,chromo0260,COc1ccc2cc(C=CC3=CC(c4ccccc4)=[O+][B-](F)(F)O3)ccc2c1,1,2.9272,0.9198
255,chromo0267,CCCCn1c(-c2ccc(-c3nnc(-c4ccccc4)o3)cc2)nc(-c2ccccc2)c1-c1ccccc1,0,3.2012,0.6577999999999999
256,chromo0268,CCCCn1c(-c2ccc(-c3nnc(-c4ccc5ccccc5c4)o3)cc2)nc(-c2ccccc2)c1-c1ccccc1,1,3.1166,0.6888000000000001
257,chromo0269,CCCCn1c(-c2ccc(-c3nnc(-c4cccs4)o3)cc2)nc(-c2ccccc2)c1-c1ccccc1,0,3.1319,0.6875999999999998
258,chromo0270,CCCCn1c(-c2ccc(-c3nnc(-c4ccccc4)o3)cc2)nc2c3ccccc3c3ccccc3c21,1,3.1263,0.6276999999999999
260,chromo0271,CCCCn1c(-c2ccc(-c3nnc(-c4ccc5ccccc5c4)o3)cc2)nc2c3ccccc3c3ccccc3c21,1,3.0548,0.6438000000000001
261,chromo0272,CCCCn1c(-c2ccc(-c3nnc(-c4cccs4)o3)cc2)nc2c3ccccc3c3ccccc3c21,1,3.0668,0.6444000000000001
262,chromo0273,CCCCn1c(-c2ccc(-c3nnc(-c4ccc(-c5nc6ccccc6n5CCCC)cc4)o3)cc2)nc2ccccc21,0,3.3239,0.7841
263,chromo0274,CCCCn1c(-c2ccc(-c3nnc(-c4ccc(-c5nc(-c6ccccc6)c(-c6ccccc6)n5CCCC)cc4)o3)cc2)nc(-c2ccccc2)c1-c1ccccc1,0,3.0314,0.5792999999999999
264,chromo0275,CCCCn1c(-c2ccc(-c3nnc(-c4ccc(-c5nc6c7ccccc7c7ccccc7c6n5CCCC)cc4)o3)cc2)nc2c3ccccc3c3ccccc3c21,1,2.9348,0.5264000000000002
265,chromo0277,COc1c2ccccc2c(OC)c2c1c1ccccc1n2C,0,3.2597,1.0361000000000002
268,chromo0278,COc1c2ccccc2c(OC)c2c1c1ccc(C)cc1n2C,0,3.2722,1.0452000000000004
271,chromo0279,COc1c2ccccc2c(OC)c2c1c1cc(C)ccc1n2C,0,3.2192,1.0154999999999998
274,chromo0280,COc1c2ccccc2c(OC)c2c1c1cccc(OC)c1n2C,0,3.1823,0.9944999999999999
277,chromo0281,COc1ccc2c3c(OC)c4ccccc4c(OC)c3n(C)c2c1,0,3.3362,1.0884999999999998
280,chromo0282,COc1ccc2c(c1)c1c(OC)c3ccccc3c(OC)c1n2C,0,3.0936,0.9516
283,chromo0283,COc1c2ccccc2c(OC)c2c1c1c(C)ccc(OC)c1n2C,0,3.1193,0.9630999999999998
286,chromo0284,COc1c2ccccc2c(OC)c2c1c1cc(Cl)ccc1n2C,0,3.2048,1.0074
289,chromo0285,COc1c2ccccc2c(OC)c2c1c1ccc(C(F)(F)F)cc1n2C,0,3.1796,1.0020000000000002
292,chromo0286,COc1c2ccccc2c(OC)c2c1c1ccc(F)cc1n2C,0,3.334,1.0809000000000002
295,chromo0287,COc1c2ccccc2c(OC)c2c1c1c(F)cccc1n2C,0,3.2944,1.0617999999999999
298,chromo0288,COc1c2ccccc2c(OC)c2c1c1cc(F)ccc1n2C,0,3.1731,0.9933999999999998
311,chromo0299,[O-][n+]1c(C=Cc2ccccc2)nc(N2CCOCC2)c2c1CCCC2,0,2.9943,1.2343
312,chromo0300,Cc1cccc(C)c1C=Cc1nc(N2CCOCC2)c2c([n+]1[O-])CCCC2,0,3.0531,1.2087
313,chromo0301,CN(C)c1ccc(C=Cc2nc(N3CCOCC3)c3c([n+]2[O-])CCCC3)cc1,0,2.9645,1.2101000000000002
314,chromo0302,COc1ccc(C=Cc2nc(N3CCOCC3)c3c([n+]2[O-])CCCC3)cc1,0,3.0055,1.2379
315,chromo0303,CCOc1ccc(C=Cc2nc(N3CCOCC3)c3c([n+]2[O-])CCCC3)cc1,0,3.0059,1.2373
316,chromo0304,COc1cc(C=Cc2nc(N3CCOCC3)c3c([n+]2[O-])CCCC3)cc(OC)c1OC,0,2.9833,1.2371999999999999
317,chromo0305,O=Cc1ccc(C=Cc2nc(N3CCOCC3)c3c([n+]2[O-])CCCC3)cc1,0,2.698,1.0842
318,chromo0306,[O-][n+]1c(C=Cc2ccc(C=Cc3ccccc3)cc2)nc(N2CCOCC2)c2c1CCCC2,0,2.7297,1.1307999999999998
319,chromo0307,CCCCNc1nc(C=Cc2ccccc2)[n+]([O-])c2c1CCCC2,0,2.8472,1.1764999999999999
320,chromo0308,[O-][n+]1c(C=Cc2ccccc2)nc(Nc2ccccc2)c2c1CCCC2,0,2.7728,1.0927000000000002
321,chromo0309,COc1ccc(Nc2nc(C=Cc3ccccc3)[n+]([O-])c3c2CCCC3)cc1,0,2.6675,1.0103
322,chromo0310,[O-][n+]1c(C=CC=Cc2ccccc2)nc(N2CCOCC2)c2c1CCCC2,0,2.816,1.3186999999999998
323,chromo0311,[O-][n+]1c(C=Cc2ccc3ccccc3c2)nc(N2CCOCC2)c2c1CCCC2,0,2.9267,1.2063
324,chromo0312,[O-][n+]1c(C=Cc2cc3cccc4c5cccc6cccc(c(c2)c34)c65)nc(N2CCOCC2)c2c1CCCC2,0,2.6398,1.2214
325,chromo0313,[O-][n+]1c(C=Cc2cccs2)nc(N2CCOCC2)c2c1CCCC2,0,2.9079,1.2768000000000002
326,chromo0314,[O-][n+]1c(-c2ccccc2)cc(N2CCOCC2)nc1C=Cc1ccccc1,0,2.627,0.9129999999999998
327,chromo0315,[O-][n+]1c(-c2ccc(Br)cc2)cc(N2CCOCC2)nc1C=Cc1ccccc1,0,2.6109,0.8777999999999999
328,chromo0316,C(=Cc1nc2c(c(N3CCOCC3)n1)CCCC2)c1ccccc1,0,3.8708,1.5137999999999998
329,chromo0317,CCN(CC)c1ccc2cc(C#N)c(=N)oc2c1,1,3.4375,1.2736
330,chromo0318,COc1ccc2cc(C#N)c(=N)oc2c1,1,3.6012,1.338
331,chromo0319,COc1cccc2cc(C#N)c(=N)oc12,1,3.3814,1.0905
332,chromo0320,COc1ccc2oc(=N)c(C#N)cc2c1,1,3.0824,1.0328
333,chromo0321,COc1cc(OC)c2cc(C#N)c(=N)oc2c1,1,3.6506,1.3678
334,chromo0322,CCOC(=O)N=c1oc2cc(N(CC)CC)ccc2cc1C#N,1,3.3113,1.1776
335,chromo0323,CCOC(=O)N=c1oc2cc(OC)ccc2cc1C#N,1,3.4093,1.1673
336,chromo0324,CCOC(=O)N=c1oc2c(OC)cccc2cc1C#N,1,3.1761,0.9194
337,chromo0325,CCOC(=O)N=c1oc2ccc(OC)cc2cc1C#N,1,3.0652,0.9962
338,chromo0326,CCOC(=O)N=c1oc2cc(OC)cc(OC)c2cc1C#N,1,3.4738,1.1957000000000004
339,chromo0327,CCN(CC)c1ccc2cc(C#N)c(=O)oc2c1,1,3.4734,1.2174
340,chromo0328,CCN(CC)c1ccc2ccc(=O)oc2c1,1,3.7376,1.2282000000000002
356,chromo0337,c1ccc2c(c1)CCc1c-2cnc2c1-c1ccccc1CC2,0,4.2344,1.2858999999999998
361,chromo0338,c1ccc(-c2nc3c(c4c2-c2ccccc2CC4)-c2ccccc2CC3)cc1,0,3.8667,1.1012
366,chromo0339,COc1ccc(-c2nc3c(c4c2-c2ccccc2CC4)-c2ccccc2CC3)cc1,0,3.6857,0.9812000000000003
371,chromo0340,CN(C)c1ccc(-c2nc3c(c4c2-c2ccccc2CC4)-c2ccccc2CC3)cc1,0,3.3562,0.7605999999999997
376,chromo0341,CCN(CC)c1ccc(-c2nc3c(c4c2-c2ccccc2CC4)-c2ccccc2CC3)cc1,0,3.2879,0.7248999999999999
381,chromo0342,O=[N+]([O-])c1ccc(-c2nc3c(c4c2-c2ccccc2CC4)-c2ccccc2CC3)cc1,0,3.208,0.6418000000000004
386,chromo0343,COc1ccc(-c2nc3c(c4c2-c2ccc(C#N)cc2CC4)-c2ccc(C#N)cc2CC3)cc1,0,3.3214,0.7949999999999999
391,chromo0344,CN(C)c1ccc(-c2nc3c(c4c2-c2ccc(C#N)cc2CC4)-c2ccc(C#N)cc2CC3)cc1,0,2.8869,0.5394999999999999
396,chromo0345,CCN(CC)c1ccc(-c2nc3c(c4c2-c2ccc(C#N)cc2CC4)-c2ccc(C#N)cc2CC3)cc1,0,2.8197,0.5171000000000001
401,chromo0346,N#Cc1ccc2c(c1)CCc1nc(-c3ccc([N+](=O)[O-])cc3)c3c(c1-2)CCc1cc(C#N)ccc1-3,0,3.3779,0.8329999999999997
419,chromo0375,COc1ccc(C=CC(=O)c2ccccc2O)cc1OC,1,3.2172,1.0045000000000002
432,chromo0389,O=Cc1ccc2ccc3cccc4ccc1c2c34,1,3.3429,1.4014000000000002
437,chromo0390,CC(=O)c1ccc2ccc3cccc4ccc1c2c34,1,3.3001,1.3724
442,chromo0391,O=C(O)c1ccc2ccc3cccc4ccc1c2c34,1,3.3851,1.4047
447,chromo0392,COC(=O)c1ccc2ccc3cccc4ccc1c2c34,1,3.3933,1.4076
463,chromo0403,c1ccc(-c2ccc(-c3cc(-c4ccccn4)nc(-c4ccccn4)c3)cc2)cc1,1,3.9511,1.0918999999999999
464,chromo0404,Fc1ccc(-c2ccc(-c3cc(-c4ccccn4)nc(-c4ccccn4)c3)cc2)c(F)c1,1,3.9616,1.0974
465,chromo0405,FC(F)(F)c1ccc(-c2ccc(-c3cc(-c4ccccn4)nc(-c4ccccn4)c3)cc2)cc1,1,3.9445,1.0874000000000001
466,chromo0406,COc1ccc(-c2ccc(-c3cc(-c4ccccn4)nc(-c4ccccn4)c3)cc2)cc1,1,3.7452,0.9220999999999999
467,chromo0407,CCCCCCn1c2ccccc2c2cc(-c3ccc(-c4cc(-c5ccccn5)nc(-c5ccccn5)c4)cc3)ccc21,1,3.4781,0.6663999999999999
468,chromo0408,CCCCCCC1(CCCCCC)c2ccccc2-c2ccc(-c3ccc(-c4cc(-c5ccccn5)nc(-c5ccccn5)c4)cc3)cc21,0,3.6138,0.9211999999999998
469,chromo0409,c1ccc(N(c2ccccc2)c2ccc(-c3ccc(-c4cc(-c5ccccn5)nc(-c5ccccn5)c4)cc3)cc2)cc1,1,3.1317,0.48130000000000006
470,chromo0410,C(=Cc1nc(-c2ccccc2)[nH]c1C=Cc1ccccc1)c1ccccc1,0,3.0365,1.2988000000000002
471,chromo0411,O=[N+]([O-])c1ccc(-c2nc(C=Cc3ccccc3)c(C=Cc3ccccc3)[nH]2)cc1,1,2.376,0.6968999999999999
472,chromo0412,Cc1ccc(-c2nc(C=Cc3ccccc3)c(C=Cc3ccccc3)[nH]2)cc1,1,3.0291,1.2998
473,chromo0413,Cc1ccc(C=Cc2nc(-c3ccccc3)[nH]c2C=Cc2ccc(C)cc2)cc1,1,2.9959,1.2667999999999997
474,chromo0414,Cc1ccc(C=Cc2nc(-c3ccc([N+](=O)[O-])cc3)[nH]c2C=Cc2ccc(C)cc2)cc1,1,2.3049,0.6523999999999999
475,chromo0415,Cc1ccc(C=Cc2nc(-c3cccc([N+](=O)[O-])c3)[nH]c2C=Cc2ccc(C)cc2)cc1,1,2.0896,0.3424999999999998
476,chromo0416,Cc1ccc(C=Cc2nc(-c3ccc(C)cc3)[nH]c2C=Cc2ccc(C)cc2)cc1,1,2.9885,1.2674
477,chromo0417,COc1ccc(C=Cc2nc(-c3ccccc3)[nH]c2C=Cc2ccc(OC)cc2)cc1,1,2.9397,1.2176000000000002
478,chromo0418,COc1ccc(C=Cc2nc(-c3ccc([N+](=O)[O-])cc3)[nH]c2C=Cc2ccc(OC)cc2)cc1,1,2.1832,0.5829999999999997
479,chromo0419,COc1ccc(C=Cc2nc(-c3ccc(C)cc3)[nH]c2C=Cc2ccc(OC)cc2)cc1,1,2.9381,1.2211999999999998
480,chromo0420,Clc1ccc(C=Cc2nc(-c3ccccc3)[nH]c2C=Cc2ccc(Cl)cc2)cc1,1,2.9666,1.2614
481,chromo0422,Cc1ccc(-c2nc(C=Cc3ccc(Cl)cc3)c(C=Cc3ccc(Cl)cc3)[nH]2)cc1,1,2.9531,1.2564
485,chromo0023,CCC(=O)c1ccc2cc(N(C)C)ccc2c1,1,3.5523,1.101
491,chromo0423,CCCCc1cc(C=O)c2ccc3c(CCCC)cc(N4CCCCC4)c4ccc1c2c34,1,2.8734,1.1333000000000002
497,chromo0424,CCCCc1cc(C(=O)CCC)c2ccc3c(CCCC)cc(N4CCCCC4)c4ccc1c2c34,1,2.8525,1.1136000000000001
501,chromo0425,Cc1cc(O)c(C(=O)C=Cc2ccccc2)c(=O)o1,0,3.5291,1.1954000000000002
503,chromo0426,COc1cccc(C=CC(=O)c2c(O)cc(C)oc2=O)c1,1,3.3092,1.0385
505,chromo0427,COc1ccc(C=CC(=O)c2c(O)cc(C)oc2=O)cc1,1,3.3193,1.1003000000000003
507,chromo0428,Cc1cc(O)c(C(=O)C=Cc2ccccc2O)c(=O)o1,0,3.3696,1.1150000000000002
509,chromo0429,Cc1cc(O)c(C(=O)C=Cc2ccc(O)c(O)c2)c(=O)o1,0,3.2452,1.0922
511,chromo0430,Cc1cc(O)c(C(=O)C=Cc2cccc(O)c2)c(=O)o1,0,3.3565,1.0343
513,chromo0431,Cc1cc(O)c(C(=O)C=Cc2ccc(Cl)cc2)c(=O)o1,0,3.469,1.1662
515,chromo0432,Cc1cc(O)c(C(=O)C=Cc2ccccc2Cl)c(=O)o1,0,3.4929,1.1782
517,chromo0433,Cc1cc(O)c(C(=O)C=Cc2ccc(Cl)cc2Cl)c(=O)o1,0,3.4401,1.1580000000000004
519,chromo0434,Cc1cc(O)c(C(=O)C=Cc2ccccc2[N+](=O)[O-])c(=O)o1,0,3.4374,0.9162999999999997
521,chromo0435,Cc1cc(O)c(C(=O)C=Cc2ccc([N+](=O)[O-])cc2)c(=O)o1,0,3.3054,1.0465
523,chromo0436,Cc1cc(O)c(C(=O)C=Cc2ccc(N(C)C)cc2)c(=O)o1,0,3.0042,0.9571999999999998
525,chromo0437,CCN(CC)c1ccc(C=CC(=O)c2c(O)cc(C)oc2=O)cc1,1,2.971,0.9512
547,chromo0467,CCN(CC)c1ccc2cc(-c3cn4ccccc4n3)c(=O)oc2c1,1,3.2502,1.0529000000000002
562,chromo0478,CCCCN1C(=O)c2cccc3cc(C#CC#Cc4cc5c6c(cccc6c4)C(=O)N(CCCC)C5=O)cc(c23)C1=O,0,2.9828,1.0378
563,chromo0479,O=C1c2cccc3cc(C#CC#Cc4cc5c6c(cccc6c4)C(=O)N(c4ccccc4)C5=O)cc(c23)C(=O)N1c1ccccc1,0,2.9943,1.0476999999999999
564,chromo0480,CCCCN1C(=O)c2cccc3c(C#CC#Cc4ccc5c6c(cccc46)C(=O)N(CCCC)C5=O)ccc(c23)C1=O,0,2.6841,0.9982
565,chromo0481,O=C1c2cccc3c(C#CC#Cc4ccc5c6c(cccc46)C(=O)N(c4ccccc4)C5=O)ccc(c23)C(=O)N1c1ccccc1,0,2.8499,0.9858999999999998
592,chromo0488,Cn1c(=O)c(N=Nc2ccc(Nc3ccc([N+](=O)[O-])cc3S(=O)(=O)O)cc2)c(O)c2ccccc21,0,2.6912,0.9286999999999999
593,chromo0489,Cn1c(=O)c(N=Nc2ccc(Nc3ccccc3)c(S(=O)(=O)O)c2)c(O)c2ccccc21,0,2.741,0.9792000000000001
594,chromo0490,Cn1c(=O)c(N=Nc2ccc(N=Nc3ccc(S(=O)(=O)O)cc3)cc2)c(O)c2ccccc21,0,2.3363,0.754
595,chromo0491,COc1ccc(N=Nc2c(O)c3ccccc3n(C)c2=O)c(S(=O)(=O)O)c1,0,2.7448,0.9398000000000002
596,chromo0492,Cn1c(=O)c(N=Nc2cc(S(=O)(=O)O)ccc2S(=O)(=O)O)c(O)c2ccccc21,0,2.7389,0.7709000000000001
597,chromo0493,CC(=O)Nc1ccc(S(=O)(=O)O)c(N=Nc2c(O)c3ccccc3n(C)c2=O)c1,0,2.7442,0.7821000000000002
598,chromo0494,Cn1c(=O)c(N=Nc2cc(S(=O)(=O)O)ccc2C(=O)O)c(O)c2ccccc21,0,2.4153,0.5995999999999997
599,chromo0495,Cn1c(=O)c(N=Nc2ccc(S(=O)(=O)O)c3ccccc23)c(O)c2ccccc21,0,2.5914,0.9191000000000003
620,chromo0498,Cc1ccc(C2CC(O)(c3ccccn3)CC(O)(c3ccccn3)C2C(=O)c2ccc(N(c3ccccc3)c3ccccc3)cc2)cc1,1,3.3525,0.8239000000000001
623,chromo0499,O=C(c1ccc(N(c2ccccc2)c2ccccc2)cc1)C1C(c2ccccc2)CC(O)(c2ccccn2)CC1(O)c1ccccn1,1,3.3336,0.8138000000000001
626,chromo0500,O=C(c1ccc(N(c2ccccc2)c2ccccc2)cc1)C1C(c2cccs2)CC(O)(c2ccccn2)CC1(O)c1ccccn1,1,3.3466,0.831
629,chromo0501,O=C(c1ccc(N(c2ccccc2)c2ccccc2)cc1)C1C(c2ccc(F)cc2)CC(O)(c2ccccn2)CC1(O)c1ccccn1,1,3.1883,0.706
632,chromo0502,COc1ccc(C2CC(O)(c3ccccn3)CC(O)(c3ccccn3)C2C(=O)c2ccc(N(c3ccccc3)c3ccccc3)cc2)cc1,1,3.3349,0.8054000000000001
635,chromo0503,COc1ccc(Oc2ccc3c4c(cccc24)C(=O)N(c2c(C(C)C)cccc2C(C)C)C3=O)cc1,0,3.4399,1.1505
636,chromo0504,CC(C)c1cccc(C(C)C)c1N1C(=O)c2cccc3c(Oc4ccc(C(C)(C)C)cc4)ccc(c23)C1=O,0,3.4365,1.1471
637,chromo0505,CC(C)c1cccc(C(C)C)c1N1C(=O)c2cccc3c(Oc4ccc(C(C)(C)c5ccccc5)cc4)ccc(c23)C1=O,0,3.4354,1.1458
638,chromo0506,CC(C)c1cccc(C(C)C)c1N1C(=O)c2cccc3c(Oc4ccccc4)ccc(c23)C1=O,0,3.4138,1.1267
639,chromo0507,CC(C)c1cccc(C(C)C)c1N1C(=O)c2cccc3c(Oc4ccc(Cl)cc4)ccc(c23)C1=O,0,3.366,1.0724
640,chromo0508,COC(=O)c1ccc(Oc2ccc3c4c(cccc24)C(=O)N(c2c(C(C)C)cccc2C(C)C)C3=O)cc1,0,3.321,1.0556
668,chromo0520,COc1ccc(-c2csc(C(C#N)=Cc3ccc(C#N)cc3)n2)cc1,1,2.3677,0.6806000000000001
670,chromo0521,N#CC(=Cc1ccc(C#N)cc1)c1nc(-c2ccccc2)cs1,1,2.7676,0.9938999999999998
672,chromo0537,COc1ccc(-c2csc(C(C#N)=CNc3ccc(C#N)cc3)n2)cc1,1,3.0723,0.8891999999999998
675,chromo0538,N#CC(=CNc1ccc(C#N)cc1)c1nc(-c2ccccc2)cs1,1,3.3692,1.1408
678,chromo0539,COc1ccc(-c2csc(C(C#N)=NNc3ccc(C#N)cc3)n2)cc1,1,2.8581,0.8724999999999998
681,chromo0540,N#CC(=NNc1ccc(C#N)cc1)c1nc(-c2ccccc2)cs1,1,3.2014,1.1755
684,chromo0525,COc1ccc(-c2csc(C(C#N)=Cc3ccncc3)n2)cc1,1,2.497,0.7185999999999999
686,chromo0526,N#CC(=Cc1ccncc1)c1nc(-c2ccccc2)cs1,0,2.8985,1.0299999999999998
688,chromo0541,COc1ccc(-c2csc(-c3ccncc3)n2)cc1,1,3.3541,0.9099999999999997
689,chromo0542,c1ccc(-c2csc(-c3ccncc3)n2)cc1,1,3.7287,1.1844000000000001
717,chromo0565,Cc1nc(-c2ccccc2)c2ccccn12,0,3.2786,1.033
718,chromo0566,c1ccc(-c2nc(-c3ccccc3)n3ccccc23)cc1,0,3.2323,0.9870000000000001
719,chromo0567,Oc1ccccc1-c1nc(-c2ccccc2)c2ccccn12,0,3.1289,0.9291999999999998
720,chromo0054,COc1ccccc1-c1nc(-c2ccccc2)c2ccccn12,0,3.3217,1.0168999999999997
721,chromo0568,N#Cc1ccc(-c2nc(-c3ccccc3)c3ccccn23)cc1,0,3.1906,0.9329000000000001
722,chromo0569,CN(C)c1ccc(-c2nc(-c3ccccc3)c3ccccn23)cc1,0,3.0792,0.9013
723,chromo0570,c1ccc(-c2nc(-c3c[nH]c4ccccc34)n3ccccc23)cc1,0,3.1753,0.9579
724,chromo0571,c1ccc(-c2nc(-c3ccc(N(c4ccccc4)c4ccccc4)cc3)n3ccccc23)cc1,0,3.1042,0.8989000000000003
725,chromo0572,c1ccc(-c2nc(-c3cccc4ccccc34)n3ccccc23)cc1,0,3.178,0.935
726,chromo0573,Oc1ccc2ccccc2c1-c1nc(-c2ccccc2)c2ccccn12,1,3.1396,0.9142000000000001
727,chromo0574,c1ccc(-c2nc(-c3c4ccccc4cc4ccccc34)n3ccccc23)cc1,1,2.5669,0.8391
809,chromo0619,Nc1ccc2c(c1)C(=O)N(C13CC4CC(CC(C4)C1)C3)C2=O,0,3.5441,0.8279999999999998
824,chromo6909,c1ccc2c(c1)c1ccccc1n2P1(n2c3ccccc3c3ccccc32)=NP(n2c3ccccc3c3ccccc32)(n2c3ccccc3c3ccccc32)=NP(n2c3ccccc3c3ccccc32)(n2c3ccccc3c3ccccc32)=N1,1,4.3151,1.1456
867,chromo0673,N#Cc1c(-n2c3ccccc3c3ccccc32)nc(-n2c3ccccc3c3ccccc32)c(C#N)c1-c1ccccc1,1,2.9644,0.3729999999999998
872,chromo0678,COc1cn2cc(-c3ccc(C#N)cc3)[n-][n+]2c1,0,3.1596,0.5804
873,chromo0679,Cc1cn2cc(-c3ccc(C#N)cc3)[n-][n+]2c1,0,3.0971,0.5636000000000001
874,chromo0680,N#Cc1ccc(-c2cn3cc(C#N)c[n+]3[n-]2)cc1,0,3.3676,0.6701999999999999
875,chromo0681,N#Cc1ccc(-c2cn3cc(-c4ccccc4)c[n+]3[n-]2)cc1,0,3.1173,0.5713000000000004
876,chromo0682,N#Cc1ccc(-c2cn3ccc[n+]3[n-]2)cc1,0,3.1293,0.5706000000000002
877,chromo0683,Cc1cn2cc(-c3ccccc3)[n-][n+]2c1,0,3.7677,0.7473000000000001
878,chromo0684,c1ccc(-c2cn3ccc[n+]3[n-]2)cc1,0,3.7944,0.7597999999999998
879,chromo0685,Cc1cn2cc(-c3ccc(-c4ccccc4)cc3)[n-][n+]2c1,0,3.4253,0.6084999999999998
880,chromo0686,c1ccc(-c2ccc(-c3cn4ccc[n+]4[n-]3)cc2)cc1,0,3.461,0.6223999999999998
881,chromo0687,COc1ccc(-c2cn3cc(C)c[n+]3[n-]2)cc1,0,3.9475,0.8407
882,chromo0688,COc1ccc(-c2cn3ccc[n+]3[n-]2)cc1,0,3.9749,0.8508
883,chromo0689,Cc1cn2cc(-c3ccc([N+](=O)[O-])cc3)[n-][n+]2c1,0,2.4598,0.3205999999999998
885,chromo0690,O=[N+]([O-])c1ccc(-c2cn3ccc[n+]3[n-]2)cc1,0,2.4975,0.3239000000000001
886,chromo0178,c1cc2ccc3cccc4ccc(c1)c2c34,1,3.7184,1.5949
890,chromo0691,CCCCc1ccc2ccc3cccc4ccc1c2c34,1,3.625,1.5473
892,chromo0692,CCCCc1ccc2ccc3c(CCCC)ccc4ccc1c2c43,1,3.5388,1.5054000000000003
894,chromo0693,CCCCc1ccc2ccc3c(CCCC)cc(CCCC)c4ccc1c2c34,1,3.459,1.4689
896,chromo0694,CCCCc1cc(CCCC)c2ccc3c(CCCC)cc(CCCC)c4ccc1c2c43,1,3.3806,1.4339999999999997
898,chromo0695,Cc1ccc2ccc3cccc4ccc1c2c34,1,3.6669,1.5669
900,chromo0696,CC(C)c1ccc2ccc3cccc4ccc1c2c34,1,3.6311,1.5528
902,chromo0697,CC(C)(C)c1ccc2ccc3cccc4ccc1c2c34,1,3.63,1.5532
906,chromo0698,C[Si](C)(C)c1ccc2ccc3cccc4ccc1c2c34,1,3.6103,1.5343
908,chromo0699,Cc1ccc2ccc3c(C)ccc4ccc1c2c43,1,3.5853,1.5389
910,chromo0700,CC(C)c1ccc2ccc3c(C(C)C)ccc4ccc1c2c43,1,3.5507,1.5169000000000001
912,chromo0701,CC(C)(C)c1ccc2ccc3c(C(C)(C)C)ccc4ccc1c2c43,1,3.5437,1.5154999999999998
914,chromo0702,C[Si](C)(C)c1ccc2ccc3c([Si](C)(C)C)ccc4ccc1c2c43,1,3.5089,1.4792
935,chromo0720,CN(C)c1ccc2cc3c(cc2c1)OCCN=C3,0,3.5637,1.1563999999999997
939,chromo0721,CCCN=Cc1cc2ccc(N(C)C)cc2cc1OC,1,3.5512,1.1782
973,chromo0748,c1ccc2c(c1)ccc1ccc3c(c12)-c1c(ccc2ccc4ccccc4c12)C3,0,3.2575,1.0208999999999997
974,chromo0749,c1ccc(C2c3ccc4ccc5ccccc5c4c3-c3c2ccc2ccc4ccccc4c32)cc1,0,3.2236,1.008
975,chromo0750,c1ccc(C2(c3ccccc3)c3ccc4ccc5ccccc5c4c3-c3c2ccc2ccc4ccccc4c32)cc1,0,3.1614,0.9939
978,chromo0753,COc1ccc(C=Cc2cc(C=Cc3ccc(OC)cc3)ncn2)cc1,1,3.2283,0.9983
979,chromo0754,CN(C)c1ccc(C=Cc2cc(C=Cc3ccc(N(C)C)cc3)ncn2)cc1,1,2.9456,0.8096000000000001
980,chromo0755,C(=Cc1cc(C=Cc2ccc(N(c3ccccc3)c3ccccc3)cc2)ncn1)c1ccc(N(c2ccccc2)c2ccccc2)cc1,0,2.6675,0.6173000000000002
981,chromo0756,C(=Cc1cc(C=Cc2ccccc2)nc(C=Cc2ccccc2)n1)c1ccccc1,0,3.1739,0.9662000000000002
982,chromo0757,COc1ccc(C=Cc2cc(C=Cc3ccc(OC)cc3)nc(C=Cc3ccccc3)n2)cc1,1,3.16,0.9756
983,chromo0758,CN(C)c1ccc(C=Cc2cc(C=Cc3ccc(N(C)C)cc3)nc(C=Cc3ccccc3)n2)cc1,1,2.9314,0.8254000000000001
984,chromo0759,C(=Cc1nc(C=Cc2ccc(N(c3ccccc3)c3ccccc3)cc2)cc(C=Cc2ccc(N(c3ccccc3)c3ccccc3)cc2)n1)c1ccccc1,0,2.6796,0.6427
985,chromo0760,COc1ccc(C=Cc2cc(C=Cc3ccc(OC)cc3)nc(C=Cc3ccc(OC)cc3)n2)cc1,1,3.0371,0.8639000000000001
986,chromo0761,COc1ccc(C=Cc2nc(C=Cc3ccc(N(C)C)cc3)cc(C=Cc3ccc(N(C)C)cc3)n2)cc1,1,2.937,0.8304999999999998
987,chromo0762,COc1ccc(C=Cc2nc(C=Cc3ccc(N(c4ccccc4)c4ccccc4)cc3)cc(C=Cc3ccc(N(c4ccccc4)c4ccccc4)cc3)n2)cc1,1,2.6945,0.6539999999999999
988,chromo0763,COc1ccc(C=Cc2cc(C=Cc3ccc(OC)cc3)nc(C=Cc3ccc(N(C)C)cc3)n2)cc1,1,2.7166,0.5789
989,chromo0764,CN(C)c1ccc(C=Cc2cc(C=Cc3ccc(N(C)C)cc3)nc(C=Cc3ccc(N(C)C)cc3)n2)cc1,1,2.8164,0.7195999999999998
990,chromo0765,CN(C)c1ccc(C=Cc2nc(C=Cc3ccc(N(c4ccccc4)c4ccccc4)cc3)cc(C=Cc3ccc(N(c4ccccc4)c4ccccc4)cc3)n2)cc1,1,2.6112,0.5737000000000001
991,chromo0766,COc1ccc(C=Cc2cc(C=Cc3ccc(OC)cc3)nc(C=Cc3ccc(N(c4ccccc4)c4ccccc4)cc3)n2)cc1,1,2.7223,0.6212
992,chromo0767,CN(C)c1ccc(C=Cc2cc(C=Cc3ccc(N(C)C)cc3)nc(C=Cc3ccc(N(c4ccccc4)c4ccccc4)cc3)n2)cc1,1,2.8519,0.7774000000000001
994,chromo0769,COc1ccc(C=Cc2cc(C=Cc3ccc(OC)cc3)nc(C=Cc3ccc4cc(OC)ccc4c3)n2)cc1,1,3.0178,0.8733999999999997
995,chromo0770,COc1ccc2cc(C=Cc3nc(C=Cc4ccc(N(C)C)cc4)cc(C=Cc4ccc(N(C)C)cc4)n3)ccc2c1,1,2.9283,0.8367
996,chromo0771,COc1ccc2cc(C=Cc3nc(C=Cc4ccc(N(c5ccccc5)c5ccccc5)cc4)cc(C=Cc4ccc(N(c5ccccc5)c5ccccc5)cc4)n3)ccc2c1,1,2.6876,0.6564000000000001
997,chromo0772,COc1ccc(C=Cc2cc(C=Cc3ccc(OC)cc3)nc(C=Cc3ccc(C(F)(F)F)cc3)n2)cc1,1,3.1552,0.9815999999999998
998,chromo0773,CN(C)c1ccc(C=Cc2cc(C=Cc3ccc(N(C)C)cc3)nc(C=Cc3ccc(C(F)(F)F)cc3)n2)cc1,1,2.8767,0.7858999999999998
999,chromo0774,FC(F)(F)c1ccc(C=Cc2nc(C=Cc3ccc(N(c4ccccc4)c4ccccc4)cc3)cc(C=Cc3ccc(N(c4ccccc4)c4ccccc4)cc3)n2)cc1,1,2.6399,0.6189999999999998
1000,chromo0775,COc1ccc(C=Cc2nc(C=Cc3ccc(N(C)C)cc3)cc(C=Cc3ccc(N(c4ccccc4)c4ccccc4)cc3)n2)cc1,1,2.8036,0.7334999999999998
1001,chromo0776,COc1ccc(C=Cc2cc(C=Cc3ccc(N(c4ccccc4)c4ccccc4)cc3)nc(C=Cc3ccc(N(C)C)cc3)n2)cc1,1,2.6516,0.5754000000000001
1002,chromo0777,CN(C)c1ccc(C=Cc2ccnc(C=Cc3ccc(N(C)C)cc3)n2)cc1,1,3.0144,0.8803000000000001
1003,chromo0778,C(=Cc1ccnc(C=Cc2ccc(N(c3ccccc3)c3ccccc3)cc2)n1)c1ccc(N(c2ccccc2)c2ccccc2)cc1,0,2.8341,0.7748999999999997
1067,chromo0780,C[Si]1(C)C(c2ccccc2)=Cc2ccccc21,0,3.6697,1.4813
1068,chromo0781,C1=C(c2ccccc2)[Si](c2ccccc2)(c2ccccc2)c2ccccc21,0,3.648,1.3516
1069,chromo0782,FC(F)(F)c1ccc(C2=Cc3ccccc3[Si]2(c2ccccc2)c2ccccc2)cc1,0,3.651,1.3636
1070,chromo0783,COc1ccc(C2=Cc3ccccc3[Si]2(c2ccccc2)c2ccccc2)cc1,0,3.4678,1.2454999999999998
1071,chromo0784,C1=C(c2ccccn2)[Si](c2ccccc2)(c2ccccc2)c2ccccc21,0,3.5798,1.3987000000000003
1072,chromo0785,c1ccc(C2=C(c3ccccn3)[Si](c3ccccc3)(c3ccccc3)c3ccccc32)cc1,0,3.5597,1.3584
1080,chromo0793,COc1ccccc1C#Cc1ccccc1OC,1,3.8216,1.2806000000000002
1081,chromo0794,C1#Cc2ccccc2OCc2ccccc2COc2ccccc21,0,3.9518,1.2970000000000002
1082,chromo0795,C1#Cc2ccccc2OCc2cccc(c2)COc2ccccc21,0,3.9486,1.2227999999999999
1083,chromo0796,Cc1c(C)c(C)c2c(c1C)COc1ccccc1C#Cc1ccccc1OC2,0,3.9286,1.2702
1084,chromo0797,c1ccc2c(c1)-c1sc3ccccc3c1C21c2ccccc2-c2sc3ccccc3c21,0,3.5482,1.0438999999999998
1085,chromo0798,O=S1(=O)C2=C(c3ccccc31)C1(c3ccccc32)c2ccccc2-c2sc3ccccc3c21,0,2.9269,0.7989999999999999
1086,chromo0799,O=S1(=O)C2=C(c3ccccc31)C1(C3=C(c4ccccc41)S(=O)(=O)c1ccccc13)c1ccccc12,0,3.1442,1.0211999999999999
1087,chromo0800,CC1(C)c2ccccc2-c2sc3ccccc3c21,0,3.9592,1.4173
1088,chromo0801,CC1(C)C2=C(c3ccccc31)S(=O)(=O)c1ccccc12,0,3.4299,1.2681
1100,chromo0836,c1ccc(-p2c3ccccc3c3sc4ccccc4c32)cc1,0,3.776,1.2554999999999996
1101,chromo0837,[BH3-][P+]1(c2ccccc2)c2ccccc2-c2sc3ccccc3c21,0,3.7047,1.2359999999999998
1102,chromo0838,O=P1(c2ccccc2)c2ccccc2-c2sc3ccccc3c21,0,3.5519,1.1629999999999998
1103,chromo0840,O=S1(=O)c2ccccc2-c2c1c1ccccc1p2-c1ccccc1,0,3.3465,1.1921999999999997
1104,chromo0841,O=P1(c2ccccc2)C2=C(c3ccccc31)S(=O)(=O)c1ccccc12,0,3.1607,1.1674999999999998
1105,chromo0843,CCCCCC(=O)c1ccc2c3c(sc2c1)-c1ccccc1P3(=O)c1ccccc1,0,3.4499,1.1370999999999998
1106,chromo0844,CCCCCC(=O)c1cccc2sc3c(c12)P(=O)(c1ccccc1)c1ccccc1-3,0,3.493,1.1094
1107,chromo0845,O=C(c1ccc2c3c(sc2c1)-c1ccccc1P3(=O)c1ccccc1)c1c(F)c(F)c(F)c(F)c1F,0,3.3384,1.076
1119,chromo0848,CN(C)CCN(Cc1c2ccccc2cc2ccccc12)c1ccc([N+](=O)[O-])cc1[N+](=O)[O-],1,2.3079,0.5654000000000001
1146,chromo0854,CN(C)CCNc1ccc([N+](=O)[O-])cc1[N+](=O)[O-],1,3.2602,0.6584000000000003
1152,chromo0855,CCCCCCOc1ccc(C#Cc2ccc(C#Cc3ccc(OCCCCCC)c(OCCCCCC)c3)c3nsnc23)cc1OCCCCCC,0,2.3091,0.9137
1155,chromo0856,CCCCCCOc1ccc(C#Cc2ccc(C#CC#Cc3ccc(C#Cc4ccc(OCCCCCC)c(OCCCCCC)c4)c4nsnc34)c3nsnc23)cc1OCCCCCC,0,2.028,0.8400000000000001
1158,chromo0857,CCCCCCOc1ccc(C#Cc2ccc(-c3ccc(-c4ccc(C#Cc5ccc(OCCCCCC)c(OCCCCCC)c5)s4)c4nsnc34)s2)cc1OCCCCCC,0,1.9155,0.7701
1180,chromo0871,Cc1ccc(-n2c(-c3ccc(C(F)(F)F)cc3)nc(-c3ccccc3O)c2-c2ccccc2O)cc1,1,3.3401,0.5329999999999999
1184,chromo0872,Cc1ccc(-n2c(-c3ccccc3O)nc(-c3ccccc3O)c2-c2ccccc2O)cc1,1,3.8081,0.8159000000000001
1188,chromo0873,COc1ccc(-c2nc(-c3ccccc3O)c(-c3ccccc3O)n2-c2ccc(C)cc2)cc1,1,3.731,0.7837000000000001
1191,chromo0874,COc1ccccc1-c1c(-c2ccccc2O)nc(-c2ccc(C(F)(F)F)cc2)n1-c1ccc(C)cc1,1,3.7905,0.8172000000000001
1194,chromo0875,COc1ccccc1-c1nc(-c2ccc(C(F)(F)F)cc2)n(-c2ccc(C)cc2)c1-c1ccccc1OC,1,3.7981,0.8942999999999999
1242,chromo0908,C[Si]1(C)c2ccccc2-c2ccccc21,0,4.2972,1.3414000000000001
1243,chromo0909,C[Si]1(C)c2cc(-c3ccccc3)ccc2C=Cc2ccc(-c3ccccc3)cc21,0,3.5528,1.1345999999999998
1244,chromo0910,COc1ccc(-c2ccc3c(c2)[Si](C)(C)c2cc(-c4ccc(OC)cc4)ccc2C=C3)cc1,0,3.4343,1.0387999999999997
1245,chromo0911,C[Si]1(C)c2cc(-c3ccc(N(c4ccccc4)c4ccccc4)cc3)ccc2C=Cc2ccc(-c3ccc(N(c4ccccc4)c4ccccc4)cc3)cc21,0,2.9909,0.6842999999999999
1246,chromo0912,C[Si]1(C)c2cc(-c3cccs3)ccc2C=Cc2ccc(-c3cccs3)cc21,0,3.2674,1.0621
1247,chromo0913,C[Si]1(C)c2cc(-c3ccc(-c4cccs4)s3)ccc2C=Cc2ccc(-c3ccc(-c4cccs4)s3)cc21,0,2.8104,0.8916999999999999
1248,chromo0914,C[Si]1(C)c2cc(C#Cc3ccccc3)ccc2C=Cc2ccc(C#Cc3ccccc3)cc21,0,3.0837,0.9764999999999997
1249,chromo0915,C[Si]1(C)c2ccc(-c3ccccc3)cc2C=Cc2cc(-c3ccccc3)ccc21,0,4.0108,1.3964999999999996
1250,chromo0916,COc1ccc(-c2ccc3c(c2)C=Cc2cc(-c4ccc(OC)cc4)ccc2[Si]3(C)C)cc1,0,3.8587,1.251
1251,chromo0917,C[Si]1(C)c2ccc(-c3ccc(N(c4ccccc4)c4ccccc4)cc3)cc2C=Cc2cc(-c3ccc(N(c4ccccc4)c4ccccc4)cc3)ccc21,0,3.3335,0.7481
1252,chromo0918,C[Si]1(C)c2ccc(-c3cccs3)cc2C=Cc2cc(-c3cccs3)ccc21,0,3.7904,1.2538
1253,chromo0919,C[Si]1(C)c2ccc(-c3ccc(-c4cccs4)s3)cc2C=Cc2cc(-c3ccc(-c4cccs4)s3)ccc21,0,3.3464,1.226
1254,chromo0920,C[Si]1(C)c2ccc(C#Cc3ccccc3)cc2C=Cc2cc(C#Cc3ccccc3)ccc21,0,3.6841,1.2121999999999997
1256,chromo0921,N#Cc1ccc(N)c2nonc12,0,3.166,1.3377
1258,chromo0922,C[Si](C)(C)[Si](c1ccc([Si]([Si](C)(C)C)([Si](C)(C)C)[Si](C)(C)C)s1)([Si](C)(C)C)[Si](C)(C)C,0,4.4551,1.3830999999999998
1259,chromo0924,C[Si](C)(C)[Si](c1ccc(-c2ccc([Si]([Si](C)(C)C)([Si](C)(C)C)[Si](C)(C)C)s2)s1)([Si](C)(C)C)[Si](C)(C)C,0,3.4716,1.2967
1260,chromo0925,c1csc(-c2cccs2)c1,0,4.0256,1.7005
1261,chromo0926,C[Si](C)(C)[Si](c1ccc(-c2ccc(-c3ccc([Si]([Si](C)(C)C)([Si](C)(C)C)[Si](C)(C)C)s3)s2)s1)([Si](C)(C)C)[Si](C)(C)C,0,2.9482,1.1702
1262,chromo0927,c1csc(-c2ccc(-c3cccs3)s2)c1,0,3.2647,1.4162
1263,chromo0928,C[Si](C)(C)[Si](c1ccc(-c2ccc(-c3ccc(-c4ccc([Si]([Si](C)(C)C)([Si](C)(C)C)[Si](C)(C)C)s4)s3)s2)s1)([Si](C)(C)C)[Si](C)(C)C,0,2.6838,1.0477
1264,chromo0929,c1csc(-c2ccc(-c3ccc(-c4cccs4)s3)s2)c1,0,2.9189,1.2132999999999998
1265,chromo0930,C[Si](C)(C)[Si](c1cc2sc([Si]([Si](C)(C)C)([Si](C)(C)C)[Si](C)(C)C)cc2s1)([Si](C)(C)C)[Si](C)(C)C,0,4.0191,1.3462
1266,chromo0932,C[Si](C)(C)[Si](c1cc2sc3cc([Si]([Si](C)(C)C)([Si](C)(C)C)[Si](C)(C)C)sc3c2s1)([Si](C)(C)C)[Si](C)(C)C,0,3.6635,1.2382
1267,chromo0933,c1cc2sc3ccsc3c2s1,0,4.2913,1.6643999999999997
1284,chromo0937,COC(=O)C(Cc1ccc2oc(-c3ccc(N(C)c4ccccc4)cc3)nc2c1)NC(=O)OC(C)(C)C,0,3.3744,0.8254000000000001
1301,chromo0938,COC(=O)C(Cc1ccc2oc(-c3ccc(N(C)C)cc3)nc2c1)NC(=O)OC(C)(C)C,0,3.8391,1.1374
1302,chromo0957,CCCCCCCCCCCCCCCCOc1cc(C#Cc2ccc3ccccc3c2)c(OCCCCCCCCCCCCCCCC)cc1C#Cc1ccc(C=C(C#N)C#N)cc1,1,2.411,0.6890000000000001
1314,chromo0939,COC(=O)C(Cc1ccc2oc(-c3ccc(Nc4ccccc4)cc3)nc2c1)NC(=O)OC(C)(C)C,0,3.6115,0.9954000000000001
1336,chromo0969,COC(=O)C(Cc1ccc2oc(-c3ccc4c(c3)c3ccccc3n4-c3ccccc3)nc2c1)NC(=O)OC(C)(C)C,1,3.7492,0.9635000000000002
1351,chromo0987,F[B-]1(F)n2c(cc(-c3ccccc3)c2-c2ccccc2)C(c2ccccc2)=C2C=C(c3ccccc3)C(c3ccccc3)=[N+]21,1,2.3914,1.0109
1358,chromo0994,CC1=C(C#Cc2ccc(B(c3c(C)cc(C)cc3C)c3c(C)cc(C)cc3C)cc2)C(C)=[N+]2C1=C(c1ccccc1)c1c(C)c(C#Cc3ccc(B(c4c(C)cc(C)cc4C)c4c(C)cc(C)cc4C)cc3)c(C)n1[B-]2(F)F,1,2.2606,0.8083000000000002
1359,chromo0995,CC1=C(C#Cc2ccc([Si](c3ccccc3)(c3ccccc3)c3ccccc3)cc2)C(C)=[N+]2C1=C(c1ccccc1)c1c(C)c(C#Cc3ccc([Si](c4ccccc4)(c4ccccc4)c4ccccc4)cc3)c(C)n1[B-]2(F)F,1,2.2825,0.8411000000000002
1360,chromo0996,Cc1ccc(C2=C3C=CC(C#Cc4ccccc4)=[N+]3[B-](F)(F)n3c(C#Cc4ccccc4)ccc32)cc1,1,2.2191,1.0468000000000002
1361,chromo0997,COC(=O)CCC1=CC(C#Cc2cccs2)=[N+]2C1=Cc1c(CCC(=O)OC)cc(C#Cc3cccs3)n1[B-]2(F)F,1,2.1724,1.0729000000000002
1362,chromo0998,COC(=O)CCC1=CC(C#Cc2ccsc2)=[N+]2C1=Cc1c(CCC(=O)OC)cc(C#Cc3ccsc3)n1[B-]2(F)F,1,2.2718,1.1162999999999998
1363,chromo0999,COC(=O)CCC1=CC(C#Cc2ccc(OC)cc2)=[N+]2C1=Cc1c(CCC(=O)OC)cc(C#Cc3ccc(OC)cc3)n1[B-]2(F)F,1,2.1578,1.0171999999999999
1367,chromo1006,CC1=CC(C)=[N+]2C1=C(c1ccc(Br)cc1)c1c(C)cc(C=Cc3ccc[nH]3)n1[B-]2(F)F,1,2.4452,1.2872999999999999
1374,chromo1019,CCOC(=O)C=CC1=[N+]2C(=C(c3c(C)cc(C)cc3C)c3ccc(C=CC(=O)OCC)n3[B-]2(F)F)C=C1,1,2.4987,1.3204
1375,chromo1020,COC(=O)C=CC=CC1=[N+]2C(=C(c3c(C)cc(C)cc3C)c3ccc(C=CC=CC(=O)OC)n3[B-]2(F)F)C=C1,1,2.2214,1.2455
1376,chromo1021,CCCCCCOC(=O)C=CC1=CC2=C(c3c(C)cc(C)cc3C)c3cc(C=CC(=O)OCCCCCC)cn3[B-](F)(F)[N+]2=C1,1,2.5146,0.9878000000000002
1377,chromo1022,COC(=O)C=CC=CC1=CC2=C(c3c(C)cc(C)cc3C)c3cc(C=CC=CC(=O)OC)cn3[B-](F)(F)[N+]2=C1,1,2.1996,0.8294000000000001
1380,chromo1026,COc1ccc(C2=C3C(C=Cc4cc(OC)c(OC)c(OC)c4)=C(C=O)C(C)=[N+]3[B-](F)(F)n3c(C)c(C=O)c(C=Cc4cc(OC)c(OC)c(OC)c4)c32)cc1,1,2.11,0.8063999999999998
1381,chromo1027,COc1ccc(C2=C3C(C=Cc4cc(OC)c(OC)c(OC)c4)=C(C=O)C(C)=[N+]3[B-](F)(F)n3c(C=Cc4cc(OC)c(OC)c(OC)c4)c(C=O)c(C=Cc4cc(OC)c(OC)c(OC)c4)c32)cc1,1,1.8929,0.8388
1382,chromo1028,COc1ccc(C2=C3C(C=Cc4cc(OC)c(OC)c(OC)c4)=C(C=O)C(C=Cc4cc(OC)c(OC)c(OC)c4)=[N+]3[B-](F)(F)n3c(C=Cc4cc(OC)c(OC)c(OC)c4)c(C=O)c(C=Cc4cc(OC)c(OC)c(OC)c4)c32)cc1,1,1.7192,0.7604000000000001
1383,chromo1033,CC1=C2C=CC(c3ccccc3)=[N+]2[B-](F)(F)n2c1ccc2-c1ccccc1,1,2.6026,1.1625999999999999
1387,chromo1037,CCC1=C(C)C2=C(C)c3c(C)c(CC)c(C)n3[B-](F)(F)[N+]2=C1C,1,2.9048,1.3698
1388,chromo1038,CCC1=C(C)C2=C(C=Cc3ccc([N+](=O)[O-])cc3)c3c(C)c(CC)c(C)n3[B-](F)(F)[N+]2=C1C,1,2.1417,0.8428000000000002
1389,chromo1039,CCC1=C(C)C2=C(C=Cc3ccc(OC)cc3)c3c(C)c(CC)c(C)n3[B-](F)(F)[N+]2=C1C,1,2.677,1.2451
1390,chromo1040,CCC1=C(C)C2=C(C=CSc3ccccc3)c3c(C)c(CC)c(C)n3[B-](F)(F)[N+]2=C1C,1,2.7769,1.3103
1391,chromo1041,CCC1=C(C)C2=C(C=Cc3ccc([N+](=O)[O-])cc3)c3c(C)c(CC)c(C=Cc4ccc(OC)cc4)n3[B-](F)(F)[N+]2=C1C=Cc1ccc(OC)cc1,1,1.6002,0.7469000000000001
1403,chromo1058,Cc1ccc(C2=C3C=c4c(oc5ccccc45)=[N+]3[B-](F)(F)n3c2cc2c4ccccc4oc23)cc1,0,2.5905,1.1038000000000001
1409,chromo1066,COC(=O)c1ccc(C2=C3C=c4sccc4=[N+]3[B-](F)(F)n3c2cc2sccc23)cc1,0,2.4607,1.2281000000000002
1411,chromo1068,COC(=O)c1ccc(C2=C3C=c4sc(-c5cccs5)cc4=[N+]3[B-](F)(F)n3c2cc2sc(-c4cccs4)cc23)cc1,0,2.1117,1.156
1414,chromo1072,COc1ccccc1C1=[N+]2C(=Cc3c4c(c(-c5ccccc5OC)n3[B-]2(F)F)C2CCC4CC2)C2=C1C1CCC2CC1,0,2.6138,1.1824
1415,chromo1073,C1=C2C3=C(C4=[N+]2[B-]2(Oc5ccccc54)Oc4ccccc4-c4c5c(c1n42)C1CCC5CC1)C1CCC3CC1,0,2.2989,0.9818000000000002
1418,chromo1076,F[B-]1(F)n2c(c(-c3ccccc3)c3ccccc32)C(c2ccccc2)=C2C(c3ccccc3)=c3ccccc3=[N+]21,0,1.8752,0.881
1420,chromo1080,Cc1cc(C)c(C2=C3C=c4c(c5ccccc5c5ccccc45)=[N+]3[B-](F)(F)n3c2cc2c4ccccc4c4ccccc4c23)c(C)c1,0,2.1613,0.9189000000000003
1422,chromo1082,CC1=C2c3ccccc3C(C)=[N+]2[B-](F)(F)n2c(C)c3cc4c(-c5ccccc5)c5c(c(-c6ccccc6)c4cc3c21)-c1cccc2cccc-5c12,0,2.0934,1.012
1423,chromo1083,CC1=c2c3c4cccc5cccc(c=3c(C)[n+]2[B-](F)(F)n2c(C)c3cc6c(-c7ccccc7)c7c(c(-c8ccccc8)c6cc3c21)-c1cccc2cccc-7c12)c54,0,2.0467,0.8639999999999999
1424,chromo1084,Cc1c2cc3c(-c4ccccc4)c4c(c(-c5ccccc5)c3cc2c2n1[B-](F)(F)[n+]1c(C)c3cc5c(-c6ccccc6)c6c7cccc8cccc(c6c(-c6ccccc6)c5cc3c1=C2c1ccccc1)c87)-c1cccc2cccc-4c12,0,1.8379,0.9177000000000001
1425,chromo1087,CC1=[N+]2C(=Cc3c4c(cn3[B-]2(F)F)-c2nc-4c(-c3ccccc3)c3ccc([nH]3)c(-c3ccccc3)c3nc(c(-c4ccccc4)c4ccc([nH]4)c2-c2ccccc2)C=C3)C(C)C1,0,1.9509,0.7038
1426,chromo1088,F[B-]1(F)n2c(c3ccccc3c2-c2ccccc2)C=C2c3ccccc3C(c3ccccc3)=[N+]21,0,2.2938,1.2065000000000001
1427,chromo1090,CCc1ccc(C2=[N+]3C(=Cc4c5ccc(OC)cc5c(-c5ccc(CC)s5)n4[B-]3(F)F)c3ccc(OC)cc32)s1,0,1.9501,1.1526
1429,chromo1092,CC1=CC(C)=[N+]2C1=Cc1c3ccccc3c(C#Cc3ccccc3)n1[B-]2(F)F,0,2.4041,1.3229000000000002
1430,chromo1093,COc1ccc(C#Cc2c3ccccc3c3n2[B-](F)(F)[N+]2=C(C)C=C(C)C2=C3)cc1,0,2.3715,1.2872000000000001
1431,chromo1094,CC1=CC(C)=[N+]2C1=Cc1c3ccccc3c(C#Cc3cccs3)n1[B-]2(F)F,0,2.3604,1.3159999999999998
1432,chromo1095,CC1=CC(C)=[N+]2C1=Cc1c3ccccc3c(C#Cc3ccsc3)n1[B-]2(F)F,0,2.419,1.3362
1433,chromo1096,COc1ccccc1C1=[N+]2C(=C(c3ccccc3)c3c4ccccc4c(-c4ccccc4OC)n3[B-]2(F)F)c2ccccc21,0,2.332,1.1917999999999997
1434,chromo1097,c1ccc(C2=C3c4ccccc4C4=[N+]3[B-]3(Oc5ccccc54)Oc4ccccc4-c4c5ccccc5c2n43)cc1,0,2.051,0.9749000000000001
1437,chromo1100,CC1=CC(C)=[N+]2C1=Cc1c3ccccc3c(-c3[nH]c(C)cc3C)n1[B-]2(F)F,0,2.4082,1.2387
1438,chromo1101,CC1=c2ccccc2=[N+]2C1=Cc1c3ccccc3c(-c3[nH]c4ccccc4c3C)n1[B-]2(F)F,0,2.1708,1.0708999999999997
1439,chromo1102,CCOC(=O)COc1ccc(C=CC2=[N+]3C(=Cc4c5ccccc5c(-c5[nH]c(C)cc5C)n4[B-]3(F)F)C(C)=C2)cc1,0,2.0632,1.0866000000000002
1440,chromo1103,CCOC(=O)COc1ccc(C=CC2=C3C(C)=CC(C)=[N+]3[B-](F)(F)n3c2c2ccccc2c3-c2[nH]c(C)cc2C)cc1,0,2.2514,1.1048999999999998
1441,chromo1104,CCOC(=O)COc1ccc(C=CC2=C3C(C)=CC(C=Cc4ccc(OCC(=O)OCC)cc4)=[N+]3[B-](F)(F)n3c2c2ccccc2c3-c2[nH]c(C)cc2C)cc1,0,1.9905,1.0011
1448,chromo1111,F[B-]1(F)n2c(-c3cccs3)cc(-c3ccccc3)c2N=C2C(c3ccccc3)=CC(c3cccs3)=[N+]21,0,2.0607,1.2926000000000002
1449,chromo1112,F[B-]1(F)n2c(-c3ccccc3)cc(-c3cccs3)c2N=C2C(c3cccs3)=CC(c3ccccc3)=[N+]21,0,2.0518,1.226
1450,chromo1113,F[B-]1(F)n2c(-c3cccs3)cc(-c3cccs3)c2N=C2C(c3cccs3)=CC(c3cccs3)=[N+]21,0,1.9457,1.2399
1451,chromo1114,F[B-]1(F)n2c(c(-c3ccccc3)c(-c3cccs3)c2-c2ccccc2)N=C2C(c3ccccc3)=C(c3cccs3)C(c3ccccc3)=[N+]21,0,2.074,1.1149
1460,chromo1123,F[B-]1(F)n2c(c3ccccc3c2-c2ccccc2)N=C2c3ccccc3C(c3ccccc3)=[N+]21,0,2.0984,1.4022999999999999
1461,chromo1124,Fc1ccc(C2=[N+]3C(=Nc4c5ccccc5c(-c5ccc(F)cc5)n4[B-]3(F)F)c3ccccc32)cc1,0,2.0824,1.3933999999999997
1462,chromo1125,CN(C)c1ccc(C2=[N+]3C(=Nc4c5ccccc5c(-c5ccc(N(C)C)cc5)n4[B-]3(F)F)c3ccccc32)cc1,0,1.8927,1.2094
1463,chromo1126,Cc1ccc(C2=[N+]3C(=Nc4c5ccccc5c(-c5ccc(C)s5)n4[B-]3(F)F)c3ccccc32)s1,0,1.8859,1.3561999999999999
1464,chromo1127,F[B-]1(F)n2c(-c3ccccc3)c3ccc4ccccc4c3c2N=C2c3c(ccc4ccccc34)C(c3ccccc3)=[N+]21,0,1.9924,1.2172
1468,chromo1131,CC1=C(C)C(c2c(C)c(C)c3n2[B-](F)(F)[N+]2=C(C)C(C)=C(C)C2=C3)=[N+]2C1=Cc1c(C)c(C)c(C)n1[B-]2(F)F,1,2.3886,0.9454999999999998
1469,chromo1132,CC1=CC(C)=[N+]2C1=Cc1c(C)c(C3=C(C)C4=Cc5c(C)cc(C)n5[B-](F)(F)[N+]4=C3C)c(C)n1[B-]2(F)F,1,2.4387,0.9950999999999999
1470,chromo1133,CC1=C(C2=C(C)C(C)=[N+]3C2=Cc2cc(C)c(C)n2[B-]3(F)F)C2=Cc3cc(C)c(C)n3[B-](F)(F)[N+]2=C1C,1,2.3533,0.9423999999999999
1478,chromo1143,O=C1C2=C(O[B-](F)(F)[n+]3c2ccc2ccccc23)c2cccc3c(N4CCOCC4)ccc1c23,0,2.8683,0.8443
1479,chromo1144,O=C1C2=C(O[B-](F)(F)[n+]3c2ccc2ccccc23)c2ccc(N3CCOCC3)c3cccc1c23,0,2.8718,0.8744999999999998
1480,chromo1147,CN(C)c1ccc(C2=Nc3ccc4c(C(F)(F)F)cc(C(F)(F)F)nc4[n+]3[B-](F)(F)O2)cc1,0,2.5395,0.4508000000000001
1481,chromo1148,O=C1c2ccccc2C2=Cc3cccc[n+]3[B-](F)(F)N12,0,3.3111,1.1938
1482,chromo1149,O=C1c2ccccc2C2=Nc3cccc[n+]3[B-](F)(F)N12,0,3.4276,0.7761
1483,chromo1150,O=C1c2ccccc2C2=Nc3ccc4ccccc4[n+]3[B-](F)(F)N12,0,3.341,0.8570000000000002
1484,chromo1151,O=C1c2cc3ccccc3cc2C2=Nc3cccc[n+]3[B-](F)(F)N12,0,3.3558,0.8205999999999998
1485,chromo1152,O=C1c2cc3ccccc3cc2C2=Nc3ccc4ccccc4[n+]3[B-](F)(F)N12,0,3.1924,0.7385000000000002
1486,chromo1153,F[B-]1(F)n2c(nc3c4ccccc4c4ccccc4c32)-c2ccc3ccccc3[n+]21,0,2.3627,0.6061999999999999
1487,chromo1155,F[B-]1(F)N(c2ccccc2)c2cccc3ccc4ccc[n+]1c4c23,0,2.5768,0.6402999999999999
1488,chromo1156,CC1=NN(c2cccc3ccccc23)[B-](F)(F)[n+]2ccccc21,0,2.7433,0.8717000000000001
1489,chromo1158,Cc1ccc(N=C2C3=c4[nH]c5ccccc5c4=[N+](c4ccc(C)cc4)[B-](F)(F)N3c3ccccc32)cc1,0,1.9893,1.1066
1490,chromo1159,Cc1ccc([N+]2=c3c4n(c5ccccc35)[B-](F)(F)[N+](c3ccc(C)cc3)=c3c=4n(c4ccccc34)[B-]2(F)F)cc1,0,1.7513,1.1894
1493,chromo6932,CC(C)(C)c1cc2ccc3ccc(-c4ccccc4)c4ccc(c1)c2c34,1,3.5061,1.4503
1494,chromo1160,Cc1ccc(-c2ccc3ccc4cc(C(C)(C)C)cc5ccc2c3c45)cc1,1,3.4867,1.4346999999999999
1497,chromo1161,CCN(CC)c1ccc(C=CC2=[O+][B-](F)(F)Oc3c2c(=O)oc2cc(N(CC)CC)ccc32)cc1,0,2.709,0.8284
1522,chromo1162,COc1ccccc1-c1nc2c3ccccc3c3ccccc3c2o1,0,3.5957,1.0718
1523,chromo1163,Oc1ccccc1-c1nc2c3ccccc3c3ccccc3c2o1,0,3.6447,1.1018
1524,chromo1164,[O-]c1ccccc1-c1[nH+]c2c3ccccc3c3ccccc3c2o1,0,3.6219,1.0432000000000001
1525,chromo1165,COc1ccccc1-c1nc2c3ccccc3c3ccccc3c2n1-c1ccc(C)cc1,1,3.7926,0.9636
1526,chromo1166,Oc1ccccc1-c1nc2c3ccccc3c3ccccc3c2n1-c1ccccc1,1,3.6073,0.9140999999999999
1527,chromo1167,[O-]c1ccccc1-c1[nH+]c2c3ccccc3c3ccccc3c2n1-c1ccccc1,0,3.6081,0.9143999999999997
1528,chromo1168,COc1ccccc1-c1nc2c3cccnc3c3ncccc3c2n1-c1ccccc1,0,3.7445,0.8595999999999999
1529,chromo1169,Oc1ccccc1-c1nc2c3cccnc3c3ncccc3c2n1-c1ccccc1,0,3.5288,0.8096000000000001
1530,chromo1170,[O-]c1ccccc1-c1[nH+]c2c3cccnc3c3ncccc3c2n1-c1ccccc1,0,3.5285,0.8094000000000001
1531,chromo1171,COc1ccccc1C1=NC2c3cccc4cccc(c34)C2N1c1ccccc1,0,3.7287,1.0444999999999998
1532,chromo1172,Oc1ccccc1C1=NC2c3cccc4cccc(c34)C2N1c1ccccc1,0,3.9672,1.2792
1533,chromo1173,Cc1ccc(N2C(c3ccccc3N(C)C)=NC(c3ccccc3)C2c2ccccc2)cc1,1,4.0527,0.8066999999999998
1534,chromo1174,Cc1ccc(N2C(c3ccccc3N)=NC(c3ccccc3)C2c2ccccc2)cc1,1,3.9405,0.8946000000000001
1535,chromo1175,Cc1ccc(N2C(c3ccccc3[NH-])=[NH+]C(c3ccccc3)C2c2ccccc2)cc1,1,3.9404,0.8944000000000001
1536,chromo1176,Cc1ccc(N2C(c3ccccc3NS(=O)(=O)c3ccc(C)cc3)=NC(c3ccccc3)C2c2ccccc2)cc1,1,3.9105,0.8514999999999997
1537,chromo1177,Cc1ccc(N2C(c3ccccc3[N-]S(=O)(=O)c3ccc(C)cc3)=[NH+]C(c3ccccc3)C2c2ccccc2)cc1,1,2.8754,0.10860000000000003
1538,chromo1178,Cc1ccc(-n2c(-c3ccccc3N)nc3c4ccccc4c4ccccc4c32)cc1,1,3.5785,0.8527
1539,chromo1179,Cc1ccc(-n2c(-c3ccccc3[NH-])[nH+]c3c4ccccc4c4ccccc4c32)cc1,0,3.5783,0.8527
1540,chromo1180,Cc1ccc(-n2c(-c3ccccc3NS(=O)(=O)c3ccc(C)cc3)nc3c4ccccc4c4ccccc4c32)cc1,1,3.6639,0.9165000000000001
1541,chromo1181,Cc1ccc(-n2c(-c3ccccc3[N-]S(=O)(=O)c3ccc(C)cc3)[nH+]c3c4ccccc4c4ccccc4c32)cc1,0,3.6488,0.9435000000000002
1542,chromo1182,Cc1ccc(-n2c(-c3cccc4cc[nH]c34)nc3c4ccccc4c4ccccc4c32)cc1,1,3.5145,0.9516999999999998
1543,chromo1183,Cc1ccc(-n2c(-c3cccc4cc[n-]c34)[nH+]c3c4ccccc4c4ccccc4c32)cc1,0,3.5143,0.9514
1566,chromo1189,COc1ccc(C#Cc2ccc(C#N)cc2)cc1OC,1,3.4364,1.088
1569,chromo1190,COc1ccc(C#Cc2ccc(C#N)cc2)cc1,1,3.4856,0.6151999999999997
1576,chromo0107,CCN(CC)c1ccc2nc3c4ccccc4c(=O)cc-3oc2c1,0,2.7481,1.2389
1580,chromo1199,O=Cc1cc(N2CCCCC2)c2ccc3c(N4CCCCC4)cc(N4CCCCC4)c4ccc1c2c43,1,2.6413,1.0319000000000003
1584,chromo1200,O=Cc1cc(C=O)c2ccc3c(N4CCCCC4)cc(N4CCCCC4)c4ccc1c2c43,1,2.5951,0.9896
1589,chromo1201,CN(C)c1ccc(-c2ccc3c(=O)c(O)coc3c2)cc1,1,3.3099,0.6908999999999996
1593,chromo1202,COc1coc2cc(-c3ccc(N(C)C)cc3)ccc2c1=O,1,3.4038,0.6463000000000001
1595,chromo1204,CCOC(=O)C1=C(C)NC2=C(C(=O)c3ccccc32)C1c1ccc(N(C)C)cc1,0,2.2331,0.4632999999999998
1600,chromo1206,C(=Cc1ccc(-c2ccncc2)cc1)c1ccc(-c2ccncc2)cc1,1,3.4258,1.3025000000000002
1601,chromo1207,N#CC(=C(C#N)c1ccc(-c2ccncc2)cc1)c1ccc(-c2ccncc2)cc1,1,3.1076,1.1543
1602,chromo1208,N#CC(=Cc1ccc(-c2ccncc2)cc1)c1ccc(-c2ccncc2)cc1,1,3.3506,1.2841
1614,chromo1217,O=c1c2ccccc2nc2n1[B-](F)(F)[n+]1ccccc1-2,0,3.0419,0.7742
1616,chromo1218,O=c1c2cc(F)ccc2nc2n1[B-](F)(F)[n+]1ccccc1-2,0,3.015,0.7723
1618,chromo1219,O=c1c2cc(Cl)ccc2nc2n1[B-](F)(F)[n+]1ccccc1-2,0,3.0123,0.7611000000000003
1620,chromo1220,O=c1c2cc(Br)ccc2nc2n1[B-](F)(F)[n+]1ccccc1-2,0,2.98,0.7408000000000001
1621,chromo1222,F[B-]1(F)n2cccc2C=C2C=CC=[N+]21,1,3.1691,1.5835
1623,chromo1223,CC1=[N+]2C(=Cc3cccn3[B-]2(F)F)C=C1,1,3.1191,1.5756999999999999
1625,chromo1224,CC1=C2C=CC=[N+]2[B-](F)(F)n2cccc21,1,3.1588,1.4897999999999998
1627,chromo1225,CC1=CC(C)=[N+]2C1=Cc1cccn1[B-]2(F)F,1,3.111,1.5788000000000002
1629,chromo1226,CC1=C2C=CC(C)=[N+]2[B-](F)(F)n2cccc21,1,3.1066,1.4767
1631,chromo1227,CC1=CC(C)=[N+]2C1=C(C)c1cccn1[B-]2(F)F,1,3.1373,1.4885000000000002
1633,chromo1228,CC1=CC(C)=[N+]2C1=Cc1c(C)cc(C)n1[B-]2(F)F,1,3.029,1.5666
1635,chromo0122,CC1=CC(C)=[N+]2C1=C(c1ccccc1)c1c(C)cc(C)n1[B-]2(F)F,1,3.0322,1.513
1658,chromo1276,COc1ccc2c(c1)CCc1c-2nc(N)c(C#N)c1-c1ccc(Br)cc1,0,3.5127,0.9521999999999999
1689,chromo1325,CCOC(=O)CCCCCn1c2ccc([N+](=O)[O-])cc2c(=O)c2cc3c(cc21)c(=O)c1cc([N+](=O)[O-])ccc1n3CCCCCC(=O)OCC,0,2.7499,0.6357999999999997
1690,chromo1326,CCOC(=O)CCCCCn1c2ccc(N)cc2c(=O)c2cc3c(cc21)c(=O)c1cc(N)ccc1n3CCCCCC(=O)OCC,0,2.3493,0.6452
1757,chromo1362,CCOC(=O)c1ccc(C2CC(c3cccc4ccccc34)=NN2c2ccc(OC)cc2)cc1,1,2.9279,0.9608000000000001
1758,chromo1363,CCOC(=O)c1ccc(C2CC(c3cccc4ccccc34)=NN2c2ccc(C)cc2)cc1,1,2.9508,1.0284
1759,chromo1364,CCOC(=O)c1ccc(C2CC(c3cccc4ccccc34)=NN2c2ccc(Cl)cc2)cc1,1,3.0408,1.0729
1760,chromo1365,CCOC(=O)c1ccc(C2CC(c3cccc4ccccc34)=NN2c2ccc(F)cc2)cc1,1,3.1158,1.0825
1761,chromo1366,CCOC(=O)c1ccc(C2CC(c3cccc4ccccc34)=NN2c2ccc(C#N)cc2)cc1,1,3.1183,1.1063
1765,chromo1367,CC(=O)O[B-]1(OC(C)=O)OC(C=Cc2ccccc2)=CC(C=Cc2ccccc2)=[O+]1,0,2.9735,1.044
1770,chromo1368,CC(=O)O[B-]1(OC(C)=O)OC(C=Cc2ccc(C)cc2)=CC(C=Cc2ccc(C)cc2)=[O+]1,0,2.9438,1.0357
1775,chromo1369,COc1ccc(C=CC2=CC(C=Cc3ccc(OC)cc3)=[O+][B-](OC(C)=O)(OC(C)=O)O2)cc1,1,2.8427,0.9673999999999998
1780,chromo1370,CC(=O)O[B-]1(OC(C)=O)OC(C=Cc2cccc3ccccc23)=CC(C=Cc2cccc3ccccc23)=[O+]1,1,2.64,0.8528000000000002
1785,chromo1371,CC(=O)O[B-]1(OC(C)=O)OC(C=CC=Cc2ccccc2)=CC(C=CC=Cc2ccccc2)=[O+]1,0,2.6476,1.0853000000000002
1800,chromo1381,COc1ccc(-c2ccc(-c3ccc(C#N)s3)s2)cc1,1,3.1361,1.1947999999999999
1805,chromo1382,COc1cc(OC)cc(-c2ccc(-c3ccc(C#N)s3)s2)c1,1,3.2899,1.2946999999999997
1855,chromo1433,CCCCN(CCCC)c1ccc2nc3c4ccccc4c(=O)cc-3oc2c1,0,2.798,1.1637
1856,chromo1434,CCCCN(CCCC)c1ccc2nc3c4ccccc4c(=O)c(OC(=C(C(F)(C(F)(F)F)C(F)(F)F)C(F)(C(F)(F)F)C(F)(F)F)C(F)(F)F)c-3oc2c1,0,2.5533,1.1399000000000001
1857,chromo1435,CCCCN(CCCC)c1ccc2nc3c4ccccc4c(=O)c(-c4ccccc4)c-3oc2c1,0,2.561,1.0654
1858,chromo1436,CCCCN(CCCC)c1ccc2nc3c4ccccc4c(=O)c(-c4cccc5ccccc45)c-3oc2c1,0,2.3475,0.8362
1859,chromo1437,CCCCN(CCCC)c1ccc2nc3c4ccccc4c(=O)c(-c4c5ccccc5cc5ccccc45)c-3oc2c1,0,1.8049,0.1896
1860,chromo1438,CCCCN(CCCC)c1ccc2nc3c4ccccc4c(=O)c(-c4ccc5c(c4)C(CCCC)(CCCC)c4ccccc4-5)c-3oc2c1,0,2.2349,0.7973000000000001
1878,chromo1444,COC(=O)C(Cc1ccc2oc(-c3ccc(N(c4ccccc4)c4ccccc4)cc3)nc2c1)NC(=O)OC(C)(C)C,0,3.3339,0.8190999999999997
1906,chromo1456,CN(C)c1ccc(C=C2N=C(c3ccccc3)OC2=O)cc1,1,2.9801,1.3017000000000003
1914,chromo1460,COc1ccc2c3cccc4c(OC)ccc(c5cccc1c52)c43,0,2.8,1.2597999999999998
1918,chromo1461,CCCCCCCCOc1ccc2c3cccc4c(OCCCCCCCC)ccc(c5cccc1c52)c43,0,2.7784,1.246
1922,chromo1462,CCCCCCCC(=O)Oc1ccc2c3cccc4c(OC(=O)CCCCCCC)ccc(c5cccc1c52)c43,0,2.7821,1.2865999999999997
1926,chromo1463,COc1ccc2cc(-c3ccc([N+](=O)[O-])cc3)ccc2c1,1,3.1361,0.6433
1929,chromo1464,O=[N+]([O-])c1ccc(C#Cc2ccc3ccccc3c2)cc1,1,3.0467,0.4872000000000001
1932,chromo1465,COc1ccc2cc(C#Cc3ccc([N+](=O)[O-])cc3)ccc2c1,1,2.8135,0.1993999999999998
1934,chromo1467,O=[N+]([O-])c1ccc(C#Cc2ccc3ccc(C#Cc4ccc([N+](=O)[O-])cc4)cc3c2)cc1,1,3.0868,0.9650000000000003
1938,chromo1469,C(=CC=CC1=CSC(=C2SC=CS2)S1)C=CC1=CSC(=C2SC=CS2)S1,0,2.1348,0.9534999999999998
1944,chromo1470,CN(C)c1ccc(C=CC=CC=Cc2ccc(N(C)C)cc2)cc1,1,2.8716,1.4303
1947,chromo1471,CCCCCC(=O)c1c2c(c(C(=O)CCCCC)c3c1OC1(CCCC1)O3)OC1(CCCC1)O2,0,2.7876,0.8295999999999999
1952,chromo1474,CCCC(=O)c1c2c(c(C(=O)CCC)c3c1OC(CC(=O)OC)(C(=O)OC)O3)OCO2,0,2.9464,0.8280000000000003
1956,chromo1476,CCCC(=O)c1c2c(c(C(=O)CCC)c3c1OC(CC(=O)OC)(C(=O)O)O3)OCO2,0,2.9629,0.8304
1961,chromo1478,Nc1ccc(-c2ccc(N)cc2)cc1,1,4.3363,1.2744999999999997
1967,chromo1479,[C-]#[N+]c1ccc(-c2ccc(N)cc2)cc1,1,4.0136,1.1284
1973,chromo1480,[C-]#[N+]c1ccc(-c2ccc(NC)cc2)cc1,1,3.8675,1.0310000000000001
1979,chromo1481,[C-]#[N+]c1ccc(-c2ccc(N(C)C)cc2)cc1,1,3.7561,0.9542999999999999
1992,chromo1488,CCCCN1c2ccccc2Sc2cc(C=Cc3nc4nc5ccccc5nc4s3)ccc21,0,2.5602,0.6994
1997,chromo1489,CCCCN1c2ccccc2Sc2cc(C=CC3=Nc4ccc5ccccc5c4C3(C)C)ccc21,0,2.8129,1.0977999999999999
2000,chromo1522,CCCCCCCCCCCCN1C(=O)c2c(c3ccc4cc(-c5ccc(C(F)(F)F)cc5)c(OC)cc4c3c3c2ccc2cc(-c4ccc(C(F)(F)F)cc4)c(OC)cc23)C1=O,0,2.5711,0.5472000000000001
2001,chromo1523,CCCCCCCCCCCCN1C(=O)c2c(c3ccc4cc(-c5ccc(C#N)cc5)c(OC)cc4c3c3c2ccc2cc(-c4ccc(C#N)cc4)c(OC)cc23)C1=O,0,2.5893,0.5576000000000003
2002,chromo1524,CCCCCCCCCCCCN1C(=O)c2c(c3ccc4cc(-c5ccc(C=O)cc5)c(OC)cc4c3c3c2ccc2cc(-c4ccc(C=O)cc4)c(OC)cc23)C1=O,0,2.5687,0.5508000000000002
2003,chromo1525,CCCCCCCCCCCCN1C(=O)c2c(c3ccc4cc(-c5ccc(F)cc5)c(OC)cc4c3c3c2ccc2cc(-c4ccc(F)cc4)c(OC)cc23)C1=O,0,2.5648,0.5671999999999999
2004,chromo1526,CCCCCCCCCCCCN1C(=O)c2c(c3ccc4cc(-c5ccc(Cl)cc5)c(OC)cc4c3c3c2ccc2cc(-c4ccc(Cl)cc4)c(OC)cc23)C1=O,0,2.5797,0.5680999999999998
2005,chromo1527,CCCCCCCCCCCCN1C(=O)c2c(c3ccc4cc(-c5ccccc5)c(OC)cc4c3c3c2ccc2cc(-c4ccccc4)c(OC)cc23)C1=O,0,2.5685,0.5650999999999997
2006,chromo1528,CCCCCCCCCCCCN1C(=O)c2c(c3ccc4cc(-c5ccc(C)cc5)c(OC)cc4c3c3c2ccc2cc(-c4ccc(C)cc4)c(OC)cc23)C1=O,0,2.569,0.5762
2007,chromo1529,CCCCCCCCCCCCN1C(=O)c2c(c3ccc4cc(-c5ccc(-c6ccccc6)cc5)c(OC)cc4c3c3c2ccc2cc(-c4ccc(-c5ccccc5)cc4)c(OC)cc23)C1=O,0,2.5648,0.5781000000000001
2008,chromo1530,CCCCCCCCCCCCN1C(=O)c2c(c3ccc4cc(-c5ccc(OC)cc5)c(OC)cc4c3c3c2ccc2cc(-c4ccc(OC)cc4)c(OC)cc23)C1=O,0,2.5368,0.5751999999999999
2009,chromo1531,CCCCCCCCCCCCN1C(=O)c2c(c3ccc4cc(-c5cccs5)c(OC)cc4c3c3c2ccc2cc(-c4cccs4)c(OC)cc23)C1=O,0,2.5024,0.6144000000000003
2010,chromo1532,CCCCCCCCCCCCN1C(=O)c2c(c3ccc4cc(-c5ccc(N(C)C)cc5)c(OC)cc4c3c3c2ccc2cc(-c4ccc(N(C)C)cc4)c(OC)cc23)C1=O,0,2.266,0.3974
2013,chromo1533,O=C1CCCC2=C1CC1=C(CCCC1=O)N2NC(=O)c1ccccc1,0,3.3629,0.9025999999999996
2018,chromo1534,O=C1CCCC2=C1CC1=C(CCCC1=O)N2NC(=O)c1ccc(O)cc1,0,3.4826,1.0277000000000003
2022,chromo1535,COc1ccc(C(=O)NN2C3=C(CC4=C2CCCC4=O)C(=O)CCC3)cc1,0,3.4881,1.0358
2025,chromo1536,Cc1ccc(C(=O)NN2C3=C(CC4=C2CCCC4=O)C(=O)CCC3)cc1,0,3.4139,0.9558
2030,chromo1537,Cc1ccccc1C(=O)NN1C2=C(CC3=C1CC(C)(C)CC3=O)C(=O)CC(C)(C)C2,0,3.4882,1.0291000000000001
2056,chromo1548,CN(C)c1ccc(C=C2CCC(=Cc3ccc(C#N)cc3)C2=O)cc1,1,2.6639,0.7571999999999999
2060,chromo1549,Cc1ccc2cc3c(=O)n(C)c(=O)n(C)c3nc2c1,0,3.67,0.9506000000000001
2064,chromo1550,Cc1cccc2cc3c(=O)n(C)c(=O)n(C)c3nc12,0,3.5673,0.9933000000000001
2078,chromo1566,COc1cc2[nH]c3c(c2cc1OC)CCCC3=O,0,3.7621,1.1940000000000004
2121,chromo1610,N#Cc1c(F)c(F)c(C#N)c2oc3cc4oc5c(C#N)c(F)c(F)c(C#N)c5oc4cc3oc12,0,2.9729,0.46030000000000015
2136,chromo1618,c1cc2cccc3c4cccc5cccc(c(c1)c23)c54,0,2.8937,1.3579999999999999
2137,chromo1619,c1ccc(-c2ccc3c4ccc(-c5ccccc5)c5c(-c6ccccc6)ccc(c6cccc2c63)c54)cc1,0,2.6026,1.1656999999999997
2138,chromo1620,c1ccc(-c2ccc3c4ccc(-c5ccccc5)c5c(-c6ccccc6)ccc(c6ccc(-c7ccccc7)c2c36)c54)cc1,0,2.5064,1.1074000000000002
2143,chromo1624,CN(C)c1cc(C#N)c(N(C)C)c(C#N)c1,1,3.4011,0.5988000000000002
2152,chromo1627,Cc1ccc(-c2cc(-c3ccccc3)c3c(N)nc(N4CCCC4)c(C#N)c3n2)cc1,0,2.9016,0.5740000000000003
2156,chromo1628,COc1ccc(-c2cc(-c3ccc(C)cc3)nc3c(C#N)c(N4CCCC4)nc(N)c23)cc1,0,2.9056,0.5747
2160,chromo1629,COc1cc(-c2cc(-c3ccc(C)cc3)nc3c(C#N)c(N4CCCC4)nc(N)c23)cc(OC)c1OC,0,2.9167,0.5782000000000003
2164,chromo1630,Cc1ccc(-c2cc(-c3ccccc3Cl)c3c(N)nc(N4CCCC4)c(C#N)c3n2)cc1,0,2.9295,0.5947
2168,chromo1631,Cc1ccc(-c2cc(-c3ccc(N(C)C)cc3)c3c(N)nc(N4CCCC4)c(C#N)c3n2)cc1,0,2.9265,0.5800999999999998
2172,chromo1632,COc1ccc(-c2cc(-c3ccc(OC)cc3)c3c(N)nc(N4CCCC4)c(C#N)c3n2)cc1,0,2.9417,0.5827999999999998
2185,chromo1636,Nc1ccc2c(c1)Cc1ccccc1-2,0,4.2446,1.3021000000000003
2228,chromo1662,CC1=CC(C)=[N+]2C1=C(c1c(-c3ccccn3)nc3ccccn13)c1c(C)cc(C)n1[B-]2(F)F,1,2.5269,1.1043999999999998
2229,chromo1663,CC1=C(Br)C(C)=[N+]2C1=C(c1c(-c3ccccn3)nc3ccccn13)c1c(C)c(Br)c(C)n1[B-]2(F)F,1,2.3823,0.9699999999999998
2230,chromo1666,CC1=C(c2ccccc2)C(C)=[N+]2C1=C(c1c(-c3ccccn3)nc3ccccn13)c1c(C)cc(C)n1[B-]2(F)F,1,2.5173,1.1128
2231,chromo1667,CC1=C(c2ccccc2)C(C)=[N+]2C1=C(c1c(-c3ccccn3)nc3ccccn13)c1c(C)c(-c3ccccc3)c(C)n1[B-]2(F)F,1,2.5006,1.1091
2232,chromo1668,COc1ccc(C2=C(C)C3=C(c4c(-c5ccccn5)nc5ccccn45)c4c(C)cc(C)n4[B-](F)(F)[N+]3=C2C)cc1,1,2.525,1.1344999999999998
2233,chromo1669,COc1ccc(C2=C(C)C3=C(c4c(-c5ccccn5)nc5ccccn45)c4c(C)c(-c5ccc(OC)cc5)c(C)n4[B-](F)(F)[N+]3=C2C)cc1,1,2.462,1.0952000000000002
2234,chromo1670,CC1=C(c2ccc(N(C)C)cc2)C(C)=[N+]2C1=C(c1c(-c3ccccn3)nc3ccccn13)c1c(C)cc(C)n1[B-]2(F)F,1,2.1242,0.7618
2235,chromo1671,CC1=C(c2ccc(N(C)C)cc2)C(C)=[N+]2C1=C(c1c(-c3ccccn3)nc3ccccn13)c1c(C)c(-c3ccc(N(C)C)cc3)c(C)n1[B-]2(F)F,1,2.1126,0.7907
2236,chromo1672,CC1=C(c2ccc(N(c3ccccc3)c3ccccc3)cc2)C(C)=[N+]2C1=C(c1c(-c3ccccn3)nc3ccccn13)c1c(C)cc(C)n1[B-]2(F)F,1,2.0045,0.6238000000000001
2237,chromo1673,CC1=C(c2ccc(N(c3ccccc3)c3ccccc3)cc2)C(C)=[N+]2C1=C(c1c(-c3ccccn3)nc3ccccn13)c1c(C)c(-c3ccc(N(c4ccccc4)c4ccccc4)cc3)c(C)n1[B-]2(F)F,1,1.9839,0.6319999999999999
2254,chromo1712,O=c1cc(-c2ccccc2)oc(-c2ccc(-c3nc4ccccn4c3NC3CCCCC3)cc2)c1,0,3.4372,0.8074999999999997
2255,chromo1713,Cc1cccc2nc(-c3ccc(-c4cc(=O)cc(-c5ccccc5)o4)cc3)c(NC3CCCCC3)n12,0,3.1315,0.6812999999999998
2256,chromo1714,CC(C)(C)Nc1c(-c2ccc(-c3cc(=O)cc(-c4ccccc4)o3)cc2)nc2ccccn12,0,3.4063,0.7654999999999998
2257,chromo1715,Cc1cc(=O)cc(-c2ccc(-c3nc4ccccn4c3NC3CCCCC3)cc2)o1,0,3.4994,0.8935
2258,chromo1716,O=c1cc(-c2ccccc2)oc(-c2nc3ccccn3c2NC2CCCCC2)c1,0,3.3377,0.8209999999999997
2259,chromo1717,O=c1cc(-c2nc3ccccn3c2NC2CCCCC2)occ1OCc1ccccc1,0,3.3709,0.8866999999999998
2260,chromo1718,Cc1cccc2nc(-c3cc(=O)c(OCc4ccccc4)co3)c(NC3CCCCC3)n12,0,3.3404,0.8644999999999996
2381,chromo1785,CCCCC(CC)COc1ccc2nc(-c3ccc(-c4ccccc4)s3)sc2c1,1,3.2583,1.1488
2382,chromo1786,CCCCC(CC)COc1ccc2nc(-c3ccc(-c4cccs4)s3)sc2c1,1,3.0999,1.1813999999999998
2383,chromo1787,CCCCC(CC)COc1ccc2nc(-c3ccc(-c4ccc(OC)cc4)s3)sc2c1,1,3.1968,1.1147
2384,chromo1788,CCCCC(CC)COc1ccc2nc(-c3ccc(-c4ccc(N(C)C)cc4)s3)sc2c1,1,3.0115,0.9892999999999996
2385,chromo1789,CCCCC(CC)COc1ccc2nc(-c3ccc(-c4c(C)noc4C)s3)sc2c1,1,3.342,1.1719
2399,chromo1795,CCC1=C(C)c2cc3[nH]c(cc4nc(c5c6[nH]c(cc1n2)c(C)c6C(=O)C5)C(CCC(=O)OC)C4C)c(C)c3C=C[N+](=O)[O-],0,1.9941,0.8311
2400,chromo1796,CCC1=C(C)c2cc3[nH]c(cc4nc(c5c6[nH]c(cc1n2)c(C)c6C(=O)C5)C(CCC(=O)OC)C4C)c(C)c3C=C(C)[N+](=O)[O-],0,2.0319,0.7710999999999999
2401,chromo1797,CCC1=C(C)c2cc3[nH]c(cc4nc(c5c6[nH]c(cc1n2)c(C)c6C(=O)C5)C(CCC(=O)OC)C4C)c(C)c3C=C(c1ccccc1)[N+](=O)[O-],0,1.9942,0.7585
2402,chromo1798,C=Cc1c(C)c2cc3nc(c4c5[nH]c(cc6nc(cc1[nH]2)C(C)=C6CC)c(C)c5C(=O)C4)C(CCC(=O)OC)C3C,0,2.144,0.8392000000000002
2413,chromo1808,COC(=O)C=CC=Cc1ccc(N(C)C)cc1,1,3.3485,1.4484000000000001
2415,chromo1809,CCN(CC)c1ccc2cc(C#N)c(=NC(C)=O)oc2c1,1,3.2967,1.1547
2416,chromo1810,CCN(CC)c1ccc2cc(C#N)c(=NC(=O)C(C)C)oc2c1,1,3.266,1.1211000000000002
2417,chromo1811,CCN(CC)c1ccc2cc(C#N)c(=NC(=O)c3ccccc3)oc2c1,1,3.2655,1.1111999999999997
2418,chromo1812,CCN(CC)c1ccc2cc(C#N)c(=NC(=O)c3ccc(C)cc3)oc2c1,1,3.2586,1.1069999999999998
2419,chromo1813,CCN(CC)c1ccc2cc(C#N)c(=NC(=O)c3ccc(F)cc3)oc2c1,1,3.2635,1.1091000000000002
2420,chromo1814,CCN(CC)c1ccc2cc(C#N)c(=NC(=O)c3ccco3)oc2c1,1,3.2389,1.0826000000000002
2425,chromo1816,CC(=O)Nc1ccccc1C(=O)OC1CC(C)CCC1C(C)C,1,4.0851,0.8845999999999998
2451,chromo1823,CCN1C(=CC2=C([O-])C(=CC3=[N+](CC)c4ccccc4C3(C)C)C2=O)C(C)(C)c2ccccc21,0,2.2811,1.3420999999999998
2452,chromo1824,CCN1C(=CC2=C([O-])C(=Cc3sc4ccccc4[n+]3CC)C2=O)Sc2ccccc21,0,2.201,1.282
2453,chromo1825,CCN1C(=CC2=C([O-])C(=Cc3[se]c4ccccc4[n+]3CC)C2=O)[Se]c2ccccc21,0,2.17,1.2414
2454,chromo1826,CN1C(=CC2=C([O-])C(=CC3=[N+](C)c4ccc(Cl)cc4C3(C)C)C2=O)C(C)(C)c2cc(Cl)ccc21,0,2.2503,1.3190000000000002
2455,chromo1827,CC[n+]1c(C=C2C(=O)C(C=C3N(C)c4ccccc4C3(C)C)=C2[O-])sc2ccccc21,0,2.2783,1.3237
2456,chromo1828,CC[n+]1c(C=C2C(=O)C(C=C3N(C)c4ccccc4C3(C)C)=C2[O-])[se]c2ccccc21,0,2.2149,1.2623000000000002
2457,chromo1829,CC[n+]1c(C=C2C(=O)C(C=C3N(C)c4ccc(Cl)cc4C3(C)C)=C2[O-])sc2ccccc21,0,2.262,1.3096
2458,chromo1830,CN1C(=CC2=C([O-])C(=CC3=[N+](C)c4ccccc4C3(C)C)C2=O)C(C)(C)c2cc(Cl)ccc21,0,2.2682,1.3278000000000003
2460,chromo1832,CC[n+]1c(C=C2C(=O)C(C=C3Sc4cc(Cl)ccc4N3C)=C2[O-])[se]c2ccccc21,0,2.1601,1.2357999999999998
2476,chromo1849,CCCC1=Cc2nc1ccc1[nH]c(cc1CCC)c1nc(c(NC(=O)CCCC(=O)O)cc3[nH]c2cc3CCC)C(CCC)=C1,0,2.0914,0.8095000000000001
2502,chromo1850,CCCC1=Cc2nc1ccc1[nH]c(cc1CCC)c1nc(c(NC(=O)CCCC(=O)OC)cc3[nH]c2cc3CCC)C(CCC)=C1,0,2.0855,0.804
2503,chromo1889,c1ccc2c(c1)c1ccccc1c1[nH]c(-c3ccc(-c4nc5c6ccccc6c6ccccc6c5[nH]4)cc3)nc21,0,3.0667,0.7841999999999998
2509,chromo1892,CCCCCCCCCCCCCCCCCCN1C(=O)c2cccc3c(OCCN(C)C)ccc(c23)C1=O,0,3.4247,1.1258
2529,chromo1901,COC(=O)C(Cc1ccc2oc(-c3c4ccccc4cc4ccccc34)nc2c1)NC(=O)OC(C)(C)C,1,3.0157,1.3230999999999997
2558,chromo1929,CCN1C(=O)C(C2C(=O)c3c4ccccc4cc4cc5ccccc5c2c34)SC1=S,0,2.2452,1.2529000000000001
2559,chromo1930,O=C1c2ccccc2C(=O)C1C1C(=O)c2c3ccccc3cc3cc4ccccc4c1c23,0,2.2487,1.2677999999999998
2560,chromo1931,O=C1C(=c2c(=O)c3c4ccccc4cc4cc5ccccc5c2c43)C(=O)c2ccccc21,0,1.7429,0.8457999999999999
2561,chromo1932,CCN1C(=O)C(C2C(=O)c3c4ccccc4cc4cc5ccccc5c2c34)C(=O)N(CC)C1=S,0,2.2493,1.2611999999999999
2598,chromo1946,O=C(O)c1c2ccccc2nc2ccccc12,0,3.1056,1.3228
2603,chromo1947,COC(=O)c1c2ccccc2nc2ccccc12,0,3.1367,1.3369999999999997
2652,chromo1991,CC(C)(C)c1ccc2c(c1)c1cc(C(C)(C)C)ccc1n2-c1ccc(C#Cc2ccc3c4ccc(C#Cc5ccc(C=O)cc5)cc4n(-c4ccc(C(F)(F)F)cc4)c3c2)cc1,1,2.6905,0.5457000000000001
2653,chromo1992,CC(C)(C)c1ccc2c(c1)c1cc(C(C)(C)C)ccc1n2-c1ccc(C#Cc2ccc3c4ccc(C#Cc5ccc(C=C(C#N)C#N)cc5)cc4n(-c4ccc(C(F)(F)F)cc4)c3c2)cc1,1,2.0803,0.2829999999999999
2654,chromo1993,CC(C)(C)c1ccc2c(c1)c1cc(C(C)(C)C)ccc1n2-c1ccc(C#Cc2ccc3c4ccc(C#Cc5ccc(C=C(C#N)C(=O)O)cc5)cc4n(-c4ccc(C(F)(F)F)cc4)c3c2)cc1,1,2.2793,0.3593000000000002
2655,chromo1994,CC(C)(C)c1ccc2c(c1)c1cc(C(C)(C)C)ccc1n2-c1ccc(C#Cc2ccc3c4ccc(C#Cc5ccc(-n6c7ccc(C(C)(C)C)cc7c7cc(C(C)(C)C)ccc76)cc5)cc4n(-c4ccc(C(F)(F)F)cc4)c3c2)cc1,1,2.8487,0.6411000000000002
2661,chromo1999,CC1(C)c2ccccc2N(c2ccc3c(c2)C(C)(C)c2cc(N4c5ccccc5C(C)(C)c5ccccc54)ccc2S3(=O)=O)c2ccccc21,0,3.0021,0.0118999999999998
2662,chromo2000,CC1(C)c2ccccc2N(c2ccc3c(c2)S(=O)(=O)c2cc(N4c5ccccc5C(C)(C)c5ccccc54)ccc2C3(C)C)c2ccccc21,0,3.0072,0.021700000000000053
2663,chromo2001,Cc1cc2c(cc1N1c3ccccc3C(C)(C)c3ccccc31)C(C)(C)c1cc(N3c4ccccc4C(C)(C)c4ccccc43)c(C)cc1S2(=O)=O,0,3.0724,0.013599999999999834
2664,chromo2002,Cc1ccc2c(c1)C(C)(C)c1cc(C)ccc1N2c1ccc2c(c1)C(C)(C)c1cc(N3c4ccc(C)cc4C(C)(C)c4cc(C)ccc43)ccc1S2(=O)=O,0,2.8828,0.012399999999999967
2679,chromo2005,c1ccc(-c2nc(-c3ccccc3)nc(-c3ccc(-n4c5ccccc5c5cc6c(cc54)C4(c5ccccc5-c5ccccc54)c4ccccc4-6)cc3)n2)cc1,0,2.868,0.25229999999999997
2680,chromo2006,c1ccc(-c2nc(-c3ccccc3)nc(-c3ccc(-n4c5ccccc5c5cc6c(cc54)C(c4ccccc4)(c4ccccc4)c4ccccc4-6)cc3)n2)cc1,0,2.8624,0.2528999999999999
2681,chromo2007,CC1(C)c2ccccc2-c2cc3c4ccccc4n(-c4ccc(-c5nc(-c6ccccc6)nc(-c6ccccc6)n5)cc4)c3cc21,0,2.8082,0.23299999999999965
2682,chromo2008,c1ccc(-c2nc(-c3ccccc3)nc(-c3ccc(-n4c5ccccc5c5c6c(ccc54)-c4ccccc4C6(c4ccccc4)c4ccccc4)cc3)n2)cc1,0,2.7647,0.20940000000000003
2691,chromo2015,N#Cc1c(-n2c3ccccc3c3ccccc32)cc(N2c3ccccc3C(c3ccccc3)(c3ccccc3)c3ccccc32)cc1-n1c2ccccc2c2ccccc21,1,2.8359,0.15799999999999992
2692,chromo2016,CC(C)(C)c1ccc2c(c1)c1cc(C(C)(C)C)ccc1n2-c1cc(N2c3ccccc3C(c3ccccc3)(c3ccccc3)c3ccccc32)cc(-n2c3ccc(C(C)(C)C)cc3c3cc(C(C)(C)C)ccc32)c1C#N,1,2.8678,0.19240000000000013
2702,chromo2019,Cc1cc(C)c(B(c2ccccc2N2c3ccccc3Oc3ccccc32)c2c(C)cc(C)cc2C)c(C)c1,0,2.2798,0.02859999999999996
2703,chromo2020,Cc1cc(C)c(B(c2ccccc2N(c2ccccc2)c2ccccc2)c2c(C)cc(C)cc2C)c(C)c1,1,2.7444,0.22960000000000003
2704,chromo2021,Cc1cc(C)c(B(c2ccccc2-n2c3ccccc3c3ccccc32)c2c(C)cc(C)cc2C)c(C)c1,1,2.8489,0.0827
2713,chromo2028,Cc1cc(-n2c3ccccc3c3ccccc32)ccc1-c1ccc(S(=O)(=O)c2ccccc2)cc1C,1,3.6885,0.5097
2714,chromo2029,Cc1cc(-n2c3ccccc3c3cc(C#N)ccc32)ccc1-c1ccc(S(=O)(=O)c2ccccc2)cc1C,1,3.9697,0.8506999999999998
2723,chromo2035,Cc1nn(-c2ccccc2)c2c1c(=O)oc1ccc(-n3c4ccccc4c4ccccc43)cc12,0,3.2778,0.27380000000000004
2724,chromo2036,Cc1nn(-c2ccccc2)c2c1c(=O)oc1ccc(-n3c4ccccc4c4cc(-n5c6ccccc6c6ccccc65)ccc43)cc12,0,3.0772,0.10880000000000001
2729,chromo2041,O=P(c1ccccc1)(c1ccccc1)c1cccc(-n2c(-c3ccccc3P(=O)(c3ccccc3)c3ccccc3)nc3ccccc32)c1,0,4.2561,0.9845000000000002
2730,chromo2042,O=P(c1ccccc1)(c1ccccc1)c1ccc(-n2c(-c3ccccc3P(=O)(c3ccccc3)c3ccccc3)nc3ccccc32)cc1,0,4.0664,0.8047999999999997
2731,chromo2043,O=P(c1ccccc1)(c1ccccc1)c1cccc(-c2nc3ccccc3n2-c2cccc(P(=O)(c3ccccc3)c3ccccc3)c2)c1,0,4.0884,1.142
2732,chromo2044,O=P(c1ccccc1)(c1ccccc1)c1ccc(-n2c(-c3cccc(P(=O)(c4ccccc4)c4ccccc4)c3)nc3ccccc32)cc1,0,3.9726,0.9318
2733,chromo2045,O=P(c1ccccc1)(c1ccccc1)c1ccc(-c2nc3ccccc3n2-c2cccc(P(=O)(c3ccccc3)c3ccccc3)c2)cc1,0,3.9956,1.0821999999999998
2734,chromo2046,O=P(c1ccccc1)(c1ccccc1)c1ccc(-c2nc3ccccc3n2-c2ccc(P(=O)(c3ccccc3)c3ccccc3)cc2)cc1,0,3.9776,1.0673
2751,chromo2053,CC(C)c1cc(C(C)C)c(B2c3cc(-n4c5ccccc5c5ccccc54)ccc3N(c3ccccc3)c3ccc(-n4c5ccccc5c5ccccc54)cc32)c(C(C)C)c1,0,2.9552,0.34960000000000013
2752,chromo2055,Cc1cc(C)c2c(c1)c1cc(C)cc(C)c1n2-c1ccc2c(c1)B(c1c(C(C)C)cc(C(C)C)cc1C(C)C)c1cc(-n3c4c(C)cc(C)cc4c4cc(C)cc(C)c43)ccc1N2c1ccccc1,1,2.7326,0.02200000000000024
2753,chromo2056,CC(C)c1cc(C(C)C)c(B2c3cc(N4c5ccccc5C(C)(C)c5ccccc54)ccc3N(c3ccccc3)c3ccc(N4c5ccccc5C(C)(C)c5ccccc54)cc32)c(C(C)C)c1,0,2.8484,0.5308999999999999
2754,chromo2057,CC(C)c1cc(C(C)C)c(B2c3cc(N4c5ccccc5Oc5ccccc54)ccc3N(c3ccccc3)c3ccc(N4c5ccccc5Oc5ccccc54)cc32)c(C(C)C)c1,0,2.2862,0.02300000000000013
2769,chromo2070,CC1(C)c2ccccc2N(c2ccc(-c3nnc(-c4ccccc4O)o3)cc2)c2ccccc21,0,2.6833,0.00990000000000002
2770,chromo2071,CC1(C)c2ccccc2N(c2ccc(-c3n[n+]4c(o3)-c3ccccc3O[B-]4(F)F)cc2)c2ccccc21,0,2.3892,0.008800000000000363
2779,chromo2073,Cc1cc(C)c(B(c2c(C)cc(C)cc2C)N2c3ccccc3C(C)(C)c3ccccc32)c(C)c1,0,3.594,0.5781000000000001
2781,chromo2074,Cc1cc(C)c(B(c2c(C)cc(C)cc2C)N2c3ccccc3C(c3ccccc3)(c3ccccc3)c3ccccc32)c(C)c1,0,3.7703,0.6118000000000001
2783,chromo2075,Cc1cc(C)c(B(c2c(C)cc(C)cc2C)N2c3ccccc3C3(c4ccccc4-c4ccccc43)c3ccccc32)c(C)c1,0,3.0124,0.4182000000000001
2789,chromo2080,O=P(c1ccccc1)(c1ccccc1)c1ccc(N2c3ccccc3Oc3ccccc32)cc1,0,2.8805,0.07889999999999997
2794,chromo2081,O=P(c1ccccc1)(c1ccc(N2c3ccccc3Oc3ccccc32)cc1)c1ccc(N2c3ccccc3Oc3ccccc32)cc1,0,2.7957,0.017199999999999882
2799,chromo2082,O=P(c1ccc(N2c3ccccc3Oc3ccccc32)cc1)(c1ccc(N2c3ccccc3Oc3ccccc32)cc1)c1ccc(N2c3ccccc3Oc3ccccc32)cc1,0,2.7225,0.018299999999999983
2803,chromo2083,N#Cc1cc2nc3c(nc2cc1C#N)C1c2ccc(N(c4ccccc4)c4ccccc4)cc2C3c2ccc(N(c3ccccc3)c3ccccc3)cc21,0,2.2788,0.11689999999999978
2806,chromo2084,N#Cc1nc2c(nc1C#N)C1c3ccc(N(c4ccccc4)c4ccccc4)cc3C2c2ccc(N(c3ccccc3)c3ccccc3)cc21,0,2.3474,0.08340000000000014
2825,chromo2097,c1ccc(-n2c3ccccc3c3cc([Si](c4ccccc4)(c4ccccc4)c4ccc5c(c4)c4ccccc4n5-c4ccccc4)ccc32)cc1,1,3.9656,0.8020999999999998
2826,chromo2098,O=S(=O)(c1ccc2c(c1)c1ccccc1n2-c1ccccc1)c1ccc2c(c1)c1ccccc1n2-c1ccccc1,1,3.9579,0.8024999999999998
2837,chromo2109,Cc1nnc(-c2cc(-n3c4ccccc4c4ccccc43)c(-n3c4ccccc4c4ccccc43)cc2-c2nnc(C)o2)o1,1,2.9672,0.35749999999999993
2838,chromo2110,c1ccc(-c2nnc(-c3cc(-n4c5ccccc5c5ccccc54)c(-n4c5ccccc5c5ccccc54)cc3-c3nnc(-c4ccccc4)o3)o2)cc1,1,2.8634,0.3456999999999999
2839,chromo2111,FC(F)(F)c1ccc(-c2nnc(-c3cc(-n4c5ccccc5c5ccccc54)c(-n4c5ccccc5c5ccccc54)cc3-c3nnc(-c4ccc(C(F)(F)F)cc4)o3)o2)cc1,1,2.7055,0.2829999999999999
2840,chromo2112,COc1ccc(-c2nnc(-c3cc(-n4c5ccccc5c5ccccc54)c(-n4c5ccccc5c5ccccc54)cc3-c3nnc(-c4ccc(OC)cc4)o3)o2)cc1,1,2.9298,0.4053
2841,chromo0643,N#Cc1cc(-n2c3ccccc3c3ccccc32)c(-n2c3ccccc3c3ccccc32)cc1C#N,1,2.8482,0.34220000000000006
2866,chromo2126,O=C(c1ccncc1)c1cc(-n2c3ccccc3c3ccccc32)ccc1-n1c2ccccc2c2ccccc21,1,2.6601,0.1277999999999997
2868,chromo2127,CC(C)(C)c1ccc2c(c1)c1cc(C(C)(C)C)ccc1n2-c1ccc(-n2c3ccc(C(C)(C)C)cc3c3cc(C(C)(C)C)ccc32)c(C(=O)c2ccncc2)c1,1,2.5389,0.11569999999999991
2875,chromo2131,c1ccc(-n2c3ccccc3c3cc(-c4cccc(-n5c6ccccc6c6ncccc65)c4)ccc32)cc1,1,3.9,0.8369
2876,chromo2132,c1ccc(-n2c3ccccc3c3cc(-c4cccc(-n5c6cccnc6c6c7sc8ccccc8c7ccc65)c4)ccc32)cc1,0,3.6535,0.6935000000000002
2877,chromo2133,c1ccc(-n2c3ccccc3c3cc(-c4cccc(-n5c6ccccc6c6c7sc8ccccc8c7ccc65)c4)ccc32)cc1,0,3.8043,0.8327
2878,chromo2135,O=P1(c2ccccc2)c2cccc3ccc4ccc1n4c23,0,3.1551,0.8125
2879,chromo2136,S=P1(c2ccccc2)c2cccc3ccc4ccc1n4c23,0,3.1246,0.7883
2880,chromo2137,O=P1(c2ccccc2)c2cccc3c4ccccc4c4ccc1n4c23,0,3.3017,0.6179999999999999
2881,chromo2138,O=P1(c2ccccc2)c2cccc3c4c5ccccc5c5ccccc5c4c4ccc1n4c23,0,2.9075,0.8449
2882,chromo2139,S=P1(c2ccccc2)c2cccc3c4c5ccccc5c5ccccc5c4c4ccc1n4c23,0,2.8899,0.8336000000000001
2883,chromo2140,O=P1(c2ccccc2)c2ccccc2-n2cccc21,0,4.0737,0.8751999999999995
2888,chromo2146,N#Cc1ccc(-n2c(-c3ccc(-c4ccc(-c5nc6c7ccccc7c7ccccc7c6n5-c5ccc(C#N)c6ccccc56)cc4)cc3)nc3c4ccccc4c4ccccc4c32)c2ccccc12,1,2.4513,0.06199999999999983
2889,chromo2147,c1ccc2c(-n3c(-c4ccc(-c5ccc(-c6nc7c8ccccc8c8ccccc8c7n6-c6cccc7ccccc67)c6ccccc56)c5ccccc45)nc4c5ccccc5c5ccccc5c43)cccc2c1,1,3.1235,0.6238000000000001
2890,chromo2148,N#Cc1ccc(-n2c(-c3ccc(-c4ccc(-c5nc6c7ccccc7c7ccccc7c6n5-c5ccc(C#N)c6ccccc56)c5ccccc45)c4ccccc34)nc3c4ccccc4c4ccccc4c32)c2ccccc12,1,2.545,0.12860000000000005
2891,chromo2149,N#Cc1ccc(-n2c(-c3ccc(-c4ccc(N(c5ccccc5)c5ccccc5)cc4)s3)nc3c4ccccc4c4ccccc4c32)c2ccccc12,1,2.0699,0.021199999999999886
2892,chromo2150,N#Cc1ccc(-n2c(-c3ccc(-c4ccc(-n5c6ccccc6c6ccccc65)cc4)s3)nc3c4ccccc4c4ccccc4c32)c2ccccc12,1,2.2293,0.08909999999999973
2915,chromo2166,O=P(c1ccccc1)(c1ccccc1)n1c2ccccc2c2ccccc21,1,3.9133,0.7477999999999998
2916,chromo2167,O=P(c1ccccc1)(c1ccccc1)n1c2ccccc2c2cc(-n3c4ccccc4c4ccccc43)ccc21,1,3.5882,0.4348000000000001
2917,chromo2168,O=P(c1ccccc1)(c1ccccc1)n1c2ccccc2c2cc(-n3c4ccccc4c4cc(-n5c6ccccc6c6ccccc65)ccc43)ccc21,1,3.5784,0.43379999999999974
2918,chromo2169,O=P(c1ccccc1)(c1ccccc1)n1c2ccccc2c2cc(-n3c4ccccc4c4cc(-n5c6ccccc6c6cc(-n7c8ccccc8c8ccccc87)ccc65)ccc43)ccc21,1,3.5494,0.3952
2919,chromo2170,c1ccc2c(c1)c1ccccc1n2-c1ccc2c(c1)c1ccccc1n2-c1ccc(-n2c3ccccc3c3cc(-n4c5ccccc5c5ccccc54)ccc32)cc1,1,3.5558,0.41290000000000004
2929,chromo2172,O=c1c2ccccc2sc2ccc(-n3c4ccccc4c4ccccc43)cc12,0,2.8403,0.2730999999999999
2933,chromo2173,O=c1c2cc(-n3c4ccccc4c4ccccc43)ccc2sc2ccc(-n3c4ccccc4c4ccccc43)cc12,0,2.7084,0.2883
2937,chromo2174,O=C1c2ccccc2S(=O)(=O)c2ccc(-n3c4ccccc4c4ccccc43)cc21,0,2.3894,0.1412
2941,chromo2145,N#Cc1cccc(-c2cccc(-c3nc(-c4cccc(-c5cccc(C#N)c5)c4)nc(-c4cccc(-c5cccc(C#N)c5)c4)n3)c2)c1,1,3.8239,0.8994
2942,chromo2175,O=C1c2cc(-n3c4ccccc4c4ccccc43)ccc2S(=O)(=O)c2ccc(-n3c4ccccc4c4ccccc43)cc21,0,2.303,0.13980000000000015
2948,chromo2178,N#Cc1cc(-n2c3ccccc3c3cc(Br)ccc32)c(-n2c3ccccc3c3cc(Br)ccc32)cc1C#N,1,2.8348,0.32140000000000013
2949,chromo2179,N#Cc1cc(-n2c3ccccc3c3ccccc32)c(-n2c3ccccc3c3cc(Br)ccc32)cc1C#N,1,2.8391,0.33230000000000004
2951,chromo2180,Cc1ccc(N(c2ccc(C)cc2)c2ccc(-c3ccc(-c4ccc(N(c5ccc(C)cc5)c5ccc(C)cc5)cc4)c4nsnc34)cc2)cc1,0,2.0697,0.48550000000000004
2952,chromo2181,Cc1ccc(N(c2ccc(C)cc2)c2ccc(-c3cc4c(cc(-c5ccc(N(c6ccc(C)cc6)c6ccc(C)cc6)cc5)c5nsnc54)c4nsnc34)cc2)cc1,0,1.7847,0.3961999999999999
2953,chromo2182,Cc1ccc(N(c2ccc(C)cc2)c2ccc(-c3c4ccccc4c(-c4ccc(N(c5ccc(C)cc5)c5ccc(C)cc5)cc4)c4nsnc34)cc2)cc1,0,1.8061,0.788
2957,chromo2183,c1ccc(-n2c(-c3ccc(-c4c5ccccc5c(-c5cccc(-n6c7ccccc7c7ccccc76)c5)c5ccccc45)cc3)nc3c4ccccc4c4ccccc4c32)cc1,1,3.0804,1.3484
2959,chromo2184,c1ccc(-n2c(-c3cccc(-c4c5ccccc5c(-c5cccc(-n6c7ccccc7c7ccccc76)c5)c5ccccc45)c3)nc3c4ccccc4c4ccccc4c32)cc1,1,3.081,1.3463
2968,chromo2197,c1cc(-n2c3ccccc3c3ccccc32)c(-c2nc3ccccn3n2)c(-n2c3ccccc3c3ccccc32)c1,1,3.4243,0.34030000000000005
2969,chromo2198,c1ccc2c(c1)c1ccccc1n2-c1cc(-c2nc3ccccn3n2)cc(-n2c3ccccc3c3ccccc32)c1,1,3.282,0.29380000000000006
2989,chromo2202,CC(C)(C)c1ccc(-c2c(-c3ccc(N(c4ccccc4)c4ccccc4)cc3)cc(-c3ccc(N(c4ccccc4)c4ccccc4)cc3)c(-c3ccc(C(C)(C)C)cc3)c2-c2ccc(C(C)(C)C)cc2)cc1,1,3.532,0.6480000000000001
2990,chromo2203,CC(C)(C)c1ccc(-c2c(-c3ccc(-n4c5ccccc5c5ccccc54)cc3)cc(-c3ccc(-n4c5ccccc5c5ccccc54)cc3)c(-c3ccc(C(C)(C)C)cc3)c2-c2ccc(C(C)(C)C)cc2)cc1,1,3.6973,0.6380999999999997
2991,chromo2204,CC(C)(C)c1ccc(-c2c(-c3ccc(N(c4ccccc4)c4ccccc4)cc3)c(C#N)c(-c3ccc(N(c4ccccc4)c4ccccc4)cc3)c(-c3ccc(C(C)(C)C)cc3)c2-c2ccc(C(C)(C)C)cc2)cc1,1,3.1215,0.2673000000000001
2992,chromo2205,CC(C)(C)c1ccc(-c2c(-c3ccc(-n4c5ccccc5c5ccccc54)cc3)c(C#N)c(-c3ccc(-n4c5ccccc5c5ccccc54)cc3)c(-c3ccc(C(C)(C)C)cc3)c2-c2ccc(C(C)(C)C)cc2)cc1,1,3.3103,0.28259999999999996
2993,chromo2206,CC(C)(C)c1ccc(-c2c(-c3cccc(N(c4ccccc4)c4ccccc4)c3)c(C#N)c(-c3cccc(N(c4ccccc4)c4ccccc4)c3)c(-c3ccc(C(C)(C)C)cc3)c2-c2ccc(C(C)(C)C)cc2)cc1,1,3.1483,0.08800000000000008
2994,chromo2207,CC(C)(C)c1ccc(-c2c(-c3cccc(-n4c5ccccc5c5ccccc54)c3)c(C#N)c(-c3cccc(-n4c5ccccc5c5ccccc54)c3)c(-c3ccc(C(C)(C)C)cc3)c2-c2ccc(C(C)(C)C)cc2)cc1,1,3.3469,0.25980000000000025
2995,chromo2208,CC(C)(C)c1ccc(-c2c(-c3ccc4c5ccccc5n(-c5ccccc5)c4c3)c(C#N)c(-c3ccc4c5ccccc5n(-c5ccccc5)c4c3)c(-c3ccc(C(C)(C)C)cc3)c2-c2ccc(C(C)(C)C)cc2)cc1,1,3.4972,0.4981
2997,chromo2209,c1ccc(-n2c(-c3cccc4ccccc34)nc3c4ccccc4c4ccccc4c32)cc1,1,3.5092,0.9685999999999999
2999,chromo2210,c1ccc(-n2c(-c3cccc4ccccc34)nc3c4cccc5ccc6cccc(c6c54)c32)cc1,0,3.3233,1.1104000000000003
3005,chromo2211,O=S(=O)(c1ccc(-c2ccc(-n3c4ccccc4c4ccccc43)cc2)cc1)c1ccc(-c2ccc(-n3c4ccccc4c4ccccc43)cc2)cc1,1,3.2372,0.34450000000000003
3009,chromo2212,O=S(=O)(c1ccc(-c2ccc3c(c2)c2ccccc2n3-c2ccccc2)cc1)c1ccc(-c2ccc3c(c2)c2ccccc2n3-c2ccccc2)cc1,1,3.6009,0.6467
3015,chromo2213,FC(F)(F)c1cc2n(n1)[B-](c1ccccc1)(c1ccccc1)[n+]1ccc3ccccc3c1-2,0,2.9801,0.5785
3016,chromo2214,Cc1ccc([B-]2(c3ccc(C)cc3)n3nc(C(F)(F)F)cc3-c3c4ccccc4cc[n+]32)cc1,0,2.7902,0.3904000000000001
3017,chromo2215,Cc1ccccc1[B-]1(c2ccccc2C)n2nc(C(F)(F)F)cc2-c2c3ccccc3cc[n+]21,0,2.6739,0.28100000000000014
3018,chromo2216,FC(F)(F)c1cc2n(n1)[B-]1(c3ccccc3-c3ccccc31)[n+]1ccc3ccccc3c1-2,0,2.2325,0.03839999999999977
3019,chromo2217,FC(F)(F)c1cc2n(n1)[B-]1(c3ccccc3Oc3ccccc31)[n+]1ccc3ccccc3c1-2,0,2.2361,0.017999999999999794
3020,chromo2218,CC(C)(C)c1ccc(-n2c(-c3ccc(-c4ccc(-c5c(-c6ccccc6)nc6ccccn56)cc4)cc3)nc3c4ccccc4c4ccccc4c32)cc1,1,3.2803,0.7115999999999998
3021,chromo2219,Cc1cc(-c2nc3c4ccccc4c4ccccc4c3n2-c2ccc(C(C)(C)C)cc2)ccc1-c1ccc(-c2c(-c3ccccc3)nc3ccccn23)cc1,1,3.4251,0.7746
3022,chromo2220,CC(C)(C)c1ccc(-n2c(-c3ccc(-c4cccc(-c5c(-c6ccccc6)nc6ccccn56)c4)cc3)nc3c4ccccc4c4ccccc4c32)cc1,1,3.4409,0.8292000000000002
3023,chromo2221,COc1cc(OC)cc(C2=[O+][B-](F)(F)OC(c3ccccc3)=C2)c1,1,3.0559,0.5943
3024,chromo2222,COc1ccc(C2=CC(c3cc(OC)cc(OC)c3)=[O+][B-](F)(F)O2)cc1,1,3.1373,0.6660000000000004
3025,chromo2223,COc1cc(OC)cc(C2=[O+][B-](F)(F)OC(c3ccc4ccccc4c3)=C2)c1,1,3.024,0.6876000000000002
3026,chromo2224,COc1cc(OC)cc(C2=[O+][B-](F)(F)OC(c3cccs3)=C2)c1,1,2.9734,0.6119999999999997
3027,chromo2225,COc1cc(OC)cc(C2=[O+][B-](F)(F)OC(c3ccc4cc(OC)ccc4c3)=C2)c1,1,3.0738,0.7369999999999997
3037,chromo2226,c1ccc2c(-c3ccc4sc5ccccc5c4c3)c3ccccc3cc2c1,1,3.1891,1.4249999999999998
3038,chromo2227,O=S1c2ccccc2-c2cc(-c3c4ccccc4cc4ccccc34)ccc21,0,3.1807,1.4143
3039,chromo2228,O=S1(=O)c2ccccc2-c2cc(-c3c4ccccc4cc4ccccc34)ccc21,0,3.0949,1.328
3040,chromo2229,c1ccc2c(-c3ccc4sc5ccc(-c6c7ccccc7cc7ccccc67)cc5c4c3)c3ccccc3cc2c1,1,3.1801,1.4136
3041,chromo2230,O=S1c2ccc(-c3c4ccccc4cc4ccccc34)cc2-c2cc(-c3c4ccccc4cc4ccccc34)ccc21,0,3.156,1.3902
3042,chromo2231,O=S1(=O)c2ccc(-c3c4ccccc4cc4ccccc34)cc2-c2cc(-c3c4ccccc4cc4ccccc34)ccc21,0,3.0663,1.2984
3050,chromo2232,c1ccc2nc3cccc(-c4ccc(-n5c6ccccc6c6ccccc65)cc4)c3cc2c1,0,2.9232,1.0378
3052,chromo2233,c1ccc(N(c2ccccc2)c2ccc(-c3cccc4nc5ccccc5cc34)cc2)cc1,0,2.6764,0.8072000000000001
3058,chromo2235,O=S(=O)(c1ccc(-c2ccc(-c3nc4c5ccccc5c5ccccc5c4n3-c3ccccc3)cc2)cc1)c1ccc(-c2ccc(-c3nc4c5ccccc5c5ccccc5c4n3-c3ccccc3)cc2)cc1,1,3.1339,0.5748000000000002
3063,chromo2236,c1ccc(-n2c(-c3ccc(-c4ccc(-c5ccc(-c6nc7c8ccccc8c8ccccc8c7n6-c6ccccc6)cc5)cc4)cc3)nc3ccccc32)cc1,1,3.2598,0.7058999999999997
3065,chromo2237,c1ccc2c(c1)-c1ccccc1C21c2cc(-c3ccc(-n4c5ccccc5c5ccccc54)cc3)ccc2Sc2ccc(-c3ccc(-n4c5ccccc5c5ccccc54)cc3)cc21,0,3.5387,0.6286999999999998
3066,chromo2238,c1ccc(N(c2ccccc2)c2ccc(-c3ccc4c(c3)C3(c5cc(-c6ccc(N(c7ccccc7)c7ccccc7)cc6)ccc5S4)c4ccccc4-c4ccccc43)cc2)cc1,0,3.37,0.6311
3067,chromo2239,O=S1(=O)c2ccc(-c3ccc(-n4c5ccccc5c5ccccc54)cc3)cc2C2(c3ccccc3-c3ccccc32)c2cc(-c3ccc(-n4c5ccccc5c5ccccc54)cc3)ccc21,0,3.3518,0.40159999999999973
3068,chromo2240,O=S1(=O)c2ccc(-c3ccc(N(c4ccccc4)c4ccccc4)cc3)cc2C2(c3ccccc3-c3ccccc32)c2cc(-c3ccc(N(c4ccccc4)c4ccccc4)cc3)ccc21,0,3.2467,0.5430000000000001
3073,chromo2241,CCn1c2ccccc2c2cccc(N(c3ccccc3)c3ccccc3)c21,1,3.6364,0.5748000000000002
3074,chromo2242,CCn1c2ccccc2c2c(N(c3ccccc3)c3ccccc3)cccc21,1,3.504,0.5707
3099,chromo2264,c1ccc2c(c1)c1ccccc1n2-c1ccc(-c2ccc(-n3c4ccccc4c4ccccc43)nc2-n2c3ccccc3c3ccccc32)nn1,1,3.1688,0.47330000000000005
3102,chromo2265,c1ccc2c(c1)c1ccccc1n2-c1ccc(-c2ccc(-c3ccc(-n4c5ccccc5c5ccccc54)nc3-n3c4ccccc4c4ccccc43)nn2)c(-n2c3ccccc3c3ccccc32)n1,1,3.0191,0.3714999999999997
3104,chromo2266,Cc1cccc(-c2c3ccccc3c(-c3cccc(C)n3)c3ccccc23)n1,1,3.1161,1.3957
3105,chromo2267,Cc1cccc(-c2c3ccccc3cc3ccccc23)n1,1,3.1808,1.4229
3106,chromo2268,Cc1cccc2[n+]1[B-](c1ccccc1)(c1ccccc1)c1cccc3c4c5c(cccc5c-2c13)[B-](c1ccccc1)(c1ccccc1)[n+]1c(C)cccc1-4,0,2.0696,0.8947999999999998
3107,chromo2269,CC[B-]1(CC)c2cccc3c4c5c(cccc5c(c23)-c2cccc(C)[n+]21)[B-](CC)(CC)[n+]1c(C)cccc1-4,0,1.9482,0.8652
3108,chromo2270,CC[B-]1(CC)c2cccc3cc4ccccc4c(c23)-c2cccc(C)[n+]21,0,2.3648,0.9419999999999997
3112,chromo2274,CCCCn1c2ccc(C#N)cc2c2cc(C#N)ccc21,1,3.9341,0.8592999999999997
3113,chromo2275,CCCCn1c2ccc(C#N)cc2c2cc(C#N)cc(-c3ccc(N(c4ccccc4)c4ccccc4)cc3)c21,1,3.4396,0.45100000000000007
3118,chromo2276,CCCCn1c2c(-c3ccc(N(c4ccccc4)c4ccccc4)cc3)cc(C#N)cc2c2cc(C#N)cc(-c3ccc(N(c4ccccc4)c4ccccc4)cc3)c21,1,3.3633,0.5184000000000002
3121,chromo2277,CCCCC(CC)Cn1c2cc(C#N)ccc2c2ccc(C#N)cc21,1,3.5124,0.7271000000000001
3123,chromo2278,CCCCC(CC)Cn1c2cc(C#N)ccc2c2cc(-c3ccc(N(c4ccccc4)c4ccccc4)cc3)c(C#N)cc21,1,2.5816,0.15850000000000009
3127,chromo2279,CCCCC(CC)Cn1c2cc(C#N)c(-c3ccc(N(c4ccccc4)c4ccccc4)cc3)cc2c2cc(-c3ccc(N(c4ccccc4)c4ccccc4)cc3)c(C#N)cc21,1,2.5813,0.19960000000000022
3132,chromo2280,CCCCC(CC)Cn1c2cc(-c3ccc(N(c4ccccc4)c4ccccc4)cc3)c(C#N)cc2c2cc(C#N)c(-c3ccc(N(c4ccccc4)c4ccccc4)cc3)cc21,1,3.0204,0.43400000000000016
3142,chromo2284,O=[N+]([O-])c1ccc([N+]2=Cc3ccc4ccccc4c3O[B-]2(F)F)cc1,0,2.8563,0.7887
3143,chromo2285,O=[N+]([O-])c1ccc([N+]2=CC3=C(O[B-]2(F)F)c2ccccc2SC3)cc1,0,2.8687,0.7185999999999999
3151,chromo2290,c1ccc(C2CCN3COc4c5ccccc5c5c6c7c(c2c3c46)C(c2ccccc2)CCN7CO5)cc1,0,2.6556,1.0474
3156,chromo2291,C(=Cc1cc(C=Cc2ccc(-n3c4ccccc4c4ccccc43)cc2)cc(C=Cc2ccc(-n3c4ccccc4c4ccccc43)cc2)c1)c1ccc(-n2c3ccccc3c3ccccc32)cc1,1,3.0095,1.004
3160,chromo2292,C(=Cc1nc(C=Cc2ccc(-n3c4ccccc4c4ccccc43)cc2)nc(C=Cc2ccc(-n3c4ccccc4c4ccccc43)cc2)n1)c1ccc(-n2c3ccccc3c3ccccc32)cc1,1,2.7996,0.6441999999999997
3162,chromo2293,C(=Cc1cc(C=Cc2ccccc2)cc(C=Cc2ccccc2)c1)c1ccccc1,1,3.2971,1.2332
3163,chromo2294,C(=Cc1nc(C=Cc2ccccc2)nc(C=Cc2ccccc2)n1)c1ccccc1,0,3.4416,1.1678000000000002
3164,chromo2295,OB1c2ccccc2Nc2ccccc21,0,3.7482,0.7220000000000004
3165,chromo2296,ClB1c2ccccc2Nc2ccccc21,0,3.5605,0.8044000000000002
3166,chromo2297,Clc1cc(Cl)c(B2c3ccccc3Nc3ccccc32)c(Cl)c1,0,3.5397,0.8194999999999997
3167,chromo2298,FC(F)(F)c1ccccc1B1c2ccccc2Nc2ccccc21,0,3.567,0.7938000000000001
3168,chromo2299,FC(F)(F)c1ccc(B2c3ccccc3Nc3ccccc32)c(C(F)(F)F)c1,0,3.5421,0.7967
3169,chromo2300,c1ccc2c(c1)Nc1ccccc1B2c1c2ccccc2cc2ccccc12,0,2.8107,1.0350000000000001
3170,chromo2301,CCB1c2ccccc2Nc2ccccc21,0,3.6027,0.7860999999999998
3171,chromo2302,CCCCN1c2ccccc2B(c2ccccc2C(F)(F)F)c2ccccc21,0,3.4734,0.7374999999999998
3172,chromo2303,FC(F)(F)c1ccccc1B1c2ccccc2N(c2ccccc2)c2ccccc21,0,3.554,0.7599
3173,chromo2305,c1cc2ccc3cc4cccc5ccc6cc(c1)c2c3c6c54,0,2.844,1.4813999999999998
3174,chromo2306,c1ccc(-c2cc3cc4cccc5c(-c6ccccc6)cc6cc7cccc2c7c3c6c45)cc1,0,2.8,1.4420999999999997
3175,chromo2307,c1ccc(-c2cc3c(-c4ccccc4)c4cccc5c(-c6ccccc6)cc6c(-c7ccccc7)c7cccc2c7c3c6c54)cc1,0,2.7222,1.3995
3176,chromo2308,CC(C)(C)c1ccc(-c2c3cccc4c(-c5ccccc5)cc5c(-c6ccc(C(C)(C)C)cc6)c6cccc7c(-c8ccccc8)cc2c(c76)c5c43)cc1,0,2.7153,1.3928
3177,chromo2309,CC(C)(C)c1ccc(-c2cc3c(-c4ccc(C(C)(C)C)cc4)c4cccc5c(-c6ccc(C(C)(C)C)cc6)cc6c(-c7ccc(C(C)(C)C)cc7)c7cccc2c7c3c6c54)cc1,0,2.7044,1.3854000000000002
3178,chromo2310,Cc1ccccc1-c1c2cccc3c(-c4ccc(C(C)(C)C)cc4)cc4c(-c5ccccc5C)c5cccc6c(-c7ccc(C(C)(C)C)cc7)cc1c(c65)c4c32,0,2.706,1.3892
3189,chromo2311,CCCCC1=Cc2c3ccc4cccc5ccc(c6cc(-c7ccccc7)n(c26)P1(=O)c1ccccc1)c3c45,0,2.8188,1.2137
3195,chromo2312,CCCCC1=Cc2c3ccc4cccc5ccc(c6cc(-c7ccc(N(c8ccccc8)c8ccccc8)cc7)n(c26)P1(=O)c1ccccc1)c3c45,0,2.5115,0.9216999999999997
3201,chromo2313,O=P1(c2ccccc2)C(c2cc(C(F)(F)F)cc(C(F)(F)F)c2)=Cc2c3ccc4cccc5ccc(c6cc(-c7ccccc7)n1c26)c3c45,0,2.6578,1.1191
3207,chromo2314,O=P1(c2ccccc2)C(c2cc(C(F)(F)F)cc(C(F)(F)F)c2)=Cc2c3ccc4cccc5ccc(c6cc(-c7ccc(N(c8ccccc8)c8ccccc8)cc7)n1c26)c3c45,0,2.2808,0.7626000000000002
3213,chromo2315,CC(=O)c1c2c(cc3ccc(N(C)C)cc13)CCC2,0,3.0211,0.7467000000000001
3218,chromo2316,CC(=O)c1c2c(cc3cc(N(C)C)ccc13)CCC2,0,3.1479,0.8256999999999999
3223,chromo2317,CC(=O)c1c2c(cc3c(N(C)C)cccc13)CCC2,0,3.3135,0.8954999999999997
3235,chromo2325,Oc1ccc2ncccc2c1,0,4.1447,1.3385000000000002
3239,chromo2326,C#CC1CN2CCC1CC2C(O)c1ccnc2ccc(OC)cc12,0,3.8783,1.036
3243,chromo2327,C=CC1CN2CCC1CC2C(OCc1ccccc1)c1ccnc2ccc(O)cc12,0,3.7689,1.0185
3248,chromo2328,O=C1NC(=O)C(c2c[nH]c3ccccc23)=C1c1c[nH]c2ccccc12,0,2.546,0.8431999999999997
3252,chromo2329,O=C1NC(=O)c2c1c1c3ccccc3[nH]c1c1[nH]c3ccccc3c21,0,3.0259,0.5895999999999999
3256,chromo2330,CCCCCCCCCCn1cc(C2=C(c3cn(CCCCCCCCCC)c4ccccc34)C(=O)N(C)C2=O)c2ccccc21,0,2.4313,0.7960999999999998
3266,chromo2338,c1ccc(-c2c3c(c(-c4ccccc4)c4cc5ccccc5cc24)Cc2c(c(-c4ccccc4)c4cc5ccccc5cc4c2-c2ccccc2)C3)cc1,0,3.0872,1.2819000000000003
3267,chromo2339,CC(C)(C)c1ccc(-c2c3c(c(-c4ccccc4)c4cc5ccccc5cc24)Cc2c(c(-c4ccccc4)c4cc5ccccc5cc4c2-c2ccc(C(C)(C)C)cc2)C3)cc1,0,3.0779,1.2743
3268,chromo2340,CC(C)(C)c1ccc(-c2c3c(c(-c4ccc(C(C)(C)C)cc4)c4cc5ccccc5cc24)Cc2c(c(-c4ccc(C(C)(C)C)cc4)c4cc5ccccc5cc4c2-c2ccc(C(C)(C)C)cc2)C3)cc1,0,3.0751,1.2746
3283,chromo2349,COC(=O)c1ccccc1C#Cc1ccccc1NC(C)=O,1,3.2229,0.8052000000000001
3284,chromo2350,COC(=O)c1cccc2c1C#Cc1c(N)cccc1OCCCO2,0,3.044,0.6962000000000002
3285,chromo2351,COC(=O)c1cccc2c1C#Cc1c(NC(C)=O)cccc1OCCCO2,0,3.2443,0.8218000000000001
3286,chromo2352,CNC(=O)C(C)NC(=O)c1cccc2c1C#Cc1c(N)cccc1OCCCO2,0,3.2032,0.7143999999999999
3287,chromo2353,CNC(=O)C(C)NC(=O)c1cccc2c1C#Cc1c(NC(=O)C(NC(C)=O)C(C)C)cccc1OCCCO2,0,3.7634,1.1004999999999998
3288,chromo2354,CC(=O)Nc1cccc2c1C#Cc1c(cccc1C(=O)N(C)C)OCCCO2,0,3.5418,0.9985999999999997
3302,chromo2360,CC1(C)Nc2ccccc2-c2[nH]c3ccccc3c(=O)c21,0,3.1536,0.7182
3307,chromo2361,CC1(C)Nc2cc(Cl)ccc2-c2[nH]c3ccccc3c(=O)c21,0,3.191,0.7603
3312,chromo2362,COc1ccc2c(=O)c3c([nH]c2c1)-c1ccccc1NC3(C)C,0,3.1906,0.7327999999999997
3317,chromo2363,COc1ccc2c(=O)c3c([nH]c2c1)-c1cc(Cl)ccc1NC3(C)C,0,3.1235,0.7334999999999998
3321,chromo2364,CN(C)c1ccc(C2=Nc3sc4ccccc4[n+]3[B-](F)(F)O2)cc1,0,3.322,0.8248000000000002
3325,chromo2365,COc1ccc2c(c1)sc1[n+]2[B-](F)(F)OC(c2ccc(N(C)C)cc2)=N1,0,3.2587,0.7890000000000001
3329,chromo2366,CN(C)c1ccc(C2=Nc3sc4cc(F)ccc4[n+]3[B-](F)(F)O2)cc1,0,3.3011,0.8256999999999999
3333,chromo2367,CN(C)c1ccc(C2=Nc3sc4cc(Cl)ccc4[n+]3[B-](F)(F)O2)cc1,0,3.2696,0.8121
3337,chromo2368,CN(C)c1ccc(C2=Nc3sc4cc(C(F)(F)F)ccc4[n+]3[B-](F)(F)O2)cc1,0,3.2618,0.8165
3341,chromo2369,CN(C)c1ccc(C2=Nc3sc4c(F)c(F)c(F)c(F)c4[n+]3[B-](F)(F)O2)cc1,0,3.2698,0.8311000000000002
3352,chromo2392,C#Cc1cccc2ccccc12,1,4.0644,1.6107
3355,chromo2393,C#Cc1ccc2ccc3cccc4ccc1c2c34,1,3.4548,1.5048000000000001
3358,chromo2394,C(C#Cc1ccc2ccc3cccc4ccc1c2c34)#Cc1cccc2ccccc12,1,3.0815,1.2462000000000002
3373,chromo2398,CCN(CC)c1ccc(C=NC(C#N)=C(C#N)N=Cc2ccc(N(CC)CC)cc2O)c(O)c1,1,2.4349,1.0298999999999998
3377,chromo2402,CCN(CC)c1ccc(C=Nc2cc3nc4ccccc4nc3cc2N=Cc2ccc(N(CC)CC)cc2O)c(O)c1,0,2.4566,0.7427999999999999
3381,chromo2405,CCN(CC)c1ccc(C=Nc2ccccc2N=Cc2ccc(N(CC)CC)cc2O)c(O)c1,1,3.1803,0.7364999999999999
3385,chromo2408,CCN(CC)c1ccc(C=NCCN=Cc2ccc(N(CC)CC)cc2O)c(O)c1,1,3.7609,0.9969999999999999
3389,chromo2411,CCN(CC)c1ccc(C=NC2CCCCC2N=Cc2ccc(N(CC)CC)cc2O)c(O)c1,1,3.7887,1.0120999999999998
3392,chromo2414,CCN(CC)c1ccc(C=Nc2cc3ccccc3cc2N=Cc2ccc(N(CC)CC)cc2O)c(O)c1,1,3.2051,0.8605
3400,chromo2424,COC(=O)c1cc(=O)n(C)c2cc(-c3ccccc3)sc12,1,3.1071,1.1905999999999999
3401,chromo2425,COC(=O)c1cc(=O)n(C)c2cc(-c3ccc(OC)cc3)sc12,1,3.0308,1.1442
3402,chromo2426,COC(=O)c1cc(=O)n(C)c2cc(-c3cccc(OC)c3)sc12,1,3.101,1.1823
3403,chromo2427,COC(=O)c1cc(=O)n(C)c2cc(-c3ccccc3OC)sc12,1,3.0394,1.1594000000000002
3404,chromo2428,COC(=O)c1cc(=O)n(Cc2ccccc2)c2cc(-c3ccc(OC)cc3)sc12,1,3.0232,1.1183
3405,chromo2429,COc1ccc(-c2cc3c(ccc(=O)n3C)s2)cc1,1,3.4028,1.2304
3406,chromo2430,COc1ccc(-c2cc3c(s2)c(C)cc(=O)n3C)cc1,1,3.4069,1.2014
3407,chromo2431,COc1ccc(-c2cc3c(s2)c(-c2ccccc2)cc(=O)n3C)cc1,1,3.3323,1.1736
3408,chromo2432,COc1ccc(-c2cc3c(s2)c(C(C)=O)cc(=O)n3C)cc1,1,2.8233,1.0209000000000001
3409,chromo2433,COc1ccc(-c2cc3c(s2)c(C(C)=O)cc(=O)n3Cc2ccccc2)cc1,1,2.8107,0.9961000000000002
3410,chromo2434,COc1ccc(-c2cc3c(s2)c(C(=O)c2ccccc2)cc(=O)n3Cc2ccccc2)cc1,1,2.709,0.8433000000000002
3411,chromo2435,COC(=O)c1cc(=O)n(C)c2cc(-c3ccc(Oc4ccccc4)cc3)sc12,1,3.0355,1.1436
3412,chromo2436,COC(=O)c1cc(=O)n(C)c2cc(-c3ccc4c(c3)OCO4)sc12,1,3.003,1.12
3413,chromo2437,COC(=O)c1cc(=O)n(C)c2cc(-c3ccc4c(c3)OCCO4)sc12,1,3.0229,1.1338
3414,chromo2438,COC(=O)c1cc(=O)n(C)c2cc(-c3cc(OC)c(OC)c(OC)c3)sc12,1,3.0095,1.1179000000000001
3415,chromo2439,COC(=O)c1cc(=O)n(C)c2cc(-c3ccc(N(C)C)cc3)sc12,1,2.836,1.0078999999999998
3416,chromo2440,COC(=O)c1cc(=O)n(C)c2cc(-c3cccc(N(C)C)c3)sc12,1,2.8784,0.9694
3417,chromo2441,COC(=O)c1cc(=O)n(C)c2cc(-c3ccccc3N(C)C)sc12,1,2.9724,1.071
3418,chromo2442,COC(=O)c1cc(=O)n(Cc2ccccc2)c2cc(-c3ccc(N(C)C)cc3)sc12,1,2.8084,0.9675999999999998
3419,chromo2443,CC(=O)c1cc(=O)n(C)c2cc(-c3ccc(N(C)C)cc3)sc12,1,2.6191,0.8869
3420,chromo2444,CN(C)c1ccc(-c2cc3c(s2)c(C(=O)c2ccccc2)cc(=O)n3Cc2ccccc2)cc1,1,2.4893,0.7022000000000002
3421,chromo2445,CCN(CC)c1ccc(-c2cc3c(s2)c(C(=O)OC)cc(=O)n3C)cc1,1,2.7947,0.9812000000000003
3422,chromo2446,COC(=O)c1cc(=O)n(C)c2cc(-c3ccc(N4CCN(C)CC4)cc3)sc12,1,2.8779,1.0355999999999999
3423,chromo2447,COC(=O)c1cc(=O)n(C)c2cc(-c3cc4c5c(c3)CCCN5CCC4)sc12,0,2.697,0.9260000000000002
3424,chromo2448,Cn1c(=O)cc(C(=O)c2ccccc2)c2sc(-c3ccc(N(c4ccccc4)c4ccccc4)cc3)cc21,1,2.4485,0.6736000000000002
3425,chromo2449,Cn1c(=O)cc(C(=O)c2ccccc2)c2sc(-c3ccc(OC(F)(F)F)cc3)cc21,1,2.8493,0.9612
3426,chromo2450,Cn1c(=O)cc(C(=O)c2ccccc2)c2sc(-c3ccc(C(F)(F)F)cc3)cc21,1,2.8639,0.9775
3467,chromo2451,COc1ccc(C#Cc2ccc(C#Cc3ccc(P(=O)(c4ccccc4)c4ccccc4)cc3)cc2)cc1,1,3.2168,1.0208
3490,chromo2471,N#Cc1nc2cnc(N)nc2n1Cc1ccccc1,0,4.0377,1.3136999999999999
3491,chromo2472,CNc1ncc2nc(C#N)n(Cc3ccccc3)c2n1,0,3.8009,1.2052
3492,chromo2473,CN(C)c1ncc2nc(C#N)n(Cc3ccccc3)c2n1,0,3.688,1.1285000000000003
3493,chromo2474,N#Cc1nc2c(OCc3ccccc3)nc(N)nc2n1Cc1ccccc1,0,4.1978,1.3034
3494,chromo2475,CN(C)c1nc(N)nc2c1nc(C#N)n2Cc1ccccc1,0,3.9715,1.2083
3495,chromo2476,CN(C)c1nc(N)c2nc(C#N)n(Cc3ccccc3)c2n1,0,3.8748,1.145
3496,chromo2477,CN(C)c1nc(N(C)C)c2nc(C#N)n(Cc3ccccc3)c2n1,0,3.8251,1.1322999999999999
3497,chromo2478,COC(=O)c1nc2cnc(N)nc2n1Cc1ccccc1,0,3.9213,1.1989999999999998
3498,chromo2479,CNc1ncc2nc(C(=O)OC)n(Cc3ccccc3)c2n1,0,3.6933,1.1082999999999998
3499,chromo2480,COC(=O)c1nc2cnc(N(C)C)nc2n1Cc1ccccc1,0,3.5845,1.0385
3500,chromo2481,COC(=O)c1nc2c(OCc3ccccc3)nc(N)nc2n1Cc1ccccc1,0,4.0226,1.1512999999999995
3501,chromo2482,COC(=O)c1nc2c(N(C)C)nc(N)nc2n1Cc1ccccc1,0,3.772,1.0615999999999999
3502,chromo2483,COC(=O)c1nc2c(N)nc(N(C)C)nc2n1Cc1ccccc1,0,3.6943,1.0163000000000002
3503,chromo2484,COC(=O)c1nc2c(N(C)C)nc(N(C)C)nc2n1Cc1ccccc1,0,3.6393,1.0030999999999999
3504,chromo2485,CCCCNC(=O)c1nc2c(N(C)C)nc(N(C)C)nc2n1Cc1ccccc1,0,3.7556,0.9547999999999996
3505,chromo2486,COC(=O)CNC(=O)c1nc2c(N(C)C)nc(N(C)C)nc2n1Cc1ccccc1,0,3.7312,0.9573999999999998
3538,chromo2487,CC(C)c1cccc(C(C)C)c1N1C(=O)c2ccc3cc4c(cc5ccc6c7c(ccc4c57)C(=O)N(c4c(C(C)C)cccc4C(C)C)C6=O)c4ccc(c2c34)C1=O,0,1.9162,1.3887
3539,chromo2488,CC(C)CCCC(C)CCN1C(=O)c2ccc3c(-c4ccccc4)c4c5ccc6c7c(ccc(c(-c8ccccc8)c4c4ccc(c2c34)C1=O)c75)C(=O)N(CCC(C)CCCC(C)C)C6=O,0,1.9422,1.1812
3540,chromo2489,COCCOCCOCN1C(=O)c2ccc3c(-c4ccccc4)c4c5ccc6c7c(ccc(c(-c8ccccc8)c4c4ccc(c2c34)C1=O)c75)C(=O)N(COCCOCCOC)C6=O,0,1.9406,1.1556000000000002
3541,chromo2490,CC(C)c1cccc(C(C)C)c1N1C(=O)c2ccc3c(-c4ccccc4)c4c5ccc6c7c(ccc(c(-c8ccccc8)c4c4ccc(c2c34)C1=O)c75)C(=O)N(c1c(C(C)C)cccc1C(C)C)C6=O,0,1.9409,1.1718000000000002
3542,chromo2491,CC(C)c1cccc(C(C)C)c1N1C(=O)c2ccc3c(-c4ccc(C(=O)O)cc4)c4c5ccc6c7c(ccc(c(-c8ccc(C(=O)O)cc8)c4c4ccc(c2c34)C1=O)c75)C(=O)N(c1c(C(C)C)cccc1C(C)C)C6=O,0,1.9621,1.1791999999999998
3543,chromo2492,CC(C)c1cccc(C(C)C)c1N1C(=O)c2ccc3c4c(-c5ccc(C(=O)O)cc5)c5ccc6c7c(cc8c9cc(C(=O)O)ccc9c(c9ccc(c2c39)C1=O)c4c8c57)C(=O)N(c1c(C(C)C)cccc1C(C)C)C6=O,0,2.0305,1.0472000000000001
3560,chromo2493,CN(C)c1ccc(C=Cc2ncc3ccccc3n2)cc1,0,2.9054,0.9143000000000001
3561,chromo2494,C(=Cc1ncc2ccccc2n1)c1ccc(N(c2ccccc2)c2ccccc2)cc1,0,2.7414,0.786
3562,chromo2495,C(=Cc1ncc2ccccc2n1)c1ccc(N2CCCCC2)cc1,0,2.9483,0.9495000000000002
3563,chromo2496,C(=Cc1ncc2ccccc2n1)c1ccc(-c2ccc(N(c3ccccc3)c3ccccc3)cc2)cc1,0,2.6709,0.6541000000000001
3564,chromo2497,CN(C)c1ccc(C=Cc2ncnc3ccccc23)cc1,0,3.0163,1.0595
3565,chromo2498,C(=Cc1ncnc2ccccc12)c1ccc(N(c2ccccc2)c2ccccc2)cc1,0,2.7492,0.8403
3566,chromo2499,C(=Cc1ncnc2ccccc12)c1ccc(N2CCCCC2)cc1,0,3.0291,1.0622
3567,chromo2500,C(=Cc1ncnc2ccccc12)c1ccc(-c2ccc(N(c3ccccc3)c3ccccc3)cc2)cc1,0,2.5632,0.6014000000000002
3568,chromo2501,CN(C)c1ccc(C=Cc2nc(C=Cc3ccc(N(C)C)cc3)c3ccccc3n2)cc1,0,2.6428,0.7674999999999998
3569,chromo2502,CN(C)c1ccc(-c2ncnc3ccccc23)cc1,0,3.2916,0.7569999999999997
3570,chromo2503,c1ccc(N(c2ccccc2)c2ccc(-c3ncnc4ccccc34)cc2)cc1,0,2.9553,0.5023
3571,chromo2504,CN(C)c1ccc(-c2nc(-c3ccc(N(C)C)cc3)c3ccccc3n2)cc1,0,3.0225,0.6419999999999999
3572,chromo2505,c1ccc(N(c2ccccc2)c2ccc(-c3nc(-c4ccc(N(c5ccccc5)c5ccccc5)cc4)c4ccccc4n3)cc2)cc1,0,2.7538,0.4620000000000002
3573,chromo2506,CN(C)c1ccc(C#Cc2ncnc3ccccc23)cc1,0,3.106,0.8976999999999999
3574,chromo2507,C(#Cc1ncnc2ccccc12)c1ccc(N(c2ccccc2)c2ccccc2)cc1,0,2.8333,0.6905000000000001
3575,chromo2508,CN(C)c1ccc(C#Cc2nc(-c3ccccc3)nc3ccccc23)cc1,0,3.0727,0.8846000000000003
3595,chromo0970,F[B-]1(F)n2cccc2C(c2ccccc2)=C2C=CC=[N+]21,1,3.0839,1.4625
3596,chromo2515,CC(C)(C)OC(=O)C=CC1=CC2=C(c3ccccc3)c3cccn3[B-](F)(F)[N+]2=C1,1,2.6989,1.1264
3597,chromo2516,COc1ccc(C2=C3C=C(C=CC(=O)OC(C)(C)C)C=[N+]3[B-](F)(F)n3cccc32)cc1,1,2.7121,1.0984
3598,chromo2517,COc1cccc(C2=C3C=C(C=CC(=O)OC(C)(C)C)C=[N+]3[B-](F)(F)n3cccc32)c1,1,2.6273,1.0419
3599,chromo2518,Cc1cc(C)c(C2=C3C=C(C=CC(=O)OC(C)(C)C)C=[N+]3[B-](F)(F)n3cccc32)c(C)c1,1,2.7548,1.1762
3600,chromo2519,COC(=O)C=CC1=CC2=C(c3c(C)cc(C)cc3C)c3cccn3[B-](F)(F)[N+]2=C1,1,2.7696,1.1842000000000001
3601,chromo2520,Cc1cc(C)c(C2=C3C=C(C=CC(=O)OCc4ccccc4)C=[N+]3[B-](F)(F)n3cccc32)c(C)c1,1,2.7642,1.1780000000000002
3602,chromo2521,CCCCCCCCCCCCCCCCCCOC(=O)C=CC1=CC2=C(c3c(C)cc(C)cc3C)c3cccn3[B-](F)(F)[N+]2=C1,1,2.7439,1.1619
3603,chromo2522,CCOCCOCCOC(=O)C=CC1=CC2=C(c3c(C)cc(C)cc3C)c3cccn3[B-](F)(F)[N+]2=C1,1,2.7686,1.1780000000000002
3604,chromo2523,Cc1cc(C)c(C2=C3C=C(C=CC(=O)OC(C)(C)C)C=[N+]3[B-](F)(F)n3cc(C=CC(=O)OC(C)(C)C)cc32)c(C)c1,1,2.4599,0.9481000000000002
3605,chromo2524,COC(=O)C=CC1=CC2=C(c3c(C)cc(C)cc3C)c3cc(C=CC(=O)OC)cn3[B-](F)(F)[N+]2=C1,1,2.5244,0.9964999999999999
3606,chromo2525,Cc1cc(C)c(C2=C3C=C(C=CC(=O)OCc4ccccc4)C=[N+]3[B-](F)(F)n3cc(C=CC(=O)OCc4ccccc4)cc32)c(C)c1,1,2.5142,0.9851000000000003
3607,chromo2527,CCOCCOCCOC(=O)C=CC1=CC2=C(c3c(C)cc(C)cc3C)c3cc(C=CC(=O)OCCOCCOCC)cn3[B-](F)(F)[N+]2=C1,1,2.5123,0.9832000000000003
3608,chromo2528,CCCCNc1ccc2n1[B-](F)(F)[N+]1=CC(C=CC(=O)OC(C)(C)C)=CC1=C2c1c(C)cc(C)cc1C,1,2.7318,1.3007999999999997
3609,chromo2529,CCN(CC)c1ccc2n1[B-](F)(F)[N+]1=CC(C=CC(=O)OC(C)(C)C)=CC1=C2c1c(C)cc(C)cc1C,1,2.7229,1.3010000000000002
3610,chromo2530,Cc1cc(C)c(C2=C3C=C(C=CC(=O)OC(C)(C)C)C=[N+]3[B-](F)(F)n3c2ccc3N2CCCC2)c(C)c1,1,2.7405,1.3107
3611,chromo2531,Cc1cc(C)c(C2=C3C=C(C=CC(=O)OC(C)(C)C)C=[N+]3[B-](F)(F)n3c2ccc3N2CCOCC2)c(C)c1,1,2.6848,1.2831000000000001
3622,chromo2534,CN(C)c1ccc(C2=Nc3scc[n+]3[B-](F)(F)O2)cc1,0,3.41,0.8997000000000002
3626,chromo2535,Cc1csc2[n+]1[B-](F)(F)OC(c1ccc(N(C)C)cc1)=N2,0,3.4097,0.9024999999999999
3630,chromo2536,CCOC(=O)c1csc2[n+]1[B-](F)(F)OC(c1ccc(N(C)C)cc1)=N2,0,3.3947,0.8632999999999997
3634,chromo2537,CN(C)c1ccc(C2=Nc3scc(-c4ccccc4)[n+]3[B-](F)(F)O2)cc1,0,3.3605,0.8761999999999999
3638,chromo2538,CN(C)c1ccc(C2=Nc3scc(-c4ccc(N(C)C)cc4)[n+]3[B-](F)(F)O2)cc1,0,2.9376,0.5189000000000004
3642,chromo2539,CN(C)c1ccc(C2=Nc3scc(-c4ccc(C#N)cc4)[n+]3[B-](F)(F)O2)cc1,0,3.3249,0.8693
3646,chromo2540,CN(C)c1ccc(C2=Nc3scc(-c4ccc([N+](=O)[O-])cc4)[n+]3[B-](F)(F)O2)cc1,0,2.9333,0.4832000000000001
3650,chromo2541,Cc1cc(C)c(C2=C3C=C(c4ccccc4)C(c4ccccc4)=[N+]3[B-](F)(F)n3c2cc(-c2ccccc2)c3-c2ccccc2)c(C)c1,1,2.4233,1.0398999999999998
3654,chromo2542,Cc1cc(C)c(C2=C3C=C(c4ccc(C(C)(C)C)cc4)C(c4ccc(C(C)(C)C)cc4)=[N+]3[B-](F)(F)n3c2cc(-c2ccc(C(C)(C)C)cc2)c3-c2ccc(C(C)(C)C)cc2)c(C)c1,1,2.3451,0.9881
3658,chromo2543,COc1cccc(C2=CC3=C(c4c(C)cc(C)cc4C)c4cc(-c5cccc(OC)c5)c(-c5cccc(OC)c5)n4[B-](F)(F)[N+]3=C2c2cccc(OC)c2)c1,1,2.3593,0.9785000000000001
3662,chromo2544,COc1cc(C2=CC3=C(c4c(C)cc(C)cc4C)c4cc(-c5cc(OC)c(OC)c(OC)c5)c(-c5cc(OC)c(OC)c(OC)c5)n4[B-](F)(F)[N+]3=C2c2cc(OC)c(OC)c(OC)c2)cc(OC)c1OC,1,2.1058,0.8190999999999999
3666,chromo2545,COc1ccc(C2=CC3=C(c4c(C)cc(C)cc4C)c4cc(-c5ccc(OC)cc5)c(-c5ccc(OC)cc5)n4[B-](F)(F)[N+]3=C2c2ccc(OC)cc2)cc1,1,2.2119,0.9140999999999999
3670,chromo2546,Cc1cccc(C2=CC3=C(c4c(C)cc(C)cc4C)c4cc(-c5cccc(C)c5)c(-c5cccc(C)c5)n4[B-](F)(F)[N+]3=C2c2cccc(C)c2)c1,1,2.4095,1.0312
3678,chromo2547,Cc1cc(C)c(C2=C3C=c4c(c5ccc(C(C)(C)C)cc5c5cc(C(C)(C)C)ccc45)=[N+]3[B-](F)(F)n3c2cc2c4ccc(C(C)(C)C)cc4c4cc(C(C)(C)C)ccc4c23)c(C)c1,0,2.0882,0.8796000000000002
3682,chromo2548,COc1ccc2c(c1)c1c(c3cc(OC)ccc32)=[N+]2C(=C(c3c(C)cc(C)cc3C)c3cc4c5cc(OC)ccc5c5ccc(OC)cc5c4n3[B-]2(F)F)C=1,0,1.7688,0.5343
3686,chromo2549,COc1cc2c3c(c4cc(OC)c(OC)c(OC)c4c2c(OC)c1OC)=[N+]1C(=C(c2c(C)cc(C)cc2C)c2cc4c5cc(OC)c(OC)c(OC)c5c5c(OC)c(OC)c(OC)cc5c4n2[B-]1(F)F)C=3,0,1.8045,0.6703999999999999
3690,chromo2550,CC(C)(C)c1ccc(C2=CC3=C(c4ccccc4)c4cc(-c5ccc(C(C)(C)C)cc5)c(-c5ccc(C(C)(C)C)cc5)n4[B-](F)(F)[N+]3=C2c2ccc(C(C)(C)C)cc2)cc1,1,2.3109,0.9584000000000001
3694,chromo2551,CC(C)(C)c1ccc(C2=C(Br)C3=C(c4ccccc4)c4c(Br)c(-c5ccc(C(C)(C)C)cc5)c(-c5ccc(C(C)(C)C)cc5)n4[B-](F)(F)[N+]3=C2c2ccc(C(C)(C)C)cc2)cc1,1,2.3404,0.9466999999999999
3698,chromo2553,COc1cccc(C2=C(c3ccc(C(C)(C)C)cc3)C(c3ccc(C(C)(C)C)cc3)=[N+]3C2=C(c2ccccc2)c2c(-c4cccc(OC)c4)c(-c4ccc(C(C)(C)C)cc4)c(-c4ccc(C(C)(C)C)cc4)n2[B-]3(F)F)c1,1,2.3452,0.9423000000000001
3702,chromo2554,CC(C)(C)c1ccc2c3c(c4ccc(C(C)(C)C)cc4c2c1)=[N+]1C(=C(c2ccccc2)c2cc4c5ccc(C(C)(C)C)cc5c5cc(C(C)(C)C)ccc5c4n2[B-]1(F)F)C=3,0,2.0699,0.8599000000000001
3706,chromo2555,CC(C)(C)c1ccc2c3c(c4ccc(C(C)(C)C)cc4c2c1)=[N+]1C(=C(c2ccccc2)c2c(Br)c4c5ccc(C(C)(C)C)cc5c5cc(C(C)(C)C)ccc5c4n2[B-]1(F)F)C=3Br,0,2.0763,0.8825999999999998
3710,chromo2557,COc1cccc(C2=c3c(c4ccc(C(C)(C)C)cc4c4cc(C(C)(C)C)ccc34)=[N+]3C2=C(c2ccccc2)c2c(-c4cccc(OC)c4)c4c5ccc(C(C)(C)C)cc5c5cc(C(C)(C)C)ccc5c4n2[B-]3(F)F)c1,0,2.0782,0.8738999999999999
3714,chromo2558,COc1ccc2c3c(c4ccc(OC)cc4c2c1)=[N+]1C(=C(c2c(C)cc(C)cc2C)c2cc4c5ccc(OC)cc5c5cc(OC)ccc5c4n2[B-]1(F)F)C=3,0,2.0317,0.8654
3718,chromo2559,CCOC(=O)C1c2cc(Cl)ccc2C(=O)N1c1ccc(OC)c(OC)c1,0,3.3339,0.5141
3720,chromo2560,CCOC(=O)C1c2ccccc2C(=O)N1c1ccc(OC)cc1,0,3.7093,0.6461999999999999
3721,chromo2561,CCOC(=O)C1c2ccccc2C(=O)N1c1ccccc1,0,4.0815,0.8206000000000002
3723,chromo2562,CCOC(=O)C1c2ccccc2C(=O)N1c1ccccn1,0,4.3155,0.9005000000000001
3726,chromo2564,COc1ccc(N2C(=O)c3ccccc3C2C(=O)OC(C)(C)C)cc1OC,0,3.4696,0.5627999999999997
3743,chromo2581,COc1ccc(N(c2ccc(OC)cc2)c2ccc3ccc4c(B(c5c(C)cc(C)cc5C)c5c(C)cc(C)cc5C)ccc5ccc2c3c54)cc1,1,2.2809,0.5509
3747,chromo2582,COc1ccc(N(c2ccc(OC)cc2)c2cc3ccc4cc(B(c5c(C)cc(C)cc5C)c5c(C)cc(C)cc5C)cc5ccc(c2)c3c45)cc1,1,2.7787,0.6546000000000003
3748,chromo2583,Cn1cc(-c2nc3ccccc3nc2C#Cc2ccccc2)c2ccccc21,0,2.8226,0.4514
3749,chromo2584,COc1ccc(C#Cc2nc3ccccc3nc2-c2cn(C)c3ccccc23)cc1,0,2.8785,0.5366
3750,chromo2585,Cn1cc(-c2nc3ccccc3nc2C#Cc2ccc(C#N)cc2)c2ccccc21,0,2.6582,0.37460000000000004
3751,chromo2586,COc1ccc(C#Cc2nc3ccccc3nc2-c2ccn(-c3ccccc3)c2)cc1,0,3.1453,0.7435
3752,chromo2587,COc1ccc(C#Cc2nc3ccccc3nc2-c2csc(OC)c2)cc1,0,2.9578,0.6310000000000002
3757,chromo2588,c1csc(-n2c3ccccc3c3ccccc32)c1,1,4.0341,0.8517999999999994
3758,chromo2589,CC(C)(C)c1ccc2c(c1)c1cc(C(C)(C)C)ccc1n2-c1cccs1,1,3.9535,0.8077000000000001
3759,chromo2590,CCn1c2c(-c3cccs3)cc(C(C)(C)C)cc2c2cc(C(C)(C)C)cc(-c3cccs3)c21,1,3.7846,0.7545000000000002
3760,chromo2591,CCn1c2ccc(-c3cccs3)cc2c2cc(-c3cccs3)ccc21,1,3.5987,0.8892000000000002
3761,chromo2592,CCn1c2cc(-c3cccs3)ccc2c2ccc(-c3cccs3)cc21,1,3.4927,1.0641000000000003
3762,chromo2593,c1csc(-c2ccc3c4ccc(-c5cccs5)cc4n(-c4cccs4)c3c2)c1,1,3.5081,1.0761000000000003
3763,chromo2594,CC(C)(C)c1ccc2c(c1)c1cc(C(C)(C)C)ccc1n2-c1ccc(-c2cccs2)s1,1,3.3188,0.9889000000000001
3764,chromo2595,CCn1c2c(-c3ccc(-c4cccs4)s3)cc(C(C)(C)C)cc2c2cc(C(C)(C)C)cc(-c3ccc(-c4cccs4)s3)c21,1,3.4235,1.0866000000000002
3765,chromo2596,CC(C)(C)c1cc(-c2ccc(-c3cccs3)s2)c2c(c1)c1cc(C(C)(C)C)cc(-c3ccc(-c4cccs4)s3)c1n2-c1ccc(-c2cccs2)s1,1,3.3325,1.0629
3766,chromo2597,CCn1c2ccc(-c3ccc(-c4cccs4)s3)cc2c2cc(-c3ccc(-c4cccs4)s3)ccc21,1,3.1145,1.0051
3767,chromo2598,CCn1c2cc(-c3ccc(-c4cccs4)s3)ccc2c2ccc(-c3ccc(-c4cccs4)s3)cc21,1,2.9009,0.9192
3768,chromo2599,N#CC(C#N)=Cc1ccc2c(c1)[nH]c1c3ccccc3sc21,0,2.7596,0.8427999999999998
3769,chromo2600,N#CC(C#N)=Cc1ccc2c(c1)[nH]c1c3ccccc3ccc21,0,2.6817,0.6667000000000001
3784,chromo2605,C(#Cc1ccc(-n2c3ccccc3c3ccccc32)cc1)c1ccccc1,1,3.3931,0.8308
3789,chromo2606,CC(C)(C)c1ccc2c(c1)c1cc(C(C)(C)C)ccc1n2-c1ccc(C#Cc2ccccc2)cc1,1,3.3052,0.7604000000000002
3794,chromo2607,C(#Cc1cccc(C#Cc2ccc(-n3c4ccccc4c4ccccc43)cc2)c1)c1ccc(-n2c3ccccc3c3ccccc32)cc1,1,3.2483,0.8229000000000002
3799,chromo2608,CC(C)(C)c1ccc2c(c1)c1cc(C(C)(C)C)ccc1n2-c1ccc(C#Cc2cccc(C#Cc3ccc(-n4c5ccc(C(C)(C)C)cc5c5cc(C(C)(C)C)ccc54)cc3)c2)cc1,1,3.1658,0.7458999999999998
3804,chromo2609,CC(C)(C)c1ccc2c(c1)c1cc(C(C)(C)C)ccc1n2-c1ccc(C#Cc2ccc(C#Cc3ccc(-n4c5ccc(C(C)(C)C)cc5c5cc(C(C)(C)C)ccc54)cc3)cc2)cc1,1,2.8531,0.6966000000000001
3807,chromo2610,O=Cc1ccc2c(c1)c1ccccc1n2-c1cc2ccccc2c2ccccc12,1,3.5637,0.8466
3808,chromo2611,C(#Cc1ccc2c(c1)c1cc(C#Cc3ccccc3)ccc1n2-c1cc2ccccc2c2ccccc12)c1ccccc1,1,3.1033,0.5314000000000001
3809,chromo2612,O=Cc1ccc2c(c1)c1ccccc1n2-c1ccc(-c2ccc(-n3c4ccccc4c4cc(C=O)ccc43)cc2)cc1,1,3.5607,0.6305000000000001
3810,chromo2613,N#CC(C#N)=Cc1ccc2c(c1)c1ccccc1n2-c1cc2ccccc2c2ccccc12,1,3.1709,0.9950000000000001
3811,chromo2614,N#CC(C#N)=Cc1ccc2c(c1)c1ccccc1n2-c1cccc2ccccc12,1,3.1671,0.9914999999999998
3812,chromo2615,N#CC(C#N)=Cc1ccc2c(c1)c1cc(C=C(C#N)C#N)ccc1n2-c1cccc2ccccc12,1,3.078,0.9299
3813,chromo2616,CC(C)(C)c1ccc2c(c1)c1cc(C(C)(C)C)ccc1n2-c1ccc(C#Cc2ccc(C=O)cc2)cc1,1,2.7873,0.5165000000000002
3814,chromo2617,CC(C)(C)c1ccc2c(c1)c1cc(C(C)(C)C)ccc1n2-c1ccc(C#Cc2ccc(C=C(C#N)C#N)cc2)cc1,1,2.1613,0.3621000000000003
3815,chromo2618,CC(C)(C)c1ccc2c(c1)c1cc(C(C)(C)C)ccc1n2-c1ccc(C#Cc2ccc(C#Cc3ccc(C=C(C#N)C#N)cc3)cc2)cc1,1,2.0751,0.3107
3846,chromo2646,CC(C)(C)c1ccc(-c2ccc3c(-c4ccc(C(C)(C)C)c5ccccc45)cc4c5cc(-c6ccc(C(C)(C)C)c7ccccc67)ccc5c(-c5ccc(C(C)(C)C)c6ccccc56)cc4c3c2)c2ccccc12,0,3.3682,1.0132999999999996
3916,chromo2693,COc1cc2c(cc1-c1ccccc1)Cc1c3c(c4c(c1-2)-c1cc(OC)c(-c2ccccc2)cc1C4)C(=O)N(CCC(C)C)C3=O,0,2.8338,0.6680000000000001
3920,chromo2703,N#Cc1ccc(C#Cc2ccc3ccc4ccc(C#Cc5ccc(C#N)cc5)c5ccc2c3c45)cc1,1,2.62,1.0102000000000002
3923,chromo2704,CN(C)c1ccc(C#Cc2ccc3ccc4ccc(C#Cc5ccc(N(C)C)cc5)c5ccc2c3c45)cc1,1,2.5332,0.9351999999999998
3926,chromo2705,Nc1ccc(C#Cc2ccc3ccc4ccc(C#Cc5ccc(N)cc5)c5ccc2c3c45)cc1,1,2.6212,1.0095
3929,chromo2706,CN(C)c1ccc(C#Cc2ccc3ccc4c(C#Cc5ccc(N(C)C)cc5)ccc5ccc2c3c54)cc1,1,2.5426,0.9461000000000002
3966,chromo2734,CN(C)c1ccc(C=CC=NN=Cc2ccc3ccc4cccc5ccc2c3c45)cc1,1,2.6244,1.0561
3985,chromo2745,COc1ccc(C=CC2=CC(C=Cc3ccc(OC)cc3)=[O+][B-](F)(F)O2)cc1,1,2.8807,0.9387000000000001
3987,chromo2746,COc1ccc(C=CC2=[O+][B-](F)(F)OC(C=Cc3ccc(OC)cc3)=C2c2ccccc2)cc1,1,2.8309,0.9310000000000003
3989,chromo2747,COc1ccc(C=CC2=CC(C=Cc3ccc(OC)c4ccccc34)=[O+][B-](F)(F)O2)c2ccccc12,1,2.5316,0.7974000000000001
3991,chromo2748,COc1ccc(C=CC2=[O+][B-](F)(F)OC(C=Cc3ccc(OC)c4ccccc34)=C2c2ccccc2)c2ccccc12,1,2.4887,0.7975000000000001
3993,chromo2749,COc1ccc2cc(C=CC3=[O+][B-](F)(F)OC(C=Cc4ccc5cc(OC)ccc5c4)=C3c3ccccc3)ccc2c1,1,2.6371,0.7979000000000003
3994,chromo2750,Cn1c2ccccc2c2cc(C=CC3=[O+][B-](F)(F)OC(C=Cc4ccc5c(c4)c4ccccc4n5C)=C3c3ccccc3)ccc21,1,2.5806,0.7291000000000001
3995,chromo2751,COc1ccc(C=CC2=[O+][B-](F)(F)OC(C=Cc3ccc(OC)cc3)=C2c2cccc(OC)c2)cc1,1,2.8296,0.9353
3996,chromo2752,COc1ccc(C=CC2=[O+][B-](F)(F)OC(C=Cc3ccc(OC)cc3)=C2c2ccc(OC)cc2)cc1,1,2.8289,0.9381999999999999
3997,chromo2753,COC(=O)c1ccc(C2=C(C=Cc3ccc(OC)cc3)O[B-](F)(F)[O+]=C2C=Cc2ccc(OC)cc2)cc1,1,2.815,0.919
3999,chromo2742,C(#Cc1ccccc1)c1ccccc1,1,4.1653,1.4879000000000002
4001,chromo2754,CCCCCCN(CCCCCC)c1ccc(C#Cc2ccc(C#N)cc2)cc1,1,3.2025,0.9474
4004,chromo2755,CCCCCCN(CCCCCC)c1ccc(C#Cc2ccc([N+](=O)[O-])cc2)cc1,1,2.7379,0.6685999999999996
4006,chromo2756,CCCCCCN(CCCCCC)c1ccc(C#Cc2ccc(C(F)(F)F)cc2)cc1,1,3.4579,1.0442999999999998
4009,chromo2758,CCCCCCN(CCCCCC)c1ccc(C#Cc2ccc(N(CCCCCC)CCCCCC)cc2)cc1,1,3.6171,1.1293000000000002
4011,chromo2759,O=[N+]([O-])c1ccc(C#Cc2ccc([N+](=O)[O-])cc2)cc1,1,3.42,1.0932999999999997
4013,chromo2760,O=C1OC(=O)c2ccc(N(c3ccccc3)c3ccc4ccc5cccc6ccc3c4c56)c3cccc1c23,1,2.4438,0.5125
4015,chromo2761,O=C1OC(=O)c2ccc(N(c3ccccc3)c3c4ccccc4cc4ccccc34)c3cccc1c23,0,2.4934,0.7851999999999999
4017,chromo2762,O=C1OC(=O)c2ccc(N(c3ccccc3)c3ccc4ccccc4c3)c3cccc1c23,0,2.5091,0.5615000000000001
4041,chromo2783,Cc1ccc(Sc2ccc3ccc4cccc5ccc2c3c45)cc1,1,3.1803,1.1353999999999997
4042,chromo2784,Cc1ccc(Sc2cc3cccc4ccc5cccc2c5c43)cc1,1,3.359,1.2414999999999998
4043,chromo2785,Cc1ccc(Sc2cc3ccc4cccc5ccc(c2)c3c45)cc1,1,3.4021,1.2839
4045,chromo2786,Clc1ccc(C=Cc2ccc(-c3nc4c5cccnc5c5ncccc5c4[nH]3)cc2)cc1,0,3.113,1.0788000000000002
4049,chromo2787,C(=Cc1ccc(-c2nc3c4cccnc4c4ncccc4c3[nH]2)cc1)c1ccncc1,0,3.0874,1.0222000000000002
4053,chromo2788,C(=Cc1nc2ccccc2[nH]1)c1ccc(-c2nc3c4cccnc4c4ncccc4c3[nH]2)cc1,0,3.007,1.0438
4057,chromo2789,C(=Cc1nc2ccccc2s1)c1ccc(-c2nc3c4cccnc4c4ncccc4c3[nH]2)cc1,0,2.9289,0.9968000000000001
4061,chromo2790,COc1cc(-c2nc3c4cccnc4c4ncccc4c3[nH]2)c(OC)cc1C=Cc1nc2ccccc2[nH]1,0,2.8845,1.0076
4084,chromo2807,CCN(CC)c1ccc2cc(-c3nc4cc(C(=O)Nc5ccccc5)ccc4o3)c(=O)oc2c1,1,3.1307,1.0326
4085,chromo2808,CCN(CC)c1ccc2cc(-c3nc4cc(C(=O)Nc5ccccc5Cl)ccc4o3)c(=O)oc2c1,1,3.1324,1.0339
4086,chromo2809,CCN(CC)c1ccc2cc(-c3nc4cc(C(=O)Nc5ccc(C)cc5[N+](=O)[O-])ccc4o3)c(=O)oc2c1,1,2.6236,0.5309000000000004
4087,chromo2810,CCN(CC)c1ccc2cc(-c3nc4cc(C(=O)Nc5ccccc5[N+](=O)[O-])ccc4o3)c(=O)oc2c1,1,2.5828,0.4900000000000002
4088,chromo2811,CCN(CC)c1ccc2cc(-c3nc4cc(C(=O)Nc5cccc(C)c5)ccc4o3)c(=O)oc2c1,1,3.1274,1.0294000000000003
4089,chromo2812,CCN(CC)c1ccc2cc(-c3nc4cc(C(=O)Nc5cccc(OC)c5)ccc4o3)c(=O)oc2c1,1,3.1021,1.0030000000000001
4090,chromo2813,O=C(Nc1ccccc1[N+](=O)[O-])c1ccc2oc(-c3cc4ccccc4oc3=O)nc2c1,0,3.1544,0.9542999999999999
4092,chromo2814,Cc1ccc2occ(CC(=O)NN)c2c1,0,4.9424,1.6333000000000002
4106,chromo2791,CN(C)c1ccc(C=C2CCCC2=O)cc1,1,3.37,1.1396000000000002
4119,chromo2792,CN(C)c1ccc(C=CC=C2CCCC2=O)cc1,1,3.1484,1.4227
4121,chromo2822,O=P1(c2ccccc2)C(c2ccccc2)=Cc2cc3ccccc3cc21,0,3.5256,1.315
4122,chromo2823,CCOC(=O)c1ccc(C2=Cc3cc4ccccc4cc3P2(=O)c2ccccc2)cc1,0,3.4421,1.2732999999999999
4124,chromo2824,N#Cc1ccc(C2=Cc3cc4ccccc4cc3P2(=O)c2ccccc2)cc1,0,3.4263,1.2687
4125,chromo2825,COc1ccc(C2=Cc3cc4ccccc4cc3P2(=O)c2ccccc2)cc1,0,3.3783,1.2262
4126,chromo2826,O=P1(c2ccccc2)C(c2ccc(N(c3ccccc3)c3ccccc3)cc2)=Cc2cc3ccccc3cc21,0,2.8326,0.8226999999999998
4127,chromo2827,O=P1(c2ccccc2)C(c2ccc(C(F)(F)F)cc2)=Cc2cc3ccccc3cc21,0,3.514,1.3018999999999998
4129,chromo2828,O=P1(c2ccccc2)C(c2ccccc2)=Cc2ccccc21,0,3.5644,1.3195999999999999
4130,chromo2829,CCOC(=O)c1ccc(C2=Cc3ccccc3P2(=O)c2ccccc2)cc1,0,3.49,1.2957
4131,chromo2830,N#Cc1ccc(C2=Cc3ccccc3P2(=O)c2ccccc2)cc1,0,3.4972,1.3068999999999997
4133,chromo2831,COc1ccc(C2=Cc3ccccc3P2(=O)c2ccccc2)cc1,0,3.364,1.2041
4134,chromo2832,O=P1(c2ccccc2)C(c2ccc(N(c3ccccc3)c3ccccc3)cc2)=Cc2ccccc21,0,2.8139,0.8047
4136,chromo2833,CN(C)c1ccc(C2=Cc3ccccc3P2(=O)c2ccccc2)cc1,0,3.0529,1.0315000000000003
4137,chromo2834,O=Cc1ccc(C2=Cc3ccccc3P2(=O)c2ccccc2)cc1,0,3.4379,1.2866
4139,chromo2835,c1ccc(-c2cc3cc4ccccc4cc3p2-c2ccccc2)cc1,0,3.5383,1.3201
4140,chromo2793,CN(C)c1ccc(C=C2CCC(=Cc3ccc(N(C)C)cc3)C2=O)cc1,1,2.9293,0.8801999999999999
4141,chromo2836,S=P1(c2ccccc2)C(c2ccccc2)=Cc2cc3ccccc3cc21,0,3.2315,1.0118
4152,chromo2837,Clc1ccc(C=Cc2ccncn2)cc1,1,3.7288,1.427
4154,chromo2838,Brc1ccc(C=Cc2ccncn2)cc1,1,3.7254,1.4289999999999998
4155,chromo2839,CSc1ccc(C=Cc2ccncn2)cc1,1,3.4992,1.2901000000000002
4156,chromo2840,CN(C)c1ccc(C=Cc2ccncn2)cc1,1,3.3527,1.2077
4157,chromo2841,C(=Cc1ccncn1)c1ccc(N2CCCCC2)cc1,0,3.3571,1.201
4158,chromo2794,CN(C)c1ccc(C=CC=C2CCC(=CC=Cc3ccc(N(C)C)cc3)C2=O)cc1,1,2.5354,0.9497
4159,chromo2842,C(=Cc1ccncn1)c1ccc(N(c2ccccc2)c2ccccc2)cc1,0,2.9624,0.8952
4160,chromo2843,C(=Cc1ccncn1)c1ccc(-c2ccco2)cc1,0,3.2888,1.2579000000000002
4161,chromo2844,Clc1ccc(C=Cc2cnc3ccccc3n2)cc1,0,3.3194,1.2788999999999997
4162,chromo2845,Brc1ccc(C=Cc2cnc3ccccc3n2)cc1,0,3.3178,1.2803
4163,chromo2846,CSc1ccc(C=Cc2cnc3ccccc3n2)cc1,0,3.0616,1.0936
4165,chromo2847,CN(C)c1ccc(C=Cc2cnc3ccccc3n2)cc1,0,2.8601,0.9685000000000001
4166,chromo2848,C(=Cc1cnc2ccccc2n1)c1ccc(N2CCCCC2)cc1,0,2.8977,0.9857
4167,chromo2849,C(=Cc1cnc2ccccc2n1)c1ccc(N(c2ccccc2)c2ccccc2)cc1,0,2.6592,0.7966999999999997
4168,chromo2850,CN(C)c1ccc(C=Cc2cnccn2)cc1,1,3.2274,1.1446999999999998
4169,chromo2851,C(=Cc1cnccn1)c1ccc(N(c2ccccc2)c2ccccc2)cc1,0,2.9278,0.9039999999999999
4170,chromo2852,CN(C)c1ccc(C=Cc2cccnn2)cc1,1,3.3307,1.1852
4172,chromo2853,CN(C)c1ccc(-c2ccc(C=Cc3ccncn3)cc2)cc1,1,2.9406,0.8268999999999997
4173,chromo2854,C(=Cc1ccncn1)c1ccc(-c2ccc(N(c3ccccc3)c3ccccc3)cc2)cc1,0,2.7485,0.6238999999999999
4174,chromo2855,COc1ccc(-c2ccc(C=Cc3ccncn3)cc2)cc1,1,3.3443,1.1545999999999998
4175,chromo2856,CN(C)c1ccc(-c2ccc(C=Cc3cnc4ccccc4n3)cc2)cc1,0,2.6688,0.7613000000000001
4177,chromo2857,C(=Cc1cnc2ccccc2n1)c1ccc(-c2ccc(N(c3ccccc3)c3ccccc3)cc2)cc1,0,2.5518,0.6254000000000002
4178,chromo2858,COc1ccc(-c2ccc(C=Cc3cnc4ccccc4n3)cc2)cc1,0,3.0042,1.0418
4181,chromo2795,CN(C)c1ccc(C=CC=C2CCC(=Cc3ccc(N(C)C)cc3)C2=O)cc1,1,2.7057,1.0412000000000001
4201,chromo2796,O=C1C(=CC=Cc2cc3c4c(c2)CCCN4CCC3)CCC1=CC=Cc1cc2c3c(c1)CCCN3CCC2,0,2.4298,0.8933000000000002
4235,chromo2868,CCN(CC)c1ccc2cc(C=CC(=O)C=C(O)C=Cc3cc4ccc(N(CC)CC)cc4oc3=O)c(=O)oc2c1,1,2.5236,0.8103
4242,chromo2870,CCN(CC)c1ccc2cc(C=CC(O)=CC(C)=O)c(=O)oc2c1,1,3.0367,1.2231
4248,chromo2871,CCN(CC)c1ccc2cc(C=CC3=CC(C=Cc4cc5ccc(N(CC)CC)cc5oc4=O)=[O+][B-](F)(F)O3)c(=O)oc2c1,1,2.424,0.7412999999999998
4252,chromo2872,CCN(CC)c1ccc2cc(C=CC3=C4CCC(=Cc5cc6ccc(N(CC)CC)cc6oc5=O)C4=[O+][B-](F)(F)O3)c(=O)oc2c1,1,2.2836,0.7840999999999998
4254,chromo2879,CCCCn1c2ccccc2c2ccc3c4cc(-c5ccccc5)ccc4n(CCCC)c3c21,0,3.5669,0.6686999999999999
4255,chromo2880,CCCCn1c2ccccc2c2ccc3c4cc(-c5ccc6ccccc6c5)ccc4n(CCCC)c3c21,0,3.5071,0.9055
4256,chromo2881,CCCCn1c2ccccc2c2ccc3c4cc(-c5ccc(OC)cc5)ccc4n(CCCC)c3c21,0,3.5414,0.6454
4257,chromo2882,CCCCn1c2ccccc2c2ccc3c4cc(-c5cccc(F)c5)ccc4n(CCCC)c3c21,0,3.5556,0.6614
4258,chromo2883,CCCCn1c2ccccc2c2ccc3c4cc(-c5ccc(C(F)(F)F)cc5)ccc4n(CCCC)c3c21,0,3.5421,0.6581999999999999
4259,chromo2884,CCCCn1c2ccc(-c3ccccc3)cc2c2ccc3c4cc(-c5ccccc5)ccc4n(CCCC)c3c21,0,3.5216,0.6408
4260,chromo2885,CCCCn1c2ccc(-c3ccc4ccccc4c3)cc2c2ccc3c4cc(-c5ccc6ccccc6c5)ccc4n(CCCC)c3c21,0,3.4598,0.8588999999999998
4261,chromo2886,CCCCn1c2ccc(-c3ccc(OC)cc3)cc2c2ccc3c4cc(-c5ccc(OC)cc5)ccc4n(CCCC)c3c21,0,3.4891,0.6128
4262,chromo2887,CCCCn1c2ccc(-c3cccc(F)c3)cc2c2ccc3c4cc(-c5cccc(F)c5)ccc4n(CCCC)c3c21,0,3.5176,0.6387
4263,chromo2888,CCCCn1c2ccc(-c3ccc(C(F)(F)F)cc3)cc2c2ccc3c4cc(-c5ccc(C(F)(F)F)cc5)ccc4n(CCCC)c3c21,0,3.5006,0.6326999999999998
4266,chromo2889,CCC1=C(C)C2=C(C)c3c(C)c(-c4csc(N5CCOCC5)n4)c(C)n3[B-](F)(F)[N+]2=C1C,1,2.5466,1.0054000000000003
4272,chromo2890,CC1=C(Cc2ccccc2)C(C)=[N+]2C1=C(C)c1c(C)c(-c3csc(N4CCOCC4)n3)c(C)n1[B-]2(F)F,1,2.5348,0.9917000000000002
4287,chromo2900,COc1ccc(-c2ncccn2)cc1,1,4.1647,1.1831999999999998
4288,chromo2901,COc1ccc(C=Cc2ccncn2)cc1,1,3.712,1.4346
4289,chromo2902,CCCCCCOc1ccc(-c2ccc(C=Cc3cc(C=Cc4ccc(-c5ccc(OCCCCCC)cc5)cc4)ncn3)cc2)cc1,1,2.9934,0.8373999999999997
4290,chromo2903,CN(C)c1ccc(C=Cc2ncccn2)cc1,1,3.4046,1.2420999999999998
4292,chromo2904,CN(C)c1ccc(-c2cc(-c3ccc(N(C)C)cc3)ncn2)cc1,1,3.4936,0.7288999999999999
4293,chromo2905,C(=Cc1ncccn1)c1ccc(-c2ccc(N(c3ccccc3)c3ccccc3)cc2)cc1,0,2.853,0.7029000000000001
4294,chromo2906,c1ccc(N(c2ccccc2)c2ccc(-c3ccncn3)cc2)cc1,1,3.3004,0.7438999999999996
4361,chromo2943,COc1cc2c(cc1C=CC(=C(C#N)C#N)c1ccccc1)c1ccccc1n2C,1,2.877,1.1733999999999998
4366,chromo2944,CCOc1cc2c(cc1C=CC(=C(C#N)C#N)c1ccccc1)c1ccccc1n2CC,1,2.862,1.1626
4371,chromo2945,COc1cc2c(cc1C=CC1=CC(=C(C#N)C#N)CC(C)(C)C1)c1ccccc1n2C,1,2.6833,1.2214
4376,chromo2946,CCOc1cc2c(cc1C=CC1=CC(=C(C#N)C#N)CC(C)(C)C1)c1ccccc1n2CC,1,2.6661,1.2092
4384,chromo2947,O=C(NN=Cc1ccccc1O)c1ccccc1,1,3.6435,0.9849999999999999
4385,chromo2948,O=C(NN=Cc1ccccc1O)c1ccccc1O,1,3.5481,0.9064999999999999
4386,chromo2949,O=C(NN=Cc1ccccc1O)c1cccc2ccccc12,1,3.5365,0.9201000000000001
4387,chromo2950,O=C(NN=Cc1ccccc1O)c1cc2ccccc2cc1O,1,3.3821,0.8106
4388,chromo2951,O=C(NN=Cc1ccccc1O)c1ccc([N+](=O)[O-])cc1,1,2.7081,0.25070000000000014
4396,chromo2952,O=C1OCC2=C1C(c1ccccc1)c1cc3c(cc1N2CCO)CCC3,0,4.0678,0.9801000000000002
4430,chromo2959,CN(CCO)c1ccc(C=CC2=CC(=C(C#N)C#N)CC(C)(C)C2)cc1,1,2.7205,1.2715999999999998
4432,chromo2960,Cc1ccc(C#Cc2ccc3ccc4cccc5ccc2c3c45)cc1,1,3.1105,1.2722
4433,chromo2961,c1cc2ccc3ccc(-n4c5ccccc5c5ccccc54)c4ccc(c1)c2c34,1,3.0196,0.9374000000000002
4435,chromo2970,COc1cc2c(cc1C=C(C#N)C#N)c1ccccc1n2C,1,3.1372,0.9872000000000001
4441,chromo2971,CCOC(=O)C(C#N)=Cc1cc2c3ccccc3n(C)c2cc1OC,1,3.2394,0.9771999999999998
4447,chromo2972,COc1cc2c(cc1C=C(C#N)c1nc3ccccc3s1)c1ccccc1n2C,1,2.9968,1.0592
4468,chromo2986,COc1cc(N(c2ccccc2)c2ccccc2)ccc1C=C(C#N)C#N,1,3.0366,1.0619
4473,chromo2987,COc1cc(N(c2ccccc2)c2ccc(C=C(C#N)C#N)c(OC)c2)ccc1C=C(C#N)C#N,1,2.7226,0.8341999999999998
4478,chromo2988,COc1cc(N(c2ccc(C=C(C#N)C#N)c(OC)c2)c2ccc(C=C(C#N)C#N)c(OC)c2)ccc1C=C(C#N)C#N,1,2.6968,0.7618
4482,chromo2989,c1ccc2c(-c3cncnc3)c3ccccc3c(-c3cncnc3)c2c1,1,3.1188,1.3956999999999997
4483,chromo2990,Clc1ncc(-c2c3ccccc3c(-c3cnc(Cl)nc3)c3ccccc23)cn1,1,3.1048,1.3869
4484,chromo2991,COCc1ncc(-c2c3ccccc3c(-c3cnc(COC)nc3)c3ccccc23)cn1,1,3.0901,1.3755000000000002
4485,chromo2992,N#Cc1ncc(-c2c3ccccc3c(-c3cnc(C#N)nc3)c3ccccc23)cn1,1,2.9619,1.2555
4486,chromo2993,N#Cc1cnc(-c2c3ccccc3cc3ccccc23)nc1,1,2.6745,0.9849000000000001
4487,chromo2994,O=Cc1cnc(-c2c3ccccc3cc3ccccc23)nc1,1,2.4838,0.8105
4488,chromo2995,c1cnc(-c2c3ccccc3c(-c3ncccn3)c3ccccc23)nc1,1,3.0175,1.3226
4489,chromo2996,N#Cc1cnc(-c2c3ccccc3c(-c3ncc(C#N)cn3)c3ccccc23)nc1,1,2.5676,0.9419000000000002
4490,chromo2997,N#Cc1cnc(-c2c3ccccc3c(-c3ccccc3)c3ccccc23)nc1,1,2.6148,0.9474999999999998
4491,chromo2998,c1ccc(-c2c3ccccc3c(-c3ncccn3)c3ccccc23)cc1,1,3.0844,1.3695
4492,chromo2999,c1ccc(-c2c3ccccc3c(-c3cncnc3)c3ccccc23)cc1,1,3.1426,1.4112999999999998
4493,chromo3000,c1cnc(-c2c3ccccc3c(-c3cncnc3)c3ccccc23)nc1,1,3.0716,1.3651000000000002
4518,chromo3013,CCCCCCc1ccc2c(C=Nc3ccc(N=Cc4c(O)ccc5cc(CCCCCC)ccc45)cc3)c(O)ccc2c1,1,2.8543,0.8398999999999996
4525,chromo3015,CCCCCCc1ccc2c3c(ccc2c1)O[B-](F)(F)[N+](c1ccc([N+]2=Cc4c(ccc5cc(CCCCCC)ccc45)O[B-]2(F)F)cc1)=C3,0,2.857,0.7771000000000003
4529,chromo3016,CCCCCCc1ccc2c3c(ccc2c1)O[B-](F)(F)[N+](c1cc([N+]2=Cc4c(ccc5cc(CCCCCC)ccc45)O[B-]2(F)F)cc([N+]2=Cc4c(ccc5cc(CCCCCC)ccc45)O[B-]2(F)F)c1)=C3,0,2.9776,0.8752
4533,chromo3017,CCCCCCc1ccc2c3c(ccc2c1)O[B-](c1ccccc1)(c1ccccc1)[N+](c1ccc([N+]2=Cc4c(ccc5cc(CCCCCC)ccc45)O[B-]2(c2ccccc2)c2ccccc2)cc1)=C3,0,2.743,0.7178
4536,chromo3019,CN(C)c1ccc(C=Cc2nc3cc(Br)ccc3nc2-c2ccccc2)cc1,0,2.6959,0.8384
4537,chromo3020,CN(C)c1ccc(C=Cc2nc3ccc(Br)cc3nc2-c2ccccc2)cc1,0,2.679,0.8378999999999999
4538,chromo3021,Cc1nc2cc(C=Cc3ccc(N(C)C)cc3)ccc2nc1-c1ccccc1,0,2.8129,0.859
4539,chromo3022,Cc1nc2ccc(C=Cc3ccc(N(C)C)cc3)cc2nc1-c1ccccc1,0,2.8148,0.8136000000000001
4540,chromo3023,Cc1ccc2nc(C=Cc3ccc(N(C)C)cc3)c(-c3ccccc3)nc2c1,0,2.7982,0.8983000000000001
4541,chromo3024,CCCCN(CCCC)c1ccc(C=Cc2ccc3nc(-c4ccccc4)c(C=Cc4ccc(N(C)C)cc4)nc3c2)cc1,0,2.5804,0.6917
4542,chromo3025,CCCn1c(=O)c(C=Cc2nc3ccc(C)cc3n(CCC)c2=O)nc2ccc(C)cc21,0,2.6896,1.1902
4543,chromo3026,CCCCN(CCCC)c1ccc(C=Cc2ccc3nc(C=Cc4ccc(N(C)C)cc4)c(-c4ccccc4)nc3c2)cc1,0,2.486,0.8007000000000002
4544,chromo3027,CCCCN(CCCC)c1ccc(C=Cc2ccc3nc(C=Cc4ccc(N(C)C)cc4)c(=O)n(CCC)c3c2)cc1,0,2.4013,0.9251
4545,chromo3028,CCCCN(CCCC)c1ccc(C=Cc2ccc3nc(C=Cc4nc5ccc(C=Cc6ccc(N(CCCC)CCCC)cc6)cc5n(CCC)c4=O)c(=O)n(CCC)c3c2)cc1,0,2.0369,0.7822000000000002
4597,chromo3049,O=C1c2ccccc2C(=O)N1c1ccc(Cn2cncn2)cc1,0,3.4259,0.39139999999999997
4602,chromo3050,Cc1n[nH]c2c1C(c1ccc([N+](=O)[O-])cc1)C(C#N)=C(N)O2,0,3.3906,0.5871
4608,chromo3051,CC12CCC(c3nc4ccc(-c5cccs5)cc4nc31)C2(C)C,0,3.542,1.0080999999999998
4613,chromo3052,COC1(OC)C2(Cl)c3nc4ccc(-c5cccs5)cc4nc3C1(Cl)C1CC3C(CC12)C1(Cl)c2nc4cc(-c5cccs5)ccc4nc2C3(Cl)C1(OC)OC,0,3.4059,0.9525000000000001
4618,chromo3053,COC1(OC)C2(Cl)c3nc4ccc(-c5cccs5)cc4nc3C1(Cl)C1CC3C(CC12)C1(Cl)c2nc4ccc(-c5cccs5)cc4nc2C3(Cl)C1(OC)OC,0,3.3978,0.9493
4624,chromo3057,Cc1cc(-c2ccc(C(C)(C)C)cc2)c2nsnc2c1-c1ccc(C(C)(C)C)cc1,0,2.9844,1.0262
4625,chromo3058,CC(C)(C)c1ccc(-c2ccc(-c3ccc(C(C)(C)C)cc3)c3nsnc23)cc1,0,2.8221,0.9849999999999999
4626,chromo3059,Cc1cc(-c2ccc(N(c3ccccc3)c3ccccc3)cc2)c2nsnc2c1-c1ccc(N(c2ccccc2)c2ccccc2)cc1,0,2.269,0.4980000000000002
4627,chromo3060,c1ccc(N(c2ccccc2)c2ccc(-c3ccc(-c4ccc(N(c5ccccc5)c5ccccc5)cc4)c4nsnc34)cc2)cc1,0,2.139,0.5268999999999997
4628,chromo3061,Cc1cc(-c2ccc(N(c3ccccc3)c3ccccc3)cc2)c2nsnc2c1-c1ccc(C(C)(C)C)cc1,0,2.3747,0.5524999999999998
4629,chromo3062,CC(C)(C)c1ccc(-c2ccc(-c3ccc(N(c4ccccc4)c4ccccc4)cc3)c3nsnc23)cc1,0,2.2558,0.5589999999999997
4630,chromo3063,Cc1cc(-c2ccc(C(C)(C)C)cc2)c2nsnc2c1-c1ccc(N(c2ccccc2)c2ccccc2)cc1,0,2.3563,0.4848000000000001
4631,chromo3064,CC1=NC(=Cc2ccccc2N)C(=O)N1C,0,3.1491,1.3671999999999997
4635,chromo3065,CC1=NC(=Cc2ccccc2N(C)C)C(=O)N1C,0,3.0532,1.2172999999999998
4639,chromo3066,CC1=NC(=Cc2ccc(N(C)C)cc2)C(=O)N1C,0,3.2763,1.4896
4651,chromo3072,CN(C)c1cc(-c2ccccc2)cc2ccccc12,1,3.7324,1.2202000000000002
4652,chromo3073,CN(C)c1cc(-c2ccc(C#Cc3ccccc3)cc2)cc2ccccc12,1,3.3778,1.0167000000000002
4654,chromo3074,CN(C)c1ccc(C#Cc2ccc(-c3cc(N(C)C)c4ccccc4c3)cc2)cc1,1,3.2751,0.964
4656,chromo3075,CC(=O)c1ccc(C#Cc2ccc(-c3cc(N(C)C)c4ccccc4c3)cc2)cc1,1,3.0262,0.7640999999999996
4657,chromo3076,CN(C)c1cc(-c2ccc(C#Cc3ccncc3)cc2)cc2ccccc12,1,3.1981,0.8508
4659,chromo3078,CN(C)c1ccc(C#Cc2ccc3c(N(C)C)cc(-c4ccccc4)cc3c2)cc1,1,3.3365,1.0753
4661,chromo3080,CN(C)c1cc(-c2ccccc2)cc2cc(C#Cc3ccncc3)ccc12,1,3.2634,0.9739999999999998
4669,chromo3088,Cc1ccc(N=C2N=C(N)c3cccc4cccc2c34)cc1,0,2.543,1.0312000000000001
4670,chromo3089,NC1=NC(=Nc2ccccn2)c2cccc3cccc1c23,0,2.7027,0.9541000000000002
4671,chromo3090,CN(N=C1N=C(N)C2(CCCC2)c2ccccc21)c1ccccc1,0,3.3579,1.2628999999999997
4672,chromo3091,Cc1cc2ccccc2c2[nH]c3ccccc3c12,0,3.7682,1.1392000000000002
4673,chromo3092,Cc1cccc2cc(C)c3c4ccccc4[nH]c3c12,0,3.7163,1.1595999999999997
4674,chromo3093,COc1ccc2c(c1)cc(C)c1c3ccccc3[nH]c21,0,3.8404,1.0829
4675,chromo3094,COc1cccc2cc(C)c3c4ccccc4[nH]c3c12,0,3.7755,1.0460000000000003
4676,chromo3095,Cc1cc2ccccc2c2c1c1ccccc1n2C,0,3.7019,1.0853000000000002
4677,chromo3096,COc1cccc2cc(C)c3c4ccccc4n(C)c3c12,0,3.6824,1.0343
4678,chromo3097,Cc1cc2ccccc2c2c1c1ccccc1n2-c1ccccc1,0,3.7544,1.0781999999999998
4679,chromo3098,COc1ccc(-n2c3ccccc3c3c(C)cc4ccccc4c32)cc1,0,3.7588,1.0777
4680,chromo3099,Cc1cc2ccccc2c2c1c1ccccc1n2-c1ccc(N(c2ccccc2)c2ccccc2)cc1,0,3.7308,1.052
4681,chromo3100,Cc1cc2ccccc2c2c1c1ccccc1n2-c1ccc(C#N)cc1,0,3.0847,0.47040000000000015
4682,chromo3101,Cc1cc2ccccc2c2c1c1ccccc1n2-c1ncccn1,0,3.2988,0.7357999999999998
4683,chromo3102,Cc1cc2ccccc2c2c1c1ccccc1n2C(=O)OC(C)(C)C,0,3.8573,1.2553999999999998
4684,chromo3103,Cc1c(C)c2c3ccccc3[nH]c2c2ccccc12,0,3.7053,1.1061999999999999
4685,chromo3104,CCCCCc1c(C)c2c3ccccc3[nH]c2c2ccccc12,0,3.7262,1.0935000000000001
4686,chromo3105,Cc1cc2ccsc2c2[nH]c3ccccc3c12,0,3.8735,0.9464000000000001
4687,chromo3106,Cc1cc2cc(C)c3c4ccccc4[nH]c3c2s1,0,3.8682,0.9560999999999997
4688,chromo3107,Cc1cc2cc(C)c3c4ccccc4[nH]c3c2o1,0,4.0515,0.9916999999999998
4689,chromo3108,Cc1cc2c3ccccc3sc2c2[nH]c3ccccc3c12,0,3.7006,0.7774000000000001
4690,chromo3109,Cc1cc2c3ccccc3oc2c2[nH]c3ccccc3c12,0,3.8129,0.8300999999999998
4691,chromo3110,Cc1cc2c3ccccc3[nH]c2c2[nH]c3ccccc3c12,0,3.6629,0.6851000000000003
4692,chromo3111,Cc1cc2c3ccccc3n(C)c2c2c1c1ccccc1n2C,0,3.5277,0.6218999999999997
4693,chromo3112,Cc1cc2c3ccccc3oc2c2c1c1ccccc1n2-c1ccc(C#N)cc1,0,3.4362,0.5118999999999998
4694,chromo3113,Cc1cc2sccc2c2[nH]c3ccccc3c12,0,3.9696,0.9939
4695,chromo3114,Cc1cc2oc3ccccc3c2c2[nH]c3ccccc3c12,0,3.9446,0.9702999999999999
4696,chromo3115,Cc1cc2[nH]c3ccccc3c2c2[nH]c3ccccc3c12,0,3.84,0.8582000000000001
4700,chromo3116,C=CCOC(=O)C(C#N)=C1C=C(C=Cc2ccc(N(C)C)cc2)OC(C=Cc2ccc(N(C)C)cc2)=C1,0,2.586,0.8535999999999999
4702,chromo3117,Cc1ccc(-c2c3nc(c(-c4ccc(C)cc4)c4ccc([nH]4)c(-c4ccc(C)cc4)c4nc(c(-c5ccc(C)cc5)c5ccc2[nH]5)C=C4)C=C3)cc1,0,2.131,0.7833999999999999
4703,chromo3118,Cc1ccc(-c2c3nc(c(-c4ccc(C)cc4)c4ccc([nH]4)c(-c4ccco4)c4nc(c(-c5ccc(C)cc5)c5ccc2[nH]5)C=C4)C=C3)cc1,0,2.1001,0.7725
4704,chromo3119,Cc1ccc(-c2c3nc(c(-c4ccco4)c4ccc([nH]4)c(-c4ccc(C)cc4)c4nc(c(-c5ccco5)c5ccc2[nH]5)C=C4)C=C3)cc1,0,2.0882,0.7752000000000001
4705,chromo3120,Cc1ccc(-c2c3nc(c(-c4ccco4)c4ccc([nH]4)c(-c4ccco4)c4nc(c(-c5ccco5)c5ccc2[nH]5)C=C4)C=C3)cc1,0,2.03,0.7526999999999997
4706,chromo3121,C1=Cc2nc1c(-c1ccco1)c1ccc([nH]1)c(-c1ccco1)c1nc(c(-c3ccco3)c3ccc([nH]3)c2-c2ccco2)C=C1,0,1.9876,0.7454000000000001
4707,chromo0222,C1=Cc2nc1c(-c1cccs1)c1ccc([nH]1)c(-c1cccs1)c1nc(c(-c3cccs3)c3ccc([nH]3)c2-c2cccs2)C=C1,0,2.1525,0.7581999999999998
4708,chromo3122,Cc1ccc(-c2c3nc(c(-c4ccc(C)cc4)c4ccc(s4)c(-c4ccc(C)cc4)c4nc(c(-c5ccc(C)cc5)c5ccc2[nH]5)C=C4)C=C3)cc1,0,2.0562,0.7636000000000001
4709,chromo3123,Cc1ccc(-c2c3nc(c(-c4ccc(C)cc4)c4ccc(s4)c(-c4ccco4)c4nc(c(-c5ccc(C)cc5)c5ccc2[nH]5)C=C4)C=C3)cc1,0,2.0113,0.7660999999999998
4710,chromo3124,Cc1ccc(-c2c3nc(c(-c4ccco4)c4ccc(s4)c(-c4ccco4)c4nc(c(-c5ccc(C)cc5)c5ccc2[nH]5)C=C4)C=C3)cc1,0,1.9733,0.7607000000000002
4711,chromo3125,Cc1ccc(-c2c3nc(c(-c4ccco4)c4ccc([nH]4)c(-c4ccco4)c4nc(c(-c5ccco5)c5ccc2s5)C=C4)C=C3)cc1,0,1.9457,0.7363999999999999
4712,chromo3126,C1=Cc2nc1c(-c1ccco1)c1ccc([nH]1)c(-c1ccco1)c1nc(c(-c3ccco3)c3ccc(s3)c2-c2ccco2)C=C1,0,1.914,0.732
4713,chromo3127,Cc1ccc(-c2c3nc(c(-c4ccc(C)cc4)c4ccc(s4)c(-c4ccc(C)cc4)c4nc(c(-c5ccc(C)cc5)c5ccc2s5)C=C4)C=C3)cc1,0,2.0074,0.7532000000000001
4714,chromo3128,Cc1ccc(-c2c3nc(c(-c4ccc(C)cc4)c4ccc(s4)c(-c4ccco4)c4nc(c(-c5ccc(C)cc5)c5ccc2s5)C=C4)C=C3)cc1,0,1.9625,0.7543
4715,chromo3129,Cc1ccc(-c2c3nc(c(-c4ccco4)c4ccc(s4)c(-c4ccco4)c4nc(c(-c5ccc(C)cc5)c5ccc2s5)C=C4)C=C3)cc1,0,1.9226,0.7439
4716,chromo3130,Cc1ccc(-c2c3nc(c(-c4ccco4)c4ccc(s4)c(-c4ccco4)c4nc(c(-c5ccco5)c5ccc2s5)C=C4)C=C3)cc1,0,1.8874,0.7334
4717,chromo3131,C1=Cc2nc1c(-c1ccco1)c1ccc(s1)c(-c1ccco1)c1nc(c(-c3ccco3)c3ccc(s3)c2-c2ccco2)C=C1,0,1.8456,0.7343
4718,chromo3132,C(=Cc1ccc(C=CSC=C2CCCC2)cc1)SC=C1CCCC1,1,3.3808,1.2384
4719,chromo3133,C(=Cc1ccc(C=CSC=C2CCCCC2)cc1)SC=C1CCCCC1,1,3.4253,1.2563
4720,chromo3134,C(=Cc1ccc(C=CSC=C2CCCCCC2)cc1)SC=C1CCCCCC1,1,3.3858,1.2338
4721,chromo3135,C(=Cc1ccc(C=CSC=C2CCCCCCC2)cc1)SC=C1CCCCCCC1,1,3.3378,1.2184
4722,chromo3136,CC1CCC(=CSC=Cc2ccc(C=CSC=C3CCC(C)CC3)cc2)CC1,0,3.3861,1.2399
4723,chromo3137,CC(C)(C)C1CCC(=CSC=Cc2ccc(C=CSC=C3CCC(C(C)(C)C)CC3)cc2)CC1,0,3.3819,1.2582999999999998
4724,chromo3138,C(=Cc1ccc(C=CSC=C(c2ccccc2)c2ccccc2)cc1)SC=C(c1ccccc1)c1ccccc1,1,3.0618,0.9586999999999999
4725,chromo3139,C(=Cc1ccc(-c2ccc(C=CSC=C3CCCC3)cc2)cc1)SC=C1CCCC1,1,3.3122,1.0425999999999997
4726,chromo3140,C(=Cc1ccc(-c2ccc(C=CSC=C3CCCCC3)cc2)cc1)SC=C1CCCCC1,1,3.3328,1.0437000000000003
4727,chromo3141,C(=Cc1ccc(-c2ccc(C=CSC=C3CCCCCC3)cc2)cc1)SC=C1CCCCCC1,1,3.2973,1.0328
4728,chromo3142,C(=Cc1ccc(-c2ccc(C=CSC=C3CCCCCCC3)cc2)cc1)SC=C1CCCCCCC1,1,3.2976,1.0208
4729,chromo3143,CC1CCC(=CSC=Cc2ccc(-c3ccc(C=CSC=C4CCC(C)CC4)cc3)cc2)CC1,0,3.3328,1.0417
4730,chromo3144,CC(C)(C)C1CCC(=CSC=Cc2ccc(-c3ccc(C=CSC=C4CCC(C(C)(C)C)CC4)cc3)cc2)CC1,0,3.324,1.0492999999999997
4731,chromo3145,C(=Cc1ccc(-c2ccc(C=CSC=C(c3ccccc3)c3ccccc3)cc2)cc1)SC=C(c1ccccc1)c1ccccc1,1,3.0937,0.8662000000000001
4739,chromo3157,CCN(CC)c1ccc2cc(C=C(C#N)c3nc4ccccc4o3)c(=O)oc2c1,1,2.7201,1.0792
4743,chromo3158,CCN(CC)c1ccc2cc(C=C(C#N)c3nc4ccccc4s3)c(=O)oc2c1,1,2.6664,1.0711
4747,chromo3159,CCN(CC)c1ccc2c(C#N)c(C=C(C#N)c3nc4ccccc4o3)c(=O)oc2c1,1,2.5455,0.9747000000000001
4751,chromo3160,CCN(CC)c1ccc2c(C#N)c(C=C(C#N)c3nc4ccccc4s3)c(=O)oc2c1,1,2.5135,0.9719
4756,chromo3161,COc1cc(C=Cc2nc3ccccc3s2)c(OC)cc1C=Cc1nc(C)nc(C)n1,1,2.73,1.0903
4760,chromo3162,COc1cc(C=Cc2nc3ccccc3o2)c(OC)cc1C=Cc1nc(C)nc(C)n1,0,2.7619,1.0990999999999997
4764,chromo3163,COc1cc(C=Cc2nc3ccccc3s2)c(OC)cc1C=Cc1nc(C)nc(C=Cc2cc(OC)c(C=Cc3nc4ccccc4s3)cc2OC)n1,1,2.5699,0.9311
4768,chromo3164,COc1cc(C=Cc2nc3ccccc3o2)c(OC)cc1C=Cc1nc(C)nc(C=Cc2cc(OC)c(C=Cc3nc4ccccc4o3)cc2OC)n1,0,2.596,0.9344000000000001
4775,chromo3176,O=C1c2cccn2[B-](F)(F)[n+]2ccccc21,0,2.7951,0.8179000000000001
4800,chromo3209,Nc1cccc2c1C(=O)c1ccccc1C2=O,0,2.75,0.8141
4801,chromo3210,CCNc1cccc2c1C(=O)c1ccccc1C2=O,0,2.5785,0.7686999999999999
4802,chromo3211,NCCNc1cccc2c1C(=O)c1ccccc1C2=O,0,2.5542,0.7473999999999998
4803,chromo3212,O=C1c2ccccc2C(=O)c2c(NCCNc3nc(Cl)nc(Cl)n3)cccc21,0,2.6549,0.746
4847,chromo3239,COc1cc(C=CC2=CC(C=Cc3ccc(O)c(OC)c3)=[O+][B-](F)(F)O2)ccc1O,1,2.7565,0.9047000000000001
4851,chromo3240,COc1ccc(C=CC2=CC(C=Cc3ccc(OC)c(OC)c3)=[O+][B-](F)(F)O2)cc1OC,1,2.6819,0.8458000000000001
4853,chromo3241,COc1cc(C=CC2=[O+][B-](F)(F)OC(C=Cc3ccc(OS(=O)(=O)c4ccc(C)cc4)c(OC)c3)=C2)ccc1O,1,2.7516,0.8876999999999999
4854,chromo3242,COc1cc(C=CC2=CC(C=Cc3ccc(OS(=O)(=O)c4ccc(C)cc4)c(OC)c3)=[O+][B-](F)(F)O2)ccc1OS(=O)(=O)c1ccc(C)cc1,1,2.7989,0.8837000000000002
4856,chromo3243,Cc1ccc2c(CC(=O)NN)coc2c1,0,4.979,1.6848
4860,chromo3244,COc1ccc2c(CC(=O)NN)coc2c1,0,4.7708,1.4979000000000005
4877,chromo1914,CC1=[N+]2C(=C(c3c4ccccc4cc4ccccc34)c3ccc(C)n3[B-]2(F)F)C=C1,1,2.2524,0.7548000000000001
4881,chromo3258,CC1=[N+]2C(=c3c4c5ccccc5cc5cccc(c6cc(C)n(c36)[B-]2(F)F)c54)C=C1,0,2.0127,1.0535
4905,chromo3278,F[B-]1(F)n2cccc2C(c2ccccc2)=C2C=CC(N3CCOCC3)=[N+]21,1,2.8691,1.471
4908,chromo3279,COc1ccc2n1[B-](F)(F)[N+]1=CC=CC1=C2c1ccccc1,1,3.0678,1.5177
4911,chromo3280,CCCSc1ccc2n1[B-](F)(F)[N+]1=CC=CC1=C2c1ccccc1,1,2.5557,1.0323999999999998
4914,chromo3281,F[B-]1(F)n2c(ccc2N2CCOCC2)C(c2ccccc2)=C2C=CC(N3CCOCC3)=[N+]21,1,2.5803,1.3117999999999999
4917,chromo3282,COC1=[N+]2C(=C(c3ccccc3)c3ccc(OC)n3[B-]2(F)F)C=C1,1,2.9987,1.492
4920,chromo3283,CCCSC1=[N+]2C(=C(c3ccccc3)c3ccc(SCCC)n3[B-]2(F)F)C=C1,1,2.5495,1.1537000000000002
4923,chromo3284,N#CSc1ccc2n1[B-](F)(F)[N+]1=C(N3CCOCC3)C=CC1=C2c1ccccc1,1,2.8318,1.4175
4926,chromo3285,N#CSC1=CC2=C(c3ccccc3)c3ccc(SC#N)n3[B-](F)(F)[N+]2=C1N1CCOCC1,1,2.662,1.2948
4929,chromo3286,COc1ccc2n1[B-](F)(F)[N+]1=C(SC#N)C=CC1=C2c1ccccc1,1,2.8951,1.3851999999999998
4932,chromo3287,CCCSc1ccc2n1[B-](F)(F)[N+]1=C(SC#N)C=CC1=C2c1ccccc1,1,2.4679,0.9976000000000003
4935,chromo3288,N#CSC1=CC2=C(c3ccccc3)c3ccc(N4CCOCC4)n3[B-](F)(F)[N+]2=C1N1CCOCC1,1,2.5025,1.2197
4938,chromo3289,N#CSC1=CC2=C(c3ccccc3)c3cc(SC#N)c(N4CCOCC4)n3[B-](F)(F)[N+]2=C1N1CCOCC1,1,2.4199,1.1438000000000001
4941,chromo3290,COC1=[N+]2C(=C(c3ccccc3)c3ccc(OC)n3[B-]2(F)F)C=C1SC#N,1,2.839,1.3606
4944,chromo3291,COC1=[N+]2C(=C(c3ccccc3)c3cc(SC#N)c(OC)n3[B-]2(F)F)C=C1SC#N,1,2.8344,1.3117
4947,chromo3292,CCCSC1=[N+]2C(=C(c3ccccc3)c3ccc(SCCC)n3[B-]2(F)F)C=C1SC#N,1,2.4357,1.0650000000000002
4950,chromo3293,F[B-]1(F)n2c(Cl)ccc2C(c2c(Cl)cccc2Cl)=C2C=CC(NCc3ccccc3)=[N+]21,1,2.8619,1.5392
4953,chromo3294,F[B-]1(F)n2c(NCc3ccccc3)ccc2C(c2c(Cl)cccc2Cl)=C2C=CC(NCc3ccccc3)=[N+]21,1,2.6992,1.5184999999999997
4956,chromo3295,N#CSC1=CC2=C(c3c(Cl)cccc3Cl)c3cc(SC#N)c(NCc4ccccc4)n3[B-](F)(F)[N+]2=C1NCc1ccccc1,1,2.5844,1.3969
4959,chromo3296,CCc1c(C)c2n(c1C)[B-](F)(F)[N+]1=C(NCc3ccc(OC)cc3)C=CC1=C2C,1,2.8639,1.4454
4962,chromo3297,CCc1c(C)c2n(c1C)[B-](F)(F)[N+]1=C(NCc3ccc(OC)cc3)C(SC#N)=CC1=C2C,1,2.7429,1.3294000000000001
4963,chromo3298,CCCCCCN1C(=O)c2cccc3c(-c4ccc(-c5cc(-c6ccccc6)nn5-c5ccccc5)s4)ccc(c23)C1=O,0,2.8319,0.7709999999999999
4964,chromo3299,CCCCCCN1C(=O)c2cccc3c(-c4ccc(-c5cc(-c6ccc(C)cc6)nn5-c5ccccc5)s4)ccc(c23)C1=O,0,2.7707,0.7092
4965,chromo3300,CCCCCCN1C(=O)c2cccc3c(-c4ccc(-c5cc(-c6ccc(Cl)cc6)nn5-c5ccccc5)s4)ccc(c23)C1=O,0,2.882,0.8092999999999999
4966,chromo3301,CCCCCCN1C(=O)c2cccc3c(-c4ccc(-c5cc(-c6cccc7ccccc67)nn5-c5ccccc5)s4)ccc(c23)C1=O,0,2.7008,0.6295999999999999
4967,chromo3302,CCCCCCN1C(=O)c2cccc3c(-c4ccc(-c5cc(-c6ccccc6)n(-c6ccccc6)n5)s4)ccc(c23)C1=O,0,2.809,0.7956000000000003
4968,chromo3303,CCCCCCN1C(=O)c2cccc3c(-c4ccc(-c5cc(-c6ccc(C)cc6)n(-c6ccccc6)n5)s4)ccc(c23)C1=O,0,2.7946,0.7814999999999999
4969,chromo3304,CCCCCCN1C(=O)c2cccc3c(-c4ccc(-c5cc(-c6ccc(Cl)cc6)n(-c6ccccc6)n5)s4)ccc(c23)C1=O,0,2.8457,0.8178999999999998
4970,chromo3305,CCCCCCN1C(=O)c2cccc3c(-c4ccc(-c5cc(-c6ccc(OC)cc6)n(-c6ccccc6)n5)s4)ccc(c23)C1=O,0,2.7772,0.7683
4978,chromo3306,Oc1cccc(N=Cc2ccccc2Oc2ccccc2)c1,1,3.584,1.0015
4985,chromo3307,Oc1ccc(N=Cc2ccccc2Oc2ccccc2)cc1,1,3.4997,1.0998999999999999
4991,chromo3308,Oc1ccccc1N=Cc1ccccc1Oc1ccccc1,1,3.3045,1.0855000000000001
4999,chromo3310,O=C1C(=Cc2ccc3oc4ccccc4c3c2)S(=O)(=O)c2ccccc21,0,3.154,0.8645
5005,chromo3311,CCn1c2ccccc2c2cc(C=C3C(=O)c4ccccc4S3(=O)=O)ccc21,1,2.9202,0.7799
5011,chromo3312,CN(c1ccccc1)c1ccc(C=C2C(=O)c3ccccc3S2(=O)=O)cc1,0,2.9063,0.9226999999999999
5017,chromo3313,O=C1C(=Cc2ccc(N(c3ccccc3)c3ccccc3)cc2)S(=O)(=O)c2ccccc21,0,2.6335,0.7546000000000002
5021,chromo3316,CCCN(c1ccccc1)c1ccc2c(c1)C(CC)(CC)c1cc(C=Cc3ccc(C=C(C#N)C(=O)O)s3)ccc1-2,0,2.1185,0.7372000000000001
5022,chromo3317,CCCCN(c1ccccc1)c1ccc2c(c1)C(CC)(CC)c1cc(C=Cc3ccc(C=C(C#N)C(=O)O)s3)ccc1-2,0,2.0373,0.6326
5024,chromo3318,CCCCCN(c1ccccc1)c1ccc2c(c1)C(CC)(CC)c1cc(C=Cc3ccc(C=C(C#N)C(=O)O)s3)ccc1-2,0,2.0409,0.6416000000000002
5026,chromo3319,CCCCCCN(c1ccccc1)c1ccc2c(c1)C(CC)(CC)c1cc(C=Cc3ccc(C=C(C#N)C(=O)O)s3)ccc1-2,0,2.1001,0.7054999999999998
5036,chromo3323,Cc1cc(O)c(C(C)C)cc1N=Cc1ccc(O)cc1,1,3.4717,1.0362999999999998
5041,chromo3324,COc1ccc(C=Nc2cc(C(C)C)c(O)cc2C)cc1,1,3.4598,1.0307
5046,chromo3325,Cc1ccc(C=Nc2cc(C(C)C)c(O)cc2C)cc1,1,3.4217,1.0013999999999998
5051,chromo3326,CCc1ccc(C=Nc2cc(C(C)C)c(O)cc2C)cc1,1,3.4114,0.9977
5056,chromo3327,Cc1cc(O)c(C(C)C)cc1N=Cc1ccc(C(F)(F)F)cc1,1,3.2314,0.9465999999999997
5061,chromo3328,Cc1cc(O)c(C(C)C)cc1N=Cc1ccc([N+](=O)[O-])cc1,1,2.7162,0.6975000000000002
5078,chromo3351,FC(F)(F)c1ccc(C#Cc2cc(C#Cc3ccc(C(F)(F)F)cc3)c3ccc4c(C#Cc5ccc(C(F)(F)F)cc5)cc(C#Cc5ccc(C(F)(F)F)cc5)c5ccc2c3c54)cc1,1,2.3428,0.9675
5079,chromo3352,CN(C)c1ccc(C#Cc2cc(C#Cc3ccc(C(F)(F)F)cc3)c3ccc4c(C#Cc5ccc(C(F)(F)F)cc5)cc(C#Cc5ccc(C(F)(F)F)cc5)c5ccc2c3c54)cc1,1,2.1229,0.7904
5080,chromo3353,CN(C)c1ccc(C#Cc2cc(C#Cc3ccc(C(F)(F)F)cc3)c3ccc4c(C#Cc5ccc(C(F)(F)F)cc5)cc(C#Cc5ccc(N(C)C)cc5)c5ccc2c3c54)cc1,1,2.1046,0.7912000000000001
5081,chromo3354,CN(C)c1ccc(C#Cc2cc(C#Cc3ccc(C(F)(F)F)cc3)c3ccc4c(C#Cc5ccc(N(C)C)cc5)cc(C#Cc5ccc(C(F)(F)F)cc5)c5ccc2c3c45)cc1,1,2.0955,0.7844
5082,chromo3355,CN(C)c1ccc(C#Cc2cc(C#Cc3ccc(N(C)C)cc3)c3ccc4c(C#Cc5ccc(C(F)(F)F)cc5)cc(C#Cc5ccc(N(C)C)cc5)c5ccc2c3c54)cc1,1,2.1336,0.8145
5083,chromo3356,CN(C)c1ccc(C#Cc2cc(C#Cc3ccc(N(C)C)cc3)c3ccc4c(C#Cc5ccc(N(C)C)cc5)cc(C#Cc5ccc(N(C)C)cc5)c5ccc2c3c54)cc1,1,2.1925,0.8593999999999999
5085,chromo3357,Cc1ccc(C)n1-c1ccc(C#N)cc1,0,3.1153,0.1852999999999998
5087,chromo3358,Cc1ccc(C)n1-c1cccc(C#N)c1,0,3.0684,0.032500000000000195
5092,chromo3373,COc1cc(OC)cc(-c2ccc(C3=CC(c4ccccc4)=C(c4ccccc4)C3)cc2)c1,1,3.118,1.325
5093,chromo3374,COc1cc(OC)cc(C2=CC(c3ccccc3)=C(c3ccccc3)C2)c1,1,3.2749,1.4041000000000001
5094,chromo3375,COc1cc(C2=CC(c3ccccc3)=C(c3ccccc3)C2)cc(OC)c1OC,1,3.1522,1.3493000000000002
5095,chromo3376,COc1ccc2ccccc2c1C1=CC(c2ccccc2)=C(c2ccccc2)C1,1,3.2849,1.2287
5096,chromo3377,COc1ccc(C2=CC(c3ccccc3)=C(c3ccccc3)C2)c2ccccc12,1,3.1771,1.2382999999999997
5100,chromo3380,CCN(CC)c1ccc2cc(C=CC(=O)c3cc4ccc(N(CC)CC)cc4oc3=O)c(=O)oc2c1,1,2.6904,0.9453999999999998
5104,chromo3381,CN1C(=O)c2cccc3c(-n4c5ccccc5c5ccccc54)ccc(c23)C1=O,0,2.5302,0.3529
5107,chromo3382,O=C1c2cccc3c(-n4c5ccccc5c5ccccc54)ccc(c23)C(=O)N1C1CCCCC1,0,2.5346,0.3571
5110,chromo3383,O=C1c2cccc3c(-n4c5ccccc5c5ccccc54)ccc(c23)C(=O)N1c1ccccc1,0,2.5372,0.3527999999999998
5147,chromo3403,COc1ccc(-c2nc(C(C)=O)c(C)o2)cc1,1,3.9356,1.0545
5149,chromo3404,CC(=O)c1nc(-c2ccc(N(C)C)cc2)oc1C,0,3.7982,1.04
5151,chromo3405,CC(=O)c1nc(-c2ccc(N(c3ccccc3)c3ccccc3)cc2)oc1C,0,3.4844,0.9011
5153,chromo3406,O=C1Nc2ccccc2C1=CC(=O)c1ccccc1,0,3.3038,1.049
5156,chromo3407,O=C1Nc2ccccc2C1=CC(=O)c1ccc(O)cc1,0,3.3297,1.0648
5159,chromo3408,Cc1ccc(C(=O)C=C2C(=O)Nc3ccccc32)cc1,0,3.3249,1.061
5162,chromo3409,Cc1ccc(C(=O)C=C2C(=O)Nc3ccccc32)cc1C,0,3.3283,1.0633
5165,chromo3410,COc1ccc(C(=O)C=C2C(=O)Nc3ccccc32)cc1,0,3.3287,1.0630000000000002
5168,chromo3411,COc1ccc(C(=O)C=C2C(=O)Nc3ccccc32)c(OC)c1,0,3.5747,1.2351999999999999
5171,chromo3412,O=C1Nc2ccccc2C1=CC(=O)c1ccc(Cl)cc1,0,3.2487,1.0114999999999998
5174,chromo3413,O=C1Nc2ccccc2C1=CC(=O)c1ccc(Cl)cc1Cl,0,3.2808,1.0434
5177,chromo3414,O=C1Nc2ccccc2C1=CC(=O)c1ccc([N+](=O)[O-])cc1,0,2.9381,0.7572999999999999
5183,chromo3415,O=C(C=Cc1ccc(O)c(O)c1)OC(Cc1ccc(O)c(O)c1)C(=O)O,1,3.9004,1.4667
5184,chromo3416,CN(C)c1ccc2cc(C(C=Cc3c[nH]c4ccccc34)=C(C#N)C#N)c(=O)oc2c1,1,2.7651,1.0601999999999998
5186,chromo3417,CN(C)c1ccc2cc(C(C=Cc3cn(C)c4ccccc34)=C(C#N)C#N)c(=O)oc2c1,1,2.7778,1.0894000000000001
5197,chromo3449,CCOC(=O)c1c(-c2c(Cl)c3ccccc3oc2=O)nn(-c2ccccc2)c1C(=O)OCC,1,3.8187,1.1382000000000003
5198,chromo3450,CCOC(=O)c1c(-c2c(Cl)c3ccccc3oc2=O)nn(-c2cccc(C)c2)c1C(=O)OCC,1,3.7701,1.0939999999999999
5199,chromo3451,CCOC(=O)c1c(-c2c(Cl)c3ccccc3oc2=O)nn(-c2ccc(OC)cc2)c1C(=O)OCC,1,3.4737,0.7976999999999999
5200,chromo3452,CCOC(=O)c1c(-c2c(Cl)c3ccccc3oc2=O)nn(-c2cccc(Cl)c2)c1C(=O)OCC,1,3.8902,1.2086999999999999
5201,chromo3453,CCOC(=O)c1c(-c2c(Cl)c3ccccc3oc2=O)nn(-c2ccc(Br)cc2)c1C(=O)OCC,1,3.7765,1.0956000000000001
5202,chromo3454,CCOC(=O)c1c(-c2c(Cl)c3cc(C)ccc3oc2=O)nn(-c2ccccc2)c1C(=O)OCC,1,3.8089,1.1612
5203,chromo3455,CCOC(=O)c1c(-c2c(Cl)c3cc(C)ccc3oc2=O)nn(-c2cccc(C)c2)c1C(=O)OCC,1,3.7797,1.1332
5204,chromo3456,CCOC(=O)c1c(-c2c(Cl)c3cc(C)ccc3oc2=O)nn(-c2cccc(Cl)c2)c1C(=O)OCC,1,3.8644,1.2096999999999998
5205,chromo3457,CCOC(=O)c1c(-c2cc3ccccc3oc2=O)nn(-c2ccccc2)c1C(=O)OCC,1,3.8294,1.2346
5206,chromo3458,COC(=O)c1c(-c2cc3ccccc3oc2=O)nn(-c2ccccc2)c1C(=O)OC,1,3.8494,1.2493000000000003
5207,chromo3459,CCOC(=O)c1c(-c2cc3ccccc3oc2=O)nn(-c2cccc(C)c2)c1C(=O)OCC,1,3.8186,1.2172999999999998
5208,chromo3460,COC(=O)c1c(-c2cc3ccccc3oc2=O)nn(-c2cccc(C)c2)c1C(=O)OC,1,3.8355,1.2397
5209,chromo3461,CCOC(=O)c1c(-c2cc3ccccc3oc2=O)nn(-c2ccc(C)c(C)c2)c1C(=O)OCC,1,3.832,1.2064999999999997
5210,chromo3462,CCOC(=O)c1c(-c2cc3ccccc3oc2=O)nn(-c2ccc(OC)cc2)c1C(=O)OCC,1,3.5816,1.0032
5211,chromo3463,CCOC(=O)c1c(-c2cc3ccccc3oc2=O)nn(-c2cccc(Cl)c2)c1C(=O)OCC,1,3.8613,1.2608000000000001
5212,chromo3464,COC(=O)c1c(-c2cc3ccccc3oc2=O)nn(-c2cccc(Cl)c2)c1C(=O)OC,1,3.8663,1.2618
5213,chromo3465,CCOC(=O)c1c(-c2cc3ccccc3oc2=O)nn(-c2cccc(F)c2)c1C(=O)OCC,1,3.9551,1.3222999999999998
5214,chromo3466,COC(=O)c1c(-c2cc3ccccc3oc2=O)nn(-c2cccc(F)c2)c1C(=O)OC,1,3.8617,1.2582999999999998
5215,chromo3467,CCOC(=O)c1c(-c2cc3ccccc3oc2=O)nn(-c2ccc(Cl)cc2)c1C(=O)OCC,1,3.9147,1.2906
5216,chromo3468,CCOC(=O)c1c(-c2cc3ccccc3oc2=O)nn(-c2ccc(Br)cc2)c1C(=O)OCC,1,3.8785,1.2694999999999999
5217,chromo3469,COC(=O)c1c(-c2cc3ccccc3oc2=O)nn(-c2ccc(Br)cc2)c1C(=O)OC,1,3.8382,1.233
5218,chromo3470,CCOC(=O)c1c(C(=O)OC)c(-c2cc3cc(OC)ccc3oc2=O)nn1-c1ccccc1,1,3.5568,1.0851000000000002
5219,chromo3471,CCOC(=O)c1c(-c2cc3cc(OC)ccc3oc2=O)nn(-c2cccc(C)c2)c1C(=O)OCC,1,3.5595,1.0890999999999997
5220,chromo3472,CCOC(=O)c1c(-c2cc3cc(OC)ccc3oc2=O)nn(-c2cccc(Cl)c2)c1C(=O)OCC,1,3.5466,1.0753000000000004
5221,chromo3473,CCOC(=O)c1c(-c2cc3ccc(OC)cc3oc2=O)nn(-c2ccccc2)c1C(=O)OCC,1,3.8468,1.2784
5222,chromo3474,CCOC(=O)c1c(-c2cc3ccc(OC)cc3oc2=O)nn(-c2cccc(C)c2)c1C(=O)OCC,1,3.8428,1.2747000000000002
5223,chromo3475,CCOC(=O)c1c(-c2cc3ccc(OC)cc3oc2=O)nn(-c2cccc(Cl)c2)c1C(=O)OCC,1,3.8472,1.2820999999999998
5224,chromo3476,CCOC(=O)c1c(-c2cc3ccc(OCC=C(C)C)cc3oc2=O)nn(-c2ccccc2)c1C(=O)OCC,1,3.8163,1.2621000000000002
5225,chromo3477,CCOC(=O)c1c(-c2cc3ccc(OCC=C(C)C)cc3oc2=O)nn(-c2cccc(C)c2)c1C(=O)OCC,1,3.7557,1.2092
5226,chromo3478,CCOC(=O)c1c(-c2cc3ccc(OCC=C(C)C)cc3oc2=O)nn(-c2cccc(Cl)c2)c1C(=O)OCC,1,3.7544,1.2107
5227,chromo3479,CCOC(=O)c1c(-c2cc3c(ccc4ccccc43)oc2=O)nn(-c2ccccc2)c1C(=O)OCC,0,3.4882,1.2239999999999998
5228,chromo3480,CCOC(=O)c1c(-c2cc3c(ccc4ccccc43)oc2=O)nn(-c2cccc(C)c2)c1C(=O)OCC,0,3.4925,1.2257000000000002
5229,chromo3481,CCOC(=O)c1c(-c2cc3c(ccc4ccccc43)oc2=O)nn(-c2cccc(Cl)c2)c1C(=O)OCC,0,3.4844,1.2208999999999999
5230,chromo3482,CCOC(=O)c1c(-c2cc3cc4c(cc3oc2=O)OC(C)(C)CC4)nn(-c2ccccc2)c1C(=O)OCC,0,3.7229,1.1959
5231,chromo3483,CCOC(=O)c1c(-c2cc3cc4c(cc3oc2=O)OC(C)(C)CC4)nn(-c2cccc(C)c2)c1C(=O)OCC,0,3.7933,1.2643999999999997
5232,chromo3484,CCOC(=O)c1c(-c2cc3cc4c(cc3oc2=O)OC(C)(C)CC4)nn(-c2cccc(Cl)c2)c1C(=O)OCC,0,3.7186,1.1947
5244,chromo3492,CCN(CC)c1ccc2cc(-c3csc(N)c3C#N)c(=O)oc2c1,1,3.3027,1.1359000000000004
5248,chromo3493,CCN(CC)c1ccc2cc(-c3csc(NC(C)=O)c3C#N)c(=O)oc2c1,1,3.2973,1.0951999999999997
5271,chromo3514,CCCCn1c2ccc(-c3ccc4c(c3)c3c5c(ccc6ccccc65)ccc3n4CCCC)cc2c2c3c(ccc4ccccc43)ccc21,0,3.2845,0.6821000000000002
5272,chromo3515,CCCCn1c2ccc(-c3ccc4c(c3)c3c5c(ccc6ccc7ccccc7c65)ccc3n4CCCC)cc2c2c3c(ccc4ccc5ccccc5c43)ccc21,0,3.0342,0.6410999999999998
5273,chromo3516,CCCCn1c2ccc3ccc4ccccc4c3c2c2c3c(ccc4ccccc43)ccc21,0,3.1612,0.7244000000000002
5286,chromo3523,Cc1ccc(OCc2cc(=O)oc3c2ccc2ccccc23)cc1,0,3.665,1.1705999999999999
5291,chromo3535,COc1ccc(-c2cnc(-c3ccccc3)o2)cc1OC,1,3.594,1.1715999999999998
5292,chromo3536,COc1ccc(-c2cnc(-c3cccnc3)o2)cc1OC,1,3.4881,1.0907
5293,chromo3537,COc1cc(-c2cnc(-c3ccncc3)o2)cc(OC)c1OC,1,3.5111,1.1088
5294,chromo3538,COc1cc(-c2cnc(-c3cnc4ccccc4c3)o2)cc(OC)c1OC,0,3.2544,0.9811999999999999
5295,chromo3539,COc1cc(-c2ncc(-c3ccncc3)o2)cc(OC)c1OC,1,3.6033,1.1661000000000001
5296,chromo3540,COc1ccc(C=Cc2ncc(-c3ccccc3)o2)cc1OC,1,3.2793,1.3035
5297,chromo3541,N#Cc1ccc(C=Cc2ncc(-c3ccccc3)o2)cc1,1,3.1574,1.2646
5298,chromo3542,C(=Cc1cccc2ccccc12)c1ncc(-c2ccccc2)o1,1,3.1969,1.2538999999999998
5299,chromo3543,COc1ccc(-c2cnc(C=Cc3ccc(OC)c(OC)c3)o2)cc1,1,3.224,1.2659000000000002
5300,chromo3544,COc1ccc(-c2cnc(C=Cc3ccccc3)o2)cc1OC,1,3.1522,1.203
5301,chromo3545,COc1ccc(-c2cnc(C=Cc3ccc(C#N)cc3)o2)cc1OC,1,2.8187,1.0166000000000002
5302,chromo3546,COc1cc(C=Cc2ncc(-c3ccncc3)o2)cc(OC)c1OC,1,3.2369,1.2682
5303,chromo3547,CN(C)c1cccc(C=Cc2ncc(-c3ccc(OCc4ccccc4)c(OCc4ccccc4)c3)o2)c1,1,3.1609,1.1808999999999998
5304,chromo3548,C(=Cc1ncc(-c2ccc(OCc3ccccc3)c(OCc3ccccc3)c2)o1)c1cccc(N2CCCC2)c1,0,3.1198,1.1207
5305,chromo3549,CN1CCN(c2cccc(C=Cc3ncc(-c4ccc(OCc5ccccc5)c(OCc5ccccc5)c4)o3)c2)CC1,0,3.1593,1.1975
5306,chromo3550,C(=Cc1ncc(-c2ccc(OCc3ccccc3)c(OCc3ccccc3)c2)o1)c1cccc(N2CCN(c3ccccc3)CC2)c1,0,3.1379,1.1654000000000002
5307,chromo3551,COc1ccc(-c2cnc(C#Cc3ccccc3)o2)cc1OC,1,3.3115,1.0857
5308,chromo3552,COc1ccc(C#Cc2ncc(-c3ccccc3)o2)cc1OC,1,3.4504,1.186
5309,chromo3553,N#Cc1ccc(C#Cc2ncc(-c3ccccc3)o2)cc1,1,3.283,1.1122999999999998
5310,chromo3554,C(#Cc1cccc2ccccc12)c1ncc(-c2ccccc2)o1,1,3.2632,1.1867999999999999
5311,chromo3555,FC(F)(F)c1ccc(C#Cc2ncc(-c3ccccc3)o2)cc1,1,3.4615,1.1991999999999998
5312,chromo3556,C(#Cc1ncc(-c2ccccc2)o1)c1cccnc1,0,3.5376,1.2431999999999999
5313,chromo3557,C(#Cc1ncc(-c2ccccc2)o1)c1ccco1,0,3.5379,1.3357999999999999
5314,chromo3558,C(#Cc1cccs1)c1ncc(-c2ccccc2)o1,0,3.4324,1.2974
5315,chromo3559,CN(C)c1ccc(C=Cc2cnc(-c3ccncc3)o2)cc1,1,2.9627,1.0807
5316,chromo3560,CN(C)c1ccc(C=Cc2cnc(C=Cc3ccc(C#N)cc3)o2)cc1,1,2.4509,0.8971999999999998
5317,chromo3561,CN(C)c1ccc(C=Cc2cnc(C#Cc3ccc(C#N)cc3)o2)cc1,1,2.5239,0.8109999999999997
5346,chromo3582,CCn1c2ccc(C=Cc3ccc4c(c3)c3cc(-c5nc6ccccc6s5)ccc3n4CC)cc2c2cc(-c3nc4ccccc4s3)ccc21,1,3.0889,0.8641000000000001
5348,chromo3583,F[B-]1(F)n2c(nc(-c3ccccc3)c2-c2ccccc2)-c2cccc[n+]21,0,2.653,0.6143999999999998
5352,chromo3584,F[B-]1(F)n2c(nc3c4ccccc4c4ccccc4c32)-c2cccc[n+]21,0,2.6093,0.5955000000000004
5356,chromo3585,CC1=CC(C)=[N+]2C1=C(c1ccc3cccnc3n1)c1c(C)cc(C)n1[B-]2(F)F,1,2.6445,1.1522
5382,chromo3606,N#Cc1ccc(-n2cccc2)cc1,1,3.9074,0.7566999999999999
5413,chromo3646,CN(C)c1ccc(C=CC=Cc2nc3ccccc3o2)cc1,0,3.0347,1.3377
5418,chromo3647,CN(C)c1ccc(C=CC=Cc2nc3ccccc3s2)cc1,1,2.9397,1.2918000000000003
5427,chromo3654,O=Cc1c(O)c(-c2nc3ccccc3s2)cc2ccccc12,1,3.0567,0.8711000000000002
5433,chromo3655,COc1c2ccccc2c(-c2ccccc2)c2ccccc12,1,3.1238,1.4091000000000002
5444,chromo3658,O=CC1=Cc2c(-c3ccccc3)oc(-c3ccccc3)c2C=C(C=O)C1,0,3.2172,1.0095
5512,chromo3697,C(#Cc1nc(C#Cc2ccccc2)c(C#Cc2ccccc2)c(C#Cc2ccccc2)c1C#Cc1ccccc1)c1ccccc1,0,2.8319,0.9065000000000001
5513,chromo3698,COc1ccc(C#Cc2nc(C#Cc3ccc(OC)cc3)c(C#Cc3ccc(OC)cc3)c(C#Cc3ccc(OC)cc3)c2C#Cc2ccc(OC)cc2)cc1,1,2.7401,0.8447
5515,chromo3700,Fc1ccc(C#Cc2nc(C#Cc3ccc(F)cc3)c(C#Cc3ccc(F)cc3)c(C#Cc3ccc(F)cc3)c2C#Cc2ccc(F)cc2)cc1,1,2.8242,0.8917999999999999
5516,chromo3701,C(#Cc1nc(C#Cc2cccs2)c(C#Cc2cccs2)c(C#Cc2cccs2)c1C#Cc1cccs1)c1cccs1,0,2.5561,0.8684999999999998
5517,chromo3702,C(#Cc1c(C#Cc2ccccc2)c(C#Cc2ccccc2)c(C#Cc2ccccc2)c(C#Cc2ccccc2)c1C#Cc1ccccc1)c1ccccc1,1,2.6499,0.8325000000000002
5518,chromo3703,COc1ccc(C#Cc2c(C#Cc3ccc(OC)cc3)c(C#Cc3ccc(OC)cc3)c(C#Cc3ccc(OC)cc3)c(C#Cc3ccc(OC)cc3)c2C#Cc2ccc(OC)cc2)cc1,1,2.5803,0.7845999999999997
5519,chromo3705,Fc1ccc(C#Cc2c(C#Cc3ccc(F)cc3)c(C#Cc3ccc(F)cc3)c(C#Cc3ccc(F)cc3)c(C#Cc3ccc(F)cc3)c2C#Cc2ccc(F)cc2)cc1,1,2.6479,0.8232999999999999
5520,chromo3706,C(#Cc1c(C#Cc2cccs2)c(C#Cc2cccs2)c(C#Cc2cccs2)c(C#Cc2cccs2)c1C#Cc1cccs1)c1cccs1,0,2.388,0.7965
5521,chromo3707,C(#Cc1cc(C#Cc2ccccc2)c(C#Cc2ccccc2)c(C#Cc2ccccc2)c1C#Cc1ccccc1)c1ccccc1,1,2.8765,0.9625000000000001
5522,chromo3708,COc1ccc(C#Cc2cc(C#Cc3ccc(OC)cc3)c(C#Cc3ccc(OC)cc3)c(C#Cc3ccc(OC)cc3)c2C#Cc2ccc(OC)cc2)cc1,1,2.7969,0.9097
5524,chromo3710,Fc1ccc(C#Cc2cc(C#Cc3ccc(F)cc3)c(C#Cc3ccc(F)cc3)c(C#Cc3ccc(F)cc3)c2C#Cc2ccc(F)cc2)cc1,1,2.8736,0.9531000000000001
5525,chromo3711,C(#Cc1cc(C#Cc2cccs2)c(C#Cc2cccs2)c(C#Cc2cccs2)c1C#Cc1cccs1)c1cccs1,1,2.6074,0.9259000000000002
5529,chromo3712,C1=C(c2ccccc2)C(c2ccccc2)C(c2ccccc2)=C1,0,3.35,1.4949000000000001
5532,chromo3713,C1=C(c2ccccc2)C(c2ccccc2)=CC1c1ccccc1,0,4.1222,1.6518000000000002
5570,chromo3721,CCn1c2ccccc2c2cc(-c3cc(-c4ccc5c(c4)c4ccccc4n5CC)ncn3)ccc21,1,3.5613,0.6688000000000001
5572,chromo3722,CCn1c2ccccc2c2cc(-c3cc(-c4ccc5c(c4)c4ccccc4n5CC)nc(SC)n3)ccc21,1,3.503,0.5980000000000003
5574,chromo3723,CCn1c2ccccc2c2cc(-c3cc(-c4ccc5c(c4)c4ccccc4n5CC)nc(OC)n3)ccc21,1,3.5529,0.6209000000000002
5576,chromo3724,CCn1c2ccccc2c2cc(-c3cc(-c4ccc5c(c4)c4ccccc4n5CC)nc(N4CCCCC4)n3)ccc21,1,3.5127,0.6041000000000003
5578,chromo3725,CCn1c2ccccc2c2cc(-c3cc(-c4ccc5c(c4)c4ccccc4n5CC)nc(S(C)(=O)=O)n3)ccc21,1,3.3478,0.5638000000000001
5580,chromo3726,CCn1c2ccccc2c2cc(-c3cc(-c4ccc5c(c4)c4ccccc4n5CC)nc(C#N)n3)ccc21,1,3.3661,0.6084999999999998
5582,chromo3727,CCn1c2ccccc2c2cc(-c3cc(-c4ccc5c(c4)c4ccccc4n5CC)nc(-c4ccccc4)n3)ccc21,1,3.563,0.6924000000000001
5584,chromo3728,CCn1c2ccccc2c2cc(-c3cc(-c4ccc5c(c4)c4ccccc4n5CC)nc(-c4ccc(OC)cc4)n3)ccc21,1,3.5632,0.7136
5586,chromo3729,CCn1c2ccccc2c2cc(-c3cc(-c4ccc5c(c4)c4ccccc4n5CC)nc(-c4ccc(C#N)cc4)n3)ccc21,1,3.3145,0.5569999999999999
5588,chromo3730,CCn1c2ccccc2c2cc(C#Cc3cc(C#Cc4ccc5c(c4)c4ccccc4n5CC)ncn3)ccc21,1,3.1902,0.653
5590,chromo3731,CCn1c2ccccc2c2cc(C#Cc3cc(C#Cc4ccc5c(c4)c4ccccc4n5CC)nc(SC)n3)ccc21,1,3.1357,0.5983999999999998
5592,chromo3732,CCn1c2ccccc2c2cc(C#Cc3cc(C#Cc4ccc5c(c4)c4ccccc4n5CC)nc(OC)n3)ccc21,1,3.1822,0.6122000000000001
5594,chromo3733,CCn1c2ccccc2c2cc(C#Cc3cc(C#Cc4ccc5c(c4)c4ccccc4n5CC)nc(N4CCCCC4)n3)ccc21,1,3.1197,0.5993999999999997
5596,chromo3734,CCn1c2ccccc2c2cc(C#Cc3cc(C#Cc4ccc5c(c4)c4ccccc4n5CC)nc(S(C)(=O)=O)n3)ccc21,1,2.9704,0.5241000000000002
5598,chromo3735,CCn1c2ccccc2c2cc(C#Cc3cc(C#Cc4ccc5c(c4)c4ccccc4n5CC)nc(C#N)n3)ccc21,1,3.0046,0.5623
5600,chromo3736,CCn1c2ccccc2c2cc(C=Cc3cc(C=Cc4ccc5c(c4)c4ccccc4n5CC)ncn3)ccc21,1,3.0063,0.7986
5602,chromo3737,CCn1c2ccccc2c2cc(C=Cc3cc(C=Cc4ccc5c(c4)c4ccccc4n5CC)nc(SC)n3)ccc21,1,2.9525,0.7404000000000002
5624,chromo3772,CCCCCCCCC1(CCCCCCCC)c2cc(C=O)ccc2-c2ccc(C=Cc3ccc(N(c4ccccc4)c4ccccc4)cc3)cc21,0,2.6309,0.7328000000000001
5629,chromo3773,CCCCCCCCC1(CCCCCCCC)c2cc(C#Cc3ccc(N(c4ccccc4)c4ccccc4)cc3)ccc2-c2ccc(C=O)cc21,0,2.731,0.609
5634,chromo3774,CCCCCCCCC1(CCCCCCCC)c2cc(C#CC#Cc3ccc(N(c4ccccc4)c4ccccc4)cc3)ccc2-c2ccc(C=O)cc21,0,2.6435,0.6576
5642,chromo3777,CCCCCCCCCCCCC(CCCCCCCCCC)Cn1c2cc(C=C(C#N)C#N)c3cccc4c5cccc6c(C=C(C#N)C#N)cc1c(c65)c2c34,0,2.1797,0.9126000000000001
5645,chromo3778,CCCCCCCCCCCCC(CCCCCCCCCC)Cn1c2cc(C=CC=C(C#N)C#N)c3cccc4c5cccc6c(C=CC=C(C#N)C#N)cc1c(c65)c2c34,0,1.995,0.9298000000000002
5650,chromo3779,Cc1cc(C(F)(F)F)nc2c1ccc1nc(-c3ccc(F)c(F)c3)cn12,0,3.1272,0.7386000000000004
5655,chromo3780,Cc1cc(C(F)(F)F)nc2c1ccc1nc(-c3ccc(Cl)cc3)cn12,0,3.1099,0.7286000000000001
5659,chromo3781,Cc1cc(-c2ccccc2)nc2c1ccc1nc(-c3ccccc3)cn12,0,3.1162,0.7678000000000003
5684,chromo3804,Oc1ccccc1-c1nc2c(c3c1-c1ccccc1CC3)-c1ccccc1CC2,0,3.4164,0.8474999999999997
5685,chromo3805,F[B-]1(F)Oc2ccccc2-c2c3c(c4c([n+]21)CCc1ccccc1-4)CCc1ccccc1-3,0,3.2874,0.7570999999999999
5686,chromo3806,Oc1ccc2ccccc2c1-c1nc2c(c3c1-c1ccccc1CC3)-c1ccccc1CC2,0,3.2043,0.8010999999999999
5687,chromo3807,F[B-]1(F)Oc2ccc3ccccc3c2-c2c3c(c4c([n+]21)CCc1ccccc1-4)CCc1ccccc1-3,0,3.0182,0.7370000000000001
5688,chromo3808,CCOc1cccc(-c2nc3c(c4c2-c2ccccc2CC4)-c2ccccc2CC3)c1O,0,3.8665,0.9737999999999998
5689,chromo3809,CCOc1cccc2c1O[B-](F)(F)[n+]1c3c(c4c(c1-2)-c1ccccc1CC4)-c1ccccc1CC3,0,3.009,0.4948999999999999
5690,chromo3810,O=[N+]([O-])c1ccc(O)c(-c2nc3c(c4c2-c2ccccc2CC4)-c2ccccc2CC3)c1,0,3.4668,0.8704000000000001
5691,chromo3811,O=[N+]([O-])c1ccc2c(c1)-c1c3c(c4c([n+]1[B-](F)(F)O2)CCc1ccccc1-4)CCc1ccccc1-3,0,3.3724,0.8030999999999997
5692,chromo3812,Oc1ccc(Br)cc1-c1nc2c(c3c1-c1ccccc1CC3)-c1ccccc1CC2,0,3.3447,0.7938000000000001
5693,chromo3813,F[B-]1(F)Oc2ccc(Br)cc2-c2c3c(c4c([n+]21)CCc1ccccc1-4)CCc1ccccc1-3,0,3.1949,0.6934
5694,chromo3814,CCCCC(CC)Cn1c2cc(C#N)ccc2c2ccc(C#Cc3ccc4ccc5cccc6ccc3c4c56)cc21,1,3.2038,1.2568000000000001
5695,chromo3815,CCCCC(CC)Cn1c2cc(C#N)ccc2c2ccc(C#Cc3ccc4ccc5c(C#Cc6ccc7c8ccc(C#N)cc8n(CC(CC)CCCC)c7c6)ccc6ccc3c4c65)cc21,1,2.5177,0.9102000000000001
5696,chromo3816,CCCCC(CC)Cn1c2cc(C#N)ccc2c2ccc(C#Cc3ccc4ccc5ccc(C#Cc6ccc7c8ccc(C#N)cc8n(CC(CC)CCCC)c7c6)c6ccc3c4c56)cc21,1,2.5144,0.8949000000000003
5697,chromo3819,CCCCn1c2ccccc2c2cc(C#Cc3ccc4ccc5cccc6ccc3c4c56)ccc21,1,2.9546,1.1275000000000002
5698,chromo3820,CCCCn1c2ccccc2c2ccc(C#Cc3ccc4ccc5cccc6ccc3c4c56)cc21,1,2.9509,1.1351999999999998
5699,chromo3821,Brc1cc(C=Cc2ccc(N(c3ccccc3)c3ccccc3)cc2)c(Br)cc1C=Cc1ccc(N(c2ccccc2)c2ccccc2)cc1,1,2.5273,0.8078999999999998
5700,chromo3822,C(=Cc1cc(-c2ccccc2)c(C=Cc2ccc(N(c3ccccc3)c3ccccc3)cc2)cc1-c1ccccc1)c1ccc(N(c2ccccc2)c2ccccc2)cc1,1,2.697,0.8188
5701,chromo3823,Cc1ccc(-c2cc(C=Cc3ccc(N(c4ccccc4)c4ccccc4)cc3)c(-c3ccc(C)cc3)cc2C=Cc2ccc(N(c3ccccc3)c3ccccc3)cc2)cc1,1,2.7091,0.8269999999999997
5702,chromo3824,C(=Cc1cc(-c2ccc3ccccc3c2)c(C=Cc2ccc(N(c3ccccc3)c3ccccc3)cc2)cc1-c1ccc2ccccc2c1)c1ccc(N(c2ccccc2)c2ccccc2)cc1,1,2.6978,0.8061
5706,chromo3838,C(=Cc1ccc(C=Cc2ccc(N(c3ccccc3)c3ccccc3)cc2)c2nsnc12)c1ccc(N(c2ccccc2)c2ccccc2)cc1,0,1.9342,0.8169
5709,chromo3842,Oc1c(-c2nc3c4ccccc4c4ccccc4c3[nH]2)cc2c3c1CCCN3CCC2,0,3.421,0.8148
5714,chromo3843,Oc1cc(N(c2ccccc2)c2ccccc2)ccc1-c1nc2c3ccccc3c3ccccc3c2[nH]1,0,3.4295,0.7873000000000001
5719,chromo3844,Oc1cc2c(cc1-c1nc3c4ccccc4c4ccccc4c3[nH]1)c1ccccc1n2-c1ccccc1,0,3.4782,0.8134000000000001
5724,chromo3845,CCN(CC)c1ccc(-c2nc3c4ccc(-c5ccccc5)cc4c4cc(-c5ccccc5)ccc4c3[nH]2)c(O)c1,0,3.3199,0.8273999999999999
5729,chromo3846,Oc1c(-c2nc3c4ccc(-c5ccccc5)cc4c4cc(-c5ccccc5)ccc4c3[nH]2)cc2c3c1CCCN3CCC2,0,3.2656,0.7986
5734,chromo3847,Oc1cc(N(c2ccccc2)c2ccccc2)ccc1-c1nc2c3ccc(-c4ccccc4)cc3c3cc(-c4ccccc4)ccc3c2[nH]1,0,3.194,0.7559
5739,chromo3848,Oc1c(-c2nc3c4ccc(-c5ccccc5)cc4c4cc(-c5ccccc5)ccc4c3[nH]2)ccc2c1c1ccccc1n2-c1ccccc1,0,3.3669,0.8388
5765,chromo3856,C(=Cc1ccnc2ccccc12)c1ccc(C=Cc2ccnc3ccccc23)cc1,0,3.0296,1.1481
5782,chromo3867,C(=Cc1ccncn1)c1ccc(N(c2ccccc2)c2ccc(C=Cc3ccncn3)cc2)cc1,0,2.7449,0.7457999999999998
5783,chromo3868,CSc1nccc(C=Cc2ccc(N(c3ccccc3)c3ccc(C=Cc4ccnc(SC)n4)cc3)cc2)n1,0,2.7139,0.7155000000000002
5784,chromo3869,Brc1ccc(N(c2ccc(C=Cc3ccncn3)cc2)c2ccc(C=Cc3ccncn3)cc2)cc1,1,2.7687,0.7479
5785,chromo3870,C(=Cc1cnccn1)c1ccc(N(c2ccccc2)c2ccc(C=Cc3cnccn3)cc2)cc1,0,2.7209,0.7605999999999999
5787,chromo1106,COc1ccc(C2=[N+]3C(=Nc4c(-c5ccccc5)cc(-c5ccc(OC)cc5)n4[B-]3(F)F)C(c3ccccc3)=C2)cc1,0,2.0699,1.1966
5788,chromo3904,COc1ccc(C2=[N+]3C(=Nc4c(-c5ccccc5)c(Br)c(-c5ccc(OC)cc5)n4[B-]3(F)F)C(c3ccccc3)=C2Br)cc1,0,2.0433,1.1341999999999999
5789,chromo3905,COc1ccc2cc(C3=[N+]4C(=Nc5c(-c6ccccc6)cc(-c6ccc7cc(OC)ccc7c6)n5[B-]4(F)F)C(c4ccccc4)=C3)ccc2c1,0,1.9138,1.056
5790,chromo3906,COc1ccc2cc(C3=[N+]4C(=Nc5c(-c6ccccc6)cc(-c6ccc7cc(OC)ccc7c6)n5[B-]4(F)F)C(c4ccccc4)=C3Br)ccc2c1,0,1.9011,1.0224
5791,chromo3907,COc1ccc(C2=[N+]3C(=Nc4c(-c5ccc6ccccc6c5)cc(-c5ccc(OC)cc5)n4[B-]3(F)F)C(c3ccc4ccccc4c3)=C2)cc1,0,1.9629,1.11
5792,chromo3908,COc1ccc(C2=[N+]3C(=Nc4c(-c5ccc6ccccc6c5)c(Br)c(-c5ccc(OC)cc5)n4[B-]3(F)F)C(c3ccc4ccccc4c3)=C2Br)cc1,0,1.9611,1.0602
5793,chromo3909,COc1ccc2cc(C3=[N+]4C(=Nc5c(-c6ccc7ccccc7c6)cc(-c6ccc7cc(OC)ccc7c6)n5[B-]4(F)F)C(c4ccc5ccccc5c4)=C3)ccc2c1,0,1.8485,1.0104000000000002
5794,chromo3910,COc1ccc2cc(C3=[N+]4C(=Nc5c(-c6ccc7ccccc7c6)c(Br)c(-c6ccc7cc(OC)ccc7c6)n5[B-]4(F)F)C(c4ccc5ccccc5c4)=C3Br)ccc2c1,0,1.8439,0.9494000000000001
5802,chromo3926,COC(=O)C=Cc1ccc2ccc3cccc4ccc1c2c34,1,3.1683,1.3379999999999999
5807,chromo3927,N#CC=Cc1ccc2ccc3cccc4ccc1c2c34,1,3.1697,1.3544000000000003
5814,chromo3962,c1ccn(-c2ccc(-c3cc(-c4ccc(-n5cccc5)cc4)cc(-c4ccc(-n5cccc5)cc4)c3)cc2)c1,0,4.0187,1.0682
5815,chromo3963,C=CCN(CC=C)c1ccc(-c2cc(-c3ccc(N(CC=C)CC=C)cc3)cc(-c3ccc(N(CC=C)CC=C)cc3)c2)cc1,1,3.8597,0.9827000000000004
5872,chromo4015,Oc1ccccc1C=Nc1ccc(Cn2cncn2)cc1,1,3.6041,1.0347999999999997
5879,chromo4019,CCCN1c2ccccc2Sc2cc(C3=C4C=CC=[N+]4[B-](F)(F)n4cccc43)ccc21,0,2.3199,0.6778000000000002
5880,chromo4020,CCCN1c2ccc(C3=C4C=CC=[N+]4[B-](F)(F)n4cccc43)cc2Sc2cc(C3=C4C=CC=[N+]4[B-](F)(F)n4cccc43)ccc21,0,2.3834,0.7623
5881,chromo4021,CCCN1c2ccccc2Sc2cc(C#CC3=C4C=CC=[N+]4[B-](F)(F)n4cccc43)ccc21,0,2.2617,0.8037999999999998
5882,chromo4022,CCCN1c2ccc(C#CC3=C4C=CC=[N+]4[B-](F)(F)n4cccc43)cc2Sc2cc(C#CC3=C4C=CC=[N+]4[B-](F)(F)n4cccc43)ccc21,0,2.2655,0.8469999999999998
5883,chromo4023,C(=Cc1cnc2ccccc2n1)c1cnccn1,0,3.2345,1.1857000000000002
5885,chromo4024,C(=Cc1cnccn1)c1ccc2nccnc2c1,0,3.4455,1.3096999999999999
5901,chromo4053,Cc1c(C)c(-c2cccnc2)c(C)c(C)c1B(c1c(C)c(C)c(-c2cccnc2)c(C)c1C)c1c(C)c(C)c(-c2cccnc2)c(C)c1C,1,3.6785,0.5285000000000002
5902,chromo4054,Cc1c(C)c(-c2ccc(-c3cccnc3)cc2)c(C)c(C)c1B(c1c(C)c(C)c(-c2ccc(-c3cccnc3)cc2)c(C)c1C)c1c(C)c(C)c(-c2ccc(-c3cccnc3)cc2)c(C)c1C,1,3.6915,0.5329000000000002
5904,chromo4058,CN(CCO)c1ccc(C=CC2=C(C#N)C(C(C#N)C#N)OC2(C)C)cc1,1,3.1195,1.2937999999999998
5916,chromo4065,COc1cc(OC)cc(-c2nnc(-c3ccc(-c4nnc(-c5cc(OC)cc(OC)c5)o4)cc3)o2)c1,1,3.4644,0.9847999999999999
5919,chromo4066,COc1cc(OC)cc(-c2nnc(-c3cccc(-c4nnc(-c5cc(OC)cc(OC)c5)o4)c3)o2)c1,1,3.742,1.0371000000000001
5922,chromo4067,COc1cc(OC)cc(-c2nnc(-c3cc(-c4nnc(-c5cc(OC)cc(OC)c5)o4)cc(-c4nnc(-c5cc(OC)cc(OC)c5)o4)c3)o2)c1,1,3.5467,0.9626999999999999
5924,chromo4068,O=c1oc2ccccc2cc1-c1ccc(-c2ccc(-c3cc4ccccc4oc3=O)cc2)cc1,1,3.2234,0.9400999999999997
5925,chromo4069,CCN(CC)c1ccc2cc(-c3ccc(-c4ccc(-c5cc6ccccc6oc5=O)cc4)cc3)c(=O)oc2c1,1,2.9001,0.7150000000000003
5926,chromo4070,CCN(CC)c1ccc2cc(-c3ccc(-c4ccc(-c5cc6ccc(N(CC)CC)cc6oc5=O)cc4)cc3)c(=O)oc2c1,1,3.0095,0.8456999999999999
5928,chromo4071,COc1ccc(C2=CC(c3ccc4cc(N(C)C)ccc4c3)=[O+][B-](F)(F)O2)cc1,1,2.8053,0.6600999999999999
5933,chromo4072,CN(C)c1ccc2cc(C3=[O+][B-](F)(F)OC(c4ccccc4)=C3)ccc2c1,1,2.7599,0.6574
5938,chromo4073,CN(C)c1ccc2cc(C3=[O+][B-](F)(F)OC(c4ccc(C#N)cc4)=C3)ccc2c1,1,2.5337,0.5726
5943,chromo4074,CC1=CC(c2ccc3cc(N(C)C)ccc3c2)=[O+][B-](F)(F)O1,1,2.9992,0.8104
5948,chromo4081,CCN(CC)c1ccc2cc(C=CC(=C(C#N)C#N)c3ccc(N(c4ccccc4)c4ccccc4)cc3)c(=O)oc2c1,1,2.0616,0.5526
5950,chromo4082,CCN(CC)c1ccc2cc(C(Cl)=CC=CC(=C(C#N)C#N)c3ccc(N(c4ccccc4)c4ccccc4)cc3)c(=O)oc2c1,1,2.083,0.5606000000000002
5952,chromo4083,CCN(CC)c1ccc2cc(C=CC(=C(C#N)C#N)c3ccc4c(c3)c3ccccc3n4CC)c(=O)oc2c1,1,2.4256,0.9114000000000002
5954,chromo4084,CCN(CC)c1ccc2cc(C(Cl)=CC=CC(=C(C#N)C#N)c3ccc4c(c3)c3ccccc3n4CC)c(=O)oc2c1,1,2.3804,1.0488
5957,chromo4085,CC(=O)c1ccc(N=Nc2ccc(Nc3ccccc3)cc2)cc1,1,2.4877,0.7000999999999997
5962,chromo4094,O=c1c2ccccc2nc2ccccn12,0,3.4037,1.1634000000000002
5963,chromo4095,O=c1c2cc(C#Cc3ccccc3)ccc2nc2ccc(C#Cc3ccccc3)cn12,0,2.9499,0.9572
5964,chromo4096,COc1ccc(C#Cc2ccc3nc4ccc(C#Cc5ccc(OC)cc5)cn4c(=O)c3c2)cc1,0,2.867,0.9112
5965,chromo4097,O=c1c2cc(C#Cc3ccc(Cl)cc3)ccc2nc2ccc(C#Cc3ccc(Cl)cc3)cn12,0,2.944,0.9498
5966,chromo4098,Cc1ccc(C#Cc2ccc3nc4ccc(C#Cc5ccc(C)cc5)cn4c(=O)c3c2)cc1,0,2.9246,0.9453999999999998
5967,chromo4099,CCCc1ccc(C#Cc2ccc3nc4ccc(C#Cc5ccc(CCC)cc5)cn4c(=O)c3c2)cc1,0,2.9251,0.9449000000000001
5968,chromo4100,CCCCc1ccc(C#Cc2ccc3nc4ccc(C#Cc5ccc(CCCC)cc5)cn4c(=O)c3c2)cc1,0,2.9245,0.9446000000000001
5984,chromo4106,CN(C)c1ccc2c3c(ccc2c1)C(=O)CCC3,0,3.565,1.0981
5987,chromo4107,CC(C)CCCCN1CCc2c1ccc1c3c(ccc21)C(=O)CCC3,0,3.3713,1.0381
5990,chromo4108,CN(C)c1ccc2c3c(ccc2c1)CCCC3=O,0,3.023,0.8056000000000001
5993,chromo4109,CC(C)CCCCN1CCc2c1ccc1c3c(ccc21)CCCC3=O,0,2.6616,0.7156
5997,chromo4110,CCCCCCc1ccc(-n2c3[n+](c4c5ccccc5c5ccccc5c42)[B-](C)(C)c2ccccc2-3)cc1,0,3.6975,0.9413999999999998
6001,chromo4111,CCCCCCc1ccc(-n2c3[n+](c4c5ccccc5c5ccccc5c42)[B-](C)(C)c2ccc4ccccc4c2-3)cc1,0,3.3528,0.98
6005,chromo4112,CCCCCCc1ccc(-n2c3[n+](c4c5ccccc5c5ccccc5c42)[B-](C)(C)c2cc(-n4c5ccccc5c5ccccc54)ccc2-3)cc1,0,3.2565,0.5804
6009,chromo4113,CCCCCCc1ccc(-n2c3[n+](c4c5ccccc5c5ccccc5c42)[B-](C)(C)c2cc(N(c4ccccc4)c4ccccc4)ccc2-3)cc1,0,3.1666,0.6450999999999998
6051,chromo4140,Brc1ccc(-c2nc(-c3ccc(C#Cc4ccc(-n5c6ccccc6c6ccccc65)cc4)cc3)nc(-c3ccc(C#Cc4ccc(-n5c6ccccc6c6ccccc65)cc4)cc3)n2)cc1,1,2.7497,0.48009999999999975
6061,chromo4151,CCC1(CC)c2cc(C=Cc3ccc(C=Cc4ccc5c(c4)C(CC)(CC)c4cc(N6c7ccccc7Sc7ccccc76)ccc4-5)cc3)ccc2-c2ccc(N3c4ccccc4Sc4ccccc43)cc21,0,2.526,0.7813999999999999
6062,chromo4152,CCC1(CC)c2cc(C=Cc3cc(Br)c(C=Cc4ccc5c(c4)C(CC)(CC)c4cc(N6c7ccccc7Sc7ccccc76)ccc4-5)cc3Br)ccc2-c2ccc(N3c4ccccc4Sc4ccccc43)cc21,0,2.3475,0.5699000000000001
6091,chromo4165,CN(C)C=Nc1ccc2c3c(cccc13)C(=O)c1ccccc1-2,0,2.8425,0.9847999999999999
6092,chromo4166,CCN(CC)C(C)=Nc1ccc2c3c(cccc13)C(=O)c1ccccc1-2,0,2.7949,0.9624000000000001
6093,chromo4167,O=C1c2ccccc2-c2ccc(N3CCOCC3)c3cccc1c23,0,2.8956,0.9785999999999999
6098,chromo0130,Nc1ccc2c3cccc4cccc(c5cccc1c52)c43,0,2.644,1.197
6111,chromo4168,CCN1c2ccc(C=NNc3ccccn3)cc2Sc2cc(-c3ccccc3)ccc21,0,3.2101,0.9726000000000004
6112,chromo4169,CCN1c2ccc(C=NNc3ccccn3)cc2Sc2cc(-c3ccc(C#N)cc3)ccc21,0,3.029,0.7915999999999999
6113,chromo4170,CCN1c2ccc(C=NNc3ccccn3)cc2Sc2cc(-c3cccc4ccccc34)ccc21,0,3.2079,0.9683999999999999
6114,chromo4171,CCN1c2ccc(C=NNc3ccccn3)cc2Sc2cc(-c3ccc(OC)cc3)ccc21,0,3.1937,0.9563000000000001
6115,chromo4172,CCN1c2ccc(C=NNc3ccccn3)cc2Sc2cc(C=NNc3ccccn3)ccc21,0,3.0155,0.8300999999999998
6122,chromo4174,COc1ccc2nc(N)sc2c1,1,4.2718,0.9362999999999997
6124,chromo4175,Nc1nc2ccc([N+](=O)[O-])cc2s1,1,3.7777,0.9491
6126,chromo4178,COc1ccc2nc(N=Nc3ccc(N(C)C)cc3)sc2c1,1,2.6232,1.0195000000000003
6128,chromo4179,CCN(CC)c1ccc(N=Nc2nc3ccc(OC)cc3s2)cc1,1,2.6292,1.0451
6130,chromo4180,CCN(CC)c1ccc(N=Nc2nc3ccc([N+](=O)[O-])cc3s2)cc1,1,2.515,0.9387000000000001
6132,chromo4181,CCN(CC)c1ccc(N=Nc2nc3ccc(Br)cc3s2)cc1,1,2.5922,0.9785000000000001
6134,chromo4182,CCOC(=O)c1ccc2nc(N=Nc3ccc(N(CC)CC)cc3)sc2c1,1,2.5552,0.9405000000000001
6166,chromo4205,F[B-]1(F)OC(c2ccccc2)=Cc2cccc[n+]21,0,3.5309,1.1242999999999999
6167,chromo1451,F[B-]1(F)OC(c2ccccc2)=Cc2ccc3ccccc3[n+]21,0,3.2098,1.0017999999999998
6168,chromo4206,Cc1cccc(C)c1N1C(c2ccccc2)=Cc2cccc[n+]2[B-]1(F)F,0,3.3458,1.0062000000000002
6169,chromo4207,Cc1cccc(C)c1N1C(c2ccccc2)=Cc2ccc3ccccc3[n+]2[B-]1(F)F,0,3.1038,0.9934000000000003
6170,chromo4208,CC(C)c1cccc(C(C)C)c1N1C(c2ccccc2)=Cc2ccc3ccccc3[n+]2[B-]1(F)F,0,3.0919,0.9971999999999999
6178,chromo4212,F[B-]1(F)n2c(c3cccc4cccc2c43)=Nc2cccc[n+]21,0,2.8773,1.0148
6179,chromo4213,Cc1cccc2[n+]1[B-](F)(F)n1c(c3cccc4cccc1c43)=N2,0,2.8658,1.0070000000000001
6180,chromo4214,F[B-]1(F)n2c(c3cccc4cccc2c43)=Nc2cccc(Cl)[n+]21,0,2.8334,0.9894000000000001
6181,chromo4215,F[B-]1(F)n2c(c3cccc4cccc2c43)=Nc2ccc3ccccc3[n+]21,0,2.7485,0.9276
6182,chromo4216,Cc1csc2[n+]1[B-](F)(F)n1c(c3cccc4cccc1c43)=N2,0,2.8582,1.0216
6183,chromo4217,F[B-]1(F)n2c(c3cccc4cccc2c43)=Nc2sc3ccccc3[n+]21,0,2.8186,0.9555
6184,chromo4218,CC(C)(C)c1ccc2c(c1)sc1[n+]2[B-](F)(F)n2c(c3cccc4cccc2c43)=N1,0,2.7878,0.9370999999999998
6185,chromo4219,CC(C)(C)c1ccc2c(c1)sc1[n+]2[B-](F)(F)n2c(c3cccc4c(Br)ccc2c43)=N1,0,2.6836,0.8941000000000001
6186,chromo4220,N#CC1=c2c3cccc4cccc(c43)n2[B-](F)(F)[n+]2ccccc21,0,2.6713,1.0186
6187,chromo4221,N#CC1=c2c3cccc4c(Br)ccc(c43)n2[B-](F)(F)[n+]2ccccc21,0,2.5731,0.9774000000000003
6188,chromo4222,CC(C)(C)c1ccc2c(c1)sc1[n+]2[B-](F)(F)n2c(c3cccc4cccc2c43)=C1C#N,0,2.6058,0.9471999999999998
6189,chromo4223,CC(C)(C)c1ccc2c(c1)sc1[n+]2[B-](F)(F)n2c(c3cccc4c(Br)ccc2c43)=C1C#N,0,2.5134,0.9129999999999998
6190,chromo4224,CCCCCCCCCCCCNc1cccc2[n+]1[B-](F)(F)n1c(c3cccc4cccc1c43)=N2,0,2.7698,0.9761
6191,chromo4225,OCCSc1cccc2[n+]1[B-](F)(F)n1c(c3cccc4cccc1c43)=N2,0,2.7939,0.9491999999999998
6194,chromo4228,C[Si](C)(C)c1ccc(-c2nc3ccccc3n2-c2ccccc2)cc1,0,4.1699,1.1921000000000004
6195,chromo4229,C[Si](C)(c1ccc(-c2nc3ccccc3n2-c2ccccc2)cc1)c1ccc(-c2nc3ccccc3n2-c2ccccc2)cc1,0,4.0445,1.0825
6196,chromo4230,C[Si](c1ccc(-c2nc3ccccc3n2-c2ccccc2)cc1)(c1ccc(-c2nc3ccccc3n2-c2ccccc2)cc1)c1ccc(-c2nc3ccccc3n2-c2ccccc2)cc1,0,4.0556,1.1068000000000002
6197,chromo4231,c1ccc(-n2c(-c3ccc([Si](c4ccc(-c5nc6ccccc6n5-c5ccccc5)cc4)(c4ccc(-c5nc6ccccc6n5-c5ccccc5)cc4)c4ccc(-c5nc6ccccc6n5-c5ccccc5)cc4)cc3)nc3ccccc32)cc1,0,3.9716,1.0323000000000002
6205,chromo4237,CCN(CC)c1ccc2cc(-c3cc(SC)c(C#N)c(=O)o3)c(=O)oc2c1,1,2.8841,1.0239
6211,chromo4238,CSc1cc(-c2cc3cc4c5c(c3oc2=O)CCCN5CCC4)oc(=O)c1C#N,0,2.8297,1.0063
6215,chromo4242,C=CCNc1ccc2ccc3oc4cc(=O)ccc-4nc3c2c1,0,2.3854,1.098
6217,chromo4243,C#Cc1ccc(-c2nc(-c3ccc(C#C)s3)nc(-c3ccc(C#C)s3)n2)s1,0,3.251,1.0410999999999997
6298,chromo4343,c1ccc(-n2nc(-c3ccc(-c4ccc5c(c4)C(c4ccccc4)(c4ccccc4)c4ccccc4-5)cc3)nc2-c2ccccn2)cc1,0,3.6664,0.9792999999999998
6299,chromo4344,c1ccc(N(c2ccccc2)c2ccc(-c3ccc(-c4nc(-c5ccccn5)n(-c5ccccc5)n4)cc3)cc2)cc1,1,3.2261,0.5539000000000001
6300,chromo4345,CCCc1ccc(C#Cc2cc(C#Cc3ccc(CCC)cc3)c3ccc4c(C#Cc5ccc(CCC)cc5)cc(C#Cc5ccc(CCC)cc5)c5ccc2c3c54)cc1,1,2.3349,0.9601000000000002
6301,chromo4346,CCCc1ccc(C#Cc2cc(C#Cc3ccc(CCC)cc3)c3ccc4c(C#Cc5ccc(N(C)C)cc5)cc(C#Cc5ccc(CCC)cc5)c5ccc2c3c54)cc1,1,2.241,0.8855000000000002
6302,chromo4347,CCCc1ccc(C#Cc2cc(C#Cc3ccc(N(C)C)cc3)c3ccc4c(C#Cc5ccc(N(C)C)cc5)cc(C#Cc5ccc(CCC)cc5)c5ccc2c3c54)cc1,1,2.2041,0.8618999999999999
6303,chromo4348,CCCc1ccc(C#Cc2cc(C#Cc3ccc(N(C)C)cc3)c3ccc4c(C#Cc5ccc(N(C)C)cc5)cc(C#Cc5ccc(N(C)C)cc5)c5ccc2c3c54)cc1,1,2.1942,0.8578999999999999
6304,chromo4349,Cc1ccc(N(c2ccc(C)cc2)c2ccc(Oc3nnc(Cl)nn3)cc2)cc1,1,1.4579,0.10060000000000002
6305,chromo4350,Clc1nnc(Oc2ccc(N(c3ccc(Br)cc3)c3ccc(Br)cc3)cc2)nn1,0,1.7083,0.30159999999999987
6306,chromo4351,Clc1nnc(Oc2ccc(N(c3ccccc3)c3ccccc3)cc2)nn1,0,1.5658,0.17870000000000008
6307,chromo4352,Clc1nnc(ON=Cc2ccc(N(c3ccc(Br)cc3)c3ccc(Br)cc3)cc2)nn1,0,2.1684,0.7418
6308,chromo4353,Clc1nnc(ON=Cc2ccc(N(c3ccccc3)c3ccccc3)cc2)nn1,0,2.0462,0.6199999999999999
6310,chromo4363,O=S(=O)(c1ccccc1)c1ccc(-c2ccc3c(c2)c2cc(-c4ccc(S(=O)(=O)c5ccccc5)cc4)ccc2n3-c2ccccc2)cc1,1,3.635,0.6952999999999996
6313,chromo4364,O=S(=O)(c1ccccc1)c1ccc(-c2ccc3c4ccc(-c5ccc(S(=O)(=O)c6ccccc6)cc5)cc4n(-c4ccccc4)c3c2)cc1,1,3.4402,0.7168000000000001
6317,chromo4367,CCCCn1c2ccc(C=C(C#N)c3ccc([N+](=O)[O-])cc3)cc2c2cc(Cn3c(-c4ccc5c(c4)c4ccccc4n5CCCC)nc4ccccc43)ccc21,1,2.5187,0.47650000000000015
6324,chromo4370,O=c1c2ccccc2nc2ccc(-c3ccc(N(c4ccccc4)c4ccccc4)cc3)cn12,0,2.937,0.819
6325,chromo4371,O=c1c2ccccc2nc2ccc(-c3ccc(-c4ccc(N(c5ccccc5)c5ccccc5)cc4)cc3)cn12,0,2.9289,0.7772999999999999
6326,chromo4372,COc1ccc(N(c2ccc(OC)cc2)c2ccc(-c3ccc4nc5ccccc5c(=O)n4c3)cc2)cc1,0,2.7418,0.6528999999999998
6327,chromo4373,COc1ccc(N(c2ccc(OC)cc2)c2ccc(-c3ccc(-c4ccc5nc6ccccc6c(=O)n5c4)cc3)cc2)cc1,0,2.6987,0.5599000000000003
6328,chromo4374,C[Si](C)(C)C#Cc1cc(C#C[Si](C)(C)C)c2ccc3c(C(=O)c4ccccc4)cc(C#C[Si](C)(C)C)c4ccc1c2c43,1,2.695,1.1340999999999999
6329,chromo4375,CCCCCC#Cc1cc(C#CCCCCC)c2ccc3c(C(=O)c4ccccc4)cc(C#CCCCCC)c4ccc1c2c43,1,2.693,1.113
6330,chromo4376,CCCCCc1ccc(C#Cc2cc(C#Cc3ccc(CCCCC)cc3)c3ccc4c(C(=O)c5ccccc5)cc(C#Cc5ccc(CCCCC)cc5)c5ccc2c3c54)cc1,1,2.3774,0.9472000000000003
6359,chromo4383,CC(C)(C)c1ccc(-c2cc3c4c(c2)CCc2cc(-c5ccc(C(C)(C)C)cc5)cc(c2-4)CC3)cc1,0,3.67,1.0648
6360,chromo4384,COc1ccc(-c2cc3c4c(c2)CCc2cc(-c5ccc(OC)cc5)cc(c2-4)CC3)cc1,0,3.6257,1.0342000000000002
6361,chromo4385,Fc1ccc(-c2cc3c4c(c2)CCc2cc(-c5ccc(F)cc5)cc(c2-4)CC3)cc1,0,3.7274,1.1031
6362,chromo4386,CC(C)(C)c1ccc(-c2cc3ccc4cc(-c5ccc(C(C)(C)C)cc5)cc5ccc(c2)c3c45)cc1,1,3.3873,1.2721
6363,chromo4387,COc1ccc(-c2cc3ccc4cc(-c5ccc(OC)cc5)cc5ccc(c2)c3c45)cc1,1,3.3098,1.1947999999999999
6364,chromo4388,Fc1ccc(-c2cc3ccc4cc(-c5ccc(F)cc5)cc5ccc(c2)c3c45)cc1,1,3.4074,1.2919999999999998
6377,chromo4389,CCC(C)COc1ccc(C2=C3C(C)=CC(C)=[N+]3[B-](F)(F)n3c(C)cc(C)c32)cc1,1,3.0314,1.51
6378,chromo4391,CCC(C)COc1ccc(C2=C3C(C)=C(c4ccc5ccc6cccc7ccc4c5c67)C(C)=[N+]3[B-](F)(F)n3c(C)c(-c4ccc5ccc6cccc7ccc4c5c67)c(C)c32)cc1,1,2.4224,0.9255000000000002
6411,chromo4433,CN1c2ccc(C(=O)c3ccccc3)cc2Sc2cc(C(=O)c3ccccc3)ccc21,0,3.0306,0.4912000000000001
6436,chromo4453,c1ccc2c(c1)c1ccccc1c1ncncc21,0,3.9615,1.0361000000000002
6437,chromo4454,CC(C)(C)c1ccc2c3ccccc3c3cncnc3c2c1,0,3.8968,0.9865999999999997
6439,chromo4455,COc1cc2c3ccccc3c3cncnc3c2c(OC)c1OC,0,3.8158,0.9573
6441,chromo4456,c1ccc2c(c1)sc1c3ccccc3c3ncncc3c21,0,3.5712,0.9637000000000002
6442,chromo4457,CC(C)(C)c1ccc2c(c1)c1ncncc1c1c3ccccc3sc21,0,3.52,0.9260999999999999
6443,chromo4458,COc1cc2c3sc4ccccc4c3c3cncnc3c2c(OC)c1OC,0,3.5397,0.9752000000000001
6445,chromo4459,c1ccc2c(c1)c1ccccc1c1ccccc21,0,4.0113,1.1530000000000005
6447,chromo4460,CCN1c2ccccc2Sc2cc(C=C(C#N)c3ccccc3)ccc21,0,2.8521,0.8405
6454,chromo4461,CCN1c2ccc(C=C(C#N)c3ccccc3)cc2Sc2cc(C=C(C#N)c3ccccc3)ccc21,0,2.6662,0.6995
6460,chromo4462,CCn1c2ccccc2c2cc(C=C(C#N)c3ccccc3)ccc21,1,3.3744,1.2016
6462,chromo4463,CCn1c2ccc(C=C(C#N)c3ccccc3)cc2c2cc(C=C(C#N)c3ccccc3)ccc21,1,3.0135,0.9151000000000002
6474,chromo4492,Cc1cc(C2=C(c3cc(C)sc3C)S(=O)(=O)c3ccccc32)c(C)s1,0,3.2689,0.9756
6476,chromo4493,CCN(CC)c1ccc(Nc2cc3oc(-c4ccc(C#N)cc4)nc3c3ccccc23)cc1,0,2.8183,0.7688999999999999
6481,chromo4499,c1ccc(-c2cc(-c3ccc(N(c4ccccc4)c4ccccc4)cc3)cc(-c3ccccc3)n2)cc1,1,3.3879,0.6398999999999999
6484,chromo4504,CN(C)c1ccc(-c2cccc3nsnc23)cc1,0,2.4836,0.6787000000000001
6485,chromo4505,c1cc(-c2ccc(-n3c4ccccc4c4ccccc43)cc2)c2nsnc2c1,1,2.4992,0.5145000000000002
6486,chromo4506,C(#Cc1cccc2nsnc12)c1ccc(-n2c3ccccc3c3ccccc32)cc1,1,2.4861,0.7233
6495,chromo4510,N#CC(C#N)=Cc1cn(-c2ccccc2)nc1-c1ccccc1,0,3.4158,1.0756999999999999
6500,chromo4511,CCOC(=O)C(C#N)=Cc1cn(-c2ccccc2)nc1-c1ccccc1,0,3.5077,1.0349
6505,chromo4512,N#CC(C#N)=C(C=Cc1cn(-c2ccccc2)nc1-c1ccccc1)c1ccccc1,0,3.063,1.2657000000000003
6510,chromo4513,N#CC(=Cc1cn(-c2ccccc2)nc1-c1ccccc1)c1nc2ccccc2s1,1,3.1521,1.1128999999999998
6515,chromo4514,CC1=NN(c2ccccc2)C(=O)C1=Cc1cn(-c2ccccc2)nc1-c1ccccc1,0,2.5404,0.7748999999999999
6520,chromo4515,O=C(C=Cc1cn(-c2ccccc2)nc1-c1ccccc1)c1c(O)c2ccccc2oc1=O,1,3.1068,0.8195999999999999
6525,chromo4516,CC1(C)CC(C=Cc2cn(-c3ccccc3)nc2-c2ccccc2)=CC(=C(C#N)C#N)C1,0,2.8968,1.3640999999999999
6527,chromo4517,CCN1c2ccc(-c3cc(C(F)(F)F)[nH]n3)cc2Sc2cc(-c3cc(C(F)(F)F)[nH]n3)ccc21,0,3.458,0.6701000000000001
6530,chromo4518,CCN1c2ccc(-c3cc(-c4ccccc4)[nH]n3)cc2Sc2cc(-c3cc(-c4ccccc4)[nH]n3)ccc21,0,3.4732,0.6804999999999999
6533,chromo4519,CCN1c2ccc(C3=CC(c4ccccc4)=[O+][B-](F)(F)O3)cc2Sc2cc(C3=CC(c4ccccc4)=[O+][B-](F)(F)O3)ccc21,0,2.572,0.3740000000000001
6534,chromo4523,CCCCCCCCOc1ccc(C#Cc2ccc3oc4ccccc4c3c2)c(OCCCCCCCC)c1,0,3.7911,1.0705
6535,chromo4524,CCCCCCCCOc1ccc(C#Cc2ccc3c(c2)c2ccccc2n3CCCCCCCC)c(OCCCCCCCC)c1,1,3.648,0.8827000000000003
6572,chromo4545,Cc1cc(C)c(B(c2ccc(-c3ccc(-c4nc5c6ccccc6c6ccccc6c5[nH]4)cc3)cc2)c2c(C)cc(C)cc2C)c(C)c1,0,3.0159,0.5914999999999999
6575,chromo4546,Cc1cc(C)c(B(c2ccc(-c3nc4c5ccccc5c5ccccc5c4[nH]3)cc2)c2c(C)cc(C)cc2C)c(C)c1,0,3.0284,0.6431999999999998
6580,chromo4547,Fc1ccc(-c2nc3n(c2-c2ccncc2)CCS3)cc1,0,3.6045,0.8847999999999998
6587,chromo4552,c1ccc(N(c2ccccc2)c2ccc(-n3ccc4cc(-c5ccc(C6(c7ccccc7)c7ccccc7-c7ccccc76)cc5)ccc43)cc2)cc1,0,3.7622,0.7505999999999999
6588,chromo4553,c1ccc(-n2c3ccccc3c3cc(-n4ccc5cc(-c6ccc(C7(c8ccccc8)c8ccccc8-c8ccccc87)cc6)ccc54)ccc32)cc1,1,3.6082,0.5771000000000002
6589,chromo4554,c1ccc(N(c2ccccc2)c2ccc(-n3ccc4cc(-c5cccc6c5-c5ccccc5C6(c5ccccc5)c5ccccc5)ccc43)cc2)cc1,0,3.7724,0.7975000000000003
6590,chromo4555,c1ccc(-n2c3ccccc3c3cc(-n4ccc5cc(-c6cccc7c6-c6ccccc6C7(c6ccccc6)c6ccccc6)ccc54)ccc32)cc1,1,3.6406,0.6656
6591,chromo4556,c1ccc(N(c2ccccc2)c2ccc(-n3ccc4cc(-c5ccc6c(c5)C(c5ccccc5)(c5ccccc5)c5ccccc5-6)ccc43)cc2)cc1,0,3.658,0.8607
6592,chromo4557,c1ccc(-n2c3ccccc3c3cc(-n4ccc5cc(-c6ccc7c(c6)C(c6ccccc6)(c6ccccc6)c6ccccc6-7)ccc54)ccc32)cc1,1,3.595,0.8026
6593,chromo4567,c1cc(-c2ccc3sc4ccccc4c3c2)cc(-c2cc(-c3cccc(-c4ccc5sc6ccccc6c5c4)c3)ncn2)c1,0,3.5905,0.6316999999999999
6598,chromo4574,COc1cc(C=Cc2ccccn2)c(OC)cc1C=O,1,3.1423,1.1688
6602,chromo4575,COc1cc(C=Cc2ccncc2)c(OC)cc1C=O,1,3.1432,1.1444000000000003
6604,chromo4577,c1ccc(-c2c3ccccc3c(-c3ccc(-c4cccnc4)cc3)c3ccccc23)cc1,1,3.1609,1.4231999999999998
6605,chromo4578,c1cncc(-c2ccc(-c3c4ccccc4c(-c4ccc(-c5cccnc5)cc4)c4ccccc34)cc2)c1,1,3.1145,1.3872
6606,chromo4579,c1cncc(-c2ccc(-c3c4ccccc4c(-c4ccc(-c5cccnc5)cc4)c4cc(-c5cccnc5)ccc34)cc2)c1,1,3.029,1.3369
6607,chromo4580,c1cncc(-c2ccc(-c3c4ccc(-c5cccnc5)cc4c(-c4ccc(-c5cccnc5)cc4)c4ccc(-c5cccnc5)cc34)cc2)c1,1,2.9221,1.2702
6608,chromo4581,CCCCCCc1ccsc1-c1ccc(-c2sc(C(=O)O)cc2CCCCCC)s1,0,3.3876,1.0739
6610,chromo4582,Cc1cc(C)c(-c2c3ccccc3c3ccc4cc5c(-c6c(C)cc(C)cc6C)c6ccccc6c6ccc7cc2c3c4c7c56)c(C)c1,0,1.914,1.3332
6614,chromo4583,Cc1ccc(-c2c3nc(c(-c4ccc(C)cc4)c4ccc([nH]4)c(-c4ccc(OC(=O)C(C)c5ccccc5)cc4)c4nc(c(-c5ccc(C)cc5)c5ccc2[nH]5)C=C4)C=C3)cc1,0,2.1306,0.7803999999999998
6615,chromo4584,Cc1ccc(-c2c3nc(c(-c4ccc(C)cc4)c4ccc([nH]4)c(-c4ccc(OC(=O)C(C)c5ccc(CC(C)C)cc5)cc4)c4nc(c(-c5ccc(C)cc5)c5ccc2[nH]5)C=C4)C=C3)cc1,0,2.1303,0.7803
6616,chromo4585,Cc1ccc(-c2c3nc(c(-c4ccc(C)cc4)c4ccc([nH]4)c(-c4ccc(OC(=O)C(C)c5ccc(Oc6ccccc6)cc5)cc4)c4nc(c(-c5ccc(C)cc5)c5ccc2[nH]5)C=C4)C=C3)cc1,0,2.1304,0.7800999999999998
6617,chromo4586,Cc1ccc(-c2c3nc(c(-c4ccc(C)cc4)c4ccc([nH]4)c(-c4ccc(OC(=O)C(C)c5ccc(-c6ccccc6)c(F)c5)cc4)c4nc(c(-c5ccc(C)cc5)c5ccc2[nH]5)C=C4)C=C3)cc1,0,2.1307,0.7803
6618,chromo4587,Cc1ccc(-c2c3nc(c(-c4ccc(C)cc4)c4ccc([nH]4)c(-c4ccc(OC(=O)C(C)c5cccc(C(=O)c6ccccc6)c5)cc4)c4nc(c(-c5ccc(C)cc5)c5ccc2[nH]5)C=C4)C=C3)cc1,0,2.1435,0.7832999999999999
6619,chromo4588,COc1ccc2cc(C(C)C(=O)Oc3ccc(-c4c5nc(c(-c6ccc(C)cc6)c6ccc([nH]6)c(-c6ccc(C)cc6)c6nc(c(-c7ccc(C)cc7)c7ccc4[nH]7)C=C6)C=C5)cc3)ccc2c1,0,2.1304,0.7801999999999998
6622,chromo4596,COc1ccc(-c2cc3c(ccc4sccc43)s2)cc1,0,3.7363,1.2414999999999998
6623,chromo4597,c1ccc2c(-c3cc4c(ccc5sccc54)s3)cccc2c1,0,3.5617,1.1377000000000002
6624,chromo4598,N#Cc1ccc(-c2cc3c(ccc4sccc43)s2)cc1,0,3.4217,1.0790000000000002
6625,chromo4599,c1ccc2c(-c3cc4c(ccc5sc(-c6cccc7ccccc67)cc54)s3)cccc2c1,0,3.326,0.9813000000000001
6626,chromo4600,CC(=O)c1ccc(-c2cc3c(ccc4sccc43)s2)cc1,0,3.3609,1.0318
6627,chromo4601,COc1ccc(-c2cc3c(ccc4sc(C=Cc5cccs5)cc43)s2)cc1,0,2.9995,1.2581999999999998
6628,chromo4602,COc1ccc(-c2cc3c(ccc4sc5ccc6sccc6c5c43)s2)cc1,0,3.3629,0.9634999999999998
6629,chromo4603,COc1ccc(-c2cc3c(ccc4sc5ccc6sc(-c7ccc(C#N)cc7)cc6c5c43)s2)cc1,0,2.853,0.6226000000000003
6630,chromo4604,COc1ccc(-c2cc3c(ccc4sc5ccc6sc(-c7ccc(C(C)=O)cc7)cc6c5c43)s2)cc1,0,2.8548,0.6133000000000002
6631,chromo4605,C(=Cc1ccc(-c2cccc3ccccc23)s1)c1cccs1,1,3.0873,1.3648
6632,chromo4606,C(=Cc1ccc(-c2cccc3ccccc23)s1)c1ccc(-c2cccc3ccccc23)s1,1,2.8308,1.1965
6659,chromo4620,CCOC(=O)c1sc(-c2ccc(-c3cc(-c4ccc(C(C)(C)C)cc4)c(C(=O)OCC)s3)s2)cc1-c1ccc(C(C)(C)C)cc1,0,2.8911,1.1655999999999997
6660,chromo4621,CCOC(=O)c1sc(-c2ccc(-c3cc(-c4cccs4)c(C(=O)OCC)s3)s2)cc1-c1cccs1,0,2.8871,1.1444000000000003
6661,chromo4622,CCOC(=O)c1sc(-c2ccc(-c3cc(C4CC4)c(C(=O)OCC)s3)s2)cc1C1CC1,0,2.9208,1.1925
6662,chromo4623,CC(C)(C)c1ccc(-c2cc(-c3ccc(-c4cc(-c5ccc(C(C)(C)C)cc5)c(C#N)s4)s3)sc2C#N)cc1,1,2.9503,1.2004
6663,chromo4624,CC(C)(C)c1ccc(-c2cc(-c3ccc(-c4cc(-c5ccc(C(C)(C)C)cc5)c(C(=O)N5CCOCC5)s4)s3)sc2C(=O)N2CCOCC2)cc1,1,3.0827,1.2074
6664,chromo4625,O=C(c1sc(-c2ccc(-c3cc(-c4cccs4)c(C(=O)N4CCOCC4)s3)s2)cc1-c1cccs1)N1CCOCC1,0,3.1006,1.1907
6665,chromo4626,CC(C)(C)c1ccc(-c2cc(-c3ccc(-c4cc(-c5ccc(C(C)(C)C)cc5)c(C(=O)N5CCCCC5)s4)s3)sc2C(=O)N2CCCCC2)cc1,1,3.0716,1.2099000000000002
6666,chromo4627,CC(C)(C)c1ccc(-c2cc(-c3ccc(-c4cc(-c5ccc(C(C)(C)C)cc5)c(C(=O)N5CCCC5)s4)s3)sc2C(=O)N2CCCC2)cc1,1,2.9927,1.2022000000000002
6667,chromo4628,CC(C)(C)c1ccc(-c2cc(-c3ccc(-c4cc(-c5ccc(C(C)(C)C)cc5)c(C(=O)NCc5ccccc5)s4)s3)sc2C(=O)NCc2ccccc2)cc1,1,2.9147,1.1541
6668,chromo4629,O=C(NCc1ccccc1)c1sc(-c2ccc(-c3cc(C4CC4)c(C(=O)NCc4ccccc4)s3)s2)cc1C1CC1,1,2.9857,1.1684
6669,chromo4630,CC(C)(C)c1ccc(-c2cc(-c3ccc(-c4cc(-c5ccc(C(C)(C)C)cc5)c(C(=O)NCc5cccs5)s4)s3)sc2C(=O)NCc2cccs2)cc1,1,2.9081,1.1539000000000001
6670,chromo4631,COc1ccc(CCNC(=O)c2sc(-c3ccc(-c4cc(-c5ccc(C(C)(C)C)cc5)c(C(=O)NCCc5ccc(OC)c(OC)c5)s4)s3)cc2-c2ccc(C(C)(C)C)cc2)cc1OC,1,2.9644,1.1368
6671,chromo4632,CC(C)(C)c1ccc(-c2cc(-c3ccc(-c4cc(-c5ccc(C(C)(C)C)cc5)c(C(=O)NC5CCCCC5)s4)s3)sc2C(=O)NC2CCCCC2)cc1,1,2.9555,1.1564999999999999
6672,chromo4633,CCCCCCNC(=O)c1sc(-c2ccc(-c3cc(-c4ccc(C(C)(C)C)cc4)c(C(=O)NCCCCCC)s3)s2)cc1-c1ccc(C(C)(C)C)cc1,0,2.9554,1.1588
6673,chromo4634,CCCCNC(=O)c1sc(-c2ccc(-c3cc(-c4ccc(C(C)(C)C)cc4)c(C(=O)NCCCC)s3)s2)cc1-c1ccc(C(C)(C)C)cc1,0,2.9635,1.1618999999999997
6676,chromo4637,COc1ccc2cc(C(C)C(=O)O)ccc2c1,1,4.1358,1.3538999999999999
6678,chromo4638,C(=Cc1c2ccccc2cc2ccccc12)c1ccc(Oc2ccc3ccccc3c2-c2c(Oc3ccc(C=Cc4c5ccccc5cc5ccccc45)cc3)ccc3ccccc23)cc1,1,2.7627,1.1336000000000002
6679,chromo4639,C(=Cc1ccc(-c2ccccc2)cc1)c1ccc(Oc2ccc3ccccc3c2-c2c(Oc3ccc(C=Cc4ccc(-c5ccccc5)cc4)cc3)ccc3ccccc23)cc1,1,3.1834,0.9918999999999998
6680,chromo4640,C(=Cc1cccc2ccccc12)c1ccc(Oc2ccc3ccccc3c2-c2c(Oc3ccc(C=Cc4cccc5ccccc45)cc3)ccc3ccccc23)cc1,1,3.3786,1.2116000000000002
6688,chromo4668,N#CC(C#N)=C(C=Cc1ccc(N(c2ccccc2)c2ccccc2)cc1)c1ccccc1,1,2.5727,0.9647000000000001
6692,chromo4669,CCOC(=O)C(C#N)=C(C=Cc1ccc(N(c2ccccc2)c2ccccc2)cc1)c1ccccc1,1,2.6066,0.9487999999999999
6697,chromo4670,N#CC(C#N)=C(C=Cc1ccc(N(c2ccccc2)c2ccc(C=CC(=C(C#N)C#N)c3ccccc3)cc2)cc1)c1ccccc1,1,2.3419,0.7639999999999998
6702,chromo4671,CCOC(=O)C(C#N)=C(C=Cc1ccc(N(c2ccccc2)c2ccc(C=CC(=C(C#N)C(=O)OCC)c3ccccc3)cc2)cc1)c1ccccc1,1,2.3609,0.7430000000000001
6721,chromo4680,Cc1ccc2nc3cc4c(cc3c(-c3ccccc3)c2c1)[Si](C)(C)O[Si]4(C)C,0,3.1793,1.3299
6722,chromo4681,C[Si]1(C)O[Si](C)(C)c2cc3c(-c4ccccc4)c4ccccc4nc3cc21,0,3.1793,1.3485
6723,chromo4682,C[Si]1(C)O[Si](C)(C)c2cc3c(-c4ccccc4)c4cc(Cl)ccc4nc3cc21,0,3.1461,1.3270000000000002
6724,chromo4683,C[Si]1(C)O[Si](C)(C)c2cc3c(-c4ccccc4)c4cc([N+](=O)[O-])ccc4nc3cc21,0,2.8889,1.1064
6725,chromo4684,C[Si]1(C)O[Si](C)(C)c2cc3c(-c4ccc(F)cc4)c4ccccc4nc3cc21,0,3.1706,1.3446999999999998
6726,chromo4685,C[Si]1(C)O[Si](C)(C)c2cc3c(-c4ccccc4F)c4cc(Cl)ccc4nc3cc21,0,3.1355,1.3259999999999998
6727,chromo4686,Cc1ccc2nc3cc4c(cc3c(-c3ccccc3)c2c1)[Si](C)(C)O[Si](C)(C)O[Si]4(C)C,0,3.2027,1.3161
6728,chromo4687,C[Si]1(C)O[Si](C)(C)c2cc3nc4ccccc4c(-c4ccccc4)c3cc2[Si](C)(C)O1,0,3.2021,1.334
6729,chromo4688,C[Si]1(C)O[Si](C)(C)c2cc3nc4ccc(Cl)cc4c(-c4ccccc4)c3cc2[Si](C)(C)O1,0,3.1658,1.3122
6730,chromo4689,C[Si]1(C)O[Si](C)(C)c2cc3nc4ccc([N+](=O)[O-])cc4c(-c4ccccc4)c3cc2[Si](C)(C)O1,0,2.9091,1.0904
6731,chromo4690,C[Si]1(C)O[Si](C)(C)c2cc3nc4ccccc4c(-c4ccc(F)cc4)c3cc2[Si](C)(C)O1,0,3.1943,1.3302
6732,chromo4691,C[Si]1(C)O[Si](C)(C)c2cc3nc4ccc(Cl)cc4c(-c4ccccc4F)c3cc2[Si](C)(C)O1,0,3.1514,1.3078000000000003
6733,chromo4692,Cc1ccc2nc3cc4ccccc4cc3c(-c3ccccc3)c2c1,0,2.4917,1.2821999999999998
6734,chromo4693,c1ccc(-c2c3ccccc3nc3cc4ccccc4cc23)cc1,0,2.4755,1.2878999999999998
6735,chromo4694,Clc1ccc2nc3cc4ccccc4cc3c(-c3ccccc3)c2c1,0,2.4421,1.2635999999999998
6736,chromo4695,O=[N+]([O-])c1ccc2nc3cc4ccccc4cc3c(-c3ccccc3)c2c1,0,2.2536,1.0954000000000002
6737,chromo4696,Fc1ccc(-c2c3ccccc3nc3cc4ccccc4cc23)cc1,0,2.4693,1.2857
6738,chromo4697,Fc1ccccc1-c1c2cc(Cl)ccc2nc2cc3ccccc3cc12,0,2.4312,1.2642
6747,chromo4701,F[B-]1(F)OC(c2ccccc2)=Nc2sc(-c3ccccc3)n[n+]21,0,3.6466,0.9331999999999998
6753,chromo4707,Oc1ccc(-c2ccco2)cc1-c1nc2ccccc2s1,1,3.1076,0.6406000000000001
6754,chromo4708,O=Cc1ccc(-c2ccc(O)c(-c3nc4ccccc4s3)c2)o1,1,3.2452,0.9432
6755,chromo4709,N#CC(C#N)=Cc1ccc(-c2ccc(O)c(-c3nc4ccccc4s3)c2)o1,1,2.8276,1.1455
6756,chromo4710,Oc1ccc(-c2cccs2)cc1-c1nc2ccccc2s1,1,3.2401,0.6928000000000001
6757,chromo4711,O=Cc1ccc(-c2ccc(O)c(-c3nc4ccccc4s3)c2)s1,1,3.3046,0.9963000000000002
6758,chromo4712,N#CC(C#N)=Cc1ccc(-c2ccc(O)c(-c3nc4ccccc4s3)c2)s1,1,2.8582,1.1388
6759,chromo4713,Oc1cc(-c2ccco2)ccc1-c1nc2ccccc2s1,1,3.3916,1.0594000000000001
6760,chromo4714,O=Cc1ccc(-c2ccc(-c3nc4ccccc4s3)c(O)c2)o1,1,3.2457,1.0862999999999996
6761,chromo4715,N#CC(C#N)=Cc1ccc(-c2ccc(-c3nc4ccccc4s3)c(O)c2)o1,1,2.7152,1.0395999999999999
6762,chromo4716,Oc1cc(-c2cccs2)ccc1-c1nc2ccccc2s1,1,3.4131,1.0253999999999999
6763,chromo4717,O=Cc1ccc(-c2ccc(-c3nc4ccccc4s3)c(O)c2)s1,1,3.212,1.0156
6764,chromo4718,N#CC(C#N)=Cc1ccc(-c2ccc(-c3nc4ccccc4s3)c(O)c2)s1,1,2.744,1.0224000000000002
6765,chromo4719,Oc1c(-c2ccco2)cccc1-c1nc2ccccc2s1,1,3.6839,1.0966
6766,chromo4720,O=Cc1ccc(-c2cccc(-c3nc4ccccc4s3)c2O)o1,1,3.2151,0.9628000000000001
6767,chromo4721,N#CC(C#N)=Cc1ccc(-c2cccc(-c3nc4ccccc4s3)c2O)o1,1,2.9395,1.2408999999999997
6768,chromo4722,Oc1c(-c2cccs2)cccc1-c1nc2ccccc2s1,1,3.1817,0.6820000000000004
6769,chromo4723,O=Cc1ccc(-c2cccc(-c3nc4ccccc4s3)c2O)s1,1,3.2423,0.9949000000000003
6770,chromo4724,N#CC(C#N)=Cc1ccc(-c2cccc(-c3nc4ccccc4s3)c2O)s1,1,2.9087,1.1996
6771,chromo4725,Oc1ccccc1-c1nc2ccccc2s1,1,3.7057,0.9924000000000004
6811,chromo4726,COc1cccc(-n2c(-c3ccccc3)nc(C)c2C)c1,1,3.987,0.9622000000000002
6815,chromo4727,COc1cccc(-n2c(-c3ccc(F)cc3)nc(C)c2C)c1,1,3.9655,0.9228000000000001
6819,chromo4728,COc1cccc(-n2c(-c3ccc(O)cc3)nc(C)c2C)c1,1,3.8306,0.7980999999999998
6858,chromo4751,CCCCC(CC)Cn1c2ccc(C(=C(C#N)C#N)c3ccccc3)cc2c2c(-c3ccc(Br)cc3)c3c(c(-c4ccc(Br)cc4)c21)c1cc(C(=C(C#N)C#N)c2ccccc2)ccc1n3CC(CC)CCCC,0,2.6836,0.4941000000000004
6861,chromo4752,c1ccc(N(c2ccccc2)c2ccc3c(c2)-c2ccccc2C32c3ccccc3-n3c4ccccc4c4cccc2c43)cc1,0,3.4271,0.5815999999999999
6862,chromo4753,c1ccc2c(c1)-c1cc(-n3c4ccccc4c4ccccc43)ccc1C21c2ccccc2-n2c3ccccc3c3cccc1c32,0,3.6532,0.6610999999999998
6871,chromo4757,CN(C)c1ccc(C=Cc2ccc(-c3cc(-c4ccccn4)nc(-c4ccccn4)c3)cc2)cc1,1,3.0062,0.9554
6874,chromo4758,C(=Cc1ccc(N(c2ccccc2)c2ccccc2)cc1)c1ccc(-c2cc(-c3ccccn3)nc(-c3ccccn3)c2)cc1,1,2.8646,0.8508
6876,chromo4760,N#CC(=Cc1ccc(C=Cc2ccc(N(c3ccccc3)c3ccccc3)cc2)s1)C(=O)O,0,2.2413,0.8542999999999998
6877,chromo4762,CCCCCCOc1cc(N(CC)CC)ccc1C=CC(=C(C#N)C#N)c1ccc(N(c2ccccc2)c2ccccc2)cc1,1,2.4733,0.8226
6878,chromo4763,CCCCCCOc1cc(N(CC)CC)ccc1C=C(C#N)c1ccc(C=CC(=C(C#N)C#N)c2ccc(N(c3ccccc3)c3ccccc3)cc2)s1,1,2.0946,0.8312999999999997
6879,chromo4764,CCCCCCOc1cc(N(CC)CC)ccc1C=CC(=C(C#N)C#N)c1ccc2c(c1)c1ccccc1n2CC,1,2.8373,1.1672
6880,chromo4765,CCCCCCOc1cc(N(CC)CC)ccc1C=C(C#N)c1ccc(C=CC(=C(C#N)C#N)c2ccc3c(c2)c2ccccc2n3CC)s1,1,2.2239,0.9775
6881,chromo4766,COc1ccccc1C1=[N+]2C(=C(c3ccccc3)c3c4c(c(-c5ccccc5OC)n3[B-]2(F)F)C2CCC4CC2)C2=C1C1CCC2CC1,0,2.6047,1.1472999999999998
6882,chromo4767,COc1ccccc1C1=[N+]2C(=C(c3ccccc3)c3c4c(c(-c5ccccc5OC)n3[B-]2(F)F)C2C=CC4CC2)C2=C1C1C=CC2CC1,0,2.5805,1.1259
6883,chromo4768,F[B-]1(F)n2c(c3c(c2-c2ccccc2)C2C=CC3CC2)C(c2ccccc2)=C2C3=C(C(c4ccccc4)=[N+]21)C1C=CC3CC1,0,2.5485,1.1219000000000001
6885,chromo4769,c1ccc(C2=C3C4=C(C5=[N+]3[B-]3(Oc6ccccc65)Oc5ccccc5-c5c6c(c2n53)C2CCC6CC2)C2CCC4CC2)cc1,0,2.2731,0.9352999999999998
6886,chromo4770,F[B-]1(F)n2c(c3ccccc3c2-c2ccccc2)C(c2ccccc2)=C2c3ccccc3C(c3ccccc3)=[N+]21,0,2.2689,1.1588999999999998
6933,chromo4811,CCN(CC)c1ccc2cc(-c3nc4ccccc4n3-c3ccccc3)c(=O)oc2c1,1,3.2808,1.0012000000000003
6934,chromo4812,CCN(CC)c1ccc2cc(-c3nc4c5ccccc5c5ccccc5c4n3-c3ccc(C(C)(C)C)cc3)c(=O)oc2c1,1,2.982,0.7169000000000003
6935,chromo4813,CCN(CC)c1ccc2cc(-c3nc4c5cccc6ccc7cccc(c7c65)c4n3-c3ccc(C(C)(C)C)cc3)c(=O)oc2c1,0,2.8303,0.6520999999999999
6938,chromo4816,c1ccc(N2N=C(c3cccc4ccccc34)CC2c2ccc3ccc4cccc5ccc2c3c45)cc1,1,2.6967,0.7096999999999998
6939,chromo4817,c1ccc(N2N=C(c3c4ccccc4cc4ccccc34)CC2c2ccc3ccc4cccc5ccc2c3c45)cc1,1,2.6375,0.9236000000000002
6940,chromo4818,c1ccc(N2N=C(c3ccc4ccc5cccc6ccc3c4c56)CC2c2ccc3ccc4cccc5ccc2c3c45)cc1,1,2.626,0.9558
6941,chromo4819,Cc1cc(C)n2c1C=[N+]1[N+](=C3C=NC=CN3[B-]1(F)F)[B-]2(F)F,0,2.962,0.9718000000000002
6942,chromo4820,F[B-]1(F)N2C=CN=CC2=[N+]2[N+]1=Cc1c(-c3ccccc3)cc(-c3cccs3)n1[B-]2(F)F,0,2.637,0.8775
6943,chromo4821,F[B-]1(F)N2C=CN=CC2=[N+]2[N+]1=Cc1c(-c3ccccc3)cc(-c3ccccc3)n1[B-]2(F)F,0,2.7751,0.8765000000000001
6944,chromo4822,COc1ccc(-c2cc(-c3ccccc3)c3n2[B-](F)(F)[N+]2=C4C=NC=CN4[B-](F)(F)[N+]2=C3)cc1,0,2.6108,0.7778999999999998
6945,chromo4823,COc1ccc2c(c1)CCc1c(-c3ccccc3)c3n(c1-2)[B-](F)(F)[N+]1=C2C=NC=CN2[B-](F)(F)[N+]1=C3,0,2.537,0.8030999999999999
6946,chromo4824,COc1ccc2cc(-c3cc(-c4ccccc4)c4n3[B-](F)(F)[N+]3=C5C=NC=CN5[B-](F)(F)[N+]3=C4)ccc2c1,0,2.4969,0.6861000000000002
6950,chromo4825,Cc1ccc(C(C#N)=Cc2cc(C=C(C#N)c3ccc(C)cc3)c(-c3ccc(N(c4ccccc4)c4ccccc4)cc3)cc2-c2ccc(N(c3ccccc3)c3ccccc3)cc2)cc1,1,2.7666,0.6461999999999999
6954,chromo4826,N#CC(=Cc1cc(C=C(C#N)c2ccc(C(F)(F)F)cc2)c(-c2ccc(N(c3ccccc3)c3ccccc3)cc2)cc1-c1ccc(N(c2ccccc2)c2ccccc2)cc1)c1ccc(C(F)(F)F)cc1,1,2.5624,0.46289999999999987
6955,chromo4829,c1ccc(-n2nc(-c3ccc(N4c5ccccc5Sc5ccccc54)cc3)nc2-c2ccccn2)cc1,0,3.0005,0.059100000000000374
6956,chromo4830,c1ccc(-n2nc(-c3ccc(N4c5ccccc5Oc5ccccc54)cc3)nc2-c2ccccn2)cc1,0,2.6717,0.006699999999999928
6957,chromo4831,CC1(C)c2ccccc2N(c2ccc(-c3nc(-c4ccccn4)n(-c4ccccc4)n3)cc2)c2ccccc21,0,3.0855,0.006299999999999972
6958,chromo4833,c1ccc(-c2nc(-c3ccc(N4c5ccccc5Oc5ccccc54)cc3)nn2-c2ccc(N3c4ccccc4Oc4ccccc43)cc2)nc1,0,2.5316,0.0045999999999999375
6959,chromo4834,CC1(C)c2ccccc2N(c2ccc(-c3nc(-c4ccccn4)n(-c4ccc(N5c6ccccc6C(C)(C)c6ccccc65)cc4)n3)cc2)c2ccccc21,0,2.9776,0.004899999999999682
7001,chromo4888,CC1=C(c2cccs2)C(C)=[N+]2C1=C(c1ccc(OS(=O)(=O)c3ccc([N+](=O)[O-])cc3[N+](=O)[O-])cc1)c1c(C)c(-c3cccs3)c(C)n1[B-]2(F)F,1,1.52,0.06119999999999992
7004,chromo4889,CC1=C(c2cccs2)C(C)=[N+]2C1=C(c1ccc(O)cc1)c1c(C)c(-c3cccs3)c(C)n1[B-]2(F)F,1,2.621,1.1239999999999999
7007,chromo4890,CC1=C(c2cccs2)C(C)=[N+]2C1=C(c1ccccc1)c1c(C)c(-c3cccs3)c(C)n1[B-]2(F)F,1,2.6166,1.122
7010,chromo4891,CC1=CC(C)=[N+]2C1=C(c1ccccc1)c1c(C)c(-c3cccs3)c(C)n1[B-]2(F)F,1,2.7572,1.2491
7016,chromo4892,CC1=CC(C)=[N+]2C1=C(c1ccc(-c3ccc(OS(=O)(=O)c4ccc([N+](=O)[O-])cc4[N+](=O)[O-])cc3)s1)c1c(C)cc(C)n1[B-]2(F)F,1,1.5949,0.19140000000000001
7019,chromo4893,CC1=CC(C)=[N+]2C1=C(c1ccc(-c3ccc(O)cc3)s1)c1c(C)cc(C)n1[B-]2(F)F,1,2.6528,1.2362
7022,chromo4894,CC1=C(c2ccccc2)C(C)=[N+]2C1=C(c1ccccc1)c1c(C)c(-c3ccccc3)c(C)n1[B-]2(F)F,1,2.7568,1.2712
7027,chromo4897,c1ccc(N2c3ccccc3B3c4ccccc4N(c4ccccc4)c4cccc2c43)cc1,0,3.1298,0.49219999999999997
7028,chromo4898,c1ccc(-c2cccc(N3c4cc(-c5ccccc5)ccc4B4c5ccc(N(c6ccccc6)c6ccccc6)cc5N(c5ccccc5)c5cccc3c54)c2)cc1,0,2.9793,0.41480000000000006
7029,chromo4901,c1ccc(-c2c3ccccc3c(-c3ccc4ccccc4c3)c3ccccc23)nc1,1,3.1155,1.3914
7030,chromo4902,c1ccc2cc(-c3c4ccccc4c(-c4nccc5ccccc45)c4ccccc34)ccc2c1,1,3.0974,1.3582999999999998
7031,chromo4903,c1cc(-c2c3ccccc3c(-c3ccc4ccccc4c3)c3ccccc23)cc(-n2c3ccccc3c3ccccc32)c1,1,3.1319,1.3988999999999998
7032,chromo4904,c1ccc2cc(-c3c4ccccc4c(-c4ccc(-n5c6ccccc6c6ccccc65)cc4)c4ccccc34)ccc2c1,1,3.1184,1.3869999999999998
7033,chromo4905,c1ccc2c(-c3c4ccccc4c(-c4ccc(-n5c6ccccc6c6ccccc65)cc4)c4ccccc34)cccc2c1,1,3.1316,1.3986
7034,chromo4906,c1ccc2cc(-c3c4ccccc4c(-c4ccc(-c5ccc(-n6c7ccccc7c7ccccc76)cc5)cc4)c4ccccc34)ccc2c1,1,3.1282,1.3960000000000001
7035,chromo4907,c1ccc2c(-c3c4ccccc4c(-c4ccc(-c5ccc(-n6c7ccccc7c7ccccc76)cc5)cc4)c4ccccc34)cccc2c1,1,3.1317,1.3993
7037,chromo4909,CC1(C)c2ccccc2-c2cc3c(cc21)c1ccccc1n3-c1ccccc1,0,3.6823,0.9413
7038,chromo4910,CC1(C)c2ccccc2-c2cc3c(cc21)c1ccccc1n3-c1cccc(-c2ccccc2)c1,0,3.687,0.9459999999999997
7039,chromo4911,CC1(C)c2ccccc2-c2cc3c(cc21)c1ccccc1n3-c1ccc(-c2ccccc2)cc1,0,3.6593,0.919
7040,chromo4912,CC1(C)c2ccccc2-c2cc3c(cc21)c1ccccc1n3-c1ccc2ccccc2c1,0,3.4328,0.7730999999999999
7041,chromo4913,CC1(C)c2ccccc2-c2cc3c(cc21)c1ccccc1n3-c1ccc2ccccc2n1,0,3.2419,0.5199999999999996
7042,chromo4914,CC1(C)c2ccccc2-c2cc3c(cc21)c1ccccc1n3-c1ccc2ncccc2c1,0,3.1872,0.5042999999999997
7043,chromo4915,CC1(C)c2ccccc2-c2cc3c(cc21)c1ccccc1n3-c1cccnc1,0,3.7104,0.9712999999999998
7044,chromo4916,CC1(C)c2ccccc2-c2cc3c(cc21)c1ccccc1n3-c1ccncc1,0,3.7606,1.024
7051,chromo4917,c1ccc2c(c1)Sc1ccccc1N2c1ccc2c(ccc3nc4ccc5cc(N6c7ccccc7Sc7ccccc76)ccc5c4nc32)c1,0,2.1167,0.0028999999999999027
7056,chromo4919,CC1(C)c2ccccc2N(c2ccc3c(ccc4nc5ccc6cc(N7c8ccccc8C(C)(C)c8ccccc87)ccc6c5nc43)c2)c2ccccc21,0,2.2207,0.0036999999999998145
7059,chromo4920,c1ccc(N(c2ccccc2)c2ccc3c(ccc4nc5ccc6cc(N(c7ccccc7)c7ccccc7)ccc6c5nc43)c2)cc1,0,2.5882,0.4428000000000001
7069,chromo4924,CCC1(CC)c2ccccc2-c2ccc(C#Cc3ccc4ccc5cccc6ccc3c4c56)cc21,1,2.9394,1.1340000000000001
7070,chromo4925,CCCCC1(CCCC)c2cc(C#Cc3ccc4ccc5cccc6ccc3c4c56)ccc2-c2ccc(C#Cc3ccc4ccc5cccc6ccc3c4c56)cc21,1,2.5862,0.8452999999999999
7071,chromo4926,CCCCC1(CCCC)c2cc(C#Cc3ccc4ccc5cccc6ccc3c4c56)ccc2-c2ccc(N(c3ccccc3)c3ccccc3)cc21,1,2.6494,0.8634
7082,chromo2023,Cc1cc(C)c(B(c2ccc(-n3c4ccccc4c4ccccc43)cc2)c2c(C)cc(C)cc2C)c(C)c1,1,3.1188,0.3362999999999996
7084,chromo4933,Cc1cc(C)c(B(c2ccc(N3c4ccccc4C(C)(C)c4ccccc43)cc2)c2c(C)cc(C)cc2C)c(C)c1,0,2.6151,0.009199999999999875
7086,chromo4934,Cc1cc(C)c(B(c2ccc(N3c4ccccc4Oc4ccccc43)cc2)c2c(C)cc(C)cc2C)c(C)c1,0,2.194,0.012099999999999778
7090,chromo4935,Cc1cc(C)c(B(c2c(C)cc(C)cc2C)c2c(C)cc(N3c4ccccc4Oc4ccccc43)cc2C)c(C)c1,0,2.2211,0.0038000000000000256
7091,chromo4936,Cc1cc(C)c(B(c2c(C)cc(C)cc2C)c2c(C)cc(-n3c4ccc(N(c5ccccc5)c5ccccc5)cc4c4cc(N(c5ccccc5)c5ccccc5)ccc43)cc2C)c(C)c1,1,2.445,0.0772999999999997
7092,chromo4937,Cc1cc(C)c(B(c2c(C)cc(C)cc2C)c2c(C)cc(-n3c4ccccc4c4cc(N(c5ccccc5)c5ccccc5)ccc43)cc2C)c(C)c1,1,2.5351,0.06800000000000006
7134,chromo4970,c1ccc(-c2nc(-c3ccccc3)nc(-c3cc(-n4c5ccccc5c5ccccc54)c(-n4c5ccccc5c5ncccc54)c(-n4c5ccccc5c5ccccc54)c3)n2)cc1,1,2.7483,0.13519999999999976
7140,chromo4980,Cc1cc(C)c(B(c2c(C)cc(C)cc2C)c2c(C)cccc2-n2c3ccccc3c3ccccc32)c(C)c1,1,2.8667,0.06989999999999963
7142,chromo4981,Cc1cc(C)c(B(c2c(C)cc(C)cc2C)c2c(C)cccc2-n2c3ccc(C(C)(C)C)cc3c3cc(C(C)(C)C)ccc32)c(C)c1,1,2.7656,0.048100000000000254
7143,chromo4985,FC(F)(F)c1c(-n2c3ccccc3c3ccccc32)c(-n2c3ccccc3c3ccccc32)cc(-n2c3ccccc3c3ccccc32)c1-n1c2ccccc2c2ccccc21,1,3.1012,0.18610000000000015
7144,chromo4986,FC(F)(F)c1c(-n2c3ccccc3c3ccccc32)c(-n2c3ccccc3c3ccccc32)c(-n2c3ccccc3c3ccccc32)c(-n2c3ccccc3c3ccccc32)c1-n1c2ccccc2c2ccccc21,1,2.8588,0.1362000000000001
7147,chromo4987,N#Cc1c(-n2c3ccccc3c3ccccc32)c(-n2c3ccccc3c3ccccc32)cc(-n2c3ccccc3c3ccccc32)c1-n1c2ccccc2c2ccccc21,1,2.8141,0.13649999999999984
7148,chromo0652,N#Cc1c(-n2c3ccccc3c3ccccc32)c(-n2c3ccccc3c3ccccc32)c(-n2c3ccccc3c3ccccc32)c(-n2c3ccccc3c3ccccc32)c1-n1c2ccccc2c2ccccc21,1,2.7262,0.19309999999999983
7157,chromo4992,CC(C)(C)c1ccc2c(c1)c1cc(C(C)(C)C)ccc1n2-c1ccccc1-c1nc(-c2ccccc2P(=O)(c2ccccc2)c2ccccc2)nc(-c2ccccc2P(=O)(c2ccccc2)c2ccccc2)n1,1,2.6461,0.06130000000000013
7162,chromo4993,CC(C)(C)c1ccc2c(c1)c1cc(C(C)(C)C)ccc1n2-c1cccc(-c2nc(-c3cccc(P(=O)(c4ccccc4)c4ccccc4)c3)nc(-c3cccc(P(=O)(c4ccccc4)c4ccccc4)c3)n2)c1,1,2.7419,0.1317999999999997
7166,chromo4994,CC(C)(C)c1ccc2c(c1)c1cc(C(C)(C)C)ccc1n2-c1ccc(-c2nc(-c3ccc(P(=O)(c4ccccc4)c4ccccc4)cc3)nc(-c3ccc(P(=O)(c4ccccc4)c4ccccc4)cc3)n2)cc1,1,2.8,0.27649999999999997
7173,chromo4995,CC(C)(C)c1ccc2c(c1)c1cc(C(C)(C)C)ccc1n2-c1ccccc1-c1nc(-c2ccccc2-n2c3ccc(C(C)(C)C)cc3c3cc(C(C)(C)C)ccc32)nc(-c2ccccc2P(=O)(c2ccccc2)c2ccccc2)n1,1,2.5931,0.05710000000000015
7178,chromo4996,CC(C)(C)c1ccc2c(c1)c1cc(C(C)(C)C)ccc1n2-c1cccc(-c2nc(-c3cccc(-n4c5ccc(C(C)(C)C)cc5c5cc(C(C)(C)C)ccc54)c3)nc(-c3cccc(P(=O)(c4ccccc4)c4ccccc4)c3)n2)c1,1,2.6722,0.13140000000000018
7182,chromo4997,CC(C)(C)c1ccc2c(c1)c1cc(C(C)(C)C)ccc1n2-c1ccc(-c2nc(-c3ccc(-n4c5ccc(C(C)(C)C)cc5c5cc(C(C)(C)C)ccc54)cc3)nc(-c3ccc(P(=O)(c4ccccc4)c4ccccc4)cc3)n2)cc1,1,2.7982,0.26759999999999984
7230,chromo5041,CC1(C)c2ccccc2-c2cc3c4cc(-n5c6ccccc6c6ccccc65)ccc4n(-c4ccc(-c5nc(-c6ccccc6)nc(-c6ccccc6)n5)cc4)c3cc21,0,2.7405,0.15519999999999978
7245,chromo5050,COc1ccc(-c2ccc3c(c2)c2cc(-c4ccc(OC)cc4)ccc2n3-c2ccc(C(=O)c3ccc4sc5ccccc5c4c3)cc2)cc1,1,2.8505,0.22669999999999968
7247,chromo5051,COc1ccc(-c2ccc3c(c2)c2cc(-c4ccc(OC)cc4)ccc2n3-c2ccc(C(=O)c3ccc4sc5ccccc5c4c3)nc2)cc1,1,2.6974,0.22540000000000004
7249,chromo5052,COc1ccc(-c2ccc3c(c2)c2cc(-c4ccc(OC)cc4)ccc2n3-c2ccc(C(=O)c3ccc4sc5ccccc5c4c3)cn2)cc1,1,2.839,0.3073999999999999
7265,chromo5066,CC1(C)c2ccccc2N(c2ccc(-c3nnc(-c4ccc(-n5c6ccccc6c6ccccc65)cc4)o3)cc2)c2ccccc21,0,2.6903,0.04930000000000012
7266,chromo5067,c1ccc2c(c1)c1ccccc1n2-c1ccc(-c2nnc(-c3ccc(-n4c5ccccc5c5ccccc54)cc3)o2)cc1,1,3.1051,0.5290000000000004
7270,chromo5070,CC(C)(C)c1ccc2c(c1)c1cc(C(C)(C)C)ccc1n2-c1cccc(C(=O)c2cccc(-n3c4ccc(C(C)(C)C)cc4c4cc(C(C)(C)C)ccc43)n2)n1,1,2.453,0.24479999999999968
7273,chromo5071,CC(C)(C)c1ccc2c(c1)c1cc(C(C)(C)C)ccc1n2-c1ccc(C(=O)c2ccc(-n3c4ccc(C(C)(C)C)cc4c4cc(C(C)(C)C)ccc43)nc2)cn1,1,2.9293,0.3527
7281,chromo5072,c1ccc(-c2nc(-c3ccccc3)nc(-c3ccc(-n4c5ccccc5c5ccc6c7ccccc7n(-c7ccccc7)c6c54)cc3)n2)cc1,0,2.807,0.17369999999999974
7284,chromo5003,c1ccc(-c2nc(-c3ccccc3)nc(-c3ccc(-n4c5ccccc5c5ccc6c(c7ccccc7n6-c6ccccc6)c54)cc3)n2)cc1,0,2.6977,0.08440000000000003
7287,chromo5073,c1ccc(-c2nc(-c3ccccc3)nc(-c3ccc(-n4c5ccccc5c5cc6c(cc54)c4ccccc4n6-c4ccccc4)cc3)n2)cc1,0,2.6427,0.19340000000000002
7290,chromo5074,c1ccc(-c2nc(-c3ccccc3)nc(-c3ccc(-n4c5ccccc5c5cc6c7ccccc7n7c8ccccc8c(c54)c67)cc3)n2)cc1,0,2.8045,0.19010000000000016
7306,chromo5005,c1ccc(-c2nc(-c3ccccc3)nc(-c3ccc(-n4c5ccccc5c5cc(-n6c7ccccc7c7ccccc76)ccc54)c4c5ccccc5n(-c5ccccc5)c34)n2)cc1,1,2.8978,0.0979000000000001
7308,chromo5006,CC(C)(C)c1ccc2c(c1)c1cc(C(C)(C)C)ccc1n2-c1ccc(-c2nc(-c3ccccc3)nc(-c3ccccc3)n2)c2c1c1ccccc1n2-c1ccccc1,1,2.9587,0.21819999999999995
7330,chromo5084,CC(C)(C)c1ccc2c(c1)c1cc(C(C)(C)C)ccc1n2-c1cc(C(=O)c2ccncc2)cc(-n2c3ccc(C(C)(C)C)cc3c3cc(C(C)(C)C)ccc32)c1,1,2.5648,0.11580000000000013
7333,chromo5085,CC(C)(C)c1ccc2c(c1)c1cc(C(C)(C)C)ccc1n2-c1cc(C(=O)c2cccnc2)cc(-n2c3ccc(C(C)(C)C)cc3c3cc(C(C)(C)C)ccc32)c1,1,2.6778,0.12529999999999974
7335,chromo5086,CC(C)(C)c1ccc2c(c1)c1cc(C(C)(C)C)ccc1n2-c1cc(C(=O)c2ccccn2)cc(-n2c3ccc(C(C)(C)C)cc3c3cc(C(C)(C)C)ccc32)c1,1,2.474,0.11290000000000022
7337,chromo5087,CC(C)(C)c1ccc2c(c1)c1cc(C(C)(C)C)ccc1n2-c1cc(C(=O)c2ccccc2)cc(-n2c3ccc(C(C)(C)C)cc3c3cc(C(C)(C)C)ccc32)c1,1,2.8176,0.13430000000000009
7343,chromo5089,CC(C)(C)c1ccc2c(c1)c1cc(C(C)(C)C)ccc1n2-c1ccc(C(=O)c2ccncc2)cc1,1,2.8692,0.3209000000000004
7346,chromo5088,O=C(c1ccncc1)c1ccc(-n2c3ccccc3c3ccccc32)cc1,1,2.9684,0.33809999999999985
7351,chromo5090,O=C(c1ccncc1)c1ccc(-n2c3ccccc3c3cc(-n4c5ccccc5c5ccccc54)ccc32)cc1,1,2.6384,0.09769999999999968
7352,chromo5091,O=C(c1ccncc1)c1ccc(-n2c3ccc(-n4c5ccccc5c5ccccc54)cc3c3cc(-n4c5ccccc5c5ccccc54)ccc32)cc1,1,2.578,0.08799999999999963
7359,chromo5097,N#Cc1cc(-n2c3ccccc3c3cccnc32)c(-n2c3ccccc3c3cccnc32)cc1C#N,0,3.2422,0.45809999999999995
7363,chromo5098,N#Cc1cc(-n2c3ccccc3c3ncccc32)c(-n2c3ccccc3c3ncccc32)cc1C#N,0,2.9807,0.39979999999999993
7370,chromo5099,c1ccc(-c2nc(-c3ccccc3)nc(-c3cc(-n4c5ccccc5c5ncccc54)c(-n4c5ccccc5c5ccccc54)c(-n4c5ccccc5c5ncccc54)c3)n2)cc1,0,2.8366,0.22379999999999978
7379,chromo5104,CC1(C)c2ccccc2N(c2ccc(-c3nc(-c4ccccc4)cc(-c4ccccc4)n3)cc2)c2ccccc21,0,2.8004,0.008599999999999941
7380,chromo5105,CC1(C)c2ccccc2N(c2ccc(-c3cc(-c4ccccc4)nc(-c4ccccc4)n3)cc2)c2ccccc21,0,2.7163,0.007800000000000029
7382,chromo5106,Cc1ccccc1-c1cc(-c2ccccc2)nc(-c2ccc(N3c4ccccc4C(C)(C)c4ccccc43)cc2)n1,0,2.8117,0.00790000000000024
7385,chromo5107,Cc1ccccc1-c1cc(-c2ccc(N3c4ccccc4C(C)(C)c4ccccc43)cc2)nc(-c2ccccc2)n1,0,2.7452,0.008500000000000174
7387,chromo5110,CCCCN1C(=O)c2ccc3c4ccc5c6c(cc(Br)c(c7ccc(c2c37)C1=O)c64)C(=O)N(CCCC)C5=O,0,2.4035,1.1255000000000002
7388,chromo5111,CCCCN1C(=O)c2ccc3c4ccc5c6c(cc(-c7ccc(C(=C(c8ccccc8)c8ccccc8)c8ccccc8)cc7)c(c7ccc(c2c37)C1=O)c64)C(=O)N(CCCC)C5=O,0,1.7961,0.5923
7389,chromo5219,CC[n+]1ccc2ccccc2c1C=Cc1c([O-])ccc2ccc(=O)oc12,0,2.1532,0.8791
7399,chromo5220,CC[n+]1c(C=Cc2c([O-])ccc3ccc(=O)oc23)sc2ccccc21,0,2.3619,0.9763
7403,chromo5221,CCCCN1C(=O)C(=CC=C2N(CCCC)c3ccccc3N2CCCC)C(=O)N(CCCC)C1=S,0,2.7324,0.6318000000000001
7406,chromo5222,CCCCN1C(=O)C(=CC=CC=C2N(CCCC)c3ccccc3N2CCCC)C(=O)N(CCCC)C1=S,0,2.4566,0.869
7409,chromo5223,CCCCN1C(=O)C(=CC=CC=CC=C2N(CCCC)c3ccccc3N2CCCC)C(=O)N(CCCC)C1=S,0,2.3059,1.0188
7414,chromo5109,[O-]c1c(-c2ccccc2)cc(-[n+]2c(-c3ccccc3)cc(-c3ccccc3)cc2-c2ccccc2)cc1-c1ccccc1,1,1.4926,1.0229
7419,chromo5229,CCCCN1C(=O)c2cccc3c([O-])c(C=Cc4sc5ccccc5[n+]4CC)cc(c23)C1=O,0,2.5142,1.1366000000000003
7437,chromo5243,CN(C)c1ccc(C=Cc2nc3ccc(N(C)C)cc3oc2=O)cc1,0,2.5979,1.1179000000000001
7442,chromo5244,CN(C)c1ccc2nc(C=Cc3cc4c5c(c3)CCCN5CCC4)c(=O)oc2c1,0,2.509,1.0774
7446,chromo5245,CN(C)c1ccc2nc(C=Cc3ccccc3)c(=O)oc2c1,0,2.8074,1.253
7450,chromo5246,C[n+]1ccc(C=Cc2ccc([O-])cc2)cc1,0,2.5132,1.4586
7451,chromo5258,F[B-]1(F)n2cccc2C(c2c3ccccc3cc3ccccc23)=C2C=CC=[N+]21,1,2.1099,0.5195000000000001
7454,chromo5259,Cc1c2ccccc2c(C2=C3C=CC=[N+]3[B-](F)(F)n3cccc32)c2ccccc12,1,2.0325,0.44010000000000016
7457,chromo5260,F[B-]1(F)n2cccc2C(c2c3ccccc3c(-c3ccccc3)c3ccccc23)=C2C=CC=[N+]21,1,2.0495,0.45830000000000015
7460,chromo5261,F[B-]1(F)n2cccc2C(c2ccc(-c3c4ccccc4c(-c4ccccc4)c4ccccc34)cc2)=C2C=CC=[N+]21,1,2.1656,0.5454999999999999
7466,chromo5262,CC1=[N+]2C(=C(c3c4ccccc4c(C)c4ccccc34)c3ccc(C)n3[B-]2(F)F)C=C1,1,2.1715,0.6712
7469,chromo5263,CC1=[N+]2C(=C(c3c4ccccc4c(-c4ccccc4)c4ccccc34)c3ccc(C)n3[B-]2(F)F)C=C1,1,2.1868,0.6888999999999998
7472,chromo5264,CC1=[N+]2C(=C(c3ccc(-c4c5ccccc5c(-c5ccccc5)c5ccccc45)cc3)c3ccc(C)n3[B-]2(F)F)C=C1,1,2.3331,0.8138999999999998
7475,chromo5265,CC1=CC(C)=[N+]2C1=C(c1c3ccccc3cc3ccccc13)c1c(C)cc(C)n1[B-]2(F)F,1,2.4789,0.9750999999999999
7478,chromo5266,CC1=CC(C)=[N+]2C1=C(c1c3ccccc3c(C)c3ccccc13)c1c(C)cc(C)n1[B-]2(F)F,1,2.3999,0.8928
7481,chromo5267,CC1=CC(C)=[N+]2C1=C(c1c3ccccc3c(-c3ccccc3)c3ccccc13)c1c(C)cc(C)n1[B-]2(F)F,1,2.4196,0.9135
7485,chromo5268,CC1=CC(C)=[N+]2C1=C(c1ccc(-c3c4ccccc4c(-c4ccccc4)c4ccccc34)cc1)c1c(C)cc(C)n1[B-]2(F)F,1,2.5975,1.0811000000000002
7488,chromo5269,CCC1=C(C)C2=C(c3c4ccccc4cc4ccccc34)c3c(C)c(CC)c(C)n3[B-](F)(F)[N+]2=C1C,1,2.5239,1.0740999999999998
7491,chromo5270,CCC1=C(C)C2=C(c3c4ccccc4c(C)c4ccccc34)c3c(C)c(CC)c(C)n3[B-](F)(F)[N+]2=C1C,1,2.4422,0.9885000000000002
7494,chromo5271,CCC1=C(C)C2=C(c3c4ccccc4c(-c4ccccc4)c4ccccc34)c3c(C)c(CC)c(C)n3[B-](F)(F)[N+]2=C1C,1,2.4617,1.0094
7497,chromo5272,CCC1=C(C)C2=C(c3ccc(-c4c5ccccc5c(-c5ccccc5)c5ccccc45)cc3)c3c(C)c(CC)c(C)n3[B-](F)(F)[N+]2=C1C,1,2.6609,1.1995999999999998
7507,chromo5311,Cc1cc(C)c(B2c3cc(C)ccc3N3c4ccc(C)cc4B(c4c(C)cc(C)cc4C)c4cc(C)cc2c43)c(C)c1,0,2.9439,0.5022000000000002
7508,chromo5312,Cc1ccc2c(c1)B(c1c(C(C)C)cc(C(C)C)cc1C(C)C)c1cc(C)cc3c1N2c1ccc(C)cc1B3c1c(C(C)C)cc(C(C)C)cc1C(C)C,0,2.9207,0.48640000000000017
7522,chromo5327,C1=Cc2ccc(N(c3ccccc3)c3ccccc3)cc2C2(c3cc(N(c4ccccc4)c4ccccc4)ccc31)c1ccccc1-c1ccccc12,0,2.8795,0.7752000000000003
7523,chromo5328,C1=Cc2ccc(N(c3ccccc3)c3cccc4ccccc34)cc2C2(c3cc(N(c4ccccc4)c4cccc5ccccc45)ccc31)c1ccccc1-c1ccccc12,0,2.8458,0.7259000000000002
7524,chromo5329,COc1ccc(N(c2ccc(OC)cc2)c2ccc3c(c2)C2(c4cc(N(c5ccc(OC)cc5)c5ccc(OC)cc5)ccc4C=C3)c3ccccc3-c3ccccc32)cc1,0,2.8039,0.7072000000000003
7525,chromo5330,C(=Cc1ccc(N(c2ccccc2)c2ccccc2)cc1)c1ccc(N(c2ccccc2)c2ccccc2)cc1,1,3.0219,0.8065000000000002
7526,chromo5331,C1=Cc2ccc(N(c3ccccc3)c3ccccc3)cc2Cc2cc(N(c3ccccc3)c3ccccc3)ccc21,0,3.0986,0.7856999999999998
7527,chromo5332,CC(C)(C)NC(=O)c1cccc2ccc3c4ccccc4c4ccccc4c3c12,0,3.5067,1.1926
7528,chromo5333,Cc1ccc(C(=O)NC(C)(C)C)c2c1ccc1c3ccccc3c3ccccc3c12,0,3.4823,1.1812999999999998
7529,chromo5334,CC(C)(C)NC(=O)c1ccc(F)c2ccc3c4ccccc4c4ccccc4c3c12,0,3.4935,1.1814
7530,chromo5335,CC(C)(C)NC(=O)c1ccc(Br)c2ccc3c4ccccc4c4ccccc4c3c12,0,3.4293,1.1614
7531,chromo5336,COc1ccc(C(=O)NC(C)(C)C)c2c1ccc1c3ccccc3c3ccccc3c12,0,3.4362,1.1126999999999998
7532,chromo5337,COC(=O)c1ccc(C(=O)NC(C)(C)C)c2c1ccc1c3ccccc3c3ccccc3c12,0,3.1681,0.9891999999999999
7533,chromo5338,CC(C)(C)NC(=O)c1ccc(-c2ccccc2)c2ccc3c4ccccc4c4ccccc4c3c12,0,3.3941,1.1317999999999997
7534,chromo5339,Cc1ccc(-c2ccc(C(=O)NC(C)(C)C)c3c2ccc2c4ccccc4c4ccccc4c23)cc1,0,3.3854,1.1251000000000002
7535,chromo5340,COc1ccc(-c2ccc(C(=O)NC(C)(C)C)c3c2ccc2c4ccccc4c4ccccc4c23)cc1,0,3.3556,1.0991999999999997
7536,chromo5341,CC(C)(C)NC(=O)c1ccc(-c2cc3ccccc3o2)c2ccc3c4ccccc4c4ccccc4c3c12,0,3.1978,1.0492
7537,chromo5342,CC(C)(C)NC(=O)c1ccc(-c2cc3ccccc3s2)c2ccc3c4ccccc4c4ccccc4c3c12,0,3.2333,1.0492999999999997
7538,chromo5343,CC(C)(C)NC(=O)c1cc2ccccc2c2ccc3c4ccccc4c4ccccc4c3c12,0,3.413,1.0358999999999998
7539,chromo5344,CC(C)(C)NC(=O)c1ccc2ccc3cccc4c3c2c1c1c2ccccc2c2ccccc2c41,0,3.0842,1.2041
7540,chromo5345,CC(C)(C)NC(=O)c1cccc2ccc3c4cc(F)ccc4c4ccc(F)cc4c3c12,0,3.4647,1.146
7541,chromo5346,CC(C)(C)NC(=O)c1cccc2ccc3c4cc(Cl)ccc4c4ccc(Cl)cc4c3c12,0,3.474,1.1631
7542,chromo5347,CC(C)(C)NC(=O)c1cccc2ccc3c4ccc(F)cc4c4cc(F)ccc4c3c12,0,3.4959,1.1787999999999998
7543,chromo5348,CC(C)(C)NC(=O)c1cccc2ccc3c4ccc(Cl)cc4c4cc(Cl)ccc4c3c12,0,3.4569,1.1623
7544,chromo5349,COc1ccc2c(c1)c1cc(OC)ccc1c1c2ccc2cccc(C(=O)NC(C)(C)C)c21,0,3.3444,1.0713
7545,chromo5350,CC(C)(C)NC(=O)c1ccc(Br)c2ccc3c4ccc(F)cc4c4cc(F)ccc4c3c12,0,3.4151,1.1464999999999996
7549,chromo5354,CC(C)(C)NC(=O)c1ccc(-c2ccc(N3c4ccccc4Oc4ccccc43)cc2)c2ccc3c4ccc(F)cc4c4cc(F)ccc4c3c12,0,2.4376,0.18220000000000036
7550,chromo5355,c1ccc(-n2c3ccccc3c3cc(C4(c5ccc6c(c5)c5ccccc5n6-c5ccccc5)c5cc(-c6ccc7ccc8cccc9ccc6c7c89)ccc5-c5ccc(-c6ccc7ccc8cccc9ccc6c7c89)cc54)ccc32)cc1,1,3.0882,1.0695999999999999
7551,chromo5356,CC1(C)c2cc(-c3ccc4ccc5cccc6ccc3c4c56)ccc2-c2ccc(-c3ccc4ccc5cccc6ccc3c4c56)cc21,1,3.1452,1.1117
7552,chromo5357,CC(C)(C)c1ccc(-n2c(-c3ccc(-c4ccc(N(c5ccccc5)c5ccccc5)cc4)cc3)nc3c4ccccc4c4ccccc4c32)cc1,1,3.2452,0.6888000000000001
7553,chromo5358,CC(C)(C)c1ccc(-n2c(-c3ccc(-c4ccc(N(c5ccccc5)c5ccccc5)cc4)s3)nc3c4ccccc4c4ccccc4c32)cc1,1,2.9257,0.8268999999999997
7554,chromo5359,CC(C)(C)c1ccc(-c2nc3c4ccccc4c4ccccc4c3n2-c2ccc(-c3ccc(N(c4ccccc4)c4ccccc4)cc3)cc2)cc1,1,3.3729,0.6560999999999999
7555,chromo5360,c1ccc(N(c2ccccc2)c2ccc(-c3nc4c5ccccc5c5ccccc5c4n3-c3ccccc3)cc2)cc1,1,3.34,0.7662999999999998
7564,chromo5368,c1ccc(-c2cc(-c3ccc(-c4nc(-c5ccccn5)c(-c5ccccn5)[nH]4)cc3)cc(-c3ccccn3)n2)nc1,0,3.3942,0.9323999999999999
7574,chromo5369,c1ccc(-c2nc3c4ccccc4c4ccccc4c3n2-c2ccc(-c3nc4c5ccccc5c5ccccc5c4n3-c3ccccc3)cc2)cc1,1,3.2107,0.5592999999999999
7575,chromo5370,c1ccc(-c2nc3c4ccccc4c4ccccc4c3n2-c2cccc(-c3nc4c5ccccc5c5ccccc5c4n3-c3ccccc3)c2)cc1,1,3.328,0.6476999999999999
7576,chromo5371,N#Cc1ccc(N(c2ccccc2)c2ccc3ccc4c(N(c5ccccc5)c5ccc(C#N)cc5)ccc5ccc2c3c54)cc1,1,2.7839,0.8717000000000001
7577,chromo5372,Fc1ccc(N(c2ccccc2)c2ccc3ccc4c(N(c5ccccc5)c5ccc(F)cc5)ccc5ccc2c3c54)cc1,1,2.7126,0.8448000000000002
7578,chromo2286,c1ccc(N(c2ccccc2)c2ccc3ccc4c(N(c5ccccc5)c5ccccc5)ccc5ccc2c3c54)cc1,1,2.7264,0.8549
7579,chromo5373,Cc1ccc(N(c2ccccc2)c2ccc3ccc4c(N(c5ccccc5)c5ccc(C)cc5)ccc5ccc2c3c54)cc1,1,2.6864,0.8235999999999999
7580,chromo5374,CC(C)(C)c1ccc(N(c2ccccc2)c2ccc3ccc4c(N(c5ccccc5)c5ccc(C(C)(C)C)cc5)ccc5ccc2c3c54)cc1,1,2.679,0.8122999999999998
7581,chromo5375,COc1ccc(N(c2ccccc2)c2ccc3ccc4c(N(c5ccccc5)c5ccc(OC)cc5)ccc5ccc2c3c54)cc1,1,2.6112,0.7661000000000002
7582,chromo5376,c1ccc(N(c2ccccc2)c2ccc(N(c3ccccc3)c3ccc4ccc5c(N(c6ccccc6)c6ccc(N(c7ccccc7)c7ccccc7)cc6)ccc6ccc3c4c65)cc2)cc1,1,2.4621,0.6294
7583,chromo5377,CN(c1ccccc1)c1ccc(N(c2ccccc2)c2ccc3ccc4c(N(c5ccccc5)c5ccc(N(C)c6ccccc6)cc5)ccc5ccc2c3c54)cc1,1,2.5283,0.6785000000000001
7613,chromo5394,CC(C)(C)c1ccc(-c2nc3c4ccccc4c4ccccc4c3n2-c2ccc(C(C)(C)C)cc2)cc1,1,3.7038,0.9765000000000001
7617,chromo5395,CC(C)(C)c1ccc(-c2nc3c4ccc(-c5ccccc5)cc4c4cc(-c5ccccc5)ccc4c3n2-c2ccc(C(C)(C)C)cc2)cc1,1,3.476,0.9142999999999999
7621,chromo5396,CC(C)(C)c1ccc(-c2nc3c4ccc(-c5ccc6ccccc6c5)cc4c4cc(-c5ccc6ccccc6c5)ccc4c3n2-c2ccc(C(C)(C)C)cc2)cc1,1,3.3006,0.8580000000000001
7625,chromo5397,CC(C)(C)c1ccc(-c2nc3c4ccc(-c5cccc6ccccc56)cc4c4cc(-c5cccc6ccccc56)ccc4c3n2-c2ccc(C(C)(C)C)cc2)cc1,1,3.4133,0.8816000000000002
7629,chromo5398,CC(C)(C)c1ccc(-c2nc3c4ccc(-c5cc6ccccc6c6ccccc56)cc4c4cc(-c5cc6ccccc6c6ccccc56)ccc4c3n2-c2ccc(C(C)(C)C)cc2)cc1,1,3.4078,0.8664000000000001
7633,chromo5399,CC(C)(C)c1ccc(-c2nc3c4ccc(-c5c6ccccc6cc6ccccc56)cc4c4cc(-c5c6ccccc6cc6ccccc56)ccc4c3n2-c2ccc(C(C)(C)C)cc2)cc1,1,3.0377,1.276
7637,chromo5400,CC(C)(C)c1ccc(-c2nc3c4ccc(-c5ccc6ccc7cccc8ccc5c6c78)cc4c4cc(-c5ccc6ccc7cccc8ccc5c6c78)ccc4c3n2-c2ccc(C(C)(C)C)cc2)cc1,1,3.0144,0.9786000000000001
7639,chromo5401,c1ccc(N2c3ccccc3C3(c4ccccc4-c4ccccc43)c3ccccc32)cc1,0,3.593,0.5476000000000001
7640,chromo5402,c1ccc(N(c2ccccc2)c2ccc(-c3ccc4c(c3)C3(c5cc(-c6ccc(N(c7ccccc7)c7ccccc7)cc6)ccc5-4)c4ccccc4N(c4ccccc4)c4ccccc43)cc2)cc1,0,3.1446,0.6520000000000001
7641,chromo5403,c1ccc(N(c2ccccc2)c2ccc(-c3ccc4c(c3)C3(c5ccccc5Oc5ccccc53)c3cc(-c5ccc(N(c6ccccc6)c6ccccc6)cc5)ccc3-4)cc2)cc1,0,3.115,0.6313000000000004
7642,chromo5404,c1ccc(N(c2ccccc2)c2ccc(-c3ccc4c(c3)C3(c5cc(-c6ccc(N(c7ccccc7)c7ccccc7)cc6)ccc5O4)c4ccccc4-c4ccccc43)cc2)cc1,0,3.4804,0.6717
7643,chromo5405,O=S1(=O)c2ccccc2C2(c3cc(-c4ccc(N(c5ccccc5)c5ccccc5)cc4)ccc3-c3ccc(-c4ccc(N(c5ccccc5)c5ccccc5)cc4)cc32)c2ccccc21,0,2.9612,0.5608999999999997
7644,chromo5406,O=S1(=O)c2ccccc2C2(c3cc(-c4ccc(-n5c6ccccc6c6ccccc65)cc4)ccc3-c3ccc(-c4ccc(-n5c6ccccc6c6ccccc65)cc4)cc32)c2ccccc21,0,3.1305,0.5821000000000001
7645,chromo5408,c1ccc(N(c2ccccc2)c2ccc(-c3ccc4c(c3)C3(c5ccccc5Sc5ccccc53)c3cc(-c5ccc(N(c6ccccc6)c6ccccc6)cc5)ccc3-4)cc2)cc1,0,3.0827,0.6189
7650,chromo5413,O=c1c2ccccc2n(-c2ccc(-c3ccc(N(c4ccccc4)c4ccccc4)cc3)cc2)c2ccccc12,0,3.4731,0.7004999999999999
7651,chromo5414,O=c1c2ccccc2n(-c2ccc(-c3ccc(-n4c5ccccc5c5ccccc54)cc3)cc2)c2ccccc12,0,3.524,0.7303000000000002
7652,chromo5415,O=c1c2ccccc2n(-c2ccc(-c3ccc(-n4c5ccccc5c(=O)c5ccccc54)cc3)cc2)c2ccccc12,0,3.4051,0.6036999999999999
7658,chromo5423,O=S1(=O)Nc2ccc3c(c2-c2ccccc21)-c1ccccc1S(=O)(=O)N3,0,3.4504,0.7037
7660,chromo5424,CN1c2ccc3c(c2-c2ccccc2S1(=O)=O)-c1ccccc1S(=O)(=O)N3C,0,3.3381,0.6356999999999999
7668,chromo5438,F[B-]1(F)n2c(cc3c4ccccc4c4ccccc4c32)-c2ccc3ccccc3[n+]21,0,2.4367,0.6476000000000002
7669,chromo5439,c1cc2c3c(c1)ccc1[n+]3[B-]3(Oc4cccc5ccc6[n+](c45)[B-](O2)(O3)n2c-6cc3c4ccccc4c4ccccc4c32)n2c-1cc1c3ccccc3c3ccccc3c12,0,2.4001,0.5479
7670,chromo5440,O=[N+]([O-])c1cccc2c1ccc1[n+]2[B-](F)(F)n2c-1cc1c3ccccc3c3ccccc3c12,0,1.9776,0.46209999999999996
7671,chromo5441,Nc1cccc2c1ccc1[n+]2[B-](F)(F)n2c-1cc1c3ccccc3c3ccccc3c12,0,2.5182,0.6472000000000002
7672,chromo5442,O=[N+]([O-])c1ccc2c(ccc3[n+]2[B-](F)(F)n2c-3cc3c4ccccc4c4ccccc4c32)c1,0,2.2717,0.6713
7673,chromo5443,Nc1ccc2c(ccc3[n+]2[B-](F)(F)n2c-3cc3c4ccccc4c4ccccc4c32)c1,0,2.38,0.6557999999999999
7674,chromo5444,C(=Cc1ccc(N(c2ccccc2)c2ccccc2)cc1)c1ccc(-c2ccc(C=Cc3ccc(N(c4ccccc4)c4ccccc4)cc3)cc2)cc1,1,2.7124,0.7949000000000002
7675,chromo5445,N#Cc1cc(C=Cc2ccc(N(c3ccccc3)c3ccccc3)cc2)ccc1-c1ccc(C=Cc2ccc(N(c3ccccc3)c3ccccc3)cc2)cc1C#N,1,2.5753,0.6536
7676,chromo5446,N#Cc1cc(-c2ccc(C=Cc3ccc(N(c4ccccc4)c4ccccc4)cc3)c(C#N)c2)ccc1C=Cc1ccc(N(c2ccccc2)c2ccccc2)cc1,1,2.4569,0.6603000000000001
7677,chromo5447,C(=Cc1ccc(C=Cc2ccc(N(c3ccccc3)c3ccccc3)cc2)cc1)c1ccc(C=Cc2ccc(N(c3ccccc3)c3ccccc3)cc2)cc1,1,2.4737,0.8348
7678,chromo5448,N#Cc1cc(C=Cc2ccc(N(c3ccccc3)c3ccccc3)cc2)ccc1C=Cc1ccc(C=Cc2ccc(N(c3ccccc3)c3ccccc3)cc2)cc1,1,2.3405,0.7493000000000001
7679,chromo5449,N#Cc1cc(C=Cc2ccc(N(c3ccccc3)c3ccccc3)cc2)ccc1C=Cc1ccc(C=Cc2ccc(N(c3ccccc3)c3ccccc3)cc2)cc1C#N,1,2.2342,0.6886999999999999
7680,chromo5450,N#Cc1cc(C=Cc2ccc(C=Cc3ccc(N(c4ccccc4)c4ccccc4)cc3)c(C#N)c2)ccc1C=Cc1ccc(N(c2ccccc2)c2ccccc2)cc1,1,2.2719,0.6971
7681,chromo5451,c1ccc(C2=C(c3ccccc3)c3cccc4c3c(cc3nc5ccccc5nc34)O2)cc1,0,2.6093,0.7276000000000002
7682,chromo5452,Cc1ccc(C2=C(c3ccc(C)cc3)c3cccc4c3c(cc3nc5ccccc5nc34)O2)cc1,0,2.5799,0.7104999999999999
7683,chromo5453,COc1ccc(C2=C(c3ccc(OC)cc3)c3cccc4c3c(cc3nc5ccccc5nc34)O2)cc1,0,2.5381,0.6811
7684,chromo5454,Fc1ccc(C2=C(c3ccc(F)cc3)c3cccc4c3c(cc3nc5ccccc5nc34)O2)cc1,0,2.6298,0.734
7685,chromo5455,Clc1ccc(C2=C(c3ccc(Cl)cc3)c3cccc4c3c(cc3nc5ccccc5nc34)O2)cc1,0,2.6578,0.7483
7686,chromo5456,Brc1ccc(C2=C(c3ccc(Br)cc3)c3cccc4c3c(cc3nc5ccccc5nc34)O2)cc1,0,2.6565,0.7469999999999999
7687,chromo5457,c1ccc2c(C3=C(c4cccc5ccccc45)c4cccc5c4c(cc4nc6ccccc6nc45)O3)cccc2c1,0,2.6474,0.7534000000000003
7688,chromo5458,CC1=C(c2ccccc2)Oc2cc3nc4ccccc4nc3c3cccc1c23,0,2.6111,0.7407999999999999
7689,chromo5459,CC1=C(C)c2cccc3c2c(cc2nc4ccccc4nc23)O1,0,2.6044,0.7470000000000001
7690,chromo5460,CCC1=C(CC)c2cccc3c2c(cc2nc4ccccc4nc23)O1,0,2.6137,0.7472000000000001
7691,chromo5461,CCCC1=C(CCC)c2cccc3c2c(cc2nc4ccccc4nc23)O1,0,2.6169,0.7468999999999997
7692,chromo5462,CCCCC1=C(CCCC)c2cccc3c2c(cc2nc4ccccc4nc23)O1,0,2.6135,0.7449000000000001
7693,chromo5463,Cc1ccc2nc3cc4c5c(cccc5c3nc2c1)C(c1ccccc1)=C(c1ccccc1)O4,0,2.6188,0.7292999999999998
7694,chromo5464,Brc1cc2nc3cc4c5c(cccc5c3nc2cc1Br)C(c1ccccc1)=C(c1ccccc1)O4,0,2.4704,0.6812000000000002
7695,chromo5465,c1ccc(C2=C(c3ccccc3)c3cccc4c3c(cc3nc5cc(-c6ccccc6)c(-c6ccccc6)cc5nc34)O2)cc1,0,2.5367,0.6983000000000001
7696,chromo5466,c1ccc(C2=C(c3ccccc3)c3cccc4c3c(cc3nc5c(-c6ccccc6)ccc(-c6ccccc6)c5nc34)O2)cc1,0,2.5439,0.7267999999999999
7697,chromo5467,c1ccc(C2=C(c3ccccc3)c3cccc4c3c(cc3nc5cc(-c6ccc(N(c7ccccc7)c7ccccc7)cc6)c(-c6ccc(N(c7ccccc7)c7ccccc7)cc6)cc5nc34)O2)cc1,0,2.3767,0.5573000000000001
7698,chromo5468,N#CC1N=c2cc3c4c(cccc4c2=NC1C#N)C(c1ccccc1)=C(c1ccccc1)O3,0,2.2968,0.8646000000000003
7699,chromo5469,c1ccc(C2=C(c3ccccc3)c3cccc4c5c(cc(c34)O2)=NC2CCCCC2N=5)cc1,0,2.5307,0.9870999999999999
7700,chromo5470,COc1ccc(C2=C(c3ccc(OC)cc3)c3cccc4c5c(cc(c34)O2)=NC2C=C(Br)C(Br)=CC2N=5)cc1,0,2.3496,0.8726
7701,chromo5471,COc1ccc(C2=C(c3ccc(OC)cc3)c3cccc4c5c(cc(c34)O2)=NC(C#N)C(C#N)N=5)cc1,0,2.1972,0.7898000000000001
7705,chromo5472,CCCCOc1ccc(-c2oc3cc4n(c3c2-c2ccc(OCCCC)cc2)[B-](F)(F)[N+]2=Cc3cc5oc(-c6ccc(OCCCC)cc6)c(-c6ccc(OCCCC)cc6)c5n3[B-](F)(F)[N+]2=C4)cc1,0,2.1641,0.8039999999999998
7709,chromo5473,CCCCOc1ccc(-c2cc3c(o2)c(-c2ccc(OCCCC)cc2)c2n3[B-](F)(F)[N+]3=Cc4c(-c5ccc(OCCCC)cc5)c5oc(-c6ccc(OCCCC)cc6)cc5n4[B-](F)(F)[N+]3=C2)cc1,0,2.1966,0.7979
7710,chromo5477,CCCCCCCCOc1ccc(C2=C3C(C)=CC(C)=[N+]3[B-](F)(F)n3c(C)cc(C)c32)cc1,1,3.0308,1.5092
7711,chromo0992,CC1=C(C#Cc2ccccc2)C(C)=[N+]2C1=C(c1ccccc1)c1c(C)c(C#Cc3ccccc3)c(C)n1[B-]2(F)F,1,2.3026,0.8659999999999999
7713,chromo5491,O=c1c2ccc(N3CCCCC3)cc2oc2cc(N3CCCCC3)ccc12,0,3.7285,0.7292000000000001
7715,chromo5493,CCC1=C(C)C2=Cc3c4ccccc4c4n3[B-](C)(Oc3ccccc3-4)[N+]2=C1C,0,2.3308,1.0783
7718,chromo5494,CCC1=C(C)C2=Cc3c4ccccc4c4n3[B-](c3ccccc3)(Oc3ccccc3-4)[N+]2=C1C,0,2.3266,1.0865
7721,chromo5495,CCC1=C(C)C2=Cc3c4ccccc4c4n3[B-](c3ccc(OC)cc3)(Oc3ccccc3-4)[N+]2=C1C,0,2.3004,1.0590999999999997
7724,chromo5496,CCC1=C(C)C2=Cc3c4ccccc4c4n3[B-](c3ccncc3)(Oc3ccccc3-4)[N+]2=C1C,0,2.3271,1.0899
7727,chromo5497,CCC1=C(C)C2=Cc3c4ccccc4c4n3[B-](c3ccc5cc6ccccc6cc5c3)(Oc3ccccc3-4)[N+]2=C1C,0,1.9757,0.7348000000000001
7730,chromo5498,CCC1=C(C)C2=Cc3c4ccccc4c4n3[B-](c3ccc5ccc6cccc7ccc3c5c67)(Oc3ccccc3-4)[N+]2=C1C,0,1.9623,0.7333999999999998
7733,chromo5499,CCC1=C(C)C2=Cc3c4ccccc4c4n3[B-](c3ccncc3)(Oc3ccccc3-4)[N+]2=C1C=Cc1ccc(OC)cc1,0,2.0396,0.9686000000000001
7738,chromo5505,F[B-]1(F)OC(c2ccccc2)=Cc2cc(Cl)nc[n+]21,0,3.6063,1.1183
7743,chromo5506,F[B-]1(F)OC(c2ccc(C(F)(F)F)cc2)=Cc2cc(Cl)nc[n+]21,0,3.6191,1.1545
7748,chromo5507,CN(C)c1ccc(C2=Cc3cc(Cl)nc[n+]3[B-](F)(F)O2)cc1,0,3.1266,0.8359999999999999
7750,chromo5508,F[B-]1(F)OC(c2ccccc2)=Cc2cc3[n+](c[n+]21)[B-](F)(F)OC(c1ccccc1)=C3,0,3.0326,0.9123000000000001
7754,chromo5520,COc1ccc(C=CC=CC=Cc2ccc([N+](=O)[O-])cc2)cc1,1,2.6051,1.2128
7760,chromo5521,CCOc1ccc(C=CC=CC=Cc2ccc([N+](=O)[O-])cc2)cc1,1,2.5938,1.2034999999999998
7761,chromo5522,CCCOc1ccc(C=CC=CC=Cc2ccc([N+](=O)[O-])cc2)cc1,1,2.5924,1.2021
7762,chromo5523,CCCCOc1ccc(C=CC=CC=Cc2ccc([N+](=O)[O-])cc2)cc1,1,2.5911,1.201
7770,chromo5526,CC1=[N+]2C(=C(c3ccc(C(=C(c4ccccc4)c4ccccc4)c4ccccc4)cc3)c3ccc(C)n3[B-]2(F)F)C=C1,1,2.6333,1.1077000000000001
7795,chromo5553,F[B-]1(F)n2cccc2C=C2c3ccccc3C(c3ccc[nH]3)=[N+]21,0,2.5594,1.324
7800,chromo5554,Cc1ccc(C2=[N+]3C(=Cc4ccc(C)n4[B-]3(F)F)c3ccccc32)[nH]1,0,2.4522,1.276
7805,chromo5555,Cc1cc(C)c(C2=[N+]3C(=Cc4c(C)cc(C)n4[B-]3(F)F)c3ccccc32)[nH]1,0,2.4083,1.2387000000000001
7810,chromo5556,CCc1c(C)[nH]c(C2=[N+]3C(=Cc4c(C)c(CC)c(C)n4[B-]3(F)F)c3ccccc32)c1C,0,2.3486,1.1900999999999997
7815,chromo5557,Cc1c(C2=[N+]3C(=Cc4c(C)c5ccccc5n4[B-]3(F)F)c3ccccc32)[nH]c2ccccc12,0,2.1707,1.0707
7820,chromo5558,CC1=C2c3ccccc3C(c3ccc[nH]3)=[N+]2[B-](F)(F)n2cccc21,0,2.5553,1.259
7825,chromo5559,CC1=C2c3ccccc3C(c3[nH]c(C)cc3C)=[N+]2[B-](F)(F)n2c(C)cc(C)c21,0,2.3856,1.1549000000000003
7830,chromo5560,CCc1c(C)[nH]c(C2=[N+]3C(=C(C)c4c(C)c(CC)c(C)n4[B-]3(F)F)c3ccccc32)c1C,0,2.3271,1.1173000000000002
7835,chromo5561,Cc1cc(C)n2c1C=C1c3ccccc3C(c3ccc[nH]3)=[N+]1[B-]2(F)F,0,2.4767,1.302
7840,chromo5562,Cc1cc(C)n2c1C=C1c3ccccc3C(c3cccn3C)=[N+]1[B-]2(F)F,0,2.4872,1.2626000000000002
7845,chromo5563,CCCCCCCCCCCn1cccc1C1=[N+]2C(=Cc3c(C)cc(C)n3[B-]2(F)F)c2ccccc21,0,2.4537,1.2132
7850,chromo5564,Cc1ccc(C2=[N+]3C(=Cc4c(C)cc(C)n4[B-]3(F)F)c3ccccc32)[nH]1,0,2.4388,1.2779
7855,chromo5565,CCc1c(C)[nH]c(C2=[N+]3C(=Cc4c(C)cc(C)n4[B-]3(F)F)c3ccccc32)c1C,0,2.3801,1.2173
7860,chromo5566,Cc1cc(C)n2c1C=C1c3ccccc3C(c3c[nH]c4ccccc34)=[N+]1[B-]2(F)F,0,2.4984,1.2460000000000002
7865,chromo5567,Cc1cc(C)n2c1C=C1c3ccccc3C(c3[nH]c4ccccc4c3C)=[N+]1[B-]2(F)F,0,2.2801,1.1146
7870,chromo5568,CCc1c(C)c2n(c1C)[B-](F)(F)[N+]1=C(c3ccc[nH]3)c3ccccc3C1=C2,0,2.4357,1.2692
7875,chromo5569,CCc1c(C)c2n(c1C)[B-](F)(F)[N+]1=C(c3ccc[nH]3)c3ccccc3C1=C2C,0,2.4244,1.2035999999999998
7880,chromo5570,CCOC(=O)COc1ccc(C=Cc2cc(C)c3n2[B-](F)(F)[N+]2=C(c4[nH]c(C)cc4C)c4ccccc4C2=C3)cc1,0,2.0632,1.0866000000000002
7885,chromo5571,CCOC(=O)COc1ccc(C=Cc2c(CC)c(C)c3n2[B-](F)(F)[N+]2=C(c4[nH]c(C)c(CC)c4C)c4ccccc4C2=C3C)cc1,0,2.0404,0.9756
7890,chromo5572,CCOC(=O)COc1ccc(C=CC2=C3c4ccccc4C(c4[nH]c(C)cc4C)=[N+]3[B-](F)(F)n3c(C)cc(C)c32)cc1,0,2.2763,1.0911
7895,chromo5573,CCOC(=O)COc1ccc(C=CC2=C3c4ccccc4C(c4[nH]c(C)cc4C)=[N+]3[B-](F)(F)n3c(C=Cc4ccc(OCC(=O)OCC)cc4)cc(C)c32)cc1,0,2.0101,0.9854
7900,chromo5574,CCOC(=O)COc1ccc(C=CC2=C3c4ccccc4C(c4ccc[nH]4)=[N+]3[B-](F)(F)n3ccc(C)c32)cc1,0,2.3842,1.1611999999999998
7905,chromo5575,CCc1c(C)[nH]c(C2=[N+]3C(=Cc4c(C)c(CC)c(C=Cc5ccc(N(C)C)cc5)n4[B-]3(F)F)c3ccccc32)c1C,0,1.9567,0.9798000000000001
7931,chromo5595,CCN(CC)c1ccc(OC)c(C=O)c1,1,3.4571,0.4232
7935,chromo5596,CCN(CC)c1cccc(C=O)c1,1,3.3847,0.8249
7944,chromo5602,CCCCN1C(=O)C2=C(c3ccc(Br)cc3)NC(=O)C2=C1c1ccc(Br)cc1,0,2.5794,1.4025
7945,chromo5604,CCCCN1C(=O)C2=C(c3ccc(-c4ccccc4)cc3)NC(=O)C2=C1c1ccc(-c2ccccc2)cc1,0,2.4916,1.321
7946,chromo5606,CCCCN1C(=O)C2=C(c3ccc(-c4ccc5c(c4)C(C)(C)c4ccccc4-5)cc3)NC(=O)C2=C1c1ccc(-c2ccc3c(c2)C(C)(C)c2ccccc2-3)cc1,0,2.4014,1.2341000000000002
7954,chromo5619,CC(C)(C)c1ccc(-c2c3ccccc3c3n2[B-](F)(F)[N+]2=Cc4c5ccccc5c(-c5ccc(C(C)(C)C)cc5)n4[B-](F)(F)[N+]2=C3)cc1,0,2.4254,0.8993999999999998
7957,chromo5620,COc1ccc(-c2c3ccccc3c3n2[B-](F)(F)[N+]2=Cc4c5ccccc5c(-c5ccc(OC)cc5)n4[B-](F)(F)[N+]2=C3)cc1,0,2.3829,0.8713999999999997
7960,chromo5621,COc1cccc(-c2c3ccccc3c3n2[B-](F)(F)[N+]2=Cc4c5ccccc5c(-c5cccc(OC)c5)n4[B-](F)(F)[N+]2=C3)c1,0,2.4367,0.9059000000000001
7963,chromo5623,COc1ccc(-c2sc3c(-c4ccc(OC)cc4)c4n(c3c2-c2ccc(OC)cc2)[B-](F)(F)[N+]2=Cc3c(-c5ccc(OC)cc5)c5sc(-c6ccc(OC)cc6)c(-c6ccc(OC)cc6)c5n3[B-](F)(F)[N+]2=C4)cc1,0,2.1826,0.6975999999999998
7976,chromo5643,CCN(CC)c1ccc2c(c1)oc(=O)c1cc3cnn(-c4ccccc4)c3nc12,0,3.1668,0.6828999999999996
7977,chromo5644,CCN(CC)c1ccc2c(c1)oc(=O)c1cc3c(C)nn(-c4ccccc4)c3nc12,0,3.2028,0.6859999999999999
7978,chromo5645,CCN(CC)c1ccc2c(c1)oc(=O)c1cc3c(-c4ccccc4)nn(-c4ccccc4)c3nc12,0,3.1095,0.6918000000000002
7979,chromo5646,CCN(CC)c1ccc2c(c1)oc(=O)c1cc3c(-c4ccccc4)nn(C)c3nc12,0,3.1486,0.7103999999999999
7980,chromo5647,CCN(CC)c1ccc2c(c1)oc(=O)c1cnc3c(cnn3-c3ccccc3)c12,0,3.379,0.8812000000000002
7981,chromo5648,CCN(CC)c1ccc2c(c1)oc(=O)c1cnc3c(c(C)nn3-c3ccccc3)c12,0,3.3452,0.8424
7982,chromo5649,CCN(CC)c1ccc2c(c1)oc(=O)c1c(C)nc3c(cnn3-c3ccccc3)c12,0,3.4017,0.8773999999999997
7983,chromo5650,CCN(CC)c1ccc2c(c1)oc(=O)c1c(C)nc3c(c(C)nn3-c3ccccc3)c12,0,3.3652,0.8376000000000001
7984,chromo5651,CCN(CC)c1ccc2c(c1)oc(=O)c1c(C)nc3c(c(-c4ccccc4)nn3-c3ccccc3)c12,0,3.2906,0.8304
7985,chromo5652,CCN(CC)c1ccc2c(c1)oc(=O)c1c(C)nc3c(c(-c4ccccc4)nn3C)c12,0,3.3504,0.875
8016,chromo5509,CC(C)[Si]1(C(C)C)c2ccccc2-c2ccc(N(C)C)cc21,0,3.6801,0.9510999999999998
8020,chromo5510,CC(C)[Si]1(C(C)C)c2cc(N(C)C)ccc2-c2ccc(C(F)(F)F)cc21,0,3.5884,0.9422999999999999
8023,chromo5511,CC(C)[Si]1(C(C)C)c2cc(C#N)ccc2-c2ccc(N(C)C)cc21,0,3.4341,0.9501999999999997
8025,chromo5512,CC(C)[Si]1(C(C)C)c2cc(C=O)ccc2-c2ccc(N(C)C)cc21,0,3.2485,0.8895
8029,chromo5513,CC(C)[Si]1(C(C)C)c2cc(C=C(C#N)C#N)ccc2-c2ccc(N(C)C)cc21,0,2.6366,0.8204
8031,chromo5514,CC(C)[Si]1(C(C)C)c2cc(C#N)ccc2-c2ccc(N(c3ccccc3)c3ccccc3)cc21,0,3.0749,0.7054999999999998
8035,chromo5515,CC(C)[Si]1(C(C)C)c2cc(C=O)ccc2-c2ccc(N(c3ccccc3)c3ccccc3)cc21,0,2.9238,0.6480000000000001
8038,chromo5516,CC(C)[Si]1(C(C)C)c2cc(C=C(C#N)C#N)ccc2-c2ccc(N(c3ccccc3)c3ccccc3)cc21,0,2.3493,0.5709
8041,chromo5517,CCC1(CC)c2cc(N(C)C)ccc2-c2ccc(C(F)(F)F)cc21,0,3.8787,1.1260999999999997
8044,chromo5518,CCC1(CC)c2cc(C=O)ccc2-c2ccc(N(C)C)cc21,0,3.3535,0.9421999999999997
8046,chromo5519,CCC1(CC)c2cc(C=C(C#N)C#N)ccc2-c2ccc(N(C)C)cc21,0,2.6742,0.8556999999999999
8131,chromo5689,CC1(C)c2ccccc2-n2c(-c3ccc(N4c5ccccc5Oc5ccccc54)cc3)nc3cccc1c32,0,2.6019,0.0129999999999999
8135,chromo5691,CC1(C)c2ccccc2N(c2ccc(-c3nc4cccc5c4n3-c3ccccc3C5(C)C)cc2)c2ccccc21,0,3.0305,0.09689999999999976
8138,chromo5692,CC1(C)c2ccccc2-n2c(-c3ccc(-n4c5ccccc5c5ccccc54)cc3)nc3cccc1c32,0,3.4643,0.6154000000000002
8141,chromo5693,CC1(C)c2ccccc2-n2c(-c3ccc(-n4c5ccc(-n6c7ccccc7c7ccccc76)cc5c5cc(-n6c7ccccc7c7ccccc76)ccc54)cc3)nc3cccc1c32,0,3.227,0.3891
8150,chromo5705,CCCCCCCCCn1c(-c2cc(-c3nc4ccccc4n3CCCCCCCCC)cc(-c3nc4ccccc4n3CCCCCCCCC)c2)nc2ccccc21,0,3.8768,0.9688999999999997
8151,chromo5706,CCCCCCCCCn1c(-c2cc(-c3nc4ccc(C)cc4n3CCCCCCCCC)cc(-c3nc4ccc(C)cc4n3CCCCCCCCC)c2)nc2ccc(C)cc21,0,3.7177,0.9222999999999999
8152,chromo5708,CCCCCCCCCCn1c(-c2cc(-c3nc4ccc(C)cc4n3CCCCCCCCCC)cc(-c3nc4ccc(C)cc4n3CCCCCCCCCC)c2)nc2ccc(C)cc21,0,3.7413,0.9095
8153,chromo5715,C#Cn1c(-c2cc(-c3nc4ccccc4n3C#C)cc(-c3nc4ccccc4n3C#C)c2)nc2ccccc21,0,3.7106,1.029
8154,chromo5716,C#Cn1c(-c2cc(-c3nc4ccc(C)cc4n3C#C)cc(-c3nc4ccc(C)cc4n3C#C)c2)nc2ccc(C)cc21,0,3.6457,0.9991000000000003
8163,chromo5723,COc1c(C(C)=O)c(=O)oc2cc(N(C)C)ccc12,1,3.4632,0.9746999999999999
8164,chromo5724,CC(=O)c1c(NC(C(=O)O)C(C)C)c2ccc(N(C)C)cc2oc1=O,1,3.7069,0.9041999999999999
8165,chromo5725,CC(=O)c1c(NC(CC(C)C)C(=O)O)c2ccc(N(C)C)cc2oc1=O,1,3.739,0.9178999999999999
8166,chromo5726,CCC(C)C(Nc1c(C(C)=O)c(=O)oc2cc(N(C)C)ccc12)C(=O)O,1,3.6824,0.9060999999999999
8167,chromo5727,CC(=O)c1c(NC(Cc2ccccc2)C(=O)O)c2ccc(N(C)C)cc2oc1=O,1,3.7365,0.927
8168,chromo5728,CC(=O)c1c(NC(Cc2ccc(O)cc2)C(=O)O)c2ccc(N(C)C)cc2oc1=O,1,3.7384,0.9251999999999998
8169,chromo5729,CC(=O)c1c(NC(CS)C(=O)O)c2ccc(N(C)C)cc2oc1=O,1,3.6668,0.9299999999999997
8170,chromo5730,COC(=O)C(Cc1ccccc1)Nc1c(C(C)=O)c(=O)oc2cc(N(C)C)ccc12,1,3.6604,0.9159999999999999
8174,chromo5731,O=C1c2ccccc2C2=Cc3ccc4ccccc4[n+]3[B-](F)(F)N12,0,3.0351,1.0472
8233,chromo5762,COc1ccc(-c2cc(C=Cc3ccc(N(c4ccccc4)c4ccccc4)cc3)c(C#N)c(N3CCCCC3)c2)cc1,1,2.9099,0.8584999999999998
8236,chromo5763,Cc1ccc(-c2cc(C=Cc3ccc(N(c4ccccc4)c4ccccc4)cc3)c(C#N)c(N3CCCCC3)c2)cc1,1,2.8928,0.8512999999999997
8239,chromo5764,N#Cc1c(C=Cc2ccc(N(c3ccccc3)c3ccccc3)cc2)cc(-c2ccccc2)cc1N1CCCCC1,1,2.8722,0.8485
8242,chromo5765,N#Cc1c(C=Cc2ccc(N(c3ccccc3)c3ccccc3)cc2)cc(-c2cccs2)cc1N1CCCCC1,1,2.8076,0.8041
8301,chromo5835,F[B-]12OC(c3ccccc3)=Nc3cccc([n+]31)N=C(c1ccccc1)O2,0,3.287,0.6709999999999998
8302,chromo5836,Cc1ccc(C2=Nc3cccc4[n+]3[B-](F)(O2)OC(c2ccc(C)cc2)=N4)cc1,0,3.2528,0.6499000000000001
8303,chromo5837,COc1ccc(C2=Nc3cccc4[n+]3[B-](F)(O2)OC(c2ccc(OC)cc2)=N4)cc1,0,3.1819,0.6045000000000003
8304,chromo5838,c1ccc(C2=Nc3cccc4[n+]3[B-](c3ccccc3)(N2)NC(c2ccccc2)=N4)cc1,0,2.9974,0.5688
8305,chromo5839,Cc1ccc(C2=Nc3cccc4[n+]3[B-](c3ccccc3)(N2)NC(c2ccc(C)cc2)=N4)cc1,0,2.996,0.5638999999999998
8306,chromo5840,c1ccc([B-]23NC(C4CCCCC4)=Nc4cccc([n+]42)N=C(C2CCCCC2)N3)cc1,0,3.2853,0.6724999999999999
8307,chromo5841,CCCCCCCCCCCCCCCCCCOc1ccc([B-]23NC(c4ccccc4)=Nc4cccc([n+]42)N=C(c2ccccc2)N3)cc1,0,2.9931,0.5871
8344,chromo5891,F[B-]1(F)Oc2c(ccc3c4c(ccc23)C=[N+](c2ccccc2)[B-](F)(F)O4)C=[N+]1c1ccccc1,0,2.5118,0.7888999999999999
8346,chromo5892,C1=[N+](c2ccccc2)[B-](c2ccccc2)(c2ccccc2)Oc2c1ccc1c3c(ccc21)C=[N+](c1ccccc1)[B-](c1ccccc1)(c1ccccc1)O3,0,2.2843,0.7041
8348,chromo5893,Fc1cccc(F)c1[B-]1(c2c(F)cccc2F)Oc2c(ccc3c4c(ccc23)C=[N+](c2ccccc2)[B-](c2c(F)cccc2F)(c2c(F)cccc2F)O4)C=[N+]1c1ccccc1,0,2.2652,0.7207000000000001
8350,chromo5894,Fc1c(F)c(F)c([B-]2(c3c(F)c(F)c(F)c(F)c3F)Oc3c(ccc4c5c(ccc34)C=[N+](c3ccccc3)[B-](c3c(F)c(F)c(F)c(F)c3F)(c3c(F)c(F)c(F)c(F)c3F)O5)C=[N+]2c2ccccc2)c(F)c1F,0,2.2873,0.7245000000000001
8352,chromo5895,C1=[N+](c2ccccc2)[B-]2(Oc3c1ccc1c4c(ccc31)C=[N+](c1ccccc1)[B-]1(O4)c3ccccc3Oc3ccccc31)c1ccccc1Oc1ccccc12,0,2.0702,0.5435999999999999
8354,chromo5896,O=[N+]([O-])c1ccc([N+]2=Cc3ccc4c5c(ccc4c3O[B-]2(c2ccccc2)c2ccccc2)C=[N+](c2ccc([N+](=O)[O-])cc2)[B-](c2ccccc2)(c2ccccc2)O5)cc1,0,2.1189,0.6404000000000001
8356,chromo5897,O=[N+]([O-])c1ccc([N+]2=Cc3ccc4c5c(ccc4c3O[B-]2(c2c(F)c(F)c(F)c(F)c2F)c2c(F)c(F)c(F)c(F)c2F)C=[N+](c2ccc([N+](=O)[O-])cc2)[B-](c2c(F)c(F)c(F)c(F)c2F)(c2c(F)c(F)c(F)c(F)c2F)O5)cc1,0,2.152,0.6772
8358,chromo5898,CCN(CC)c1ccc([N+]2=Cc3ccc4c5c(ccc4c3O[B-]2(c2ccccc2)c2ccccc2)C=[N+](c2ccc(N(CC)CC)cc2)[B-](c2ccccc2)(c2ccccc2)O5)cc1,0,2.1875,0.6308
8360,chromo5899,CCN(CC)c1ccc([N+]2=Cc3ccc4c5c(ccc4c3O[B-]2(c2c(F)c(F)c(F)c(F)c2F)c2c(F)c(F)c(F)c(F)c2F)C=[N+](c2ccc(N(CC)CC)cc2)[B-](c2c(F)c(F)c(F)c(F)c2F)(c2c(F)c(F)c(F)c(F)c2F)O5)cc1,0,2.0999,0.6057999999999999
8362,chromo5900,CCN(CC)c1ccc([N+]2=Cc3ccc4c5c(ccc4c3O[B-]2(c2ccccc2)c2ccccc2)C=[N+](c2ccc([N+](=O)[O-])cc2)[B-](c2ccccc2)(c2ccccc2)O5)cc1,0,2.0151,0.5470999999999999
8381,chromo5914,COc1ccc(-c2cc(-c3ccccc3)nn2C)cc1,1,4.6015,1.4183999999999997
8382,chromo5915,Cn1nc(-c2ccccc2)cc1-c1ccccc1,0,4.4229,1.2338000000000005
8383,chromo5916,Cn1nc(-c2ccc(C(F)(F)F)cc2)cc1-c1ccccc1,0,4.5748,1.4409999999999998
8384,chromo5917,Cn1nc(-c2ccc(C#N)cc2)cc1-c1ccccc1,0,4.3802,1.4641000000000002
8385,chromo5918,COc1ccc(-c2cc(-c3ccc(C(F)(F)F)cc3)nn2C)cc1,1,4.5021,1.3760000000000003
8386,chromo5919,COc1ccc(-c2cc(-c3ccc(C#N)cc3)nn2C)cc1,1,4.1448,1.2387000000000001
8387,chromo5920,CN(C)c1ccc(-c2cc(-c3ccccc3)nn2C)cc1,1,4.4047,1.2729
8388,chromo5921,CN(C)c1ccc(-c2cc(-c3ccc(C(F)(F)F)cc3)nn2C)cc1,1,4.0485,0.9661
8389,chromo5922,CN(C)c1ccc(-c2cc(-c3ccc(C#N)cc3)nn2C)cc1,1,3.6542,0.7750999999999997
8392,chromo5940,CC1(C)CC(C=Cc2ccc(-n3ccnc3)cc2)=CC(=C(C#N)C#N)C1,0,2.9425,1.4337
8395,chromo5941,CC1(C)CC(C=Cc2ccc(-n3cccn3)cc2)=CC(=C(C#N)C#N)C1,0,2.9096,1.4173000000000002
8398,chromo5942,CC1(C)CC(C=Cc2ccc(-n3cncn3)cc2)=CC(=C(C#N)C#N)C1,0,3.0248,1.5192999999999999
8401,chromo5943,CC1(C)CC(C=Cc2ccc(-n3c4ccccc4c4ccccc43)cc2)=CC(=C(C#N)C#N)C1,1,2.3453,0.8598999999999999
8404,chromo5944,CC1(C)CC(C=Cc2ccc(N3CCOCCOCCOCCOCC3)cc2)=CC(=C(C#N)C#N)C1,0,2.6598,1.2299000000000002
8417,chromo5975,CCn1c2ccsc2c2c3nsnc3c3c4sccc4n(CC)c3c21,0,2.7206,0.7410000000000001
8426,chromo5976,CCn1c2sccc2c2c3nsnc3c3c4ccsc4n(CC)c3c21,0,2.8092,0.7014
8430,chromo5977,CCn1c2ccccc2c2c3nsnc3c3c4ccccc4n(CC)c3c21,0,2.903,0.8481000000000001
8432,chromo5978,CCn1c2cc(C(C)(C)C)ccc2c2c3nsnc3c3c4ccc(C(C)(C)C)cc4n(CC)c3c21,0,2.8118,0.8170999999999999
8434,chromo5979,CCn1c2cc(OC)ccc2c2c3nsnc3c3c4ccc(OC)cc4n(CC)c3c21,0,2.6415,0.7251000000000001
8437,chromo5980,c1cc2c([nH]c3c4[nH]c5sccc5c4c4nsnc4c23)s1,0,2.9294,0.7183999999999999
8439,chromo5981,c1ccc(Cn2c3sccc3c3c4nsnc4c4c5ccsc5n(Cc5ccccc5)c4c32)cc1,0,2.8209,0.7109000000000001
8441,chromo5982,c1ccc2c(c1)[nH]c1c3[nH]c4ccccc4c3c3nsnc3c21,0,3.0161,0.8575999999999997
8443,chromo5983,CC(C)(C)c1ccc2c(c1)[nH]c1c3[nH]c4cc(C(C)(C)C)ccc4c3c3nsnc3c21,0,2.9397,0.8084000000000002
8445,chromo5984,COc1ccc2c(c1)[nH]c1c3[nH]c4cc(OC)ccc4c3c3nsnc3c21,0,2.746,0.7292999999999998
8446,chromo5988,C1=Cc2nc1c(-c1ccccc1)c1ccc([nH]1)c(-c1ccccc1)c1nc(c(-c3ccccc3)c3ccc([nH]3)c2-c2ccccc2)C=C1,0,2.1436,0.7856000000000001
8447,chromo5989,C1=Cc2nc1c(-c1ccccc1)c1ccc([nH]1)c(-c1ccccc1)c1cc(c(-c3ccccc3)c3ccc([nH]3)c2-c2ccccc2)N=C1,0,1.9155,0.7253000000000001
8448,chromo5991,CC(C)(C)c1cc(-c2c3cc(c(-c4cc(C(C)(C)C)cc(C(C)(C)C)c4)c4ccc([nH]4)c(-c4ccc([N+](=O)[O-])cc4)c4nc(c(-c5ccc([N+](=O)[O-])cc5)c5ccc2[nH]5)C=C4)N=C3)cc(C(C)(C)C)c1,0,1.881,0.6792
8449,chromo5993,C#Cc1ccc(-c2c3nc(c(-c4ccc(C#C)cc4)c4ccc([nH]4)c(-c4cc(C(C)(C)C)cc(C(C)(C)C)c4)c4cc(c(-c5cc(C(C)(C)C)cc(C(C)(C)C)c5)c5ccc2[nH]5)C=N4)C=C3)cc1,0,1.9021,0.7116
8450,chromo5995,CC(C)(C)c1cc(-c2c3cc(c(-c4cc(C(C)(C)C)cc(C(C)(C)C)c4)c4ccc([nH]4)c(-c4ccc(Br)cc4)c4nc(c(-c5ccc(Br)cc5)c5ccc2[nH]5)C=C4)N=C3)cc(C(C)(C)C)c1,0,1.9106,0.714
8545,chromo6064,O=Cc1ccc(C2=C3C=c4c(oc5ccccc45)=[N+]3[B-](F)(F)n3c2cc2c4ccccc4oc23)cc1,0,2.4733,1.0625
8556,chromo6073,O=c1oc2ccccc2c2c1c(=O)oc1cc(O)ccc12,0,3.4838,1.0663
8557,chromo6074,O=c1oc2ccccc2c2c1c(=O)oc1cc(O)cc(O)c12,0,3.1941,0.8622000000000001
8559,chromo6076,O=c1oc2ccccc2c2c1c(=O)oc1c3ccccc3cc(O)c12,0,2.535,0.42230000000000034
8561,chromo6078,Nc1ccc2c(c1)oc(=O)c1c(=O)oc3ccccc3c12,0,3.3516,1.0202999999999998
8562,chromo6079,CCNc1cc2oc(=O)c3c(=O)oc4ccccc4c3c2cc1C,0,3.1916,0.9260000000000002
8563,chromo6080,CCCCCCCCCCCCN(CCCCCCCCCCCC)c1ccc2c(c1)oc(=O)c1c(=O)oc3ccccc3c12,0,3.0295,0.8456000000000001
8564,chromo6081,COc1cccc2c1oc(=O)c1c(=O)oc3cc(O)ccc3c12,0,3.1671,0.7288000000000001
8565,chromo6082,CCN(CC)c1ccc2c(c1)oc(=O)c1c(=O)oc3c(OC)cccc3c12,0,3.1453,0.9006000000000003
8566,chromo6083,CCN(CC)c1ccc2c(c1)oc(=O)c1c(=O)oc3cc([N+](=O)[O-])ccc3c12,0,2.55,0.5931999999999997
8567,chromo6084,CCN(CC)c1ccc2c(c1)oc(=O)c1c(=O)oc3cc(Br)ccc3c12,0,3.0458,0.8668
8568,chromo6085,CC(C)(C)OC(=O)COc1ccc2c(c1)oc(=O)c1c(=O)oc3ccccc3c12,0,3.4532,1.0408
8569,chromo6086,CCN(CC)c1ccc2c(c1)oc(=O)c1c(=O)oc3cc(C#Cc4ccc(N(C)C)cc4)ccc3c12,0,2.6287,0.5848999999999998
8570,chromo6087,CCN(CC)c1ccc2c(c1)oc(=O)c1c(=O)oc3cc(C#Cc4ccc(C#N)cc4)ccc3c12,0,2.7685,0.7000000000000002
8571,chromo6088,CCN(CC)c1ccc2c(c1)oc(=O)c1c(=O)oc3c(C)c4oc(=O)c5c(=O)oc6cc(N(CC)CC)ccc6c5c4cc3c12,0,2.8967,0.6844000000000001
8576,chromo6098,F[B-]1(F)n2c(Cl)c(Cl)c(Br)c2C(Cl)=C2C(Br)=C(Cl)C(Cl)=[N+]21,1,2.785,1.2451
8577,chromo6099,F[B-]1(F)n2c(Cl)c(Cl)c(Br)c2C(Oc2ccccc2)=C2C(Br)=C(Cl)C(Cl)=[N+]21,1,2.5301,0.9235
8578,chromo6100,F[B-]1(F)n2c(Oc3ccccc3)c(Cl)c(Br)c2C(Oc2ccccc2)=C2C(Br)=C(Cl)C(Oc3ccccc3)=[N+]21,1,2.6821,1.0983
8579,chromo6101,F[B-]1(F)n2c(Oc3ccccc3)c(Cl)c3c2C(=C2C(Br)=C(Cl)C(Oc4ccccc4)=[N+]21)Oc1ccccc1-3,0,2.9314,0.9966999999999999
8583,chromo6106,CC(C)[Si](C#Cc1ccc(C#C[Si](C(C)C)(C(C)C)C(C)C)c2nc3cc4c(cc3nc12)C1c2ccccc2C4c2ccccc21)(C(C)C)C(C)C,0,2.6672,1.0459999999999998
8584,chromo6107,CC(C)[Si](C#Cc1ccc(C#C[Si](C(C)C)(C(C)C)C(C)C)c2nc3ccccc3nc12)(C(C)C)C(C)C,0,2.5946,1.0502999999999998
8585,chromo6108,CC(C)[Si](C#Cc1c2ccccc2c(C#C[Si](C(C)C)(C(C)C)C(C)C)c2nc3cc4c(cc3nc12)C1c2ccccc2C4c2ccccc21)(C(C)C)C(C)C,0,2.0467,1.1046
8586,chromo6109,CC(C)[Si](C#Cc1c2ccccc2c(C#C[Si](C(C)C)(C(C)C)C(C)C)c2nc3ccccc3nc12)(C(C)C)C(C)C,0,1.9785,1.1225
8587,chromo6110,CC(C)[Si](C#Cc1c2cc3ccccc3cc2c(C#C[Si](C(C)C)(C(C)C)C(C)C)c2nc3cc4c(cc3nc12)C1c2ccccc2C4c2ccccc21)(C(C)C)C(C)C,0,1.6097,1.154
8588,chromo6111,CC(C)[Si](C#Cc1c2cc3ccccc3cc2c(C#C[Si](C(C)C)(C(C)C)C(C)C)c2nc3ccccc3nc12)(C(C)C)C(C)C,0,1.5398,1.2015
8589,chromo6112,Cc1c(C(=O)c2ccccc2)c2ccc3cccc4c5cccc6ccc1c(c65)c2c34,0,3.0871,1.0879999999999999
8590,chromo6113,Cc1c(C(=O)c2ccc(C(F)(F)F)cc2)c2ccc3cccc4c5cccc6ccc1c(c65)c2c34,0,2.7733,0.7739999999999998
8591,chromo6114,Cc1c(C(=O)c2ccccc2Cl)c2ccc3cccc4c5cccc6ccc1c(c65)c2c34,0,3.014,1.0159999999999998
8592,chromo6115,Cc1ccc(C(=O)c2c(C)c3ccc4cccc5c6cccc7ccc2c(c76)c3c45)cc1,0,3.1458,1.1461999999999999
8593,chromo6116,COc1ccc(C(=O)c2c(C)c3ccc4cccc5c6cccc7ccc2c(c76)c3c45)cc1,0,3.211,1.2110999999999998
8594,chromo6117,COc1cc(C(=O)c2c(C)c3ccc4cccc5c6cccc7ccc2c(c76)c3c45)cc(OC)c1OC,0,3.1981,1.1971000000000003
8595,chromo6118,Cc1c(C(=O)c2c(F)cc(F)cc2F)c2ccc3cccc4c5cccc6ccc1c(c65)c2c34,0,3.005,1.009
8596,chromo6119,Cc1c(C(=O)c2ccc3c4cccc5cccc(c6cccc2c63)c54)c2ccc3cccc4c5cccc6ccc1c(c65)c2c34,0,2.3812,0.9526000000000001
8597,chromo6120,Cc1c(C(=O)c2ccc3ccc4cccc5ccc2c3c45)c2ccc3cccc4c5cccc6ccc1c(c65)c2c34,0,2.5617,0.6607000000000001
8598,chromo6121,CCCc1c(C(=O)c2ccc3c4c(cccc24)-c2cccc4c2C3CC=C4)c2ccc3cccc4c5cccc6ccc1c(c65)c2c34,0,2.7871,0.7798000000000003
8599,chromo6122,CCCCCc1c(C(=O)c2ccc3c4c(cccc24)-c2cccc4c2C3CC=C4)c2ccc3cccc4c5cccc6ccc1c(c65)c2c34,0,2.7916,0.7845
8600,chromo6123,O=C(c1ccc2c3c(cccc13)-c1cccc3c1C2CC=C3)c1c(Cc2ccccc2)c2ccc3cccc4c5cccc6ccc1c(c65)c2c34,0,2.8129,0.8102
8601,chromo6124,O=C(c1ccc2c3c(cccc13)-c1cccc3c1C2CC=C3)c1c(CCc2ccccc2)c2ccc3cccc4c5cccc6ccc1c(c65)c2c34,0,2.7753,0.7684000000000002
8614,chromo6175,CN(C)c1ccc(C2=CC3=C(c4ccc([N+](=O)[O-])cc4)C4c5ccccc5C3(S2)c2ccccc24)cc1,0,2.3932,0.8078000000000003
8615,chromo6176,CN(C)c1ccc(C2=CC3=C(c4ccc(C#N)cc4)C4c5ccccc5C3(S2)c2ccccc24)cc1,0,2.7795,1.1092000000000002
8616,chromo6177,CN(C)c1ccc(C2=C3C=C(c4ccc(C#N)cc4)SC34c3ccccc3C2c2ccccc24)cc1,0,2.5285,1.0256000000000003
8617,chromo6178,CN(C)c1ccc(C2=CC3=C(c4ccc(C=O)cc4)C4c5ccccc5C3(S2)c2ccccc24)cc1,0,2.6602,1.0196
8618,chromo6179,CN(C)c1ccc(C2=C3C=C(c4ccc(C=O)cc4)SC34c3ccccc3C2c2ccccc24)cc1,0,2.4101,0.9523999999999999
8619,chromo6180,CN(C)c1ccc(C2=CC3=C(c4ccc(C=C(C#N)C#N)cc4)C4c5ccccc5C3(S2)c2ccccc24)cc1,0,2.1402,0.7413000000000001
8620,chromo6181,CN(C)c1ccc(C2=C3C=C(c4ccc(C=C(C#N)C#N)cc4)SC34c3ccccc3C2c2ccccc24)cc1,0,1.8971,0.7470000000000001
8621,chromo6182,C1=C(c2ccccc2)SC23C1=C(c1ccccc1)C(c1ccccc12)c1ccccc13,0,3.0944,1.3430999999999997
8665,chromo6216,CCCCN(CCCC)c1ccc(C#Cc2cc(C#Cc3ccc(C(F)(F)F)cc3)c(C#Cc3ccc(C(F)(F)F)cc3)cc2C#Cc2ccc(N(CCCC)CCCC)cc2)cc1,1,2.4546,0.6487
8666,chromo6217,CCCCN(CCCC)c1ccc(C#Cc2cc(C#Cc3ccc(N(CCCC)CCCC)cc3)c(C#Cc3ccc(C(F)(F)F)cc3)cc2C#Cc2ccc(C(F)(F)F)cc2)cc1,1,2.5593,0.7157
8667,chromo6218,CCCCN(CCCC)c1ccc(C#Cc2cc(C#Cc3ccc(C(F)(F)F)cc3)c(C#Cc3ccc(N(CCCC)CCCC)cc3)cc2C#Cc2ccc(C(F)(F)F)cc2)cc1,1,2.4889,0.6356000000000002
8669,chromo6220,CCCCN(CCCC)c1ccc(C#Cc2cc(C#Cc3ccc(N(CCCC)CCCC)cc3)c(C#Cc3cc(C(F)(F)F)cc(C(F)(F)F)c3)cc2C#Cc2cc(C(F)(F)F)cc(C(F)(F)F)c2)cc1,1,2.3845,0.48960000000000004
8670,chromo6221,CCCCN(CCCC)c1ccc(C#Cc2cc(C#Cc3cc(C(F)(F)F)cc(C(F)(F)F)c3)c(C#Cc3ccc(N(CCCC)CCCC)cc3)cc2C#Cc2cc(C(F)(F)F)cc(C(F)(F)F)c2)cc1,1,2.2621,0.33110000000000017
8671,chromo6222,CCCCN(CCCC)c1ccc(C#Cc2cc(C#Cc3c(F)c(F)c(F)c(F)c3F)c(C#Cc3c(F)c(F)c(F)c(F)c3F)cc2C#Cc2ccc(N(CCCC)CCCC)cc2)cc1,1,2.4361,0.6338000000000001
8672,chromo6223,CCCCN(CCCC)c1ccc(C#Cc2cc(C#Cc3ccc(N(CCCC)CCCC)cc3)c(C#Cc3c(F)c(F)c(F)c(F)c3F)cc2C#Cc2c(F)c(F)c(F)c(F)c2F)cc1,1,2.5053,0.6868000000000001
8673,chromo6224,CCCCN(CCCC)c1ccc(C#Cc2cc(C#Cc3c(F)c(F)c(F)c(F)c3F)c(C#Cc3ccc(N(CCCC)CCCC)cc3)cc2C#Cc2c(F)c(F)c(F)c(F)c2F)cc1,1,2.1833,0.47740000000000005
8674,chromo6225,CCCCN(CCCC)c1ccc(C#Cc2cc(C#Cc3ccc(C#N)cc3)c(C#Cc3ccc(C#N)cc3)cc2C#Cc2ccc(N(CCCC)CCCC)cc2)cc1,1,2.2824,0.5564
8675,chromo6226,CCCCN(CCCC)c1ccc(C#Cc2cc(C#Cc3ccc(N(CCCC)CCCC)cc3)c(C#Cc3ccc(C#N)cc3)cc2C#Cc2ccc(C#N)cc2)cc1,1,2.4592,0.6597999999999999
8676,chromo6227,CCCCN(CCCC)c1ccc(C#Cc2cc(C#Cc3ccc(C#N)cc3)c(C#Cc3ccc(N(CCCC)CCCC)cc3)cc2C#Cc2ccc(C#N)cc2)cc1,1,2.1697,0.44720000000000026
8677,chromo6228,CCCCN(CCCC)c1ccc(C#Cc2cc(C#Cc3ccc([N+](=O)[O-])cc3)c(C#Cc3ccc([N+](=O)[O-])cc3)cc2C#Cc2ccc(N(CCCC)CCCC)cc2)cc1,1,2.0274,0.38880000000000003
8678,chromo6229,CCCCN(CCCC)c1ccc(C#Cc2cc(C#Cc3ccc(N(CCCC)CCCC)cc3)c(C#Cc3ccc([N+](=O)[O-])cc3)cc2C#Cc2ccc([N+](=O)[O-])cc2)cc1,1,2.0776,0.3852
8679,chromo6230,CCCCN(CCCC)c1ccc(C#Cc2cc(C#Cc3ccc([N+](=O)[O-])cc3)c(C#Cc3ccc(N(CCCC)CCCC)cc3)cc2C#Cc2ccc([N+](=O)[O-])cc2)cc1,1,1.8001,0.25360000000000005
8680,chromo6231,CCCCN(CCCC)c1ccc2c#cc3cc4c#cc5ccc(C(F)(F)F)cc5c#cc#cc5cc(C(F)(F)F)ccc5c#cc4cc3c#cc3ccc(N(CCCC)CCCC)cc3c#cc#cc2c1,0,2.3999,0.5913000000000002
8681,chromo6232,CCCCN(CCCC)c1ccc2c#cc3cc4c#cc5ccc(N(CCCC)CCCC)cc5c#cc#cc5cc(C(F)(F)F)ccc5c#cc4cc3c#cc3ccc(C(F)(F)F)cc3c#cc#cc2c1,0,2.4957,0.6344999999999998
8682,chromo6233,CCCCN(CCCC)c1ccc2c#cc3cc4c#cc5ccc(C(F)(F)F)cc5c#cc#cc5cc(N(CCCC)CCCC)ccc5c#cc4cc3c#cc3ccc(C(F)(F)F)cc3c#cc#cc2c1,0,2.2737,0.45489999999999986
8683,chromo6234,CCCCN(CCCC)c1ccc2c(c1)C#CC#Cc1cc(C(F)(F)F)ccc1C#Cc1cc(c3cc1C#Cc1ccc(C(F)(F)F)cc1C#CC#Cc1cc(N(CCCC)CCCC)ccc1C#C3)C#C2,0,2.3679,0.5647000000000002
8684,chromo6235,CCCCN(CCCC)c1ccc2c(c1)C#CC#Cc1cc(N(CCCC)CCCC)ccc1C#Cc1cc(c3cc1C#Cc1ccc(C(F)(F)F)cc1C#CC#Cc1cc(C(F)(F)F)ccc1C#C3)C#C2,0,2.1801,0.3931
8685,chromo6236,CCCCN(CCCC)c1ccc2c(c1)C#CC#Cc1cc(C(F)(F)F)ccc1C#Cc1cc(c3cc1C#Cc1ccc(N(CCCC)CCCC)cc1C#CC#Cc1cc(C(F)(F)F)ccc1C#C3)C#C2,0,2.1869,0.4305000000000001
8686,chromo6237,CCC(CC)COC1=CC2=C3c4cc(OCC(CC)CC)c(-c5ccccc5)n4[B-](F)(F)[n+]4c3n(c3cc(C(C)(C)C)ccc34)[B-](F)(F)[N+]2=C1c1ccccc1,0,2.1111,1.2391
8689,chromo6238,CCC(CC)COC1=CC2=C3c4cc(OCC(CC)CC)c(-c5ccccc5)n4[B-](F)(F)[n+]4nnn(c43)[B-](F)(F)[N+]2=C1c1ccccc1,0,2.1322,1.3738000000000001
8692,chromo6239,CCC(CC)COC1=CC2=C3c4cc(OCC(CC)CC)c(-c5cccs5)n4[B-](F)(F)[n+]4c3n(c3cc(C(C)(C)C)ccc34)[B-](F)(F)[N+]2=C1c1cccs1,0,1.9275,1.2826
8694,chromo6240,CCC(CC)COC1=CC2=C3c4cc(OCC(CC)CC)c(-c5cccs5)n4[B-](F)(F)[n+]4nnn(c43)[B-](F)(F)[N+]2=C1c1cccs1,0,1.9581,1.3689
8696,chromo6243,CCCCCCCc1cc2c(o1)=CC1=C3c4cc5oc(CCCCCCC)cc5n4[B-](F)(F)[n+]4nnn(c43)[B-](F)(F)[N+]=21,0,2.2886,1.4864000000000002
8706,chromo6255,COc1ccc(-c2c3ccccc3c(-c3ccc(OC)cc3)c3ccccc23)cc1,1,3.1286,1.4001000000000001
8707,chromo6256,COc1ccc(-c2c3ccccc3c(C#Cc3ccccc3)c3ccccc23)cc1,1,2.7553,1.2765000000000002
8708,chromo6257,COc1ccc(C#Cc2c3ccccc3c(C#Cc3ccc(OC)cc3)c3ccccc23)cc1,1,2.4072,1.1718
8709,chromo6258,COc1ccc(-c2c3ccccc3c(-c3ccc(OC)cc3)c3cc4sc(C)cc4cc23)cc1,0,2.7609,1.2769
8710,chromo6259,COc1ccc(-c2c3ccccc3c(C#Cc3ccccc3)c3cc4cc(C)sc4cc23)cc1,0,2.459,1.1781000000000001
8711,chromo6260,COc1ccc(C#Cc2c3ccccc3c(C#Cc3ccc(OC)cc3)c3cc4sc(C)cc4cc23)cc1,0,2.2078,1.1234000000000002
8712,chromo6261,COc1ccc(-c2c3cc4cc(C)sc4cc3c(-c3ccc(OC)cc3)c3cc4cc(C)sc4cc23)cc1,0,2.4612,1.1919999999999997
8713,chromo6262,COc1ccc(-c2c3cc4cc(C)sc4cc3c(C#Cc3ccccc3)c3cc4cc(C)sc4cc23)cc1,0,2.2343,1.1275000000000002
8714,chromo6263,COc1ccc(C#Cc2c3cc4cc(C)sc4cc3c(C#Cc3ccc(OC)cc3)c3cc4cc(C)sc4cc23)cc1,0,2.0229,1.0849
8715,chromo6264,COc1ccc(-c2c3ccccc3c(-c3ccc(OC)cc3)c3cc4ccccc4cc23)cc1,0,2.4017,1.3155999999999999
8716,chromo6265,COc1ccc(-c2c3ccccc3c(C#Cc3ccccc3)c3cc4ccccc4cc23)cc1,0,2.1966,1.2446000000000002
8717,chromo6266,COc1ccc(C#Cc2c3ccccc3c(C#Cc3ccc(OC)cc3)c3cc4ccccc4cc23)cc1,0,1.9794,1.1761
8718,chromo6267,COc1ccc(-c2c3cc4ccccc4cc3c(-c3ccc(OC)cc3)c3cc4sc(C)cc4cc23)cc1,0,2.1475,1.241
8719,chromo6268,COc1ccc(-c2c3cc4ccccc4cc3c(C#Cc3ccccc3)c3cc4cc(C)sc4cc23)cc1,0,1.9721,1.1854
8720,chromo6269,COc1ccc(C#Cc2c3cc4ccccc4cc3c(C#Cc3ccc(OC)cc3)c3cc4sc(C)cc4cc23)cc1,0,1.8018,1.1449
8721,chromo6270,COc1ccc(-c2c3cc4ccccc4cc3c(-c3ccc(OC)cc3)c3cc4ccccc4cc23)cc1,0,1.8731,1.3273000000000001
8722,chromo6271,COc1ccc(-c2c3cc4ccccc4cc3c(C#Cc3ccccc3)c3cc4ccccc4cc23)cc1,0,1.7378,1.2948
8723,chromo6272,COc1ccc(C#Cc2c3cc4ccccc4cc3c(C#Cc3ccc(OC)cc3)c3cc4ccccc4cc23)cc1,0,1.5899,1.2695
8724,chromo6273,c1ccc(-c2cccc3ncc(-c4ccccc4)n23)cc1,0,3.5694,0.9817
8725,chromo6274,COc1ccc(-c2cccc3ncc(-c4ccccc4)n23)cc1,0,3.6343,1.0350000000000001
8726,chromo6275,Cc1ccc(-c2cccc3ncc(-c4ccccc4)n23)cc1,0,3.5942,0.9996999999999998
8727,chromo6276,Fc1ccc(-c2cccc3ncc(-c4ccccc4)n23)cc1,0,3.6064,1.0061
8728,chromo6277,Clc1ccc(-c2cccc3ncc(-c4ccccc4)n23)cc1,0,3.4872,0.9308000000000001
8729,chromo6278,CC(=O)c1ccc(-c2cccc3ncc(-c4ccccc4)n23)cc1,0,3.0486,0.6202999999999999
8730,chromo6279,COc1ccc(-c2cnc3cccc(-c4ccccc4)n23)cc1,0,3.4631,0.8906000000000001
8731,chromo6280,CC(C)(C)c1ccc(-c2cnc3cccc(-c4ccccc4)n23)cc1,0,3.5431,0.9577
8732,chromo6281,N#Cc1ccc(-c2cnc3cccc(-c4ccccc4)n23)cc1,0,3.49,0.9149000000000003
8733,chromo6282,COc1ccc(-c2cccc3ncc(-c4ccc(C#N)cc4)n23)cc1,0,3.3982,0.8264
8734,chromo6283,COc1ccc(-c2cnc3cccc(-c4ccc(C(C)=O)cc4)n23)cc1,0,2.8929,0.4963000000000002
8735,chromo6284,Cc1ccc(-c2cnc3ccc4ccccc4n23)cc1,0,3.6632,1.0858999999999996
8736,chromo6285,Cc1cccc(-c2cnc3ccc4ccccc4n23)c1,0,3.6743,1.0947
8742,chromo6293,CCCCCCn1c(=O)c2c3oc4ccccc4oc3c3c(=O)n(CCCCCC)c(=O)c3c2c1=O,0,3.0883,0.6334
8743,chromo6294,CCCCCCn1c(=O)c2c3oc4ccccc4sc3c3c(=O)n(CCCCCC)c(=O)c3c2c1=O,0,2.8059,0.5543
8744,chromo6295,CCCCCCn1c(=O)c2c3sc4ccccc4sc3c3c(=O)n(CCCCCC)c(=O)c3c2c1=O,0,2.7174,0.38739999999999997
8745,chromo6296,CCCCCCn1c(=O)c2c3[nH]c4ccccc4sc3c3c(=O)n(CCCCCC)c(=O)c3c2c1=O,0,2.4486,0.6490999999999998
8746,chromo6297,CCCCCCn1c(=O)c2c3[nH]c4ccccc4oc3c3c(=O)n(CCCCCC)c(=O)c3c2c1=O,0,2.6824,0.6924999999999999
8747,chromo6298,CCCCCCn1c(=O)c2c3[nH]c4ccccc4[nH]c3c3c(=O)n(CCCCCC)c(=O)c3c2c1=O,0,2.4537,0.7182999999999999
8748,chromo6299,CCCCCCn1c(=O)c2c3[nH]c4cc5sc6c([nH]c5cc4sc3c3c(=O)n(CCCCCC)c(=O)c3c2c1=O)c1c(=O)n(CCCCCC)c(=O)c1c1c(=O)n(CCCCCC)c(=O)c61,0,2.116,0.4116000000000002
8749,chromo6300,CCCCCCn1c(=O)c2c3[nH]c4cc5[nH]c6c(oc5cc4oc3c3c(=O)n(CCCCCC)c(=O)c3c2c1=O)c1c(=O)n(CCCCCC)c(=O)c1c1c(=O)n(CCCCCC)c(=O)c61,0,2.3428,0.46310000000000007
8750,chromo6301,CCCCCCn1c(=O)c2c3nc4ccccc4nc3c3c(=O)n(CCCCCC)c(=O)c3c2c1=O,0,2.2704,0.6376
8751,chromo6302,CCCCCCn1c(=O)c2c3nc4cc5sc6c(nc5cc4sc3c3c(=O)n(CCCCCC)c(=O)c3c2c1=O)c1c(=O)n(CCCCCC)c(=O)c1c1c(=O)n(CCCCCC)c(=O)c61,0,2.0574,1.2711999999999999
8754,chromo6303,O=S1(=O)C2=C(c3ccc(N(c4ccccc4)c4ccccc4)cc31)C1(C3=C(c4ccccc41)S(=O)(=O)c1cc(N(c4ccccc4)c4ccccc4)ccc13)c1ccccc12,0,2.6436,0.7593000000000001
8758,chromo6304,O=S1(=O)C2=C(c3ccc(-c4ccc(N(c5ccccc5)c5ccccc5)cc4)cc31)C1(C3=C(c4ccccc41)S(=O)(=O)c1cc(-c4ccc(N(c5ccccc5)c5ccccc5)cc4)ccc13)c1ccccc12,0,2.4629,0.5311999999999999
8787,chromo6337,F[B-]1(F)n2c(c3cc4ccccc4cc3c2-c2ccccc2)C=C2c3cc4ccccc4cc3C(c3ccccc3)=[N+]21,0,1.913,1.0796000000000001
8790,chromo6340,COC(=O)c1[nH]c(-c2ccccc2)c2nnc3ccc(OC)cc3c12,0,3.0467,0.9066000000000001
8791,chromo6341,COC(=O)c1[nH]c(-c2ccc(Br)cc2)c2nnc3ccc(OC)cc3c12,0,3.0276,0.9211
8792,chromo6342,COC(=O)c1[nH]c(-c2ccc(OC)cc2)c2nnc3ccc(OC)cc3c12,0,3.0986,0.9866999999999999
8793,chromo6343,COC(=O)c1[nH]c(-c2ccc([N+](=O)[O-])cc2)c2nnc3ccc(OC)cc3c12,0,2.8235,0.8387000000000002
8794,chromo6344,COC(=O)c1[nH]c(-c2ccccc2)c2nnc3ccsc3c12,0,3.0735,1.0585
8795,chromo6345,COC(=O)c1[nH]c(-c2ccccc2)c2nnc3c4ccccc4oc3c12,0,3.1826,1.2253999999999998
8796,chromo6354,Fc1ccccc1N1c2c(sc3ccccc23)Sc2sc3ccccc3c21,0,3.3761,0.6710000000000003
8797,chromo6355,CN(C)c1ccc(N2c3c(sc4ccccc34)Sc3sc4ccccc4c32)cc1,0,3.0383,0.2947000000000002
8798,chromo6356,COc1ccc(N2c3c(sc4ccccc34)Sc3sc4ccccc4c32)cc1,0,3.3212,0.5146000000000002
8799,chromo6357,Cc1ccccc1N1c2c(sc3ccccc23)Sc2sc3ccccc3c21,0,3.1511,0.6273
8800,chromo6358,Cc1cccc(N2c3c(sc4ccccc34)Sc3sc4ccccc4c32)c1,0,3.5097,0.6800000000000002
8801,chromo6359,Clc1ccc(N2c3c(sc4ccccc34)Sc3sc4ccccc4c32)cc1,0,3.5505,0.7096999999999998
8802,chromo6360,Clc1ccccc1N1c2c(sc3ccccc23)Sc2sc3ccccc3c21,0,3.4332,0.6778999999999997
8803,chromo6361,Brc1ccc(N2c3c(sc4ccccc34)Sc3sc4ccccc4c32)cc1,0,3.5487,0.7076000000000002
8804,chromo6362,N#Cc1ccc(N2c3c(sc4ccccc34)Sc3sc4ccccc4c32)cc1,0,3.664,0.8153000000000001
8805,chromo6363,CN(C)c1ccc(N2c3sc4ccccc4c3Sc3sc4ccccc4c32)cc1,0,3.1377,0.6564000000000001
8806,chromo6364,COc1ccc(N2c3sc4ccccc4c3Sc3sc4ccccc4c32)cc1,0,3.1985,0.6699000000000002
8807,chromo6365,Cc1ccccc1N1c2sc3ccccc3c2Sc2sc3ccccc3c21,0,3.1211,0.6692
8808,chromo6366,Clc1ccc(N2c3sc4ccccc4c3Sc3sc4ccccc4c32)cc1,0,3.3548,0.6926999999999999
8809,chromo6367,Clc1ccccc1N1c2sc3ccccc3c2Sc2sc3ccccc3c21,0,3.3108,0.6623999999999999
8810,chromo6368,CN(C)c1ccc(N2c3sc4ccccc4c3Sc3c2sc2ccccc32)cc1,0,2.9943,0.6598000000000002
8811,chromo6369,COc1ccc(N2c3sc4ccccc4c3Sc3c2sc2ccccc32)cc1,0,3.0176,0.6616
8812,chromo6370,Clc1ccc(N2c3sc4ccccc4c3Sc3c2sc2ccccc32)cc1,0,3.0028,0.6171000000000002
8813,chromo6371,Clc1ccccc1N1c2sc3ccccc3c2Sc2c1sc1ccccc21,0,3.0775,0.5758000000000001
8814,chromo6372,N#Cc1ccccc1N1c2sc3ccccc3c2Sc2c1sc1ccccc21,0,2.7481,0.2597999999999998
8815,chromo6373,c1ccc(-c2c3ccccc3c(-c3ccccc3)c3cc4ccccc4cc23)cc1,0,2.4276,1.3355
8816,chromo6374,CCc1cccc(CC)c1-c1c2ccccc2c(-c2c(CC)cccc2CC)c2cc3ccccc3cc12,0,2.3956,1.3175999999999999
8817,chromo6375,C(#Cc1c2ccccc2c(-c2ccccc2)c2cc3ccccc3cc12)c1ccccc1,0,2.2087,1.2551999999999999
8818,chromo6376,CCc1ccccc1-c1c2ccccc2c(C#Cc2ccccc2)c2cc3ccccc3cc12,0,2.2026,1.2538
8819,chromo6377,CCc1cccc(CC)c1-c1c2ccccc2c(C#Cc2ccccc2)c2cc3ccccc3cc12,0,2.1992,1.2510999999999997
8824,chromo6382,CN(C)c1ccc(C#Cc2cc3ccccc3oc2=O)cc1,1,2.8817,1.0201
8831,chromo6389,COc1c2ccccc2c(OC)c2c(C#CC(C)(C)C)c3cc4sccc4cc3c(C#CC(C)(C)C)c12,0,1.8282,1.2415
8832,chromo6390,COc1c2ccccc2c(OC)c2c(C#C[Si](C(C)C)(C(C)C)C(C)C)c3cc4sccc4cc3c(C#C[Si](C(C)C)(C(C)C)C(C)C)c12,0,1.7686,1.2057
8833,chromo6391,COc1c2ccccc2c(OC)c2c(C#Cc3ccccc3)c3cc4sccc4cc3c(C#Cc3ccccc3)c12,0,1.692,1.1681
8834,chromo6392,COc1c2ccccc2c(OC)c2c(C#CC(C)(C)C)c3cc4ccccc4cc3c(C#CC(C)(C)C)c12,0,1.6213,1.3778
8835,chromo6393,COc1c2ccccc2c(OC)c2c(C#C[Si](C(C)C)(C(C)C)C(C)C)c3cc4ccccc4cc3c(C#C[Si](C(C)C)(C(C)C)C(C)C)c12,0,1.5753,1.3587
8836,chromo6394,COc1c2ccccc2c(OC)c2c(C#Cc3ccccc3)c3cc4ccccc4cc3c(C#Cc3ccccc3)c12,0,1.5079,1.3266
8854,chromo6414,CC(C)[Si](C#Cc1ccc(C#C[Si](C(C)C)(C(C)C)C(C)C)c2nc3c4ccccc4c(=O)c4ccccc4c3nc12)(C(C)C)C(C)C,0,2.9047,1.0035
8855,chromo6415,CC(C)[Si](C#Cc1c2ccccc2c(C#C[Si](C(C)C)(C(C)C)C(C)C)c2nc3c4ccccc4c(=O)c4ccccc4c3nc12)(C(C)C)C(C)C,0,2.3065,1.0712000000000002
8856,chromo6416,CC(C)[Si](C#Cc1c2cc3ccccc3cc2c(C#C[Si](C(C)C)(C(C)C)C(C)C)c2nc3c4ccccc4c(=O)c4ccccc4c3nc12)(C(C)C)C(C)C,0,1.84,1.0644
8857,chromo6417,CC(C)[Si](C#Cc1c2nc3ccccc3nc2c(C#C[Si](C(C)C)(C(C)C)C(C)C)c2nc3c4ccccc4c(=O)c4ccccc4c3nc12)(C(C)C)C(C)C,0,1.8635,1.0600999999999998
8858,chromo6418,CC(C)[Si](C#Cc1c2nsnc2c(C#C[Si](C(C)C)(C(C)C)C(C)C)c2nc3c4ccccc4c(=O)c4ccccc4c3nc12)(C(C)C)C(C)C,0,1.9913,1.177
8859,chromo6419,CCC(C)[Si](C#Cc1c2nc3c4ccccc4c(=O)c4ccccc4c3nc2c(C#C[Si](C(C)CC)(C(C)CC)C(C)CC)c2nc3c4ccccc4c(=O)c4ccccc4c3nc12)(C(C)CC)C(C)CC,0,2.1255,0.9759000000000002
8860,chromo6421,COC(=O)C1=C(C(=O)OC)C2(c3ccccc3-c3ccccc32)C(c2ccccc2)C=C2c3cc(OC)c(OC)cc3CCN21,0,3.8666,1.1652
8861,chromo6422,CCOC(=O)C1=C(C(=O)OCC)C2(c3ccccc3-c3ccccc32)C(c2ccccc2)C=C2c3cc(OC)c(OC)cc3CCN21,0,3.8601,1.1509
8862,chromo6423,CCOC(=O)C1=C(C(=O)OC)N2CCc3cc(OC)c(OC)cc3C2=CC(c2ccc(Cl)cc2)C12c1ccccc1-c1ccccc12,0,3.8501,1.1572999999999998
8863,chromo6424,CCOC(=O)C1=C(C(=O)OCC)C2(c3ccccc3-c3ccccc32)C(c2ccc(Cl)cc2)C=C2c3cc(OC)c(OC)cc3CCN21,0,3.8485,1.1467
8864,chromo6425,COC(=O)C1=C(C(=O)OC)C2(c3ccccc3-c3ccccc32)C(c2ccc([N+](=O)[O-])cc2)C=C2c3cc(OC)c(OC)cc3CCN21,0,2.9067,0.24499999999999966
8865,chromo6426,CCOC(=O)C1=C(C(=O)OCC)C2(c3ccccc3-c3ccccc32)C(c2ccc([N+](=O)[O-])cc2)C=C2c3cc(OC)c(OC)cc3CCN21,0,2.8906,0.22719999999999985
8866,chromo6427,COC(=O)C1=C(C(=O)OC)C2(c3ccccc3-c3ccccc32)C(c2ccc(C)cc2)C=C2c3cc(OC)c(OC)cc3CCN21,0,3.8675,1.1643000000000003
8867,chromo6428,COC(=O)C1=C(C(=O)OC)C2(c3ccccc3-c3c(C(=O)OC)cccc32)C(c2ccc(Cl)cc2)C=C2c3cc(OC)c(OC)cc3CCN21,0,3.6996,1.0090000000000003
8868,chromo6429,COc1cc2c(cc1OC)C1=CC(c3ccccc3)C3(C(C(=O)OC4CC5CCC4C5)=C(C(=O)OC4CC5CCC4C5)N1CC2)c1ccccc1-c1ccccc13,0,3.8211,1.1021
8869,chromo6430,CCOC(=O)C1=C(C(=O)OCC)C2(c3cc(Cl)ccc3-c3ccc(Cl)cc32)C2(C=Cc3ccccc3)c3cc(OC)c(OC)cc3CCN12,0,3.4372,0.8884999999999996
8870,chromo6431,COC(=O)C1=C(C(=O)OC)C2(c3cc(Cl)ccc3-c3c(Cl)cc(Cl)cc32)C2(C=Cc3ccccc3)c3cc(OC)c(OC)cc3CCN12,0,3.3922,0.8643000000000001
8871,chromo6432,COC(=O)C1=C(C(=O)OC)C2(c3ccccc3-c3c(Br)cc(Br)cc32)C2(C=Cc3ccccc3)c3cc(OC)c(OC)cc3CCN12,0,3.4254,0.8763999999999998
8872,chromo6433,COC(=O)C1=C(C(=O)OC)C2(c3ccccc3-c3c(Br)cc(Br)cc32)C2(C=Cc3ccc(Cl)cc3)c3cc(OC)c(OC)cc3CCN12,0,3.3852,0.8367
8873,chromo6434,CCOC(=O)C1=C(C(=O)OCC)C2(c3ccccc3-c3c(Br)cc(Br)cc32)C2(C=Cc3ccc(Cl)cc3)c3cc(OC)c(OC)cc3CCN12,0,3.3913,0.8242000000000003
8874,chromo6435,COC(=O)C1=C(C(=O)OC)C2(c3ccccc3-c3ccc([N+](=O)[O-])cc32)C2(C=Cc3ccccc3)c3cc(OC)c(OC)cc3CCN12,0,2.6062,0.1437999999999997
8875,chromo6436,COC(=O)C1=C(C(=O)OC)C2(c3cc([N+](=O)[O-])ccc3-c3ccc([N+](=O)[O-])cc32)C2(C=Cc3ccccc3)c3cc(OC)c(OC)cc3CCN12,0,2.3133,0.06709999999999994
8876,chromo6437,COc1cc2c(cc1OC)C1=CC(c3ccccc3)C3(C(C#N)=C(C#N)N1CC2)c1ccccc1-c1ccccc13,0,3.2808,0.9212000000000002
8877,chromo6438,COc1cc2c(cc1OC)C1=CC(c3ccc(Cl)cc3)C3(C(C#N)=C(C#N)N1CC2)c1ccccc1-c1ccccc13,0,3.2703,0.9053
8878,chromo6439,COc1cc2c(cc1OC)C1=CC(c3ccc(C)cc3)C3(C(C#N)=C(C#N)N1CC2)c1ccccc1-c1ccccc13,0,3.2819,0.9245999999999999
8879,chromo6440,COc1cc2c(cc1OC)C1=CC(c3ccccc3)C3(C(C#N)=C(C#N)N1CC2)c1cc(Cl)ccc1-c1ccc(Cl)cc13,0,3.1927,0.8306999999999998
8880,chromo6441,COc1cc2c(cc1OC)C1=CC(c3ccc(Cl)cc3)C3(C(C#N)=C(C#N)N1CC2)c1cc(Cl)ccc1-c1ccc(Cl)cc13,0,3.1828,0.8157999999999999
8881,chromo6442,COc1cc2c(cc1OC)C1=CC(c3ccc(C)cc3)C3(C(C#N)=C(C#N)N1CC2)c1cc(Cl)ccc1-c1ccc(Cl)cc13,0,3.1997,0.8393000000000002
8882,chromo6443,COc1cc2c(cc1OC)C1=CC(c3ccccc3)C3(C(C#N)=C(C#N)N1CC2)c1cc(Br)ccc1-c1ccc(Br)cc13,0,3.2243,0.8885999999999998
8883,chromo6444,COc1cc2c(cc1OC)C1=CC(c3ccc(Cl)cc3)C3(C(C#N)=C(C#N)N1CC2)c1cc(Br)ccc1-c1ccc(Br)cc13,0,3.2123,0.8721999999999999
8884,chromo6445,COc1cc2c(cc1OC)C1=CC(c3ccc(C)cc3)C3(C(C#N)=C(C#N)N1CC2)c1cc(Br)ccc1-c1ccc(Br)cc13,0,3.2277,0.8906000000000001
8886,chromo6446,N#Cc1ccc(N(c2ccc(C#N)cc2)c2ccc3c4cccc5c(N(c6ccc(C#N)cc6)c6ccc(C#N)cc6)ccc(c6cccc2c63)c54)cc1,0,2.4813,1.0335
8890,chromo6447,Fc1ccc(N(c2ccc(F)cc2)c2ccc3c4cccc5c(N(c6ccc(F)cc6)c6ccc(F)cc6)ccc(c6cccc2c63)c54)cc1,0,2.3657,0.9576
8894,chromo6448,c1ccc(N(c2ccccc2)c2ccc3c4cccc5c(N(c6ccccc6)c6ccccc6)ccc(c6cccc2c63)c54)cc1,0,2.3752,0.9648999999999999
8898,chromo6449,Cc1ccc(N(c2ccc(C)cc2)c2ccc3c4cccc5c(N(c6ccc(C)cc6)c6ccc(C)cc6)ccc(c6cccc2c63)c54)cc1,0,2.3186,0.919
8902,chromo6450,COc1ccc(N(c2ccc(OC)cc2)c2ccc3c4cccc5c(N(c6ccc(OC)cc6)c6ccc(OC)cc6)ccc(c6cccc2c63)c54)cc1,0,2.2276,0.8506999999999998
8905,chromo6456,CCCCCCc1cc2c(=O)c3cc(CCCCCC)cc4c(=O)c5cc(CCCCCC)cc6c(=O)c(c1)c2n(c34)c65,0,3.1719,0.6295999999999999
8906,chromo6457,CCCCCCc1cc2c(=S)c3cc(CCCCCC)cc4c(=S)c5cc(CCCCCC)cc6c(=S)c(c1)c2n(c34)c65,0,1.8024,0.29889999999999994
8907,chromo6458,CC(C)[Si](C#Cc1cc2c(=S)c3cc(C#C[Si](C(C)C)(C(C)C)C(C)C)cc4c(=S)c5cc(C#C[Si](C(C)C)(C(C)C)C(C)C)cc6c(=S)c(c1)c2n(c34)c65)(C(C)C)C(C)C,0,1.8007,0.32119999999999993
8908,chromo6478,CC(C)(C)c1cc2ccc3c(N(c4ccc(F)cc4)c4ccc(F)cc4)cc(N(c4ccc(F)cc4)c4ccc(F)cc4)c4ccc(c1)c2c34,1,2.7588,0.8977999999999999
8909,chromo6479,CC(C)(C)c1cc2ccc3c(N(c4ccccc4)c4ccccc4)cc(N(c4ccccc4)c4ccccc4)c4ccc(c1)c2c34,1,2.7626,0.8902999999999999
8910,chromo6480,Cc1ccc(N(c2ccc(C)cc2)c2cc(N(c3ccc(C)cc3)c3ccc(C)cc3)c3ccc4cc(C(C)(C)C)cc5ccc2c3c54)cc1,1,2.7046,0.8529000000000002
8911,chromo6481,CC(C)(C)c1ccc(N(c2ccc(C(C)(C)C)cc2)c2cc(N(c3ccc(C(C)(C)C)cc3)c3ccc(C(C)(C)C)cc3)c3ccc4cc(C(C)(C)C)cc5ccc2c3c54)cc1,1,2.7037,0.8454999999999999
8912,chromo6482,COc1ccc(N(c2ccc(OC)cc2)c2cc(N(c3ccc(OC)cc3)c3ccc(OC)cc3)c3ccc4cc(C(C)(C)C)cc5ccc2c3c54)cc1,1,2.6063,0.7937000000000001
8956,chromo6512,N#Cc1c(N2CCCCC2)cc(-c2ccc(O)cc2)c2c1-c1cccc3cccc-2c13,0,2.9318,0.6720999999999999
8959,chromo6513,O=C1c2ccccc2-c2c(-c3ccccc3O)[nH]c(=O)n21,0,3.1595,1.1971
8962,chromo6514,Cc1cccc(-c2[nH]c(=O)n3c2-c2ccccc2C3=O)c1O,0,3.1681,1.1967999999999999
8965,chromo6515,Cc1ccc(O)c(-c2[nH]c(=O)n3c2-c2ccccc2C3=O)c1,0,3.1492,1.1907
8968,chromo6516,Cc1ccc(-c2[nH]c(=O)n3c2-c2ccccc2C3=O)c(O)c1,0,3.1487,1.1877999999999997
8971,chromo6517,COc1cccc(-c2[nH]c(=O)n3c2-c2ccccc2C3=O)c1O,0,3.1662,1.2030999999999998
8974,chromo6518,COc1ccc(O)c(-c2[nH]c(=O)n3c2-c2ccccc2C3=O)c1,0,3.1344,1.1805999999999999
8977,chromo6519,O=C1c2ccccc2-c2c(-c3cccc(Cl)c3O)[nH]c(=O)n21,0,3.1415,1.1892000000000003
8980,chromo6520,O=C1c2ccccc2-c2c(-c3cc(Cl)ccc3O)[nH]c(=O)n21,0,3.1266,1.1826999999999999
8983,chromo6521,Cc1cc(O)c(-c2[nH]c(=O)n3c2-c2ccccc2C3=O)cc1Cl,0,3.1317,1.1818
8986,chromo6522,O=C1c2ccccc2-c2c(-c3cc(Br)ccc3O)[nH]c(=O)n21,0,3.1193,1.1793
8989,chromo6523,COc1cc(C=O)cc(-c2[nH]c(=O)n3c2-c2ccccc2C3=O)c1O,0,3.0605,1.0970000000000002
8992,chromo6524,COC(=O)c1ccc(O)c(-c2[nH]c(=O)n3c2-c2ccccc2C3=O)c1,0,3.1303,1.1872
8995,chromo6525,CCOC(=O)c1ccc(O)c(-c2[nH]c(=O)n3c2-c2ccccc2C3=O)c1,0,3.1468,1.1867999999999999
8998,chromo6526,COc1ccc(-c2[nH]c(=O)n3c2-c2ccccc2C3=O)c(OC)c1,0,3.139,1.1603999999999999
9001,chromo6527,COc1ccc(OC)c(-c2[nH]c(=O)n3c2-c2ccccc2C3=O)c1,0,3.1363,1.1705999999999999
9020,chromo6534,CN(C)c1ccc(-c2nc3nc4ccccc4nc3n2-c2ccccc2)cc1,0,3.224,0.8769
9037,chromo6560,O=S(=O)(N=c1oc2cccc3c4c(-c5ccccc5)oc5cccc(c(c1-c1ccccc1)c23)c54)C(F)(F)F,0,2.8018,1.05
9093,chromo6961,N#CC1=c2c3cccc4cccc(c43)n2[B-](F)(F)[n+]2c1sc1ccccc12,0,2.6291,0.9584000000000001
9097,chromo6962,N#CC1=c2c3cccc4c(Br)ccc(c43)n2[B-](F)(F)[n+]2c1sc1ccccc12,0,2.5345,0.9215
9101,chromo6963,CCCCCCCCCCCNc1cccc2[n+]1[B-](F)(F)n1c(c3cccc4cccc1c43)=N2,0,2.7583,0.9772000000000003
9108,chromo6568,COC(=O)C1=C(C(=O)OC)C2=CC3c4ccccc4C2([Se]1)c1ccccc13,0,2.9983,1.2498
9109,chromo6569,O=C(O)C1=C(C(=O)O)C2=CC3c4ccccc4C2([Se]1)c1ccccc13,0,2.925,1.2339999999999998
9110,chromo6570,O=C1OC(=O)C2=C1[Se]C13C2=CC(c2ccccc21)c1ccccc13,0,2.6599,1.0443
9111,chromo6571,COC(=O)C1=C(C(=O)OC)C2=CC3c4ccccc4C2(S1)c1ccccc13,0,3.1315,1.3185
9112,chromo6572,O=C(O)C1=C(C(=O)O)C2=CC3c4ccccc4C2(S1)c1ccccc13,0,3.043,1.2887000000000002
9113,chromo6573,O=C1OC(=O)C2=C1SC13C2=CC(c2ccccc21)c1ccccc13,0,2.7097,1.0571000000000002
9114,chromo6574,COC(=O)C1=C(C(=O)OC)[Se](=O)C23C1=CC(c1ccccc12)c1ccccc13,0,2.8611,0.7837000000000001
9156,chromo6630,CCCCc1cc2c3c(c1)-c1ccccc1B(c1c(C)cc(C)cc1C)N3B(c1c(C)cc(C)cc1C)c1ccccc1-2,0,3.3734,0.6041000000000003
9164,chromo6639,CCCCCCOc1cc(C=O)c(OCCCCCC)cc1C=O,1,3.1959,0.9388999999999998
9165,chromo6642,CCCCCCOc1cc(C=C(C#N)C#N)c(OCCCCCC)cc1C=C(C#N)C#N,1,2.4304,0.9542000000000002
9166,chromo6643,CCCCCCOc1cc(C=C2C(=O)c3ccccc3C2=O)c(OCCCCCC)cc1C=C1C(=O)c2ccccc2C1=O,0,2.2346,0.7611999999999999
9167,chromo6644,CCCCCCOc1cc(C=C2C(=O)c3ccccc3C2=C(C#N)C#N)c(OCCCCCC)cc1C=C1C(=O)c2ccccc2C1=C(C#N)C#N,0,1.923,0.6501000000000001
9168,chromo6645,CCCCCCOc1cc(C=C2C(=C(C#N)C#N)c3ccccc3C2=C(C#N)C#N)c(OCCCCCC)cc1C=C1C(=C(C#N)C#N)c2ccccc2C1=C(C#N)C#N,0,2.1218,0.5325
9169,chromo6646,CCCCCCCCOc1cc(C=Cc2ccncc2)c(OCCCCCCCC)cc1C=Cc1ccncc1,1,2.8954,1.1361999999999999
9177,chromo6654,CCCCOc1c(Br)cc2cc(Br)c(OCCCC)c3c4c(OCCCC)c(Br)cc5cc(Br)c(OCCCC)c(c1c23)c54,0,2.752,1.1339999999999997
9178,chromo6655,CCCCOc1c(C#N)cc2cc(C#N)c(OCCCC)c3c4c(OCCCC)c(C#N)cc5cc(C#N)c(OCCCC)c(c1c23)c54,0,2.733,1.1096000000000001
9179,chromo6656,CCCCOc1c(-c2ccc(C=O)cc2)cc2cc(-c3ccc(C=O)cc3)c(OCCCC)c3c4c(OCCCC)c(-c5ccc(C=O)cc5)cc5cc(-c6ccc(C=O)cc6)c(OCCCC)c(c1c23)c54,0,2.6987,1.0833000000000002
9180,chromo6657,CCCCOc1c(OC)cc2cc(OC)c(OCCCC)c3c4c(OCCCC)c(OC)cc5cc(OC)c(OCCCC)c(c1c23)c54,0,2.8295,1.1472
9182,chromo6669,CC(C)(C)C#Cc1cc2c(C#CC(C)(C)C)c(C#CC(C)(C)C)c3cc(C#CC(C)(C)C)cc4c(C#CC(C)(C)C)c(C#CC(C)(C)C)c(c1)c2c34,1,3.0572,1.2893
9183,chromo6670,CC(C)(C)c1ccc(C#Cc2c(C#Cc3ccc(C(C)(C)C)cc3)c3cccc4c(C#Cc5ccc(C(C)(C)C)cc5)c(C#Cc5ccc(C(C)(C)C)cc5)c5cccc2c5c34)cc1,1,2.7128,1.1172000000000002
9184,chromo6671,CC(C)(C)c1ccc(C#Cc2cc3ccc4cc(C#Cc5ccc(C(C)(C)C)cc5)cc5ccc(c2)c3c45)cc1,1,3.1197,1.0444999999999998
9191,chromo6682,c1ccc(B2Nc3cc4c(cc3-c3sccc32)NB(c2ccccc2)c2ccsc2-4)cc1,0,3.2419,0.8975
9192,chromo6683,CCCc1cc2c(s1)-c1cc3c(cc1NB2c1ccccc1)-c1sc(CCC)cc1B(c1ccccc1)N3,0,3.169,0.8923000000000001
9193,chromo6684,CCCCCCc1cc2c(s1)-c1cc3c(cc1NB2c1ccccc1)-c1sc(CCCCCC)cc1B(c1ccccc1)N3,0,3.1692,0.8961999999999999
9194,chromo6685,c1ccc(B2Nc3cc4c(cc3-c3occc32)NB(c2ccccc2)c2ccoc2-4)cc1,0,3.3986,0.9041999999999999
9195,chromo6686,c1ccc(B2Nc3cc4c(cc3-c3sc5ccccc5c32)NB(c2ccccc2)c2c-4sc3ccccc23)cc1,0,3.1961,0.8815
9196,chromo6687,C[SiH]1c2ccccc2-c2cc3c(cc21)-c1ccccc1[SiH]3C,0,3.6266,1.0819999999999999
9197,chromo6688,C[Si]1(C)c2ccccc2-c2cc3c(cc21)-c1ccccc1[Si]3(C)C,0,3.6555,1.1096
9198,chromo6689,C=C[Si]1(C)c2ccccc2-c2cc3c(cc21)-c1ccccc1[Si]3(C)C=C,0,3.6092,1.0775000000000001
9199,chromo6690,c1ccc([Si]2(c3ccccc3)c3ccccc3-c3cc4c(cc32)-c2ccccc2[Si]4(c2ccccc2)c2ccccc2)cc1,0,3.5383,1.0228000000000002
9200,chromo6691,COc1ccc2c(c1)-c1cc3c(cc1[Si]2(c1ccccc1)c1ccccc1)-c1ccccc1[Si]3(c1ccccc1)c1ccccc1,0,3.5625,1.021
9201,chromo6692,CCCCCCOc1ccc2c(c1)-c1cc3c(cc1[Si]2(C)C)-c1ccccc1[Si]3(C)C,0,3.6755,1.1056
9202,chromo6693,c1ccc2c(c1)-c1ccccc1[Si]21c2ccccc2-c2cc3c(cc21)-c1ccccc1[Si]31c2ccccc2-c2ccccc21,0,3.4615,0.9729000000000001
9203,chromo6589,c1ccc2c(c1)Cc1cc3c(cc1-2)Cc1ccccc1-3,0,3.9956,1.2890000000000001
9204,chromo6694,c1ccc(C2c3ccccc3-c3cc4c(cc32)-c2ccccc2C4c2ccccc2)cc1,0,3.9274,1.2404000000000002
9212,chromo6702,C1=CB2C=Cc3ccccc3N2C=C1,0,4.0879,1.1542000000000003
9222,chromo6984,c1cc2cccc3c4cc5cccc6cccc(c4cc(c1)c23)c65,0,2.2352,1.5429
9223,chromo6985,c1ccc2c(c1)cc1cccc3cc4c(cc5cccc6cc7ccccc7c4c65)c2c13,0,1.9473,1.4144999999999999
9224,chromo6725,CCCCc1ccc2c(c1)c1ccc3cccc4c3c1c1c2c2cccc3ccc5c6cc(CCCC)ccc6c4c1c5c32,0,2.4747,1.0549
9225,chromo6726,c1ccc2c(c1)c1ccc3cccc4c3c1c2c1c2cccc3ccc5c6ccccc6c(c5c32)c41,0,1.9069,1.1163
9228,chromo6747,c1ccc([B-]23Oc4ccccc4-c4c5[n+]6c(c([n+]42)-c2ccccc2O3)-c2ccccc2O[B-]6(c2ccccc2)Oc2ccccc2-5)cc1,0,2.2139,0.5024000000000002
9229,chromo6748,F[B-]12Oc3ccccc3-c3c4[n+]5c(c([n+]31)-c1ccccc1O2)-c1ccccc1O[B-]5(F)Oc1ccccc1-4,0,2.2944,0.554
9242,chromo6753,O=c1c2cccc3cccc(c32)c2nc3ccccc3n12,0,2.9725,0.9798000000000002
9243,chromo6754,O=c1c2cccc3cccc(c32)c2nc3c(F)c(F)c(F)c(F)c3n12,0,3.0164,0.9929999999999999
9244,chromo6755,O=c1c2cccc3cccc(c32)c2nc3cccc4cccc(c43)n12,0,2.3723,0.8109000000000002
9245,chromo6756,O=c1c2cccc3cccc(c32)c2nc3c4ccccc4c4ccccc4c3n12,0,2.3959,0.6316000000000002
9246,chromo6757,O=C1c2ccccc2-c2nc3ccccc3n21,0,3.1101,0.6823000000000001
9247,chromo6758,O=C1c2ccccc2-c2nc3c(F)c(F)c(F)c(F)c3n21,0,3.1795,0.7168999999999999
9248,chromo6759,O=C1c2ccccc2C2=Nc3cccc4cccc(c34)N12,0,2.5821,0.8702000000000001
9249,chromo6964,O=c1c2ccc3c4c(ccc(c24)c2nc4ccccc4n12)c(=O)n1c2ccccc2nc31,0,2.4785,0.9200999999999999
9250,chromo6965,O=c1c2ccc3c4c(ccc(c24)c2nc4c(F)c(F)c(F)c(F)c4n12)c(=O)n1c3nc2c(F)c(F)c(F)c(F)c21,0,2.4224,0.8459000000000001
9251,chromo6761,CC(C)[Si](C#Cc1c2cc3ccccc3cc2c(C#C[Si](C)(C)C)c2cc3ccccc3cc12)(C(C)C)C(C)C,0,1.6915,1.3357999999999999
9252,chromo6762,CCCCCCCCOc1ccc(C#Cc2c3cc4ccccc4cc3c(C#C[Si](C(C)C)(C(C)C)C(C)C)c3cc4ccccc4cc23)cc1,0,1.6394,1.2964
9253,chromo6763,COc1ccc(C#Cc2c3cc4ccccc4cc3c(C#C[Si](C(C)C)(C(C)C)C(C)C)c3cc4ccccc4cc23)cc1,0,1.6403,1.2979
9254,chromo6764,Cc1ccc(C#Cc2c3cc4ccccc4cc3c(C#C[Si](C(C)C)(C(C)C)C(C)C)c3cc4ccccc4cc23)cc1,0,1.6445,1.3042
9255,chromo6765,CC(C)[Si](C#Cc1c2cc3ccccc3cc2c(C#Cc2ccccc2)c2cc3ccccc3cc12)(C(C)C)C(C)C,0,1.6475,1.3074999999999999
9256,chromo6766,CC(C)[Si](C#Cc1c2cc3ccccc3cc2c(C#Cc2ccc(Br)cc2)c2cc3ccccc3cc12)(C(C)C)C(C)C,0,1.6363,1.2973000000000001
9257,chromo6767,CC(C)[Si](C#Cc1ccc(C#Cc2c3cc4ccccc4cc3c(C#C[Si](C(C)C)(C(C)C)C(C)C)c3cc4ccccc4cc23)cc1)(C(C)C)C(C)C,0,1.6158,1.2814999999999999
9258,chromo6768,CC(C)[Si](C#Cc1c2cc3ccccc3cc2c(C#Cc2ccc(C(F)(F)F)cc2)c2cc3ccccc3cc12)(C(C)C)C(C)C,0,1.6326,1.2936
9259,chromo6769,CC(C)[Si](C#Cc1c2cc3ccccc3cc2c(C#Cc2ccc(F)cc2)c2cc3ccccc3cc12)(C(C)C)C(C)C,0,1.703,1.3408
9260,chromo6770,CCCCCCCCOc1ccc(C#Cc2c3cc4ccccc4cc3c(C#Cc3ccc(F)cc3)c3cc4ccccc4cc23)cc1,0,1.5965,1.2721
9261,chromo6771,CC(C)[Si](C#Cc1c2cc3ccccc3cc2c(C#C[Si](C(C)C)(C(C)C)C(C)C)c2cc3ccccc3cc12)(C(C)C)C(C)C,0,1.6865,1.3290000000000002
9271,chromo6775,CCCCCCCC(CCCCCCC)N1C(=O)c2ccc3c4ccc5c6c(ccc(c7ccc(c2c37)C1=O)c64)C(=O)N(C(CCCCCCC)CCCCCCC)C5=O,0,2.4041,1.1689
9272,chromo6776,CCCCCCCC(CCCCCCC)N1C(=O)c2c(Cl)cc3c4cc(Cl)c5c6c(c(Cl)cc(c7cc(Cl)c(c2c37)C1=O)c64)C(=O)N(C(CCCCCCC)CCCCCCC)C5=O,0,2.5096,1.1027999999999998
9273,chromo6777,CCCCCCCC(CCCCCCC)N1C(=O)c2c(Br)cc3c4cc(Br)c5c6c(c(Br)cc(c7cc(Br)c(c2c37)C1=O)c64)C(=O)N(C(CCCCCCC)CCCCCCC)C5=O,0,2.4932,1.0879999999999999
9274,chromo6778,CCCCCCCC(CCCCCCC)N1C(=O)c2c(C#N)cc3c4cc(C#N)c5c6c(c(C#N)cc(c7cc(C#N)c(c2c37)C1=O)c64)C(=O)N(C(CCCCCCC)CCCCCCC)C5=O,0,2.3964,1.1324999999999998
9275,chromo6779,CCCCCCn1c2ccsc2c2sc3c(sc4c5sccc5n(CCCCCC)c43)c21,0,3.3745,1.1913
9276,chromo6780,CCCCCCn1c2cc(C=O)sc2c2sc3c(sc4c5sc(C=O)cc5n(CCCCCC)c43)c21,0,2.8113,1.0635000000000001
9277,chromo6781,CCCCCCn1c2cc(C=C(C#N)C#N)sc2c2sc3c(sc4c5sc(C=C(C#N)C#N)cc5n(CCCCCC)c43)c21,0,2.2763,0.9570000000000001
9283,chromo6791,Cc1cc(C)c(-c2cc(-c3c(C)cc(C)cc3C)c3ccc4c(-c5c(C)cc(C)cc5C)cc(-c5c(C)cc(C)cc5C)c5ccc2c3c54)c(C)c1,1,3.4509,1.4495
9284,chromo6792,Cc1cc(C)c(C)c(-c2cc(-c3c(C)c(C)cc(C)c3C)c3ccc4c(-c5c(C)c(C)cc(C)c5C)cc(-c5c(C)c(C)cc(C)c5C)c5ccc2c3c54)c1C,1,3.6326,1.6346
9285,chromo6793,COc1cc(C)c(-c2cc(-c3c(C)cc(OC)cc3C)c3ccc4c(-c5c(C)cc(OC)cc5C)cc(-c5c(C)cc(OC)cc5C)c5ccc2c3c54)c(C)c1,1,3.5709,1.5713
9308,chromo6721,CCCCCCn1c2c(c3ccccc31)-c1c(c3ccccc3n1CCCCCC)-c1c(c3ccccc3n1CCCCCC)-c1c-2c2ccccc2n1CCCCCC,0,3.251,0.6196999999999999
